date,hour,crowd_index,operating_rides,avg_wait_min,max_wait_min,park_open_time,park_close_time,park_status,temperature_c,precipitation_mm,wind_speed_kmh,is_holiday,is_weekend,is_school_vacation,school_vacation_type,scraped_at
2025-03-08,9,36.69,45,25.68,51.37,2025-03-08T09:00:00+08:00,2025-03-08T21:00:00+08:00,OPERATING,7.15,0.0,10.55,1,1,0,,2026-08-31T02:21:38.422656+00:00
2025-03-08,10,55.13,47,38.59,77.18,2025-03-08T09:00:00+08:00,2025-03-08T21:00:00+08:00,OPERATING,6.77,0.0,11.64,1,1,0,,2026-08-31T02:21:38.422656+00:00
2025-03-08,11,66.11,46,46.28,92.56,2025-03-08T09:00:00+08:00,2025-03-08T21:00:00+08:00,OPERATING,6.83,0.0,12.87,1,1,0,,2026-08-31T02:21:38.422656+00:00
2025-03-08,12,73.79,43,51.66,103.31,2025-03-08T09:00:00+08:00,2025-03-08T21:00:00+08:00,OPERATING,5.73,0.0,11.68,1,1,0,,2026-08-31T02:21:38.422656+00:00
2025-03-08,13,77.99,47,54.59,109.19,2025-03-08T09:00:00+08:00,2025-03-08T21:00:00+08:00,OPERATING,6.45,0.0,12.79,1,1,0,,2026-08-31T02:21:38.422656+00:00
2025-03-08,14,83.01,43,58.1,116.21,2025-03-08T09:00:00+08:00,2025-03-08T21:00:00+08:00,OPERATING,5.05,0.0,12.17,1,1,0,,2026-08-31T02:21:38.422656+00:00
2025-03-08,15,82.04,43,57.43,114.86,2025-03-08T09:00:00+08:00,2025-03-08T21:00:00+08:00,OPERATING,5.66,0.0,13.0,1,1,0,,2026-08-31T02:21:38.422656+00:00
2025-03-08,16,80.34,44,56.24,112.48,2025-03-08T09:00:00+08:00,2025-03-08T21:00:00+08:00,OPERATING,6.09,0.0,11.3,1,1,0,,2026-08-31T02:21:38.422656+00:00
2025-03-08,17,73.86,46,51.7,103.41,2025-03-08T09:00:00+08:00,2025-03-08T21:00:00+08:00,OPERATING,5.24,0.0,11.18,1,1,0,,2026-08-31T02:21:38.422656+00:00
2025-03-08,18,66.56,44,46.59,93.18,2025-03-08T09:00:00+08:00,2025-03-08T21:00:00+08:00,OPERATING,5.64,0.0,12.16,1,1,0,,2026-08-31T02:21:38.422656+00:00
2025-03-08,19,60.39,44,42.27,84.54,2025-03-08T09:00:00+08:00,2025-03-08T21:00:00+08:00,OPERATING,7.68,0.0,12.26,1,1,0,,2026-08-31T02:21:38.422656+00:00
2025-03-08,20,48.07,46,33.65,67.29,2025-03-08T09:00:00+08:00,2025-03-08T21:00:00+08:00,OPERATING,5.66,0.0,12.11,1,1,0,,2026-08-31T02:21:38.422656+00:00
2025-03-08,21,41.08,45,28.75,57.51,2025-03-08T09:00:00+08:00,2025-03-08T21:00:00+08:00,OPERATING,5.61,0.0,10.37,1,1,0,,2026-08-31T02:21:38.422656+00:00
2025-03-09,9,32.37,47,22.66,45.32,2025-03-09T09:00:00+08:00,2025-03-09T21:00:00+08:00,OPERATING,8.31,0.2,13.55,1,1,0,,2026-08-31T02:21:38.422656+00:00
2025-03-09,10,47.07,45,32.95,65.9,2025-03-09T09:00:00+08:00,2025-03-09T21:00:00+08:00,OPERATING,7.98,0.2,14.53,1,1,0,,2026-08-31T02:21:38.422656+00:00
2025-03-09,11,62.05,47,43.43,86.87,2025-03-09T09:00:00+08:00,2025-03-09T21:00:00+08:00,OPERATING,9.96,0.2,13.76,1,1,0,,2026-08-31T02:21:38.422656+00:00
2025-03-09,12,68.56,43,48.0,95.99,2025-03-09T09:00:00+08:00,2025-03-09T21:00:00+08:00,OPERATING,7.61,0.2,15.25,1,1,0,,2026-08-31T02:21:38.422656+00:00
2025-03-09,13,71.44,47,50.0,100.01,2025-03-09T09:00:00+08:00,2025-03-09T21:00:00+08:00,OPERATING,8.57,0.2,13.94,1,1,0,,2026-08-31T02:21:38.422656+00:00
2025-03-09,14,74.02,43,51.82,103.63,2025-03-09T09:00:00+08:00,2025-03-09T21:00:00+08:00,OPERATING,7.64,0.2,13.63,1,1,0,,2026-08-31T02:21:38.422656+00:00
2025-03-09,15,78.43,46,54.9,109.8,2025-03-09T09:00:00+08:00,2025-03-09T21:00:00+08:00,OPERATING,8.84,0.2,12.52,1,1,0,,2026-08-31T02:21:38.422656+00:00
2025-03-09,16,75.32,46,52.73,105.45,2025-03-09T09:00:00+08:00,2025-03-09T21:00:00+08:00,OPERATING,8.12,0.2,12.95,1,1,0,,2026-08-31T02:21:38.422656+00:00
2025-03-09,17,72.46,43,50.72,101.44,2025-03-09T09:00:00+08:00,2025-03-09T21:00:00+08:00,OPERATING,7.67,0.2,12.5,1,1,0,,2026-08-31T02:21:38.422656+00:00
2025-03-09,18,63.26,45,44.28,88.56,2025-03-09T09:00:00+08:00,2025-03-09T21:00:00+08:00,OPERATING,8.4,0.2,13.47,1,1,0,,2026-08-31T02:21:38.422656+00:00
2025-03-09,19,55.91,43,39.14,78.28,2025-03-09T09:00:00+08:00,2025-03-09T21:00:00+08:00,OPERATING,8.74,0.2,13.6,1,1,0,,2026-08-31T02:21:38.422656+00:00
2025-03-09,20,47.85,43,33.49,66.99,2025-03-09T09:00:00+08:00,2025-03-09T21:00:00+08:00,OPERATING,9.08,0.2,11.86,1,1,0,,2026-08-31T02:21:38.422656+00:00
2025-03-09,21,31.97,43,22.38,44.76,2025-03-09T09:00:00+08:00,2025-03-09T21:00:00+08:00,OPERATING,8.82,0.2,15.07,1,1,0,,2026-08-31T02:21:38.422656+00:00
2025-03-10,9,23.73,46,16.61,33.22,2025-03-10T09:00:00+08:00,2025-03-10T21:00:00+08:00,OPERATING,11.15,1.1,9.75,0,0,0,,2026-08-31T02:21:38.422656+00:00
2025-03-10,10,31.66,44,22.16,44.32,2025-03-10T09:00:00+08:00,2025-03-10T21:00:00+08:00,OPERATING,10.96,1.1,10.87,0,0,0,,2026-08-31T02:21:38.422656+00:00
2025-03-10,11,39.46,45,27.62,55.25,2025-03-10T09:00:00+08:00,2025-03-10T21:00:00+08:00,OPERATING,11.15,1.1,9.63,0,0,0,,2026-08-31T02:21:38.422656+00:00
2025-03-10,12,42.63,47,29.84,59.68,2025-03-10T09:00:00+08:00,2025-03-10T21:00:00+08:00,OPERATING,12.12,1.1,11.41,0,0,0,,2026-08-31T02:21:38.422656+00:00
2025-03-10,13,40.84,46,28.59,57.18,2025-03-10T09:00:00+08:00,2025-03-10T21:00:00+08:00,OPERATING,11.49,1.1,11.65,0,0,0,,2026-08-31T02:21:38.422656+00:00
2025-03-10,14,45.7,43,31.99,63.98,2025-03-10T09:00:00+08:00,2025-03-10T21:00:00+08:00,OPERATING,11.51,1.1,11.8,0,0,0,,2026-08-31T02:21:38.422656+00:00
2025-03-10,15,50.66,43,35.46,70.93,2025-03-10T09:00:00+08:00,2025-03-10T21:00:00+08:00,OPERATING,11.87,1.1,11.35,0,0,0,,2026-08-31T02:21:38.422656+00:00
2025-03-10,16,43.5,46,30.45,60.9,2025-03-10T09:00:00+08:00,2025-03-10T21:00:00+08:00,OPERATING,9.92,1.1,10.01,0,0,0,,2026-08-31T02:21:38.422656+00:00
2025-03-10,17,43.41,46,30.38,60.77,2025-03-10T09:00:00+08:00,2025-03-10T21:00:00+08:00,OPERATING,10.67,1.1,10.94,0,0,0,,2026-08-31T02:21:38.422656+00:00
2025-03-10,18,39.05,47,27.33,54.66,2025-03-10T09:00:00+08:00,2025-03-10T21:00:00+08:00,OPERATING,10.99,1.1,10.68,0,0,0,,2026-08-31T02:21:38.422656+00:00
2025-03-10,19,34.4,47,24.08,48.16,2025-03-10T09:00:00+08:00,2025-03-10T21:00:00+08:00,OPERATING,12.26,1.1,10.73,0,0,0,,2026-08-31T02:21:38.422656+00:00
2025-03-10,20,31.44,46,22.01,44.02,2025-03-10T09:00:00+08:00,2025-03-10T21:00:00+08:00,OPERATING,10.09,1.1,11.19,0,0,0,,2026-08-31T02:21:38.422656+00:00
2025-03-10,21,18.69,45,13.09,26.17,2025-03-10T09:00:00+08:00,2025-03-10T21:00:00+08:00,OPERATING,11.05,1.1,11.13,0,0,0,,2026-08-31T02:21:38.422656+00:00
2025-03-11,9,27.09,46,18.97,37.93,2025-03-11T09:00:00+08:00,2025-03-11T21:00:00+08:00,OPERATING,14.36,0.5,13.78,0,0,0,,2026-08-31T02:21:38.422656+00:00
2025-03-11,10,32.82,47,22.97,45.94,2025-03-11T09:00:00+08:00,2025-03-11T21:00:00+08:00,OPERATING,11.91,0.5,11.24,0,0,0,,2026-08-31T02:21:38.422656+00:00
2025-03-11,11,46.83,45,32.78,65.56,2025-03-11T09:00:00+08:00,2025-03-11T21:00:00+08:00,OPERATING,12.53,0.5,12.76,0,0,0,,2026-08-31T02:21:38.422656+00:00
2025-03-11,12,50.05,44,35.04,70.07,2025-03-11T09:00:00+08:00,2025-03-11T21:00:00+08:00,OPERATING,13.14,0.5,10.85,0,0,0,,2026-08-31T02:21:38.422656+00:00
2025-03-11,13,52.12,46,36.48,72.97,2025-03-11T09:00:00+08:00,2025-03-11T21:00:00+08:00,OPERATING,11.21,0.5,10.2,0,0,0,,2026-08-31T02:21:38.422656+00:00
2025-03-11,14,54.07,46,37.85,75.7,2025-03-11T09:00:00+08:00,2025-03-11T21:00:00+08:00,OPERATING,11.55,0.5,11.4,0,0,0,,2026-08-31T02:21:38.422656+00:00
2025-03-11,15,55.65,46,38.96,77.91,2025-03-11T09:00:00+08:00,2025-03-11T21:00:00+08:00,OPERATING,12.09,0.5,13.04,0,0,0,,2026-08-31T02:21:38.422656+00:00
2025-03-11,16,53.31,44,37.32,74.63,2025-03-11T09:00:00+08:00,2025-03-11T21:00:00+08:00,OPERATING,13.16,0.5,10.13,0,0,0,,2026-08-31T02:21:38.422656+00:00
2025-03-11,17,50.03,47,35.02,70.05,2025-03-11T09:00:00+08:00,2025-03-11T21:00:00+08:00,OPERATING,12.6,0.5,11.54,0,0,0,,2026-08-31T02:21:38.422656+00:00
2025-03-11,18,45.42,45,31.79,63.59,2025-03-11T09:00:00+08:00,2025-03-11T21:00:00+08:00,OPERATING,12.2,0.5,10.67,0,0,0,,2026-08-31T02:21:38.422656+00:00
2025-03-11,19,40.47,47,28.33,56.66,2025-03-11T09:00:00+08:00,2025-03-11T21:00:00+08:00,OPERATING,12.28,0.5,12.25,0,0,0,,2026-08-31T02:21:38.422656+00:00
2025-03-11,20,36.09,47,25.26,50.53,2025-03-11T09:00:00+08:00,2025-03-11T21:00:00+08:00,OPERATING,13.09,0.5,9.29,0,0,0,,2026-08-31T02:21:38.422656+00:00
2025-03-11,21,27.22,46,19.05,38.11,2025-03-11T09:00:00+08:00,2025-03-11T21:00:00+08:00,OPERATING,11.82,0.5,11.95,0,0,0,,2026-08-31T02:21:38.422656+00:00
2025-03-12,9,17.36,46,12.15,24.3,2025-03-12T09:00:00+08:00,2025-03-12T21:00:00+08:00,OPERATING,11.8,16.8,12.26,0,0,0,,2026-08-31T02:21:38.422656+00:00
2025-03-12,10,26.14,43,18.3,36.6,2025-03-12T09:00:00+08:00,2025-03-12T21:00:00+08:00,OPERATING,11.65,16.8,11.62,0,0,0,,2026-08-31T02:21:38.422656+00:00
2025-03-12,11,32.92,46,23.05,46.09,2025-03-12T09:00:00+08:00,2025-03-12T21:00:00+08:00,OPERATING,11.97,16.8,14.26,0,0,0,,2026-08-31T02:21:38.422656+00:00
2025-03-12,12,34.97,45,24.48,48.95,2025-03-12T09:00:00+08:00,2025-03-12T21:00:00+08:00,OPERATING,11.41,16.8,13.48,0,0,0,,2026-08-31T02:21:38.422656+00:00
2025-03-12,13,28.53,43,23.5,47.0,2025-03-12T09:00:00+08:00,2025-03-12T21:00:00+08:00,OPERATING,11.99,16.8,14.75,0,0,0,,2026-08-31T02:21:38.422656+00:00
2025-03-12,14,32.36,44,26.65,53.29,2025-03-12T09:00:00+08:00,2025-03-12T21:00:00+08:00,OPERATING,10.95,16.8,12.88,0,0,0,,2026-08-31T02:21:38.422656+00:00
2025-03-12,15,35.67,46,29.38,58.75,2025-03-12T09:00:00+08:00,2025-03-12T21:00:00+08:00,OPERATING,11.73,16.8,11.58,0,0,0,,2026-08-31T02:21:38.422656+00:00
2025-03-12,16,35.03,46,28.85,57.7,2025-03-12T09:00:00+08:00,2025-03-12T21:00:00+08:00,OPERATING,11.88,16.8,12.46,0,0,0,,2026-08-31T02:21:38.422656+00:00
2025-03-12,17,30.84,46,21.59,43.18,2025-03-12T09:00:00+08:00,2025-03-12T21:00:00+08:00,OPERATING,11.67,16.8,10.58,0,0,0,,2026-08-31T02:21:38.422656+00:00
2025-03-12,18,30.03,43,21.02,42.04,2025-03-12T09:00:00+08:00,2025-03-12T21:00:00+08:00,OPERATING,11.57,16.8,13.46,0,0,0,,2026-08-31T02:21:38.422656+00:00
2025-03-12,19,25.49,45,17.84,35.68,2025-03-12T09:00:00+08:00,2025-03-12T21:00:00+08:00,OPERATING,12.02,16.8,11.88,0,0,0,,2026-08-31T02:21:38.422656+00:00
2025-03-12,20,21.28,45,14.9,29.8,2025-03-12T09:00:00+08:00,2025-03-12T21:00:00+08:00,OPERATING,11.4,16.8,13.35,0,0,0,,2026-08-31T02:21:38.422656+00:00
2025-03-12,21,12.34,45,8.64,17.27,2025-03-12T09:00:00+08:00,2025-03-12T21:00:00+08:00,OPERATING,13.25,16.8,11.88,0,0,0,,2026-08-31T02:21:38.422656+00:00
2025-03-13,9,20.97,44,14.68,29.36,2025-03-13T09:00:00+08:00,2025-03-13T21:00:00+08:00,OPERATING,12.14,3.1,17.59,0,0,0,,2026-08-31T02:21:38.422656+00:00
2025-03-13,10,32.64,47,22.85,45.7,2025-03-13T09:00:00+08:00,2025-03-13T21:00:00+08:00,OPERATING,9.07,3.1,15.88,0,0,0,,2026-08-31T02:21:38.422656+00:00
2025-03-13,11,40.14,43,28.1,56.19,2025-03-13T09:00:00+08:00,2025-03-13T21:00:00+08:00,OPERATING,9.63,3.1,16.2,0,0,0,,2026-08-31T02:21:38.422656+00:00
2025-03-13,12,44.0,45,30.8,61.6,2025-03-13T09:00:00+08:00,2025-03-13T21:00:00+08:00,OPERATING,9.63,3.1,15.65,0,0,0,,2026-08-31T02:21:38.422656+00:00
2025-03-13,13,48.06,45,33.64,67.28,2025-03-13T09:00:00+08:00,2025-03-13T21:00:00+08:00,OPERATING,10.53,3.1,14.95,0,0,0,,2026-08-31T02:21:38.422656+00:00
2025-03-13,14,48.53,47,33.97,67.94,2025-03-13T09:00:00+08:00,2025-03-13T21:00:00+08:00,OPERATING,10.04,3.1,16.05,0,0,0,,2026-08-31T02:21:38.422656+00:00
2025-03-13,15,53.06,43,37.14,74.29,2025-03-13T09:00:00+08:00,2025-03-13T21:00:00+08:00,OPERATING,9.57,3.1,13.68,0,0,0,,2026-08-31T02:21:38.422656+00:00
2025-03-13,16,45.84,46,32.09,64.18,2025-03-13T09:00:00+08:00,2025-03-13T21:00:00+08:00,OPERATING,9.9,3.1,14.91,0,0,0,,2026-08-31T02:21:38.422656+00:00
2025-03-13,17,44.18,47,30.92,61.85,2025-03-13T09:00:00+08:00,2025-03-13T21:00:00+08:00,OPERATING,10.79,3.1,18.98,0,0,0,,2026-08-31T02:21:38.422656+00:00
2025-03-13,18,39.76,44,27.83,55.66,2025-03-13T09:00:00+08:00,2025-03-13T21:00:00+08:00,OPERATING,10.84,3.1,13.86,0,0,0,,2026-08-31T02:21:38.422656+00:00
2025-03-13,19,34.73,43,24.31,48.63,2025-03-13T09:00:00+08:00,2025-03-13T21:00:00+08:00,OPERATING,10.03,3.1,15.75,0,0,0,,2026-08-31T02:21:38.422656+00:00
2025-03-13,20,29.07,44,20.35,40.7,2025-03-13T09:00:00+08:00,2025-03-13T21:00:00+08:00,OPERATING,10.68,3.1,16.75,0,0,0,,2026-08-31T02:21:38.422656+00:00
2025-03-13,21,19.24,47,13.47,26.94,2025-03-13T09:00:00+08:00,2025-03-13T21:00:00+08:00,OPERATING,10.05,3.1,15.39,0,0,0,,2026-08-31T02:21:38.422656+00:00
2025-03-14,9,21.03,43,14.72,29.44,2025-03-14T09:00:00+08:00,2025-03-14T21:00:00+08:00,OPERATING,9.9,5.8,17.66,0,0,0,,2026-08-31T02:21:38.422656+00:00
2025-03-14,10,31.05,44,21.74,43.47,2025-03-14T09:00:00+08:00,2025-03-14T21:00:00+08:00,OPERATING,11.33,5.8,17.04,0,0,0,,2026-08-31T02:21:38.422656+00:00
2025-03-14,11,40.59,45,28.42,56.83,2025-03-14T09:00:00+08:00,2025-03-14T21:00:00+08:00,OPERATING,10.73,5.8,15.37,0,0,0,,2026-08-31T02:21:38.422656+00:00
2025-03-14,12,40.53,45,28.37,56.74,2025-03-14T09:00:00+08:00,2025-03-14T21:00:00+08:00,OPERATING,11.15,5.8,16.47,0,0,0,,2026-08-31T02:21:38.422656+00:00
2025-03-14,13,36.9,47,30.39,60.77,2025-03-14T09:00:00+08:00,2025-03-14T21:00:00+08:00,OPERATING,9.02,5.8,16.05,0,0,0,,2026-08-31T02:21:38.422656+00:00
2025-03-14,14,40.64,46,33.47,66.94,2025-03-14T09:00:00+08:00,2025-03-14T21:00:00+08:00,OPERATING,10.5,5.8,14.6,0,0,0,,2026-08-31T02:21:38.422656+00:00
2025-03-14,15,39.36,45,32.42,64.83,2025-03-14T09:00:00+08:00,2025-03-14T21:00:00+08:00,OPERATING,10.89,5.8,14.6,0,0,0,,2026-08-31T02:21:38.422656+00:00
2025-03-14,16,39.15,44,32.24,64.48,2025-03-14T09:00:00+08:00,2025-03-14T21:00:00+08:00,OPERATING,10.7,5.8,16.23,0,0,0,,2026-08-31T02:21:38.422656+00:00
2025-03-14,17,40.49,47,28.34,56.68,2025-03-14T09:00:00+08:00,2025-03-14T21:00:00+08:00,OPERATING,11.01,5.8,15.72,0,0,0,,2026-08-31T02:21:38.422656+00:00
2025-03-14,18,38.17,45,26.72,53.44,2025-03-14T09:00:00+08:00,2025-03-14T21:00:00+08:00,OPERATING,10.1,5.8,16.36,0,0,0,,2026-08-31T02:21:38.422656+00:00
2025-03-14,19,32.4,46,22.68,45.37,2025-03-14T09:00:00+08:00,2025-03-14T21:00:00+08:00,OPERATING,10.9,5.8,15.94,0,0,0,,2026-08-31T02:21:38.422656+00:00
2025-03-14,20,29.23,43,20.46,40.92,2025-03-14T09:00:00+08:00,2025-03-14T21:00:00+08:00,OPERATING,11.35,5.8,15.8,0,0,0,,2026-08-31T02:21:38.422656+00:00
2025-03-14,21,17.47,47,12.23,24.46,2025-03-14T09:00:00+08:00,2025-03-14T21:00:00+08:00,OPERATING,10.96,5.8,15.7,0,0,0,,2026-08-31T02:21:38.422656+00:00
2025-03-15,9,40.39,45,28.27,56.55,2025-03-15T09:00:00+08:00,2025-03-15T21:00:00+08:00,OPERATING,8.6,3.6,21.17,1,1,0,,2026-08-31T02:21:38.422656+00:00
2025-03-15,10,47.12,44,32.98,65.97,2025-03-15T09:00:00+08:00,2025-03-15T21:00:00+08:00,OPERATING,8.84,3.6,20.16,1,1,0,,2026-08-31T02:21:38.422656+00:00
2025-03-15,11,63.96,43,44.77,89.54,2025-03-15T09:00:00+08:00,2025-03-15T21:00:00+08:00,OPERATING,11.95,3.6,19.11,1,1,0,,2026-08-31T02:21:38.422656+00:00
2025-03-15,12,64.69,45,45.28,90.56,2025-03-15T09:00:00+08:00,2025-03-15T21:00:00+08:00,OPERATING,9.48,3.6,19.1,1,1,0,,2026-08-31T02:21:38.422656+00:00
2025-03-15,13,73.48,43,51.44,102.88,2025-03-15T09:00:00+08:00,2025-03-15T21:00:00+08:00,OPERATING,10.6,3.6,20.31,1,1,0,,2026-08-31T02:21:38.422656+00:00
2025-03-15,14,77.2,46,54.04,108.08,2025-03-15T09:00:00+08:00,2025-03-15T21:00:00+08:00,OPERATING,8.78,3.6,19.46,1,1,0,,2026-08-31T02:21:38.422656+00:00
2025-03-15,15,75.96,47,53.17,106.34,2025-03-15T09:00:00+08:00,2025-03-15T21:00:00+08:00,OPERATING,9.51,3.6,19.52,1,1,0,,2026-08-31T02:21:38.422656+00:00
2025-03-15,16,76.99,45,53.89,107.79,2025-03-15T09:00:00+08:00,2025-03-15T21:00:00+08:00,OPERATING,10.73,3.6,19.76,1,1,0,,2026-08-31T02:21:38.422656+00:00
2025-03-15,17,69.15,44,48.41,96.81,2025-03-15T09:00:00+08:00,2025-03-15T21:00:00+08:00,OPERATING,10.08,3.6,19.32,1,1,0,,2026-08-31T02:21:38.422656+00:00
2025-03-15,18,61.32,47,42.92,85.85,2025-03-15T09:00:00+08:00,2025-03-15T21:00:00+08:00,OPERATING,7.74,3.6,18.28,1,1,0,,2026-08-31T02:21:38.422656+00:00
2025-03-15,19,54.04,47,37.83,75.66,2025-03-15T09:00:00+08:00,2025-03-15T21:00:00+08:00,OPERATING,9.41,3.6,18.55,1,1,0,,2026-08-31T02:21:38.422656+00:00
2025-03-15,20,46.02,43,32.21,64.42,2025-03-15T09:00:00+08:00,2025-03-15T21:00:00+08:00,OPERATING,10.38,3.6,18.9,1,1,0,,2026-08-31T02:21:38.422656+00:00
2025-03-15,21,34.29,44,24.0,48.0,2025-03-15T09:00:00+08:00,2025-03-15T21:00:00+08:00,OPERATING,9.49,3.6,20.45,1,1,0,,2026-08-31T02:21:38.422656+00:00
2025-03-16,9,38.02,46,26.61,53.22,2025-03-16T09:00:00+08:00,2025-03-16T21:00:00+08:00,OPERATING,6.36,1.1,21.99,1,1,0,,2026-08-31T02:21:38.422656+00:00
2025-03-16,10,49.36,47,34.55,69.11,2025-03-16T09:00:00+08:00,2025-03-16T21:00:00+08:00,OPERATING,5.45,1.1,20.45,1,1,0,,2026-08-31T02:21:38.422656+00:00
2025-03-16,11,67.48,45,47.23,94.47,2025-03-16T09:00:00+08:00,2025-03-16T21:00:00+08:00,OPERATING,7.35,1.1,23.27,1,1,0,,2026-08-31T02:21:38.422656+00:00
2025-03-16,12,74.2,47,51.94,103.89,2025-03-16T09:00:00+08:00,2025-03-16T21:00:00+08:00,OPERATING,8.14,1.1,23.98,1,1,0,,2026-08-31T02:21:38.422656+00:00
2025-03-16,13,73.32,44,51.33,102.65,2025-03-16T09:00:00+08:00,2025-03-16T21:00:00+08:00,OPERATING,8.11,1.1,21.9,1,1,0,,2026-08-31T02:21:38.422656+00:00
2025-03-16,14,80.11,45,56.08,112.16,2025-03-16T09:00:00+08:00,2025-03-16T21:00:00+08:00,OPERATING,7.54,1.1,22.25,1,1,0,,2026-08-31T02:21:38.422656+00:00
2025-03-16,15,82.64,43,57.85,115.7,2025-03-16T09:00:00+08:00,2025-03-16T21:00:00+08:00,OPERATING,6.4,1.1,22.72,1,1,0,,2026-08-31T02:21:38.422656+00:00
2025-03-16,16,80.04,47,56.03,112.05,2025-03-16T09:00:00+08:00,2025-03-16T21:00:00+08:00,OPERATING,7.1,1.1,21.37,1,1,0,,2026-08-31T02:21:38.422656+00:00
2025-03-16,17,74.66,43,52.26,104.52,2025-03-16T09:00:00+08:00,2025-03-16T21:00:00+08:00,OPERATING,6.37,1.1,21.54,1,1,0,,2026-08-31T02:21:38.422656+00:00
2025-03-16,18,68.48,47,47.94,95.88,2025-03-16T09:00:00+08:00,2025-03-16T21:00:00+08:00,OPERATING,4.68,1.1,22.35,1,1,0,,2026-08-31T02:21:38.422656+00:00
2025-03-16,19,56.1,45,39.27,78.54,2025-03-16T09:00:00+08:00,2025-03-16T21:00:00+08:00,OPERATING,6.29,1.1,22.14,1,1,0,,2026-08-31T02:21:38.422656+00:00
2025-03-16,20,44.89,46,31.42,62.84,2025-03-16T09:00:00+08:00,2025-03-16T21:00:00+08:00,OPERATING,6.04,1.1,23.58,1,1,0,,2026-08-31T02:21:38.422656+00:00
2025-03-16,21,35.6,44,24.92,49.84,2025-03-16T09:00:00+08:00,2025-03-16T21:00:00+08:00,OPERATING,6.48,1.1,21.67,1,1,0,,2026-08-31T02:21:38.422656+00:00
2025-03-17,9,30.75,43,21.52,43.05,2025-03-17T09:00:00+08:00,2025-03-17T21:00:00+08:00,OPERATING,6.57,0.0,11.82,0,0,0,,2026-08-31T02:21:38.422656+00:00
2025-03-17,10,37.47,43,26.23,52.45,2025-03-17T09:00:00+08:00,2025-03-17T21:00:00+08:00,OPERATING,7.26,0.0,13.45,0,0,0,,2026-08-31T02:21:38.422656+00:00
2025-03-17,11,46.86,47,32.8,65.6,2025-03-17T09:00:00+08:00,2025-03-17T21:00:00+08:00,OPERATING,6.43,0.0,13.67,0,0,0,,2026-08-31T02:21:38.422656+00:00
2025-03-17,12,52.07,46,36.45,72.9,2025-03-17T09:00:00+08:00,2025-03-17T21:00:00+08:00,OPERATING,5.66,0.0,13.68,0,0,0,,2026-08-31T02:21:38.422656+00:00
2025-03-17,13,56.21,45,39.35,78.7,2025-03-17T09:00:00+08:00,2025-03-17T21:00:00+08:00,OPERATING,5.94,0.0,12.0,0,0,0,,2026-08-31T02:21:38.422656+00:00
2025-03-17,14,60.75,46,42.53,85.05,2025-03-17T09:00:00+08:00,2025-03-17T21:00:00+08:00,OPERATING,7.21,0.0,13.57,0,0,0,,2026-08-31T02:21:38.422656+00:00
2025-03-17,15,61.54,47,43.08,86.16,2025-03-17T09:00:00+08:00,2025-03-17T21:00:00+08:00,OPERATING,6.35,0.0,11.29,0,0,0,,2026-08-31T02:21:38.422656+00:00
2025-03-17,16,56.77,43,39.74,79.47,2025-03-17T09:00:00+08:00,2025-03-17T21:00:00+08:00,OPERATING,5.85,0.0,9.24,0,0,0,,2026-08-31T02:21:38.422656+00:00
2025-03-17,17,56.05,45,39.24,78.47,2025-03-17T09:00:00+08:00,2025-03-17T21:00:00+08:00,OPERATING,7.41,0.0,11.89,0,0,0,,2026-08-31T02:21:38.422656+00:00
2025-03-17,18,46.69,44,32.68,65.36,2025-03-17T09:00:00+08:00,2025-03-17T21:00:00+08:00,OPERATING,6.49,0.0,13.16,0,0,0,,2026-08-31T02:21:38.422656+00:00
2025-03-17,19,38.07,44,26.65,53.3,2025-03-17T09:00:00+08:00,2025-03-17T21:00:00+08:00,OPERATING,6.29,0.0,13.33,0,0,0,,2026-08-31T02:21:38.422656+00:00
2025-03-17,20,35.17,44,24.62,49.23,2025-03-17T09:00:00+08:00,2025-03-17T21:00:00+08:00,OPERATING,6.29,0.0,12.53,0,0,0,,2026-08-31T02:21:38.422656+00:00
2025-03-17,21,23.23,45,16.26,32.52,2025-03-17T09:00:00+08:00,2025-03-17T21:00:00+08:00,OPERATING,5.34,0.0,11.85,0,0,0,,2026-08-31T02:21:38.422656+00:00
2025-03-18,9,26.65,44,18.66,37.31,2025-03-18T09:00:00+08:00,2025-03-18T21:00:00+08:00,OPERATING,5.51,0.0,18.06,0,0,0,,2026-08-31T02:21:38.422656+00:00
2025-03-18,10,35.49,44,24.84,49.69,2025-03-18T09:00:00+08:00,2025-03-18T21:00:00+08:00,OPERATING,8.25,0.0,17.78,0,0,0,,2026-08-31T02:21:38.422656+00:00
2025-03-18,11,46.42,45,32.5,64.99,2025-03-18T09:00:00+08:00,2025-03-18T21:00:00+08:00,OPERATING,7.69,0.0,18.66,0,0,0,,2026-08-31T02:21:38.422656+00:00
2025-03-18,12,54.72,45,38.3,76.61,2025-03-18T09:00:00+08:00,2025-03-18T21:00:00+08:00,OPERATING,6.99,0.0,18.94,0,0,0,,2026-08-31T02:21:38.422656+00:00
2025-03-18,13,51.02,46,35.71,71.42,2025-03-18T09:00:00+08:00,2025-03-18T21:00:00+08:00,OPERATING,6.73,0.0,17.73,0,0,0,,2026-08-31T02:21:38.422656+00:00
2025-03-18,14,54.98,43,38.48,76.97,2025-03-18T09:00:00+08:00,2025-03-18T21:00:00+08:00,OPERATING,6.28,0.0,17.16,0,0,0,,2026-08-31T02:21:38.422656+00:00
2025-03-18,15,59.05,46,41.33,82.66,2025-03-18T09:00:00+08:00,2025-03-18T21:00:00+08:00,OPERATING,6.19,0.0,18.13,0,0,0,,2026-08-31T02:21:38.422656+00:00
2025-03-18,16,53.37,47,37.36,74.72,2025-03-18T09:00:00+08:00,2025-03-18T21:00:00+08:00,OPERATING,5.32,0.0,19.04,0,0,0,,2026-08-31T02:21:38.422656+00:00
2025-03-18,17,52.33,44,36.63,73.26,2025-03-18T09:00:00+08:00,2025-03-18T21:00:00+08:00,OPERATING,8.46,0.0,17.03,0,0,0,,2026-08-31T02:21:38.422656+00:00
2025-03-18,18,46.33,47,32.43,64.86,2025-03-18T09:00:00+08:00,2025-03-18T21:00:00+08:00,OPERATING,6.89,0.0,18.39,0,0,0,,2026-08-31T02:21:38.422656+00:00
2025-03-18,19,40.32,43,28.23,56.45,2025-03-18T09:00:00+08:00,2025-03-18T21:00:00+08:00,OPERATING,7.24,0.0,18.86,0,0,0,,2026-08-31T02:21:38.422656+00:00
2025-03-18,20,32.8,43,22.96,45.92,2025-03-18T09:00:00+08:00,2025-03-18T21:00:00+08:00,OPERATING,7.32,0.0,18.08,0,0,0,,2026-08-31T02:21:38.422656+00:00
2025-03-18,21,19.79,45,13.85,27.7,2025-03-18T09:00:00+08:00,2025-03-18T21:00:00+08:00,OPERATING,6.01,0.0,18.15,0,0,0,,2026-08-31T02:21:38.422656+00:00
2025-03-19,9,22.38,43,15.66,31.33,2025-03-19T09:00:00+08:00,2025-03-19T21:00:00+08:00,OPERATING,6.61,0.0,8.44,0,0,0,,2026-08-31T02:21:38.422656+00:00
2025-03-19,10,35.24,46,24.67,49.33,2025-03-19T09:00:00+08:00,2025-03-19T21:00:00+08:00,OPERATING,6.53,0.0,9.5,0,0,0,,2026-08-31T02:21:38.422656+00:00
2025-03-19,11,42.61,47,29.83,59.66,2025-03-19T09:00:00+08:00,2025-03-19T21:00:00+08:00,OPERATING,6.08,0.0,8.7,0,0,0,,2026-08-31T02:21:38.422656+00:00
2025-03-19,12,50.45,47,35.32,70.63,2025-03-19T09:00:00+08:00,2025-03-19T21:00:00+08:00,OPERATING,5.04,0.0,8.82,0,0,0,,2026-08-31T02:21:38.422656+00:00
2025-03-19,13,50.04,43,35.03,70.05,2025-03-19T09:00:00+08:00,2025-03-19T21:00:00+08:00,OPERATING,6.41,0.0,7.87,0,0,0,,2026-08-31T02:21:38.422656+00:00
2025-03-19,14,54.63,43,38.24,76.48,2025-03-19T09:00:00+08:00,2025-03-19T21:00:00+08:00,OPERATING,5.49,0.0,10.33,0,0,0,,2026-08-31T02:21:38.422656+00:00
2025-03-19,15,57.92,43,40.54,81.08,2025-03-19T09:00:00+08:00,2025-03-19T21:00:00+08:00,OPERATING,6.38,0.0,9.26,0,0,0,,2026-08-31T02:21:38.422656+00:00
2025-03-19,16,55.17,43,38.62,77.24,2025-03-19T09:00:00+08:00,2025-03-19T21:00:00+08:00,OPERATING,6.15,0.0,9.38,0,0,0,,2026-08-31T02:21:38.422656+00:00
2025-03-19,17,49.33,45,34.53,69.07,2025-03-19T09:00:00+08:00,2025-03-19T21:00:00+08:00,OPERATING,5.91,0.0,11.09,0,0,0,,2026-08-31T02:21:38.422656+00:00
2025-03-19,18,42.0,47,29.4,58.81,2025-03-19T09:00:00+08:00,2025-03-19T21:00:00+08:00,OPERATING,5.36,0.0,9.42,0,0,0,,2026-08-31T02:21:38.422656+00:00
2025-03-19,19,38.52,43,26.97,53.93,2025-03-19T09:00:00+08:00,2025-03-19T21:00:00+08:00,OPERATING,6.36,0.0,8.9,0,0,0,,2026-08-31T02:21:38.422656+00:00
2025-03-19,20,32.66,46,22.86,45.73,2025-03-19T09:00:00+08:00,2025-03-19T21:00:00+08:00,OPERATING,5.51,0.0,10.89,0,0,0,,2026-08-31T02:21:38.422656+00:00
2025-03-19,21,22.59,45,15.81,31.63,2025-03-19T09:00:00+08:00,2025-03-19T21:00:00+08:00,OPERATING,4.82,0.0,9.87,0,0,0,,2026-08-31T02:21:38.422656+00:00
2025-03-20,9,23.38,44,16.37,32.73,2025-03-20T09:00:00+08:00,2025-03-20T21:00:00+08:00,OPERATING,10.9,0.0,14.74,0,0,0,,2026-08-31T02:21:38.422656+00:00
2025-03-20,10,38.99,47,27.29,54.58,2025-03-20T09:00:00+08:00,2025-03-20T21:00:00+08:00,OPERATING,11.29,0.0,14.44,0,0,0,,2026-08-31T02:21:38.422656+00:00
2025-03-20,11,45.27,47,31.69,63.38,2025-03-20T09:00:00+08:00,2025-03-20T21:00:00+08:00,OPERATING,11.5,0.0,14.76,0,0,0,,2026-08-31T02:21:38.422656+00:00
2025-03-20,12,50.8,47,35.56,71.12,2025-03-20T09:00:00+08:00,2025-03-20T21:00:00+08:00,OPERATING,10.91,0.0,15.58,0,0,0,,2026-08-31T02:21:38.422656+00:00
2025-03-20,13,54.91,47,38.44,76.87,2025-03-20T09:00:00+08:00,2025-03-20T21:00:00+08:00,OPERATING,11.44,0.0,15.18,0,0,0,,2026-08-31T02:21:38.422656+00:00
2025-03-20,14,58.97,44,41.28,82.56,2025-03-20T09:00:00+08:00,2025-03-20T21:00:00+08:00,OPERATING,11.13,0.0,14.86,0,0,0,,2026-08-31T02:21:38.422656+00:00
2025-03-20,15,57.27,47,40.09,80.18,2025-03-20T09:00:00+08:00,2025-03-20T21:00:00+08:00,OPERATING,11.48,0.0,16.51,0,0,0,,2026-08-31T02:21:38.422656+00:00
2025-03-20,16,54.8,45,38.36,76.71,2025-03-20T09:00:00+08:00,2025-03-20T21:00:00+08:00,OPERATING,11.06,0.0,13.14,0,0,0,,2026-08-31T02:21:38.422656+00:00
2025-03-20,17,52.88,43,37.02,74.03,2025-03-20T09:00:00+08:00,2025-03-20T21:00:00+08:00,OPERATING,10.04,0.0,14.15,0,0,0,,2026-08-31T02:21:38.422656+00:00
2025-03-20,18,47.89,43,33.53,67.05,2025-03-20T09:00:00+08:00,2025-03-20T21:00:00+08:00,OPERATING,10.28,0.0,15.21,0,0,0,,2026-08-31T02:21:38.422656+00:00
2025-03-20,19,39.89,46,27.92,55.84,2025-03-20T09:00:00+08:00,2025-03-20T21:00:00+08:00,OPERATING,9.36,0.0,15.83,0,0,0,,2026-08-31T02:21:38.422656+00:00
2025-03-20,20,32.92,46,23.05,46.09,2025-03-20T09:00:00+08:00,2025-03-20T21:00:00+08:00,OPERATING,11.93,0.0,13.35,0,0,0,,2026-08-31T02:21:38.422656+00:00
2025-03-20,21,20.39,45,14.27,28.54,2025-03-20T09:00:00+08:00,2025-03-20T21:00:00+08:00,OPERATING,9.46,0.0,13.95,0,0,0,,2026-08-31T02:21:38.422656+00:00
2025-03-21,9,27.15,43,19.01,38.01,2025-03-21T09:00:00+08:00,2025-03-21T21:00:00+08:00,OPERATING,14.44,0.0,16.71,0,0,0,,2026-08-31T02:21:38.422656+00:00
2025-03-21,10,34.37,44,24.06,48.12,2025-03-21T09:00:00+08:00,2025-03-21T21:00:00+08:00,OPERATING,16.04,0.0,16.76,0,0,0,,2026-08-31T02:21:38.422656+00:00
2025-03-21,11,44.74,45,31.32,62.64,2025-03-21T09:00:00+08:00,2025-03-21T21:00:00+08:00,OPERATING,15.54,0.0,16.44,0,0,0,,2026-08-31T02:21:38.422656+00:00
2025-03-21,12,49.15,47,34.41,68.81,2025-03-21T09:00:00+08:00,2025-03-21T21:00:00+08:00,OPERATING,15.59,0.0,17.97,0,0,0,,2026-08-31T02:21:38.422656+00:00
2025-03-21,13,51.54,47,36.08,72.16,2025-03-21T09:00:00+08:00,2025-03-21T21:00:00+08:00,OPERATING,15.6,0.0,15.6,0,0,0,,2026-08-31T02:21:38.422656+00:00
2025-03-21,14,52.96,46,37.07,74.14,2025-03-21T09:00:00+08:00,2025-03-21T21:00:00+08:00,OPERATING,15.53,0.0,16.97,0,0,0,,2026-08-31T02:21:38.422656+00:00
2025-03-21,15,52.34,47,36.64,73.27,2025-03-21T09:00:00+08:00,2025-03-21T21:00:00+08:00,OPERATING,15.85,0.0,14.4,0,0,0,,2026-08-31T02:21:38.422656+00:00
2025-03-21,16,52.05,45,36.44,72.87,2025-03-21T09:00:00+08:00,2025-03-21T21:00:00+08:00,OPERATING,14.61,0.0,17.29,0,0,0,,2026-08-31T02:21:38.422656+00:00
2025-03-21,17,48.58,43,34.0,68.01,2025-03-21T09:00:00+08:00,2025-03-21T21:00:00+08:00,OPERATING,14.5,0.0,17.77,0,0,0,,2026-08-31T02:21:38.422656+00:00
2025-03-21,18,41.58,46,29.1,58.21,2025-03-21T09:00:00+08:00,2025-03-21T21:00:00+08:00,OPERATING,16.78,0.0,17.27,0,0,0,,2026-08-31T02:21:38.422656+00:00
2025-03-21,19,36.34,47,25.44,50.88,2025-03-21T09:00:00+08:00,2025-03-21T21:00:00+08:00,OPERATING,13.82,0.0,16.74,0,0,0,,2026-08-31T02:21:38.422656+00:00
2025-03-21,20,29.94,44,20.96,41.92,2025-03-21T09:00:00+08:00,2025-03-21T21:00:00+08:00,OPERATING,16.22,0.0,17.78,0,0,0,,2026-08-31T02:21:38.422656+00:00
2025-03-21,21,23.22,46,16.26,32.51,2025-03-21T09:00:00+08:00,2025-03-21T21:00:00+08:00,OPERATING,16.03,0.0,17.87,0,0,0,,2026-08-31T02:21:38.422656+00:00
2025-03-22,9,41.98,45,29.39,58.77,2025-03-22T09:00:00+08:00,2025-03-22T21:00:00+08:00,OPERATING,17.16,0.0,19.41,1,1,0,,2026-08-31T02:21:38.422656+00:00
2025-03-22,10,53.85,47,37.7,75.4,2025-03-22T09:00:00+08:00,2025-03-22T21:00:00+08:00,OPERATING,18.42,0.0,19.76,1,1,0,,2026-08-31T02:21:38.422656+00:00
2025-03-22,11,69.81,47,48.87,97.73,2025-03-22T09:00:00+08:00,2025-03-22T21:00:00+08:00,OPERATING,19.67,0.0,18.82,1,1,0,,2026-08-31T02:21:38.422656+00:00
2025-03-22,12,74.13,44,51.89,103.78,2025-03-22T09:00:00+08:00,2025-03-22T21:00:00+08:00,OPERATING,19.96,0.0,19.59,1,1,0,,2026-08-31T02:21:38.422656+00:00
2025-03-22,13,76.66,44,53.66,107.33,2025-03-22T09:00:00+08:00,2025-03-22T21:00:00+08:00,OPERATING,17.98,0.0,19.8,1,1,0,,2026-08-31T02:21:38.422656+00:00
2025-03-22,14,83.13,47,58.19,116.38,2025-03-22T09:00:00+08:00,2025-03-22T21:00:00+08:00,OPERATING,18.8,0.0,22.01,1,1,0,,2026-08-31T02:21:38.422656+00:00
2025-03-22,15,85.58,45,59.91,119.82,2025-03-22T09:00:00+08:00,2025-03-22T21:00:00+08:00,OPERATING,18.21,0.0,19.8,1,1,0,,2026-08-31T02:21:38.422656+00:00
2025-03-22,16,80.98,46,56.69,113.37,2025-03-22T09:00:00+08:00,2025-03-22T21:00:00+08:00,OPERATING,19.41,0.0,19.75,1,1,0,,2026-08-31T02:21:38.422656+00:00
2025-03-22,17,74.36,44,52.05,104.11,2025-03-22T09:00:00+08:00,2025-03-22T21:00:00+08:00,OPERATING,17.37,0.0,19.02,1,1,0,,2026-08-31T02:21:38.422656+00:00
2025-03-22,18,69.25,44,48.48,96.95,2025-03-22T09:00:00+08:00,2025-03-22T21:00:00+08:00,OPERATING,18.58,0.0,20.49,1,1,0,,2026-08-31T02:21:38.422656+00:00
2025-03-22,19,59.01,45,41.31,82.62,2025-03-22T09:00:00+08:00,2025-03-22T21:00:00+08:00,OPERATING,17.16,0.0,18.1,1,1,0,,2026-08-31T02:21:38.422656+00:00
2025-03-22,20,53.03,46,37.12,74.24,2025-03-22T09:00:00+08:00,2025-03-22T21:00:00+08:00,OPERATING,17.06,0.0,18.16,1,1,0,,2026-08-31T02:21:38.422656+00:00
2025-03-22,21,36.6,46,25.62,51.24,2025-03-22T09:00:00+08:00,2025-03-22T21:00:00+08:00,OPERATING,16.53,0.0,18.46,1,1,0,,2026-08-31T02:21:38.422656+00:00
2025-03-23,9,41.6,43,29.12,58.24,2025-03-23T09:00:00+08:00,2025-03-23T21:00:00+08:00,OPERATING,21.37,0.7,19.45,1,1,0,,2026-08-31T02:21:38.422656+00:00
2025-03-23,10,52.36,46,36.65,73.3,2025-03-23T09:00:00+08:00,2025-03-23T21:00:00+08:00,OPERATING,20.83,0.7,17.81,1,1,0,,2026-08-31T02:21:38.422656+00:00
2025-03-23,11,73.47,47,51.43,102.85,2025-03-23T09:00:00+08:00,2025-03-23T21:00:00+08:00,OPERATING,20.51,0.7,20.0,1,1,0,,2026-08-31T02:21:38.422656+00:00
2025-03-23,12,80.75,45,56.53,113.05,2025-03-23T09:00:00+08:00,2025-03-23T21:00:00+08:00,OPERATING,20.16,0.7,20.06,1,1,0,,2026-08-31T02:21:38.422656+00:00
2025-03-23,13,81.34,46,56.94,113.87,2025-03-23T09:00:00+08:00,2025-03-23T21:00:00+08:00,OPERATING,20.8,0.7,18.41,1,1,0,,2026-08-31T02:21:38.422656+00:00
2025-03-23,14,86.94,47,60.85,121.71,2025-03-23T09:00:00+08:00,2025-03-23T21:00:00+08:00,OPERATING,20.27,0.7,19.3,1,1,0,,2026-08-31T02:21:38.422656+00:00
2025-03-23,15,85.24,46,59.67,119.34,2025-03-23T09:00:00+08:00,2025-03-23T21:00:00+08:00,OPERATING,21.68,0.7,19.07,1,1,0,,2026-08-31T02:21:38.422656+00:00
2025-03-23,16,87.61,44,61.33,122.66,2025-03-23T09:00:00+08:00,2025-03-23T21:00:00+08:00,OPERATING,21.18,0.7,20.38,1,1,0,,2026-08-31T02:21:38.422656+00:00
2025-03-23,17,79.97,46,55.98,111.96,2025-03-23T09:00:00+08:00,2025-03-23T21:00:00+08:00,OPERATING,21.02,0.7,19.52,1,1,0,,2026-08-31T02:21:38.422656+00:00
2025-03-23,18,74.14,47,51.9,103.79,2025-03-23T09:00:00+08:00,2025-03-23T21:00:00+08:00,OPERATING,20.22,0.7,19.38,1,1,0,,2026-08-31T02:21:38.422656+00:00
2025-03-23,19,63.29,47,44.31,88.61,2025-03-23T09:00:00+08:00,2025-03-23T21:00:00+08:00,OPERATING,21.77,0.7,18.55,1,1,0,,2026-08-31T02:21:38.422656+00:00
2025-03-23,20,51.28,47,35.9,71.79,2025-03-23T09:00:00+08:00,2025-03-23T21:00:00+08:00,OPERATING,20.01,0.7,17.29,1,1,0,,2026-08-31T02:21:38.422656+00:00
2025-03-23,21,35.05,46,24.53,49.07,2025-03-23T09:00:00+08:00,2025-03-23T21:00:00+08:00,OPERATING,20.15,0.7,18.72,1,1,0,,2026-08-31T02:21:38.422656+00:00
2025-03-24,9,28.08,47,19.65,39.31,2025-03-24T09:00:00+08:00,2025-03-24T21:00:00+08:00,OPERATING,20.97,1.0,16.3,0,0,0,,2026-08-31T02:21:38.422656+00:00
2025-03-24,10,34.6,47,24.22,48.44,2025-03-24T09:00:00+08:00,2025-03-24T21:00:00+08:00,OPERATING,19.91,1.0,16.92,0,0,0,,2026-08-31T02:21:38.422656+00:00
2025-03-24,11,46.68,44,32.67,65.35,2025-03-24T09:00:00+08:00,2025-03-24T21:00:00+08:00,OPERATING,20.59,1.0,17.3,0,0,0,,2026-08-31T02:21:38.422656+00:00
2025-03-24,12,53.01,44,37.11,74.22,2025-03-24T09:00:00+08:00,2025-03-24T21:00:00+08:00,OPERATING,21.99,1.0,18.02,0,0,0,,2026-08-31T02:21:38.422656+00:00
2025-03-24,13,55.92,43,39.14,78.28,2025-03-24T09:00:00+08:00,2025-03-24T21:00:00+08:00,OPERATING,21.47,1.0,18.2,0,0,0,,2026-08-31T02:21:38.422656+00:00
2025-03-24,14,58.64,45,41.05,82.1,2025-03-24T09:00:00+08:00,2025-03-24T21:00:00+08:00,OPERATING,21.05,1.0,18.52,0,0,0,,2026-08-31T02:21:38.422656+00:00
2025-03-24,15,58.74,46,41.12,82.24,2025-03-24T09:00:00+08:00,2025-03-24T21:00:00+08:00,OPERATING,22.01,1.0,16.92,0,0,0,,2026-08-31T02:21:38.422656+00:00
2025-03-24,16,62.94,46,44.06,88.12,2025-03-24T09:00:00+08:00,2025-03-24T21:00:00+08:00,OPERATING,21.4,1.0,18.02,0,0,0,,2026-08-31T02:21:38.422656+00:00
2025-03-24,17,57.42,47,40.19,80.39,2025-03-24T09:00:00+08:00,2025-03-24T21:00:00+08:00,OPERATING,21.6,1.0,18.21,0,0,0,,2026-08-31T02:21:38.422656+00:00
2025-03-24,18,53.13,43,37.19,74.39,2025-03-24T09:00:00+08:00,2025-03-24T21:00:00+08:00,OPERATING,21.57,1.0,18.0,0,0,0,,2026-08-31T02:21:38.422656+00:00
2025-03-24,19,44.06,44,30.84,61.68,2025-03-24T09:00:00+08:00,2025-03-24T21:00:00+08:00,OPERATING,22.91,1.0,17.88,0,0,0,,2026-08-31T02:21:38.422656+00:00
2025-03-24,20,36.29,47,25.4,50.8,2025-03-24T09:00:00+08:00,2025-03-24T21:00:00+08:00,OPERATING,22.24,1.0,16.33,0,0,0,,2026-08-31T02:21:38.422656+00:00
2025-03-24,21,25.19,43,17.64,35.27,2025-03-24T09:00:00+08:00,2025-03-24T21:00:00+08:00,OPERATING,23.02,1.0,15.47,0,0,0,,2026-08-31T02:21:38.422656+00:00
2025-03-25,9,34.26,43,23.98,47.97,2025-03-25T09:00:00+08:00,2025-03-25T21:00:00+08:00,OPERATING,23.89,0.0,17.66,0,0,0,,2026-08-31T02:21:38.422656+00:00
2025-03-25,10,43.75,46,30.62,61.24,2025-03-25T09:00:00+08:00,2025-03-25T21:00:00+08:00,OPERATING,23.21,0.0,18.77,0,0,0,,2026-08-31T02:21:38.422656+00:00
2025-03-25,11,56.16,44,39.31,78.62,2025-03-25T09:00:00+08:00,2025-03-25T21:00:00+08:00,OPERATING,22.63,0.0,17.64,0,0,0,,2026-08-31T02:21:38.422656+00:00
2025-03-25,12,60.87,44,42.61,85.22,2025-03-25T09:00:00+08:00,2025-03-25T21:00:00+08:00,OPERATING,21.41,0.0,16.48,0,0,0,,2026-08-31T02:21:38.422656+00:00
2025-03-25,13,65.14,47,45.6,91.2,2025-03-25T09:00:00+08:00,2025-03-25T21:00:00+08:00,OPERATING,21.98,0.0,16.31,0,0,0,,2026-08-31T02:21:38.422656+00:00
2025-03-25,14,64.28,44,45.0,89.99,2025-03-25T09:00:00+08:00,2025-03-25T21:00:00+08:00,OPERATING,23.44,0.0,16.53,0,0,0,,2026-08-31T02:21:38.422656+00:00
2025-03-25,15,71.42,45,50.0,99.99,2025-03-25T09:00:00+08:00,2025-03-25T21:00:00+08:00,OPERATING,22.05,0.0,17.26,0,0,0,,2026-08-31T02:21:38.422656+00:00
2025-03-25,16,66.97,47,46.88,93.75,2025-03-25T09:00:00+08:00,2025-03-25T21:00:00+08:00,OPERATING,23.17,0.0,17.21,0,0,0,,2026-08-31T02:21:38.422656+00:00
2025-03-25,17,57.82,46,40.47,80.94,2025-03-25T09:00:00+08:00,2025-03-25T21:00:00+08:00,OPERATING,21.18,0.0,18.59,0,0,0,,2026-08-31T02:21:38.422656+00:00
2025-03-25,18,52.82,45,36.98,73.95,2025-03-25T09:00:00+08:00,2025-03-25T21:00:00+08:00,OPERATING,21.56,0.0,16.88,0,0,0,,2026-08-31T02:21:38.422656+00:00
2025-03-25,19,49.49,43,34.64,69.28,2025-03-25T09:00:00+08:00,2025-03-25T21:00:00+08:00,OPERATING,22.51,0.0,17.67,0,0,0,,2026-08-31T02:21:38.422656+00:00
2025-03-25,20,36.98,46,25.89,51.78,2025-03-25T09:00:00+08:00,2025-03-25T21:00:00+08:00,OPERATING,21.29,0.0,17.06,0,0,0,,2026-08-31T02:21:38.422656+00:00
2025-03-25,21,29.53,43,20.67,41.34,2025-03-25T09:00:00+08:00,2025-03-25T21:00:00+08:00,OPERATING,22.82,0.0,17.69,0,0,0,,2026-08-31T02:21:38.422656+00:00
2025-03-26,9,22.77,44,15.94,31.87,2025-03-26T09:00:00+08:00,2025-03-26T21:00:00+08:00,OPERATING,22.26,0.0,17.51,0,0,0,,2026-08-31T02:21:38.422656+00:00
2025-03-26,10,30.57,46,21.4,42.8,2025-03-26T09:00:00+08:00,2025-03-26T21:00:00+08:00,OPERATING,23.33,0.0,15.07,0,0,0,,2026-08-31T02:21:38.422656+00:00
2025-03-26,11,35.67,47,24.97,49.94,2025-03-26T09:00:00+08:00,2025-03-26T21:00:00+08:00,OPERATING,21.93,0.0,16.77,0,0,0,,2026-08-31T02:21:38.422656+00:00
2025-03-26,12,38.76,47,27.13,54.26,2025-03-26T09:00:00+08:00,2025-03-26T21:00:00+08:00,OPERATING,23.12,0.0,17.96,0,0,0,,2026-08-31T02:21:38.422656+00:00
2025-03-26,13,46.48,44,32.54,65.07,2025-03-26T09:00:00+08:00,2025-03-26T21:00:00+08:00,OPERATING,22.81,0.0,17.13,0,0,0,,2026-08-31T02:21:38.422656+00:00
2025-03-26,14,42.69,45,29.89,59.77,2025-03-26T09:00:00+08:00,2025-03-26T21:00:00+08:00,OPERATING,23.7,0.0,17.63,0,0,0,,2026-08-31T02:21:38.422656+00:00
2025-03-26,15,47.42,44,33.2,66.39,2025-03-26T09:00:00+08:00,2025-03-26T21:00:00+08:00,OPERATING,21.49,0.0,18.3,0,0,0,,2026-08-31T02:21:38.422656+00:00
2025-03-26,16,45.44,45,31.81,63.61,2025-03-26T09:00:00+08:00,2025-03-26T21:00:00+08:00,OPERATING,23.48,0.0,16.69,0,0,0,,2026-08-31T02:21:38.422656+00:00
2025-03-26,17,41.79,47,29.25,58.5,2025-03-26T09:00:00+08:00,2025-03-26T21:00:00+08:00,OPERATING,23.0,0.0,15.82,0,0,0,,2026-08-31T02:21:38.422656+00:00
2025-03-26,18,37.44,43,26.21,52.41,2025-03-26T09:00:00+08:00,2025-03-26T21:00:00+08:00,OPERATING,21.87,0.0,16.81,0,0,0,,2026-08-31T02:21:38.422656+00:00
2025-03-26,19,32.19,46,22.53,45.06,2025-03-26T09:00:00+08:00,2025-03-26T21:00:00+08:00,OPERATING,22.21,0.0,18.64,0,0,0,,2026-08-31T02:21:38.422656+00:00
2025-03-26,20,27.99,43,19.59,39.19,2025-03-26T09:00:00+08:00,2025-03-26T21:00:00+08:00,OPERATING,22.74,0.0,17.03,0,0,0,,2026-08-31T02:21:38.422656+00:00
2025-03-26,21,19.01,45,13.31,26.62,2025-03-26T09:00:00+08:00,2025-03-26T21:00:00+08:00,OPERATING,22.93,0.0,17.78,0,0,0,,2026-08-31T02:21:38.422656+00:00
2025-03-27,9,15.55,45,10.89,21.78,2025-03-27T09:00:00+08:00,2025-03-27T21:00:00+08:00,OPERATING,15.03,24.1,24.13,0,0,0,,2026-08-31T02:21:38.422656+00:00
2025-03-27,10,19.95,46,13.97,27.93,2025-03-27T09:00:00+08:00,2025-03-27T21:00:00+08:00,OPERATING,15.34,24.1,21.6,0,0,0,,2026-08-31T02:21:38.422656+00:00
2025-03-27,11,31.45,44,22.01,44.02,2025-03-27T09:00:00+08:00,2025-03-27T21:00:00+08:00,OPERATING,17.11,24.1,23.5,0,0,0,,2026-08-31T02:21:38.422656+00:00
2025-03-27,12,31.77,46,22.24,44.47,2025-03-27T09:00:00+08:00,2025-03-27T21:00:00+08:00,OPERATING,15.23,24.1,24.48,0,0,0,,2026-08-31T02:21:38.422656+00:00
2025-03-27,13,29.54,47,24.33,48.65,2025-03-27T09:00:00+08:00,2025-03-27T21:00:00+08:00,OPERATING,17.11,24.1,23.52,0,0,0,,2026-08-31T02:21:38.422656+00:00
2025-03-27,14,33.49,43,27.58,55.16,2025-03-27T09:00:00+08:00,2025-03-27T21:00:00+08:00,OPERATING,15.38,24.1,24.41,0,0,0,,2026-08-31T02:21:38.422656+00:00
2025-03-27,15,29.85,43,24.58,49.17,2025-03-27T09:00:00+08:00,2025-03-27T21:00:00+08:00,OPERATING,15.95,24.1,22.75,0,0,0,,2026-08-31T02:21:38.422656+00:00
2025-03-27,16,29.53,45,24.32,48.64,2025-03-27T09:00:00+08:00,2025-03-27T21:00:00+08:00,OPERATING,17.21,24.1,23.52,0,0,0,,2026-08-31T02:21:38.422656+00:00
2025-03-27,17,34.6,43,24.22,48.44,2025-03-27T09:00:00+08:00,2025-03-27T21:00:00+08:00,OPERATING,15.96,24.1,20.98,0,0,0,,2026-08-31T02:21:38.422656+00:00
2025-03-27,18,30.55,44,21.39,42.77,2025-03-27T09:00:00+08:00,2025-03-27T21:00:00+08:00,OPERATING,16.22,24.1,21.9,0,0,0,,2026-08-31T02:21:38.422656+00:00
2025-03-27,19,27.03,43,18.92,37.84,2025-03-27T09:00:00+08:00,2025-03-27T21:00:00+08:00,OPERATING,16.45,24.1,22.72,0,0,0,,2026-08-31T02:21:38.422656+00:00
2025-03-27,20,21.17,43,14.82,29.64,2025-03-27T09:00:00+08:00,2025-03-27T21:00:00+08:00,OPERATING,17.47,24.1,23.72,0,0,0,,2026-08-31T02:21:38.422656+00:00
2025-03-27,21,20.42,43,14.29,28.59,2025-03-27T09:00:00+08:00,2025-03-27T21:00:00+08:00,OPERATING,16.86,24.1,23.17,0,0,0,,2026-08-31T02:21:38.422656+00:00
2025-03-28,9,24.83,44,17.38,34.76,2025-03-28T09:00:00+08:00,2025-03-28T21:00:00+08:00,OPERATING,8.72,2.7,19.88,0,0,0,,2026-08-31T02:21:38.422656+00:00
2025-03-28,10,34.85,43,24.39,48.78,2025-03-28T09:00:00+08:00,2025-03-28T21:00:00+08:00,OPERATING,9.32,2.7,19.54,0,0,0,,2026-08-31T02:21:38.422656+00:00
2025-03-28,11,37.88,46,26.51,53.03,2025-03-28T09:00:00+08:00,2025-03-28T21:00:00+08:00,OPERATING,9.87,2.7,20.79,0,0,0,,2026-08-31T02:21:38.422656+00:00
2025-03-28,12,44.98,46,31.49,62.97,2025-03-28T09:00:00+08:00,2025-03-28T21:00:00+08:00,OPERATING,8.7,2.7,20.79,0,0,0,,2026-08-31T02:21:38.422656+00:00
2025-03-28,13,44.43,43,31.1,62.2,2025-03-28T09:00:00+08:00,2025-03-28T21:00:00+08:00,OPERATING,8.62,2.7,19.63,0,0,0,,2026-08-31T02:21:38.422656+00:00
2025-03-28,14,49.7,45,34.79,69.57,2025-03-28T09:00:00+08:00,2025-03-28T21:00:00+08:00,OPERATING,10.66,2.7,19.45,0,0,0,,2026-08-31T02:21:38.422656+00:00
2025-03-28,15,48.43,47,33.9,67.8,2025-03-28T09:00:00+08:00,2025-03-28T21:00:00+08:00,OPERATING,8.63,2.7,19.19,0,0,0,,2026-08-31T02:21:38.422656+00:00
2025-03-28,16,51.3,43,35.91,71.82,2025-03-28T09:00:00+08:00,2025-03-28T21:00:00+08:00,OPERATING,8.47,2.7,21.24,0,0,0,,2026-08-31T02:21:38.422656+00:00
2025-03-28,17,43.54,43,30.47,60.95,2025-03-28T09:00:00+08:00,2025-03-28T21:00:00+08:00,OPERATING,9.84,2.7,20.23,0,0,0,,2026-08-31T02:21:38.422656+00:00
2025-03-28,18,41.89,47,29.33,58.65,2025-03-28T09:00:00+08:00,2025-03-28T21:00:00+08:00,OPERATING,9.23,2.7,21.05,0,0,0,,2026-08-31T02:21:38.422656+00:00
2025-03-28,19,36.57,45,25.6,51.2,2025-03-28T09:00:00+08:00,2025-03-28T21:00:00+08:00,OPERATING,8.97,2.7,20.71,0,0,0,,2026-08-31T02:21:38.422656+00:00
2025-03-28,20,32.25,47,22.58,45.15,2025-03-28T09:00:00+08:00,2025-03-28T21:00:00+08:00,OPERATING,9.85,2.7,20.84,0,0,0,,2026-08-31T02:21:38.422656+00:00
2025-03-28,21,21.0,44,14.7,29.4,2025-03-28T09:00:00+08:00,2025-03-28T21:00:00+08:00,OPERATING,9.19,2.7,20.57,0,0,0,,2026-08-31T02:21:38.422656+00:00
2025-03-29,9,36.79,46,25.75,51.51,2025-03-29T09:00:00+08:00,2025-03-29T21:00:00+08:00,OPERATING,8.54,0.0,13.85,1,1,0,,2026-08-31T02:21:38.422656+00:00
2025-03-29,10,51.69,44,36.18,72.37,2025-03-29T09:00:00+08:00,2025-03-29T21:00:00+08:00,OPERATING,8.13,0.0,14.08,1,1,0,,2026-08-31T02:21:38.422656+00:00
2025-03-29,11,64.86,47,45.4,90.8,2025-03-29T09:00:00+08:00,2025-03-29T21:00:00+08:00,OPERATING,8.65,0.0,11.93,1,1,0,,2026-08-31T02:21:38.422656+00:00
2025-03-29,12,70.21,47,49.14,98.29,2025-03-29T09:00:00+08:00,2025-03-29T21:00:00+08:00,OPERATING,7.06,0.0,13.09,1,1,0,,2026-08-31T02:21:38.422656+00:00
2025-03-29,13,74.75,47,52.33,104.65,2025-03-29T09:00:00+08:00,2025-03-29T21:00:00+08:00,OPERATING,8.36,0.0,14.32,1,1,0,,2026-08-31T02:21:38.422656+00:00
2025-03-29,14,79.56,45,55.69,111.39,2025-03-29T09:00:00+08:00,2025-03-29T21:00:00+08:00,OPERATING,8.9,0.0,14.73,1,1,0,,2026-08-31T02:21:38.422656+00:00
2025-03-29,15,77.59,45,54.32,108.63,2025-03-29T09:00:00+08:00,2025-03-29T21:00:00+08:00,OPERATING,7.74,0.0,14.81,1,1,0,,2026-08-31T02:21:38.422656+00:00
2025-03-29,16,79.37,43,55.56,111.12,2025-03-29T09:00:00+08:00,2025-03-29T21:00:00+08:00,OPERATING,8.31,0.0,13.56,1,1,0,,2026-08-31T02:21:38.422656+00:00
2025-03-29,17,67.63,43,47.34,94.68,2025-03-29T09:00:00+08:00,2025-03-29T21:00:00+08:00,OPERATING,8.87,0.0,12.93,1,1,0,,2026-08-31T02:21:38.422656+00:00
2025-03-29,18,66.95,46,46.87,93.73,2025-03-29T09:00:00+08:00,2025-03-29T21:00:00+08:00,OPERATING,8.42,0.0,10.55,1,1,0,,2026-08-31T02:21:38.422656+00:00
2025-03-29,19,54.76,47,38.33,76.66,2025-03-29T09:00:00+08:00,2025-03-29T21:00:00+08:00,OPERATING,8.87,0.0,11.19,1,1,0,,2026-08-31T02:21:38.422656+00:00
2025-03-29,20,44.24,43,30.97,61.94,2025-03-29T09:00:00+08:00,2025-03-29T21:00:00+08:00,OPERATING,7.78,0.0,12.27,1,1,0,,2026-08-31T02:21:38.422656+00:00
2025-03-29,21,32.66,44,22.86,45.72,2025-03-29T09:00:00+08:00,2025-03-29T21:00:00+08:00,OPERATING,8.22,0.0,13.85,1,1,0,,2026-08-31T02:21:38.422656+00:00
2025-03-30,9,36.48,45,25.53,51.07,2025-03-30T09:00:00+08:00,2025-03-30T21:00:00+08:00,OPERATING,7.76,0.0,10.94,1,1,0,,2026-08-31T02:21:38.422656+00:00
2025-03-30,10,51.45,45,36.02,72.03,2025-03-30T09:00:00+08:00,2025-03-30T21:00:00+08:00,OPERATING,8.52,0.0,11.71,1,1,0,,2026-08-31T02:21:38.422656+00:00
2025-03-30,11,63.96,47,44.77,89.54,2025-03-30T09:00:00+08:00,2025-03-30T21:00:00+08:00,OPERATING,7.67,0.0,10.55,1,1,0,,2026-08-31T02:21:38.422656+00:00
2025-03-30,12,71.11,43,49.77,99.55,2025-03-30T09:00:00+08:00,2025-03-30T21:00:00+08:00,OPERATING,8.11,0.0,10.98,1,1,0,,2026-08-31T02:21:38.422656+00:00
2025-03-30,13,73.74,43,51.62,103.23,2025-03-30T09:00:00+08:00,2025-03-30T21:00:00+08:00,OPERATING,7.08,0.0,10.97,1,1,0,,2026-08-31T02:21:38.422656+00:00
2025-03-30,14,78.99,45,55.3,110.59,2025-03-30T09:00:00+08:00,2025-03-30T21:00:00+08:00,OPERATING,8.0,0.0,10.54,1,1,0,,2026-08-31T02:21:38.422656+00:00
2025-03-30,15,81.24,43,56.87,113.74,2025-03-30T09:00:00+08:00,2025-03-30T21:00:00+08:00,OPERATING,8.16,0.0,12.68,1,1,0,,2026-08-31T02:21:38.422656+00:00
2025-03-30,16,74.93,43,52.45,104.91,2025-03-30T09:00:00+08:00,2025-03-30T21:00:00+08:00,OPERATING,7.26,0.0,9.75,1,1,0,,2026-08-31T02:21:38.422656+00:00
2025-03-30,17,70.14,44,49.1,98.2,2025-03-30T09:00:00+08:00,2025-03-30T21:00:00+08:00,OPERATING,6.69,0.0,9.55,1,1,0,,2026-08-31T02:21:38.422656+00:00
2025-03-30,18,62.54,46,43.78,87.56,2025-03-30T09:00:00+08:00,2025-03-30T21:00:00+08:00,OPERATING,7.95,0.0,10.92,1,1,0,,2026-08-31T02:21:38.422656+00:00
2025-03-30,19,58.69,46,41.08,82.16,2025-03-30T09:00:00+08:00,2025-03-30T21:00:00+08:00,OPERATING,8.32,0.0,12.68,1,1,0,,2026-08-31T02:21:38.422656+00:00
2025-03-30,20,47.91,46,33.54,67.08,2025-03-30T09:00:00+08:00,2025-03-30T21:00:00+08:00,OPERATING,7.67,0.0,12.73,1,1,0,,2026-08-31T02:21:38.422656+00:00
2025-03-30,21,33.0,47,23.1,46.21,2025-03-30T09:00:00+08:00,2025-03-30T21:00:00+08:00,OPERATING,6.63,0.0,11.5,1,1,0,,2026-08-31T02:21:38.422656+00:00
2025-03-31,9,24.01,43,16.81,33.62,2025-03-31T09:00:00+08:00,2025-03-31T21:00:00+08:00,OPERATING,7.35,0.0,11.22,0,0,0,,2026-08-31T02:21:38.422656+00:00
2025-03-31,10,38.79,43,27.15,54.3,2025-03-31T09:00:00+08:00,2025-03-31T21:00:00+08:00,OPERATING,7.35,0.0,13.21,0,0,0,,2026-08-31T02:21:38.422656+00:00
2025-03-31,11,48.11,46,33.67,67.35,2025-03-31T09:00:00+08:00,2025-03-31T21:00:00+08:00,OPERATING,9.27,0.0,13.33,0,0,0,,2026-08-31T02:21:38.422656+00:00
2025-03-31,12,51.15,46,35.81,71.61,2025-03-31T09:00:00+08:00,2025-03-31T21:00:00+08:00,OPERATING,9.26,0.0,12.37,0,0,0,,2026-08-31T02:21:38.422656+00:00
2025-03-31,13,54.57,46,38.2,76.4,2025-03-31T09:00:00+08:00,2025-03-31T21:00:00+08:00,OPERATING,8.84,0.0,11.56,0,0,0,,2026-08-31T02:21:38.422656+00:00
2025-03-31,14,56.14,47,39.3,78.6,2025-03-31T09:00:00+08:00,2025-03-31T21:00:00+08:00,OPERATING,7.82,0.0,12.64,0,0,0,,2026-08-31T02:21:38.422656+00:00
2025-03-31,15,61.68,44,43.17,86.35,2025-03-31T09:00:00+08:00,2025-03-31T21:00:00+08:00,OPERATING,8.25,0.0,13.91,0,0,0,,2026-08-31T02:21:38.422656+00:00
2025-03-31,16,56.82,46,39.77,79.55,2025-03-31T09:00:00+08:00,2025-03-31T21:00:00+08:00,OPERATING,8.72,0.0,12.33,0,0,0,,2026-08-31T02:21:38.422656+00:00
2025-03-31,17,47.83,47,33.48,66.96,2025-03-31T09:00:00+08:00,2025-03-31T21:00:00+08:00,OPERATING,9.14,0.0,12.35,0,0,0,,2026-08-31T02:21:38.422656+00:00
2025-03-31,18,49.12,45,34.38,68.77,2025-03-31T09:00:00+08:00,2025-03-31T21:00:00+08:00,OPERATING,8.97,0.0,11.41,0,0,0,,2026-08-31T02:21:38.422656+00:00
2025-03-31,19,42.16,47,29.51,59.02,2025-03-31T09:00:00+08:00,2025-03-31T21:00:00+08:00,OPERATING,8.55,0.0,13.16,0,0,0,,2026-08-31T02:21:38.422656+00:00
2025-03-31,20,34.56,43,24.19,48.39,2025-03-31T09:00:00+08:00,2025-03-31T21:00:00+08:00,OPERATING,7.96,0.0,12.55,0,0,0,,2026-08-31T02:21:38.422656+00:00
2025-03-31,21,27.19,44,19.03,38.07,2025-03-31T09:00:00+08:00,2025-03-31T21:00:00+08:00,OPERATING,9.17,0.0,15.02,0,0,0,,2026-08-31T02:21:38.422656+00:00
2025-04-01,9,26.88,45,18.82,37.64,2025-04-01T09:00:00+08:00,2025-04-01T21:00:00+08:00,OPERATING,9.23,0.0,9.65,0,0,0,,2026-08-31T02:21:38.422656+00:00
2025-04-01,10,40.85,43,28.6,57.19,2025-04-01T09:00:00+08:00,2025-04-01T21:00:00+08:00,OPERATING,9.55,0.0,13.52,0,0,0,,2026-08-31T02:21:38.422656+00:00
2025-04-01,11,48.74,46,34.12,68.23,2025-04-01T09:00:00+08:00,2025-04-01T21:00:00+08:00,OPERATING,9.39,0.0,12.84,0,0,0,,2026-08-31T02:21:38.422656+00:00
2025-04-01,12,57.09,47,39.96,79.93,2025-04-01T09:00:00+08:00,2025-04-01T21:00:00+08:00,OPERATING,9.29,0.0,12.87,0,0,0,,2026-08-31T02:21:38.422656+00:00
2025-04-01,13,60.66,43,42.46,84.92,2025-04-01T09:00:00+08:00,2025-04-01T21:00:00+08:00,OPERATING,9.6,0.0,11.51,0,0,0,,2026-08-31T02:21:38.422656+00:00
2025-04-01,14,59.69,46,41.78,83.56,2025-04-01T09:00:00+08:00,2025-04-01T21:00:00+08:00,OPERATING,9.99,0.0,12.03,0,0,0,,2026-08-31T02:21:38.422656+00:00
2025-04-01,15,60.73,44,42.51,85.02,2025-04-01T09:00:00+08:00,2025-04-01T21:00:00+08:00,OPERATING,9.71,0.0,11.05,0,0,0,,2026-08-31T02:21:38.422656+00:00
2025-04-01,16,55.53,46,38.87,77.75,2025-04-01T09:00:00+08:00,2025-04-01T21:00:00+08:00,OPERATING,8.54,0.0,12.78,0,0,0,,2026-08-31T02:21:38.422656+00:00
2025-04-01,17,52.68,46,36.88,73.76,2025-04-01T09:00:00+08:00,2025-04-01T21:00:00+08:00,OPERATING,9.41,0.0,11.32,0,0,0,,2026-08-31T02:21:38.422656+00:00
2025-04-01,18,47.36,44,33.15,66.3,2025-04-01T09:00:00+08:00,2025-04-01T21:00:00+08:00,OPERATING,10.22,0.0,11.94,0,0,0,,2026-08-31T02:21:38.422656+00:00
2025-04-01,19,44.37,46,31.06,62.12,2025-04-01T09:00:00+08:00,2025-04-01T21:00:00+08:00,OPERATING,9.83,0.0,11.75,0,0,0,,2026-08-31T02:21:38.422656+00:00
2025-04-01,20,34.82,45,24.37,48.75,2025-04-01T09:00:00+08:00,2025-04-01T21:00:00+08:00,OPERATING,9.22,0.0,9.91,0,0,0,,2026-08-31T02:21:38.422656+00:00
2025-04-01,21,28.43,47,19.9,39.8,2025-04-01T09:00:00+08:00,2025-04-01T21:00:00+08:00,OPERATING,9.09,0.0,11.32,0,0,0,,2026-08-31T02:21:38.422656+00:00
2025-04-02,9,29.77,43,20.84,41.67,2025-04-02T09:00:00+08:00,2025-04-02T21:00:00+08:00,OPERATING,12.47,0.0,19.13,0,0,0,,2026-08-31T02:21:38.422656+00:00
2025-04-02,10,40.85,43,28.6,57.2,2025-04-02T09:00:00+08:00,2025-04-02T21:00:00+08:00,OPERATING,11.25,0.0,18.29,0,0,0,,2026-08-31T02:21:38.422656+00:00
2025-04-02,11,47.93,44,33.55,67.11,2025-04-02T09:00:00+08:00,2025-04-02T21:00:00+08:00,OPERATING,11.74,0.0,19.24,0,0,0,,2026-08-31T02:21:38.422656+00:00
2025-04-02,12,52.35,43,36.64,73.29,2025-04-02T09:00:00+08:00,2025-04-02T21:00:00+08:00,OPERATING,12.67,0.0,19.15,0,0,0,,2026-08-31T02:21:38.422656+00:00
2025-04-02,13,58.12,47,40.68,81.37,2025-04-02T09:00:00+08:00,2025-04-02T21:00:00+08:00,OPERATING,12.32,0.0,19.47,0,0,0,,2026-08-31T02:21:38.422656+00:00
2025-04-02,14,60.37,43,42.26,84.52,2025-04-02T09:00:00+08:00,2025-04-02T21:00:00+08:00,OPERATING,12.99,0.0,19.14,0,0,0,,2026-08-31T02:21:38.422656+00:00
2025-04-02,15,67.91,45,47.53,95.07,2025-04-02T09:00:00+08:00,2025-04-02T21:00:00+08:00,OPERATING,11.86,0.0,18.43,0,0,0,,2026-08-31T02:21:38.422656+00:00
2025-04-02,16,61.56,46,43.09,86.19,2025-04-02T09:00:00+08:00,2025-04-02T21:00:00+08:00,OPERATING,12.07,0.0,16.87,0,0,0,,2026-08-31T02:21:38.422656+00:00
2025-04-02,17,55.85,45,39.1,78.19,2025-04-02T09:00:00+08:00,2025-04-02T21:00:00+08:00,OPERATING,10.5,0.0,18.05,0,0,0,,2026-08-31T02:21:38.422656+00:00
2025-04-02,18,48.18,43,33.73,67.45,2025-04-02T09:00:00+08:00,2025-04-02T21:00:00+08:00,OPERATING,13.33,0.0,19.52,0,0,0,,2026-08-31T02:21:38.422656+00:00
2025-04-02,19,45.7,47,31.99,63.98,2025-04-02T09:00:00+08:00,2025-04-02T21:00:00+08:00,OPERATING,10.96,0.0,19.5,0,0,0,,2026-08-31T02:21:38.422656+00:00
2025-04-02,20,36.59,45,25.61,51.22,2025-04-02T09:00:00+08:00,2025-04-02T21:00:00+08:00,OPERATING,11.03,0.0,17.79,0,0,0,,2026-08-31T02:21:38.422656+00:00
2025-04-02,21,27.79,45,19.46,38.91,2025-04-02T09:00:00+08:00,2025-04-02T21:00:00+08:00,OPERATING,12.53,0.0,17.68,0,0,0,,2026-08-31T02:21:38.422656+00:00
2025-04-03,9,32.21,45,22.54,45.09,2025-04-03T09:00:00+08:00,2025-04-03T21:00:00+08:00,OPERATING,9.61,0.0,11.86,0,0,0,,2026-08-31T02:21:38.422656+00:00
2025-04-03,10,45.24,43,31.67,63.34,2025-04-03T09:00:00+08:00,2025-04-03T21:00:00+08:00,OPERATING,12.11,0.0,12.89,0,0,0,,2026-08-31T02:21:38.422656+00:00
2025-04-03,11,57.69,46,40.38,80.77,2025-04-03T09:00:00+08:00,2025-04-03T21:00:00+08:00,OPERATING,11.78,0.0,12.17,0,0,0,,2026-08-31T02:21:38.422656+00:00
2025-04-03,12,59.36,45,41.55,83.11,2025-04-03T09:00:00+08:00,2025-04-03T21:00:00+08:00,OPERATING,11.36,0.0,12.06,0,0,0,,2026-08-31T02:21:38.422656+00:00
2025-04-03,13,65.06,45,45.54,91.08,2025-04-03T09:00:00+08:00,2025-04-03T21:00:00+08:00,OPERATING,12.45,0.0,13.44,0,0,0,,2026-08-31T02:21:38.422656+00:00
2025-04-03,14,66.2,45,46.34,92.69,2025-04-03T09:00:00+08:00,2025-04-03T21:00:00+08:00,OPERATING,11.58,0.0,12.33,0,0,0,,2026-08-31T02:21:38.422656+00:00
2025-04-03,15,71.83,45,50.28,100.57,2025-04-03T09:00:00+08:00,2025-04-03T21:00:00+08:00,OPERATING,10.31,0.0,11.29,0,0,0,,2026-08-31T02:21:38.422656+00:00
2025-04-03,16,67.95,46,47.57,95.13,2025-04-03T09:00:00+08:00,2025-04-03T21:00:00+08:00,OPERATING,11.88,0.0,11.42,0,0,0,,2026-08-31T02:21:38.422656+00:00
2025-04-03,17,66.16,45,46.31,92.63,2025-04-03T09:00:00+08:00,2025-04-03T21:00:00+08:00,OPERATING,11.15,0.0,12.57,0,0,0,,2026-08-31T02:21:38.422656+00:00
2025-04-03,18,60.29,47,42.2,84.41,2025-04-03T09:00:00+08:00,2025-04-03T21:00:00+08:00,OPERATING,12.17,0.0,11.78,0,0,0,,2026-08-31T02:21:38.422656+00:00
2025-04-03,19,52.51,45,36.76,73.52,2025-04-03T09:00:00+08:00,2025-04-03T21:00:00+08:00,OPERATING,11.56,0.0,10.88,0,0,0,,2026-08-31T02:21:38.422656+00:00
2025-04-03,20,41.85,47,29.3,58.6,2025-04-03T09:00:00+08:00,2025-04-03T21:00:00+08:00,OPERATING,11.47,0.0,11.95,0,0,0,,2026-08-31T02:21:38.422656+00:00
2025-04-03,21,31.92,45,22.35,44.69,2025-04-03T09:00:00+08:00,2025-04-03T21:00:00+08:00,OPERATING,11.72,0.0,11.56,0,0,0,,2026-08-31T02:21:38.422656+00:00
2025-04-04,9,36.6,44,25.62,51.24,2025-04-04T09:00:00+08:00,2025-04-04T21:00:00+08:00,OPERATING,12.65,0.0,17.22,1,0,0,,2026-08-31T02:21:38.422656+00:00
2025-04-04,10,49.19,44,34.44,68.87,2025-04-04T09:00:00+08:00,2025-04-04T21:00:00+08:00,OPERATING,10.41,0.0,16.32,1,0,0,,2026-08-31T02:21:38.422656+00:00
2025-04-04,11,63.76,46,44.63,89.26,2025-04-04T09:00:00+08:00,2025-04-04T21:00:00+08:00,OPERATING,11.13,0.0,16.36,1,0,0,,2026-08-31T02:21:38.422656+00:00
2025-04-04,12,73.91,47,51.74,103.48,2025-04-04T09:00:00+08:00,2025-04-04T21:00:00+08:00,OPERATING,12.32,0.0,17.36,1,0,0,,2026-08-31T02:21:38.422656+00:00
2025-04-04,13,75.78,44,53.04,106.09,2025-04-04T09:00:00+08:00,2025-04-04T21:00:00+08:00,OPERATING,12.95,0.0,17.36,1,0,0,,2026-08-31T02:21:38.422656+00:00
2025-04-04,14,77.87,44,54.51,109.01,2025-04-04T09:00:00+08:00,2025-04-04T21:00:00+08:00,OPERATING,11.7,0.0,17.16,1,0,0,,2026-08-31T02:21:38.422656+00:00
2025-04-04,15,83.3,43,58.31,116.62,2025-04-04T09:00:00+08:00,2025-04-04T21:00:00+08:00,OPERATING,12.44,0.0,15.75,1,0,0,,2026-08-31T02:21:38.422656+00:00
2025-04-04,16,78.4,47,54.88,109.76,2025-04-04T09:00:00+08:00,2025-04-04T21:00:00+08:00,OPERATING,11.03,0.0,16.89,1,0,0,,2026-08-31T02:21:38.422656+00:00
2025-04-04,17,71.16,47,49.81,99.62,2025-04-04T09:00:00+08:00,2025-04-04T21:00:00+08:00,OPERATING,12.79,0.0,18.14,1,0,0,,2026-08-31T02:21:38.422656+00:00
2025-04-04,18,63.12,47,44.18,88.36,2025-04-04T09:00:00+08:00,2025-04-04T21:00:00+08:00,OPERATING,12.42,0.0,17.3,1,0,0,,2026-08-31T02:21:38.422656+00:00
2025-04-04,19,54.31,46,38.02,76.03,2025-04-04T09:00:00+08:00,2025-04-04T21:00:00+08:00,OPERATING,11.87,0.0,18.0,1,0,0,,2026-08-31T02:21:38.422656+00:00
2025-04-04,20,52.43,47,36.7,73.4,2025-04-04T09:00:00+08:00,2025-04-04T21:00:00+08:00,OPERATING,13.16,0.0,17.38,1,0,0,,2026-08-31T02:21:38.422656+00:00
2025-04-04,21,30.44,46,21.31,42.61,2025-04-04T09:00:00+08:00,2025-04-04T21:00:00+08:00,OPERATING,12.93,0.0,18.92,1,0,0,,2026-08-31T02:21:38.422656+00:00
2025-04-05,9,40.65,46,28.45,56.91,2025-04-05T09:00:00+08:00,2025-04-05T21:00:00+08:00,OPERATING,17.04,0.8,17.28,1,1,0,,2026-08-31T02:21:38.422656+00:00
2025-04-05,10,54.41,47,38.09,76.18,2025-04-05T09:00:00+08:00,2025-04-05T21:00:00+08:00,OPERATING,17.34,0.8,16.3,1,1,0,,2026-08-31T02:21:38.422656+00:00
2025-04-05,11,71.87,44,50.31,100.62,2025-04-05T09:00:00+08:00,2025-04-05T21:00:00+08:00,OPERATING,17.18,0.8,15.82,1,1,0,,2026-08-31T02:21:38.422656+00:00
2025-04-05,12,79.11,43,55.38,110.76,2025-04-05T09:00:00+08:00,2025-04-05T21:00:00+08:00,OPERATING,16.5,0.8,17.37,1,1,0,,2026-08-31T02:21:38.422656+00:00
2025-04-05,13,84.85,46,59.4,118.79,2025-04-05T09:00:00+08:00,2025-04-05T21:00:00+08:00,OPERATING,17.23,0.8,17.02,1,1,0,,2026-08-31T02:21:38.422656+00:00
2025-04-05,14,83.01,45,58.1,116.21,2025-04-05T09:00:00+08:00,2025-04-05T21:00:00+08:00,OPERATING,16.13,0.8,16.29,1,1,0,,2026-08-31T02:21:38.422656+00:00
2025-04-05,15,84.19,45,58.93,117.87,2025-04-05T09:00:00+08:00,2025-04-05T21:00:00+08:00,OPERATING,16.63,0.8,15.49,1,1,0,,2026-08-31T02:21:38.422656+00:00
2025-04-05,16,88.11,47,61.68,123.36,2025-04-05T09:00:00+08:00,2025-04-05T21:00:00+08:00,OPERATING,17.06,0.8,16.35,1,1,0,,2026-08-31T02:21:38.422656+00:00
2025-04-05,17,78.13,44,54.69,109.38,2025-04-05T09:00:00+08:00,2025-04-05T21:00:00+08:00,OPERATING,17.21,0.8,17.99,1,1,0,,2026-08-31T02:21:38.422656+00:00
2025-04-05,18,71.9,47,50.33,100.66,2025-04-05T09:00:00+08:00,2025-04-05T21:00:00+08:00,OPERATING,16.57,0.8,14.95,1,1,0,,2026-08-31T02:21:38.422656+00:00
2025-04-05,19,64.18,47,44.92,89.85,2025-04-05T09:00:00+08:00,2025-04-05T21:00:00+08:00,OPERATING,15.58,0.8,17.74,1,1,0,,2026-08-31T02:21:38.422656+00:00
2025-04-05,20,51.57,47,36.1,72.2,2025-04-05T09:00:00+08:00,2025-04-05T21:00:00+08:00,OPERATING,15.37,0.8,17.02,1,1,0,,2026-08-31T02:21:38.422656+00:00
2025-04-05,21,36.8,44,25.76,51.51,2025-04-05T09:00:00+08:00,2025-04-05T21:00:00+08:00,OPERATING,17.07,0.8,14.44,1,1,0,,2026-08-31T02:21:38.422656+00:00
2025-04-06,9,37.95,44,26.57,53.14,2025-04-06T09:00:00+08:00,2025-04-06T21:00:00+08:00,OPERATING,13.85,0.0,14.07,1,1,0,,2026-08-31T02:21:38.422656+00:00
2025-04-06,10,55.13,45,38.59,77.19,2025-04-06T09:00:00+08:00,2025-04-06T21:00:00+08:00,OPERATING,14.39,0.0,12.97,1,1,0,,2026-08-31T02:21:38.422656+00:00
2025-04-06,11,67.05,47,46.94,93.87,2025-04-06T09:00:00+08:00,2025-04-06T21:00:00+08:00,OPERATING,16.09,0.0,11.47,1,1,0,,2026-08-31T02:21:38.422656+00:00
2025-04-06,12,73.81,46,51.66,103.33,2025-04-06T09:00:00+08:00,2025-04-06T21:00:00+08:00,OPERATING,14.59,0.0,13.05,1,1,0,,2026-08-31T02:21:38.422656+00:00
2025-04-06,13,74.9,46,52.43,104.86,2025-04-06T09:00:00+08:00,2025-04-06T21:00:00+08:00,OPERATING,16.74,0.0,12.96,1,1,0,,2026-08-31T02:21:38.422656+00:00
2025-04-06,14,84.17,43,58.92,117.83,2025-04-06T09:00:00+08:00,2025-04-06T21:00:00+08:00,OPERATING,14.46,0.0,12.4,1,1,0,,2026-08-31T02:21:38.422656+00:00
2025-04-06,15,86.47,45,60.53,121.06,2025-04-06T09:00:00+08:00,2025-04-06T21:00:00+08:00,OPERATING,15.9,0.0,15.01,1,1,0,,2026-08-31T02:21:38.422656+00:00
2025-04-06,16,79.81,45,55.87,111.74,2025-04-06T09:00:00+08:00,2025-04-06T21:00:00+08:00,OPERATING,14.74,0.0,13.52,1,1,0,,2026-08-31T02:21:38.422656+00:00
2025-04-06,17,79.67,44,55.77,111.54,2025-04-06T09:00:00+08:00,2025-04-06T21:00:00+08:00,OPERATING,15.1,0.0,12.83,1,1,0,,2026-08-31T02:21:38.422656+00:00
2025-04-06,18,67.59,47,47.32,94.63,2025-04-06T09:00:00+08:00,2025-04-06T21:00:00+08:00,OPERATING,17.54,0.0,12.28,1,1,0,,2026-08-31T02:21:38.422656+00:00
2025-04-06,19,62.02,43,43.41,86.82,2025-04-06T09:00:00+08:00,2025-04-06T21:00:00+08:00,OPERATING,15.91,0.0,13.32,1,1,0,,2026-08-31T02:21:38.422656+00:00
2025-04-06,20,49.18,43,34.43,68.86,2025-04-06T09:00:00+08:00,2025-04-06T21:00:00+08:00,OPERATING,14.88,0.0,12.36,1,1,0,,2026-08-31T02:21:38.422656+00:00
2025-04-06,21,37.76,47,26.43,52.86,2025-04-06T09:00:00+08:00,2025-04-06T21:00:00+08:00,OPERATING,14.55,0.0,13.9,1,1,0,,2026-08-31T02:21:38.422656+00:00
2025-04-07,9,30.07,46,21.05,42.1,2025-04-07T09:00:00+08:00,2025-04-07T21:00:00+08:00,OPERATING,18.76,0.0,17.91,0,0,0,,2026-08-31T02:21:38.422656+00:00
2025-04-07,10,40.67,45,28.47,56.94,2025-04-07T09:00:00+08:00,2025-04-07T21:00:00+08:00,OPERATING,17.81,0.0,17.29,0,0,0,,2026-08-31T02:21:38.422656+00:00
2025-04-07,11,52.7,44,36.89,73.78,2025-04-07T09:00:00+08:00,2025-04-07T21:00:00+08:00,OPERATING,17.11,0.0,17.79,0,0,0,,2026-08-31T02:21:38.422656+00:00
2025-04-07,12,60.54,44,42.38,84.75,2025-04-07T09:00:00+08:00,2025-04-07T21:00:00+08:00,OPERATING,17.34,0.0,18.09,0,0,0,,2026-08-31T02:21:38.422656+00:00
2025-04-07,13,60.62,44,42.43,84.87,2025-04-07T09:00:00+08:00,2025-04-07T21:00:00+08:00,OPERATING,17.75,0.0,17.74,0,0,0,,2026-08-31T02:21:38.422656+00:00
2025-04-07,14,66.9,47,46.83,93.66,2025-04-07T09:00:00+08:00,2025-04-07T21:00:00+08:00,OPERATING,17.92,0.0,18.74,0,0,0,,2026-08-31T02:21:38.422656+00:00
2025-04-07,15,68.17,44,47.72,95.44,2025-04-07T09:00:00+08:00,2025-04-07T21:00:00+08:00,OPERATING,18.12,0.0,18.39,0,0,0,,2026-08-31T02:21:38.422656+00:00
2025-04-07,16,66.49,46,46.54,93.08,2025-04-07T09:00:00+08:00,2025-04-07T21:00:00+08:00,OPERATING,17.77,0.0,17.86,0,0,0,,2026-08-31T02:21:38.422656+00:00
2025-04-07,17,61.38,43,42.97,85.93,2025-04-07T09:00:00+08:00,2025-04-07T21:00:00+08:00,OPERATING,18.15,0.0,16.04,0,0,0,,2026-08-31T02:21:38.422656+00:00
2025-04-07,18,57.84,45,40.49,80.98,2025-04-07T09:00:00+08:00,2025-04-07T21:00:00+08:00,OPERATING,15.75,0.0,16.1,0,0,0,,2026-08-31T02:21:38.422656+00:00
2025-04-07,19,47.71,45,33.39,66.79,2025-04-07T09:00:00+08:00,2025-04-07T21:00:00+08:00,OPERATING,17.44,0.0,16.07,0,0,0,,2026-08-31T02:21:38.422656+00:00
2025-04-07,20,39.23,43,27.46,54.93,2025-04-07T09:00:00+08:00,2025-04-07T21:00:00+08:00,OPERATING,17.52,0.0,18.62,0,0,0,,2026-08-31T02:21:38.422656+00:00
2025-04-07,21,28.23,43,19.76,39.52,2025-04-07T09:00:00+08:00,2025-04-07T21:00:00+08:00,OPERATING,18.79,0.0,17.53,0,0,0,,2026-08-31T02:21:38.422656+00:00
2025-04-08,9,29.29,45,20.51,41.01,2025-04-08T09:00:00+08:00,2025-04-08T21:00:00+08:00,OPERATING,20.74,0.0,19.92,0,0,0,,2026-08-31T02:21:38.422656+00:00
2025-04-08,10,38.7,46,27.09,54.19,2025-04-08T09:00:00+08:00,2025-04-08T21:00:00+08:00,OPERATING,22.36,0.0,17.78,0,0,0,,2026-08-31T02:21:38.422656+00:00
2025-04-08,11,47.22,44,33.06,66.11,2025-04-08T09:00:00+08:00,2025-04-08T21:00:00+08:00,OPERATING,20.27,0.0,15.9,0,0,0,,2026-08-31T02:21:38.422656+00:00
2025-04-08,12,55.19,43,38.64,77.27,2025-04-08T09:00:00+08:00,2025-04-08T21:00:00+08:00,OPERATING,22.16,0.0,17.41,0,0,0,,2026-08-31T02:21:38.422656+00:00
2025-04-08,13,54.71,43,38.3,76.59,2025-04-08T09:00:00+08:00,2025-04-08T21:00:00+08:00,OPERATING,21.74,0.0,17.83,0,0,0,,2026-08-31T02:21:38.422656+00:00
2025-04-08,14,59.19,47,41.43,82.87,2025-04-08T09:00:00+08:00,2025-04-08T21:00:00+08:00,OPERATING,20.57,0.0,17.35,0,0,0,,2026-08-31T02:21:38.422656+00:00
2025-04-08,15,60.86,43,42.6,85.2,2025-04-08T09:00:00+08:00,2025-04-08T21:00:00+08:00,OPERATING,23.09,0.0,15.16,0,0,0,,2026-08-31T02:21:38.422656+00:00
2025-04-08,16,58.67,43,41.07,82.14,2025-04-08T09:00:00+08:00,2025-04-08T21:00:00+08:00,OPERATING,21.15,0.0,17.65,0,0,0,,2026-08-31T02:21:38.422656+00:00
2025-04-08,17,57.33,47,40.13,80.26,2025-04-08T09:00:00+08:00,2025-04-08T21:00:00+08:00,OPERATING,20.81,0.0,17.57,0,0,0,,2026-08-31T02:21:38.422656+00:00
2025-04-08,18,49.38,46,34.56,69.13,2025-04-08T09:00:00+08:00,2025-04-08T21:00:00+08:00,OPERATING,22.15,0.0,15.9,0,0,0,,2026-08-31T02:21:38.422656+00:00
2025-04-08,19,40.91,47,28.64,57.27,2025-04-08T09:00:00+08:00,2025-04-08T21:00:00+08:00,OPERATING,21.24,0.0,17.43,0,0,0,,2026-08-31T02:21:38.422656+00:00
2025-04-08,20,39.8,44,27.86,55.72,2025-04-08T09:00:00+08:00,2025-04-08T21:00:00+08:00,OPERATING,19.92,0.0,14.29,0,0,0,,2026-08-31T02:21:38.422656+00:00
2025-04-08,21,25.65,46,17.96,35.91,2025-04-08T09:00:00+08:00,2025-04-08T21:00:00+08:00,OPERATING,21.73,0.0,17.39,0,0,0,,2026-08-31T02:21:38.422656+00:00
2025-04-09,9,28.26,45,19.78,39.57,2025-04-09T09:00:00+08:00,2025-04-09T21:00:00+08:00,OPERATING,22.54,0.0,14.34,0,0,0,,2026-08-31T02:21:38.422656+00:00
2025-04-09,10,40.1,46,28.07,56.14,2025-04-09T09:00:00+08:00,2025-04-09T21:00:00+08:00,OPERATING,21.88,0.0,16.25,0,0,0,,2026-08-31T02:21:38.422656+00:00
2025-04-09,11,47.41,45,33.18,66.37,2025-04-09T09:00:00+08:00,2025-04-09T21:00:00+08:00,OPERATING,21.59,0.0,17.9,0,0,0,,2026-08-31T02:21:38.422656+00:00
2025-04-09,12,55.28,44,38.7,77.39,2025-04-09T09:00:00+08:00,2025-04-09T21:00:00+08:00,OPERATING,21.81,0.0,16.72,0,0,0,,2026-08-31T02:21:38.422656+00:00
2025-04-09,13,55.53,43,38.87,77.75,2025-04-09T09:00:00+08:00,2025-04-09T21:00:00+08:00,OPERATING,21.12,0.0,17.3,0,0,0,,2026-08-31T02:21:38.422656+00:00
2025-04-09,14,56.79,47,39.75,79.5,2025-04-09T09:00:00+08:00,2025-04-09T21:00:00+08:00,OPERATING,22.54,0.0,15.35,0,0,0,,2026-08-31T02:21:38.422656+00:00
2025-04-09,15,62.28,46,43.6,87.19,2025-04-09T09:00:00+08:00,2025-04-09T21:00:00+08:00,OPERATING,22.18,0.0,17.14,0,0,0,,2026-08-31T02:21:38.422656+00:00
2025-04-09,16,57.5,43,40.25,80.49,2025-04-09T09:00:00+08:00,2025-04-09T21:00:00+08:00,OPERATING,21.72,0.0,16.61,0,0,0,,2026-08-31T02:21:38.422656+00:00
2025-04-09,17,58.23,46,40.76,81.52,2025-04-09T09:00:00+08:00,2025-04-09T21:00:00+08:00,OPERATING,23.03,0.0,15.74,0,0,0,,2026-08-31T02:21:38.422656+00:00
2025-04-09,18,45.42,45,31.79,63.58,2025-04-09T09:00:00+08:00,2025-04-09T21:00:00+08:00,OPERATING,22.36,0.0,16.98,0,0,0,,2026-08-31T02:21:38.422656+00:00
2025-04-09,19,44.38,46,31.06,62.13,2025-04-09T09:00:00+08:00,2025-04-09T21:00:00+08:00,OPERATING,23.25,0.0,17.38,0,0,0,,2026-08-31T02:21:38.422656+00:00
2025-04-09,20,34.11,47,23.87,47.75,2025-04-09T09:00:00+08:00,2025-04-09T21:00:00+08:00,OPERATING,22.7,0.0,16.18,0,0,0,,2026-08-31T02:21:38.422656+00:00
2025-04-09,21,27.98,44,19.59,39.18,2025-04-09T09:00:00+08:00,2025-04-09T21:00:00+08:00,OPERATING,22.34,0.0,14.88,0,0,0,,2026-08-31T02:21:38.422656+00:00
2025-04-10,9,28.17,45,19.72,39.43,2025-04-10T09:00:00+08:00,2025-04-10T21:00:00+08:00,OPERATING,18.08,0.0,12.73,0,0,0,,2026-08-31T02:21:38.422656+00:00
2025-04-10,10,38.85,43,27.19,54.39,2025-04-10T09:00:00+08:00,2025-04-10T21:00:00+08:00,OPERATING,18.72,0.0,13.16,0,0,0,,2026-08-31T02:21:38.422656+00:00
2025-04-10,11,51.12,46,35.78,71.57,2025-04-10T09:00:00+08:00,2025-04-10T21:00:00+08:00,OPERATING,18.82,0.0,12.11,0,0,0,,2026-08-31T02:21:38.422656+00:00
2025-04-10,12,57.2,45,40.04,80.08,2025-04-10T09:00:00+08:00,2025-04-10T21:00:00+08:00,OPERATING,17.89,0.0,12.34,0,0,0,,2026-08-31T02:21:38.422656+00:00
2025-04-10,13,58.89,45,41.22,82.45,2025-04-10T09:00:00+08:00,2025-04-10T21:00:00+08:00,OPERATING,19.22,0.0,11.33,0,0,0,,2026-08-31T02:21:38.422656+00:00
2025-04-10,14,59.38,46,41.57,83.14,2025-04-10T09:00:00+08:00,2025-04-10T21:00:00+08:00,OPERATING,18.28,0.0,11.56,0,0,0,,2026-08-31T02:21:38.422656+00:00
2025-04-10,15,66.09,47,46.26,92.52,2025-04-10T09:00:00+08:00,2025-04-10T21:00:00+08:00,OPERATING,18.56,0.0,13.61,0,0,0,,2026-08-31T02:21:38.422656+00:00
2025-04-10,16,57.32,45,40.12,80.25,2025-04-10T09:00:00+08:00,2025-04-10T21:00:00+08:00,OPERATING,19.7,0.0,13.5,0,0,0,,2026-08-31T02:21:38.422656+00:00
2025-04-10,17,55.6,44,38.92,77.84,2025-04-10T09:00:00+08:00,2025-04-10T21:00:00+08:00,OPERATING,18.38,0.0,12.21,0,0,0,,2026-08-31T02:21:38.422656+00:00
2025-04-10,18,46.1,46,32.27,64.54,2025-04-10T09:00:00+08:00,2025-04-10T21:00:00+08:00,OPERATING,18.06,0.0,13.82,0,0,0,,2026-08-31T02:21:38.422656+00:00
2025-04-10,19,46.74,46,32.71,65.43,2025-04-10T09:00:00+08:00,2025-04-10T21:00:00+08:00,OPERATING,18.05,0.0,11.62,0,0,0,,2026-08-31T02:21:38.422656+00:00
2025-04-10,20,41.15,46,28.81,57.61,2025-04-10T09:00:00+08:00,2025-04-10T21:00:00+08:00,OPERATING,18.98,0.0,11.26,0,0,0,,2026-08-31T02:21:38.422656+00:00
2025-04-10,21,29.71,47,20.79,41.59,2025-04-10T09:00:00+08:00,2025-04-10T21:00:00+08:00,OPERATING,19.43,0.0,12.46,0,0,0,,2026-08-31T02:21:38.422656+00:00
2025-04-11,9,30.08,44,21.06,42.12,2025-04-11T09:00:00+08:00,2025-04-11T21:00:00+08:00,OPERATING,18.87,0.0,20.2,0,0,0,,2026-08-31T02:21:38.422656+00:00
2025-04-11,10,41.82,43,29.27,58.54,2025-04-11T09:00:00+08:00,2025-04-11T21:00:00+08:00,OPERATING,18.78,0.0,20.77,0,0,0,,2026-08-31T02:21:38.422656+00:00
2025-04-11,11,50.04,47,35.03,70.06,2025-04-11T09:00:00+08:00,2025-04-11T21:00:00+08:00,OPERATING,17.93,0.0,19.87,0,0,0,,2026-08-31T02:21:38.422656+00:00
2025-04-11,12,54.4,46,38.08,76.16,2025-04-11T09:00:00+08:00,2025-04-11T21:00:00+08:00,OPERATING,17.36,0.0,21.03,0,0,0,,2026-08-31T02:21:38.422656+00:00
2025-04-11,13,52.75,43,36.92,73.85,2025-04-11T09:00:00+08:00,2025-04-11T21:00:00+08:00,OPERATING,17.22,0.0,21.02,0,0,0,,2026-08-31T02:21:38.422656+00:00
2025-04-11,14,59.39,44,41.57,83.15,2025-04-11T09:00:00+08:00,2025-04-11T21:00:00+08:00,OPERATING,18.05,0.0,18.44,0,0,0,,2026-08-31T02:21:38.422656+00:00
2025-04-11,15,62.04,43,43.43,86.86,2025-04-11T09:00:00+08:00,2025-04-11T21:00:00+08:00,OPERATING,18.71,0.0,18.32,0,0,0,,2026-08-31T02:21:38.422656+00:00
2025-04-11,16,60.71,47,42.5,85.0,2025-04-11T09:00:00+08:00,2025-04-11T21:00:00+08:00,OPERATING,19.53,0.0,20.34,0,0,0,,2026-08-31T02:21:38.422656+00:00
2025-04-11,17,51.09,45,35.76,71.53,2025-04-11T09:00:00+08:00,2025-04-11T21:00:00+08:00,OPERATING,17.22,0.0,18.4,0,0,0,,2026-08-31T02:21:38.422656+00:00
2025-04-11,18,47.65,46,33.35,66.71,2025-04-11T09:00:00+08:00,2025-04-11T21:00:00+08:00,OPERATING,19.36,0.0,20.28,0,0,0,,2026-08-31T02:21:38.422656+00:00
2025-04-11,19,43.48,46,30.44,60.88,2025-04-11T09:00:00+08:00,2025-04-11T21:00:00+08:00,OPERATING,18.15,0.0,20.27,0,0,0,,2026-08-31T02:21:38.422656+00:00
2025-04-11,20,35.89,46,25.12,50.25,2025-04-11T09:00:00+08:00,2025-04-11T21:00:00+08:00,OPERATING,19.08,0.0,18.7,0,0,0,,2026-08-31T02:21:38.422656+00:00
2025-04-11,21,25.71,46,18.0,35.99,2025-04-11T09:00:00+08:00,2025-04-11T21:00:00+08:00,OPERATING,19.77,0.0,20.88,0,0,0,,2026-08-31T02:21:38.422656+00:00
2025-04-12,9,30.72,46,21.5,43.0,2025-04-12T09:00:00+08:00,2025-04-12T21:00:00+08:00,OPERATING,15.61,11.8,34.5,1,1,0,,2026-08-31T02:21:38.422656+00:00
2025-04-12,10,39.11,44,27.38,54.76,2025-04-12T09:00:00+08:00,2025-04-12T21:00:00+08:00,OPERATING,16.5,11.8,34.13,1,1,0,,2026-08-31T02:21:38.422656+00:00
2025-04-12,11,49.33,44,34.53,69.06,2025-04-12T09:00:00+08:00,2025-04-12T21:00:00+08:00,OPERATING,15.79,11.8,35.53,1,1,0,,2026-08-31T02:21:38.422656+00:00
2025-04-12,12,56.53,47,39.57,79.14,2025-04-12T09:00:00+08:00,2025-04-12T21:00:00+08:00,OPERATING,16.72,11.8,33.83,1,1,0,,2026-08-31T02:21:38.422656+00:00
2025-04-12,13,51.62,47,42.51,85.03,2025-04-12T09:00:00+08:00,2025-04-12T21:00:00+08:00,OPERATING,15.61,11.8,33.57,1,1,0,,2026-08-31T02:21:38.422656+00:00
2025-04-12,14,53.88,45,44.37,88.75,2025-04-12T09:00:00+08:00,2025-04-12T21:00:00+08:00,OPERATING,15.88,11.8,33.76,1,1,0,,2026-08-31T02:21:38.422656+00:00
2025-04-12,15,55.51,44,45.71,91.43,2025-04-12T09:00:00+08:00,2025-04-12T21:00:00+08:00,OPERATING,17.75,11.8,35.7,1,1,0,,2026-08-31T02:21:38.422656+00:00
2025-04-12,16,49.27,44,40.58,81.15,2025-04-12T09:00:00+08:00,2025-04-12T21:00:00+08:00,OPERATING,15.87,11.8,33.41,1,1,0,,2026-08-31T02:21:38.422656+00:00
2025-04-12,17,58.35,46,40.84,81.69,2025-04-12T09:00:00+08:00,2025-04-12T21:00:00+08:00,OPERATING,14.85,11.8,34.54,1,1,0,,2026-08-31T02:21:38.422656+00:00
2025-04-12,18,50.12,45,35.08,70.17,2025-04-12T09:00:00+08:00,2025-04-12T21:00:00+08:00,OPERATING,16.4,11.8,36.38,1,1,0,,2026-08-31T02:21:38.422656+00:00
2025-04-12,19,45.33,47,31.73,63.46,2025-04-12T09:00:00+08:00,2025-04-12T21:00:00+08:00,OPERATING,17.19,11.8,35.83,1,1,0,,2026-08-31T02:21:38.422656+00:00
2025-04-12,20,37.21,46,26.04,52.09,2025-04-12T09:00:00+08:00,2025-04-12T21:00:00+08:00,OPERATING,15.26,11.8,32.98,1,1,0,,2026-08-31T02:21:38.422656+00:00
2025-04-12,21,28.42,45,19.89,39.79,2025-04-12T09:00:00+08:00,2025-04-12T21:00:00+08:00,OPERATING,15.34,11.8,34.6,1,1,0,,2026-08-31T02:21:38.422656+00:00
2025-04-13,9,40.11,43,28.08,56.16,2025-04-13T09:00:00+08:00,2025-04-13T21:00:00+08:00,OPERATING,12.09,0.0,25.21,1,1,0,,2026-08-31T02:21:38.422656+00:00
2025-04-13,10,50.92,47,35.64,71.28,2025-04-13T09:00:00+08:00,2025-04-13T21:00:00+08:00,OPERATING,12.85,0.0,24.7,1,1,0,,2026-08-31T02:21:38.422656+00:00
2025-04-13,11,64.9,45,45.43,90.86,2025-04-13T09:00:00+08:00,2025-04-13T21:00:00+08:00,OPERATING,13.66,0.0,25.08,1,1,0,,2026-08-31T02:21:38.422656+00:00
2025-04-13,12,75.63,47,52.94,105.88,2025-04-13T09:00:00+08:00,2025-04-13T21:00:00+08:00,OPERATING,13.53,0.0,24.4,1,1,0,,2026-08-31T02:21:38.422656+00:00
2025-04-13,13,78.31,44,54.82,109.64,2025-04-13T09:00:00+08:00,2025-04-13T21:00:00+08:00,OPERATING,13.27,0.0,23.54,1,1,0,,2026-08-31T02:21:38.422656+00:00
2025-04-13,14,79.04,45,55.33,110.65,2025-04-13T09:00:00+08:00,2025-04-13T21:00:00+08:00,OPERATING,13.78,0.0,24.21,1,1,0,,2026-08-31T02:21:38.422656+00:00
2025-04-13,15,83.51,47,58.45,116.91,2025-04-13T09:00:00+08:00,2025-04-13T21:00:00+08:00,OPERATING,14.05,0.0,25.4,1,1,0,,2026-08-31T02:21:38.422656+00:00
2025-04-13,16,81.56,44,57.09,114.19,2025-04-13T09:00:00+08:00,2025-04-13T21:00:00+08:00,OPERATING,13.68,0.0,24.0,1,1,0,,2026-08-31T02:21:38.422656+00:00
2025-04-13,17,71.15,45,49.8,99.61,2025-04-13T09:00:00+08:00,2025-04-13T21:00:00+08:00,OPERATING,12.42,0.0,24.77,1,1,0,,2026-08-31T02:21:38.422656+00:00
2025-04-13,18,68.93,43,48.25,96.51,2025-04-13T09:00:00+08:00,2025-04-13T21:00:00+08:00,OPERATING,14.05,0.0,23.61,1,1,0,,2026-08-31T02:21:38.422656+00:00
2025-04-13,19,58.67,43,41.07,82.14,2025-04-13T09:00:00+08:00,2025-04-13T21:00:00+08:00,OPERATING,12.82,0.0,25.21,1,1,0,,2026-08-31T02:21:38.422656+00:00
2025-04-13,20,48.96,43,34.27,68.54,2025-04-13T09:00:00+08:00,2025-04-13T21:00:00+08:00,OPERATING,13.7,0.0,25.2,1,1,0,,2026-08-31T02:21:38.422656+00:00
2025-04-13,21,34.46,46,24.12,48.25,2025-04-13T09:00:00+08:00,2025-04-13T21:00:00+08:00,OPERATING,12.89,0.0,24.43,1,1,0,,2026-08-31T02:21:38.422656+00:00
2025-04-14,9,23.44,43,16.41,32.81,2025-04-14T09:00:00+08:00,2025-04-14T21:00:00+08:00,OPERATING,18.11,0.0,26.54,0,0,0,,2026-08-31T02:21:38.422656+00:00
2025-04-14,10,33.9,47,23.73,47.46,2025-04-14T09:00:00+08:00,2025-04-14T21:00:00+08:00,OPERATING,17.32,0.0,24.35,0,0,0,,2026-08-31T02:21:38.422656+00:00
2025-04-14,11,44.72,45,31.3,62.61,2025-04-14T09:00:00+08:00,2025-04-14T21:00:00+08:00,OPERATING,17.55,0.0,24.21,0,0,0,,2026-08-31T02:21:38.422656+00:00
2025-04-14,12,48.27,46,33.79,67.58,2025-04-14T09:00:00+08:00,2025-04-14T21:00:00+08:00,OPERATING,19.05,0.0,26.54,0,0,0,,2026-08-31T02:21:38.422656+00:00
2025-04-14,13,51.81,43,36.27,72.53,2025-04-14T09:00:00+08:00,2025-04-14T21:00:00+08:00,OPERATING,17.15,0.0,24.52,0,0,0,,2026-08-31T02:21:38.422656+00:00
2025-04-14,14,52.62,46,36.83,73.66,2025-04-14T09:00:00+08:00,2025-04-14T21:00:00+08:00,OPERATING,16.35,0.0,24.72,0,0,0,,2026-08-31T02:21:38.422656+00:00
2025-04-14,15,56.38,45,39.47,78.94,2025-04-14T09:00:00+08:00,2025-04-14T21:00:00+08:00,OPERATING,17.69,0.0,22.85,0,0,0,,2026-08-31T02:21:38.422656+00:00
2025-04-14,16,54.5,43,38.15,76.29,2025-04-14T09:00:00+08:00,2025-04-14T21:00:00+08:00,OPERATING,16.49,0.0,24.35,0,0,0,,2026-08-31T02:21:38.422656+00:00
2025-04-14,17,43.79,45,30.66,61.31,2025-04-14T09:00:00+08:00,2025-04-14T21:00:00+08:00,OPERATING,17.43,0.0,25.21,0,0,0,,2026-08-31T02:21:38.422656+00:00
2025-04-14,18,42.78,44,29.95,59.89,2025-04-14T09:00:00+08:00,2025-04-14T21:00:00+08:00,OPERATING,18.12,0.0,24.64,0,0,0,,2026-08-31T02:21:38.422656+00:00
2025-04-14,19,40.31,46,28.22,56.43,2025-04-14T09:00:00+08:00,2025-04-14T21:00:00+08:00,OPERATING,17.27,0.0,27.1,0,0,0,,2026-08-31T02:21:38.422656+00:00
2025-04-14,20,35.42,44,24.79,49.59,2025-04-14T09:00:00+08:00,2025-04-14T21:00:00+08:00,OPERATING,17.48,0.0,26.64,0,0,0,,2026-08-31T02:21:38.422656+00:00
2025-04-14,21,23.91,45,16.74,33.47,2025-04-14T09:00:00+08:00,2025-04-14T21:00:00+08:00,OPERATING,17.72,0.0,24.21,0,0,0,,2026-08-31T02:21:38.422656+00:00
2025-04-15,9,31.84,43,22.29,44.58,2025-04-15T09:00:00+08:00,2025-04-15T21:00:00+08:00,OPERATING,18.79,0.0,12.64,0,0,0,,2026-08-31T02:21:38.422656+00:00
2025-04-15,10,44.11,43,30.88,61.76,2025-04-15T09:00:00+08:00,2025-04-15T21:00:00+08:00,OPERATING,18.37,0.0,14.25,0,0,0,,2026-08-31T02:21:38.422656+00:00
2025-04-15,11,61.53,43,43.07,86.15,2025-04-15T09:00:00+08:00,2025-04-15T21:00:00+08:00,OPERATING,19.71,0.0,13.87,0,0,0,,2026-08-31T02:21:38.422656+00:00
2025-04-15,12,66.29,45,46.4,92.8,2025-04-15T09:00:00+08:00,2025-04-15T21:00:00+08:00,OPERATING,19.11,0.0,13.42,0,0,0,,2026-08-31T02:21:38.422656+00:00
2025-04-15,13,74.54,45,52.18,104.36,2025-04-15T09:00:00+08:00,2025-04-15T21:00:00+08:00,OPERATING,18.32,0.0,15.03,0,0,0,,2026-08-31T02:21:38.422656+00:00
2025-04-15,14,72.78,45,50.94,101.89,2025-04-15T09:00:00+08:00,2025-04-15T21:00:00+08:00,OPERATING,19.69,0.0,15.64,0,0,0,,2026-08-31T02:21:38.422656+00:00
2025-04-15,15,75.02,46,52.51,105.03,2025-04-15T09:00:00+08:00,2025-04-15T21:00:00+08:00,OPERATING,20.22,0.0,13.64,0,0,0,,2026-08-31T02:21:38.422656+00:00
2025-04-15,16,73.67,43,51.57,103.14,2025-04-15T09:00:00+08:00,2025-04-15T21:00:00+08:00,OPERATING,20.62,0.0,13.31,0,0,0,,2026-08-31T02:21:38.422656+00:00
2025-04-15,17,64.62,45,45.24,90.47,2025-04-15T09:00:00+08:00,2025-04-15T21:00:00+08:00,OPERATING,18.35,0.0,12.09,0,0,0,,2026-08-31T02:21:38.422656+00:00
2025-04-15,18,61.09,44,42.76,85.52,2025-04-15T09:00:00+08:00,2025-04-15T21:00:00+08:00,OPERATING,19.07,0.0,12.72,0,0,0,,2026-08-31T02:21:38.422656+00:00
2025-04-15,19,52.79,44,36.96,73.91,2025-04-15T09:00:00+08:00,2025-04-15T21:00:00+08:00,OPERATING,18.97,0.0,13.3,0,0,0,,2026-08-31T02:21:38.422656+00:00
2025-04-15,20,43.81,46,30.66,61.33,2025-04-15T09:00:00+08:00,2025-04-15T21:00:00+08:00,OPERATING,18.79,0.0,13.58,0,0,0,,2026-08-31T02:21:38.422656+00:00
2025-04-15,21,32.99,45,23.09,46.18,2025-04-15T09:00:00+08:00,2025-04-15T21:00:00+08:00,OPERATING,18.13,0.0,12.83,0,0,0,,2026-08-31T02:21:38.422656+00:00
2025-04-16,9,24.05,46,16.83,33.67,2025-04-16T09:00:00+08:00,2025-04-16T21:00:00+08:00,OPERATING,20.47,0.0,20.82,0,0,0,,2026-08-31T02:21:38.422656+00:00
2025-04-16,10,36.28,45,25.4,50.8,2025-04-16T09:00:00+08:00,2025-04-16T21:00:00+08:00,OPERATING,21.72,0.0,20.66,0,0,0,,2026-08-31T02:21:38.422656+00:00
2025-04-16,11,49.03,47,34.32,68.64,2025-04-16T09:00:00+08:00,2025-04-16T21:00:00+08:00,OPERATING,20.51,0.0,20.33,0,0,0,,2026-08-31T02:21:38.422656+00:00
2025-04-16,12,53.11,46,37.18,74.36,2025-04-16T09:00:00+08:00,2025-04-16T21:00:00+08:00,OPERATING,20.44,0.0,19.34,0,0,0,,2026-08-31T02:21:38.422656+00:00
2025-04-16,13,55.1,43,38.57,77.14,2025-04-16T09:00:00+08:00,2025-04-16T21:00:00+08:00,OPERATING,21.16,0.0,19.35,0,0,0,,2026-08-31T02:21:38.422656+00:00
2025-04-16,14,62.6,44,43.82,87.64,2025-04-16T09:00:00+08:00,2025-04-16T21:00:00+08:00,OPERATING,19.69,0.0,18.54,0,0,0,,2026-08-31T02:21:38.422656+00:00
2025-04-16,15,56.49,45,39.55,79.09,2025-04-16T09:00:00+08:00,2025-04-16T21:00:00+08:00,OPERATING,19.77,0.0,18.38,0,0,0,,2026-08-31T02:21:38.422656+00:00
2025-04-16,16,53.53,43,37.47,74.94,2025-04-16T09:00:00+08:00,2025-04-16T21:00:00+08:00,OPERATING,19.99,0.0,20.55,0,0,0,,2026-08-31T02:21:38.422656+00:00
2025-04-16,17,53.77,46,37.64,75.27,2025-04-16T09:00:00+08:00,2025-04-16T21:00:00+08:00,OPERATING,19.54,0.0,20.74,0,0,0,,2026-08-31T02:21:38.422656+00:00
2025-04-16,18,47.47,44,33.23,66.46,2025-04-16T09:00:00+08:00,2025-04-16T21:00:00+08:00,OPERATING,21.05,0.0,19.68,0,0,0,,2026-08-31T02:21:38.422656+00:00
2025-04-16,19,40.76,47,28.53,57.06,2025-04-16T09:00:00+08:00,2025-04-16T21:00:00+08:00,OPERATING,21.9,0.0,19.29,0,0,0,,2026-08-31T02:21:38.422656+00:00
2025-04-16,20,36.65,46,25.65,51.31,2025-04-16T09:00:00+08:00,2025-04-16T21:00:00+08:00,OPERATING,20.45,0.0,18.53,0,0,0,,2026-08-31T02:21:38.422656+00:00
2025-04-16,21,26.07,43,18.25,36.5,2025-04-16T09:00:00+08:00,2025-04-16T21:00:00+08:00,OPERATING,18.31,0.0,20.05,0,0,0,,2026-08-31T02:21:38.422656+00:00
2025-04-17,9,25.31,43,17.71,35.43,2025-04-17T09:00:00+08:00,2025-04-17T21:00:00+08:00,OPERATING,22.49,0.0,18.86,0,0,0,,2026-08-31T02:21:38.422656+00:00
2025-04-17,10,35.89,45,25.12,50.25,2025-04-17T09:00:00+08:00,2025-04-17T21:00:00+08:00,OPERATING,24.38,0.0,15.6,0,0,0,,2026-08-31T02:21:38.422656+00:00
2025-04-17,11,45.48,43,31.83,63.67,2025-04-17T09:00:00+08:00,2025-04-17T21:00:00+08:00,OPERATING,25.41,0.0,17.74,0,0,0,,2026-08-31T02:21:38.422656+00:00
2025-04-17,12,50.59,46,35.41,70.82,2025-04-17T09:00:00+08:00,2025-04-17T21:00:00+08:00,OPERATING,23.38,0.0,16.6,0,0,0,,2026-08-31T02:21:38.422656+00:00
2025-04-17,13,52.79,45,36.95,73.9,2025-04-17T09:00:00+08:00,2025-04-17T21:00:00+08:00,OPERATING,24.1,0.0,19.44,0,0,0,,2026-08-31T02:21:38.422656+00:00
2025-04-17,14,57.59,43,40.31,80.62,2025-04-17T09:00:00+08:00,2025-04-17T21:00:00+08:00,OPERATING,23.76,0.0,15.21,0,0,0,,2026-08-31T02:21:38.422656+00:00
2025-04-17,15,57.34,43,40.14,80.28,2025-04-17T09:00:00+08:00,2025-04-17T21:00:00+08:00,OPERATING,24.32,0.0,18.51,0,0,0,,2026-08-31T02:21:38.422656+00:00
2025-04-17,16,58.99,43,41.29,82.59,2025-04-17T09:00:00+08:00,2025-04-17T21:00:00+08:00,OPERATING,23.03,0.0,18.8,0,0,0,,2026-08-31T02:21:38.422656+00:00
2025-04-17,17,56.94,47,39.86,79.72,2025-04-17T09:00:00+08:00,2025-04-17T21:00:00+08:00,OPERATING,23.12,0.0,17.53,0,0,0,,2026-08-31T02:21:38.422656+00:00
2025-04-17,18,46.22,45,32.35,64.71,2025-04-17T09:00:00+08:00,2025-04-17T21:00:00+08:00,OPERATING,25.3,0.0,18.8,0,0,0,,2026-08-31T02:21:38.422656+00:00
2025-04-17,19,41.85,46,29.3,58.59,2025-04-17T09:00:00+08:00,2025-04-17T21:00:00+08:00,OPERATING,24.41,0.0,16.33,0,0,0,,2026-08-31T02:21:38.422656+00:00
2025-04-17,20,38.62,44,27.04,54.07,2025-04-17T09:00:00+08:00,2025-04-17T21:00:00+08:00,OPERATING,23.67,0.0,18.75,0,0,0,,2026-08-31T02:21:38.422656+00:00
2025-04-17,21,24.38,45,17.06,34.13,2025-04-17T09:00:00+08:00,2025-04-17T21:00:00+08:00,OPERATING,25.38,0.0,16.14,0,0,0,,2026-08-31T02:21:38.422656+00:00
2025-04-18,9,31.82,47,22.27,44.55,2025-04-18T09:00:00+08:00,2025-04-18T21:00:00+08:00,OPERATING,20.17,0.0,15.73,0,0,0,,2026-08-31T02:21:38.422656+00:00
2025-04-18,10,41.63,45,29.14,58.29,2025-04-18T09:00:00+08:00,2025-04-18T21:00:00+08:00,OPERATING,21.43,0.0,15.84,0,0,0,,2026-08-31T02:21:38.422656+00:00
2025-04-18,11,52.19,45,36.53,73.06,2025-04-18T09:00:00+08:00,2025-04-18T21:00:00+08:00,OPERATING,22.16,0.0,16.65,0,0,0,,2026-08-31T02:21:38.422656+00:00
2025-04-18,12,61.17,45,42.82,85.64,2025-04-18T09:00:00+08:00,2025-04-18T21:00:00+08:00,OPERATING,22.42,0.0,15.61,0,0,0,,2026-08-31T02:21:38.422656+00:00
2025-04-18,13,62.95,44,44.06,88.13,2025-04-18T09:00:00+08:00,2025-04-18T21:00:00+08:00,OPERATING,22.47,0.0,16.56,0,0,0,,2026-08-31T02:21:38.422656+00:00
2025-04-18,14,65.25,43,45.67,91.35,2025-04-18T09:00:00+08:00,2025-04-18T21:00:00+08:00,OPERATING,22.06,0.0,15.77,0,0,0,,2026-08-31T02:21:38.422656+00:00
2025-04-18,15,66.03,47,46.22,92.44,2025-04-18T09:00:00+08:00,2025-04-18T21:00:00+08:00,OPERATING,22.16,0.0,14.48,0,0,0,,2026-08-31T02:21:38.422656+00:00
2025-04-18,16,62.03,45,43.42,86.84,2025-04-18T09:00:00+08:00,2025-04-18T21:00:00+08:00,OPERATING,23.75,0.0,16.04,0,0,0,,2026-08-31T02:21:38.422656+00:00
2025-04-18,17,55.96,46,39.17,78.35,2025-04-18T09:00:00+08:00,2025-04-18T21:00:00+08:00,OPERATING,21.51,0.0,15.24,0,0,0,,2026-08-31T02:21:38.422656+00:00
2025-04-18,18,52.24,45,36.57,73.14,2025-04-18T09:00:00+08:00,2025-04-18T21:00:00+08:00,OPERATING,20.68,0.0,16.34,0,0,0,,2026-08-31T02:21:38.422656+00:00
2025-04-18,19,52.25,45,36.57,73.15,2025-04-18T09:00:00+08:00,2025-04-18T21:00:00+08:00,OPERATING,22.8,0.0,14.65,0,0,0,,2026-08-31T02:21:38.422656+00:00
2025-04-18,20,39.0,44,27.3,54.6,2025-04-18T09:00:00+08:00,2025-04-18T21:00:00+08:00,OPERATING,21.38,0.0,13.93,0,0,0,,2026-08-31T02:21:38.422656+00:00
2025-04-18,21,29.69,46,20.78,41.57,2025-04-18T09:00:00+08:00,2025-04-18T21:00:00+08:00,OPERATING,23.98,0.0,14.04,0,0,0,,2026-08-31T02:21:38.422656+00:00
2025-04-19,9,45.57,43,31.9,63.79,2025-04-19T09:00:00+08:00,2025-04-19T21:00:00+08:00,OPERATING,22.36,0.5,19.18,1,1,0,,2026-08-31T02:21:38.422656+00:00
2025-04-19,10,64.34,45,45.04,90.07,2025-04-19T09:00:00+08:00,2025-04-19T21:00:00+08:00,OPERATING,23.29,0.5,19.64,1,1,0,,2026-08-31T02:21:38.422656+00:00
2025-04-19,11,78.98,47,55.29,110.57,2025-04-19T09:00:00+08:00,2025-04-19T21:00:00+08:00,OPERATING,22.42,0.5,18.82,1,1,0,,2026-08-31T02:21:38.422656+00:00
2025-04-19,12,85.6,46,59.92,119.83,2025-04-19T09:00:00+08:00,2025-04-19T21:00:00+08:00,OPERATING,24.76,0.5,17.62,1,1,0,,2026-08-31T02:21:38.422656+00:00
2025-04-19,13,90.87,43,63.61,127.21,2025-04-19T09:00:00+08:00,2025-04-19T21:00:00+08:00,OPERATING,22.68,0.5,17.85,1,1,0,,2026-08-31T02:21:38.422656+00:00
2025-04-19,14,94.21,45,65.95,131.9,2025-04-19T09:00:00+08:00,2025-04-19T21:00:00+08:00,OPERATING,23.21,0.5,16.43,1,1,0,,2026-08-31T02:21:38.422656+00:00
2025-04-19,15,100.0,44,70.0,140.0,2025-04-19T09:00:00+08:00,2025-04-19T21:00:00+08:00,OPERATING,21.9,0.5,17.66,1,1,0,,2026-08-31T02:21:38.422656+00:00
2025-04-19,16,93.0,44,65.1,130.2,2025-04-19T09:00:00+08:00,2025-04-19T21:00:00+08:00,OPERATING,22.28,0.5,18.92,1,1,0,,2026-08-31T02:21:38.422656+00:00
2025-04-19,17,84.97,44,59.48,118.96,2025-04-19T09:00:00+08:00,2025-04-19T21:00:00+08:00,OPERATING,24.51,0.5,18.27,1,1,0,,2026-08-31T02:21:38.422656+00:00
2025-04-19,18,78.85,45,55.19,110.39,2025-04-19T09:00:00+08:00,2025-04-19T21:00:00+08:00,OPERATING,23.61,0.5,15.53,1,1,0,,2026-08-31T02:21:38.422656+00:00
2025-04-19,19,71.01,45,49.71,99.41,2025-04-19T09:00:00+08:00,2025-04-19T21:00:00+08:00,OPERATING,24.33,0.5,18.54,1,1,0,,2026-08-31T02:21:38.422656+00:00
2025-04-19,20,57.97,43,40.58,81.16,2025-04-19T09:00:00+08:00,2025-04-19T21:00:00+08:00,OPERATING,23.13,0.5,19.92,1,1,0,,2026-08-31T02:21:38.422656+00:00
2025-04-19,21,41.49,43,29.05,58.09,2025-04-19T09:00:00+08:00,2025-04-19T21:00:00+08:00,OPERATING,23.2,0.5,18.47,1,1,0,,2026-08-31T02:21:38.422656+00:00
2025-04-20,9,42.3,45,29.61,59.22,2025-04-20T09:00:00+08:00,2025-04-20T21:00:00+08:00,OPERATING,19.97,0.0,16.36,1,1,0,,2026-08-31T02:21:38.422656+00:00
2025-04-20,10,56.2,44,39.34,78.68,2025-04-20T09:00:00+08:00,2025-04-20T21:00:00+08:00,OPERATING,17.73,0.0,14.24,1,1,0,,2026-08-31T02:21:38.422656+00:00
2025-04-20,11,74.58,43,52.21,104.42,2025-04-20T09:00:00+08:00,2025-04-20T21:00:00+08:00,OPERATING,17.56,0.0,13.81,1,1,0,,2026-08-31T02:21:38.422656+00:00
2025-04-20,12,83.1,43,58.17,116.34,2025-04-20T09:00:00+08:00,2025-04-20T21:00:00+08:00,OPERATING,18.51,0.0,15.06,1,1,0,,2026-08-31T02:21:38.422656+00:00
2025-04-20,13,83.75,44,58.62,117.24,2025-04-20T09:00:00+08:00,2025-04-20T21:00:00+08:00,OPERATING,16.36,0.0,13.44,1,1,0,,2026-08-31T02:21:38.422656+00:00
2025-04-20,14,88.26,47,61.78,123.56,2025-04-20T09:00:00+08:00,2025-04-20T21:00:00+08:00,OPERATING,18.64,0.0,15.28,1,1,0,,2026-08-31T02:21:38.422656+00:00
2025-04-20,15,89.32,47,62.52,125.04,2025-04-20T09:00:00+08:00,2025-04-20T21:00:00+08:00,OPERATING,16.99,0.0,14.67,1,1,0,,2026-08-31T02:21:38.422656+00:00
2025-04-20,16,91.22,46,63.85,127.7,2025-04-20T09:00:00+08:00,2025-04-20T21:00:00+08:00,OPERATING,17.13,0.0,14.91,1,1,0,,2026-08-31T02:21:38.422656+00:00
2025-04-20,17,79.87,46,55.91,111.82,2025-04-20T09:00:00+08:00,2025-04-20T21:00:00+08:00,OPERATING,17.89,0.0,13.16,1,1,0,,2026-08-31T02:21:38.422656+00:00
2025-04-20,18,71.15,44,49.81,99.61,2025-04-20T09:00:00+08:00,2025-04-20T21:00:00+08:00,OPERATING,19.09,0.0,13.75,1,1,0,,2026-08-31T02:21:38.422656+00:00
2025-04-20,19,65.25,44,45.67,91.35,2025-04-20T09:00:00+08:00,2025-04-20T21:00:00+08:00,OPERATING,18.23,0.0,14.76,1,1,0,,2026-08-31T02:21:38.422656+00:00
2025-04-20,20,55.9,45,39.13,78.26,2025-04-20T09:00:00+08:00,2025-04-20T21:00:00+08:00,OPERATING,17.48,0.0,14.66,1,1,0,,2026-08-31T02:21:38.422656+00:00
2025-04-20,21,35.5,47,24.85,49.7,2025-04-20T09:00:00+08:00,2025-04-20T21:00:00+08:00,OPERATING,17.78,0.0,14.84,1,1,0,,2026-08-31T02:21:38.422656+00:00
2025-04-21,9,18.69,43,13.09,26.17,2025-04-21T09:00:00+08:00,2025-04-21T21:00:00+08:00,OPERATING,18.63,15.5,18.86,0,0,0,,2026-08-31T02:21:38.422656+00:00
2025-04-21,10,24.27,45,16.99,33.98,2025-04-21T09:00:00+08:00,2025-04-21T21:00:00+08:00,OPERATING,19.37,15.5,18.64,0,0,0,,2026-08-31T02:21:38.422656+00:00
2025-04-21,11,33.51,46,23.46,46.91,2025-04-21T09:00:00+08:00,2025-04-21T21:00:00+08:00,OPERATING,18.65,15.5,17.96,0,0,0,,2026-08-31T02:21:38.422656+00:00
2025-04-21,12,34.14,43,23.9,47.8,2025-04-21T09:00:00+08:00,2025-04-21T21:00:00+08:00,OPERATING,18.22,15.5,19.42,0,0,0,,2026-08-31T02:21:38.422656+00:00
2025-04-21,13,31.73,46,26.13,52.25,2025-04-21T09:00:00+08:00,2025-04-21T21:00:00+08:00,OPERATING,18.89,15.5,18.58,0,0,0,,2026-08-31T02:21:38.422656+00:00
2025-04-21,14,32.25,47,26.56,53.12,2025-04-21T09:00:00+08:00,2025-04-21T21:00:00+08:00,OPERATING,18.99,15.5,18.6,0,0,0,,2026-08-31T02:21:38.422656+00:00
2025-04-21,15,36.18,43,29.8,59.6,2025-04-21T09:00:00+08:00,2025-04-21T21:00:00+08:00,OPERATING,20.29,15.5,20.82,0,0,0,,2026-08-31T02:21:38.422656+00:00
2025-04-21,16,32.79,44,27.0,54.0,2025-04-21T09:00:00+08:00,2025-04-21T21:00:00+08:00,OPERATING,19.86,15.5,18.21,0,0,0,,2026-08-31T02:21:38.422656+00:00
2025-04-21,17,38.81,47,27.17,54.34,2025-04-21T09:00:00+08:00,2025-04-21T21:00:00+08:00,OPERATING,18.78,15.5,19.18,0,0,0,,2026-08-31T02:21:38.422656+00:00
2025-04-21,18,34.65,43,24.25,48.51,2025-04-21T09:00:00+08:00,2025-04-21T21:00:00+08:00,OPERATING,18.63,15.5,17.6,0,0,0,,2026-08-31T02:21:38.422656+00:00
2025-04-21,19,28.33,47,19.83,39.66,2025-04-21T09:00:00+08:00,2025-04-21T21:00:00+08:00,OPERATING,19.58,15.5,19.68,0,0,0,,2026-08-31T02:21:38.422656+00:00
2025-04-21,20,24.93,44,17.45,34.9,2025-04-21T09:00:00+08:00,2025-04-21T21:00:00+08:00,OPERATING,19.36,15.5,18.69,0,0,0,,2026-08-31T02:21:38.422656+00:00
2025-04-21,21,18.03,43,12.62,25.24,2025-04-21T09:00:00+08:00,2025-04-21T21:00:00+08:00,OPERATING,18.13,15.5,20.74,0,0,0,,2026-08-31T02:21:38.422656+00:00
2025-04-22,9,29.9,44,20.93,41.86,2025-04-22T09:00:00+08:00,2025-04-22T21:00:00+08:00,OPERATING,18.08,2.0,21.62,0,0,0,,2026-08-31T02:21:38.422656+00:00
2025-04-22,10,39.06,44,27.34,54.68,2025-04-22T09:00:00+08:00,2025-04-22T21:00:00+08:00,OPERATING,19.17,2.0,19.95,0,0,0,,2026-08-31T02:21:38.422656+00:00
2025-04-22,11,44.78,43,31.35,62.69,2025-04-22T09:00:00+08:00,2025-04-22T21:00:00+08:00,OPERATING,19.48,2.0,20.38,0,0,0,,2026-08-31T02:21:38.422656+00:00
2025-04-22,12,50.08,46,35.05,70.11,2025-04-22T09:00:00+08:00,2025-04-22T21:00:00+08:00,OPERATING,19.74,2.0,20.65,0,0,0,,2026-08-31T02:21:38.422656+00:00
2025-04-22,13,53.21,47,37.25,74.5,2025-04-22T09:00:00+08:00,2025-04-22T21:00:00+08:00,OPERATING,19.24,2.0,20.56,0,0,0,,2026-08-31T02:21:38.422656+00:00
2025-04-22,14,57.46,45,40.22,80.44,2025-04-22T09:00:00+08:00,2025-04-22T21:00:00+08:00,OPERATING,17.15,2.0,20.7,0,0,0,,2026-08-31T02:21:38.422656+00:00
2025-04-22,15,56.47,46,39.53,79.06,2025-04-22T09:00:00+08:00,2025-04-22T21:00:00+08:00,OPERATING,20.31,2.0,21.0,0,0,0,,2026-08-31T02:21:38.422656+00:00
2025-04-22,16,48.99,47,34.29,68.59,2025-04-22T09:00:00+08:00,2025-04-22T21:00:00+08:00,OPERATING,20.18,2.0,22.99,0,0,0,,2026-08-31T02:21:38.422656+00:00
2025-04-22,17,50.3,44,35.21,70.42,2025-04-22T09:00:00+08:00,2025-04-22T21:00:00+08:00,OPERATING,18.16,2.0,22.65,0,0,0,,2026-08-31T02:21:38.422656+00:00
2025-04-22,18,47.85,45,33.49,66.99,2025-04-22T09:00:00+08:00,2025-04-22T21:00:00+08:00,OPERATING,19.09,2.0,19.89,0,0,0,,2026-08-31T02:21:38.422656+00:00
2025-04-22,19,39.98,45,27.99,55.97,2025-04-22T09:00:00+08:00,2025-04-22T21:00:00+08:00,OPERATING,19.02,2.0,21.26,0,0,0,,2026-08-31T02:21:38.422656+00:00
2025-04-22,20,33.36,46,23.35,46.71,2025-04-22T09:00:00+08:00,2025-04-22T21:00:00+08:00,OPERATING,19.27,2.0,19.9,0,0,0,,2026-08-31T02:21:38.422656+00:00
2025-04-22,21,21.91,44,15.34,30.68,2025-04-22T09:00:00+08:00,2025-04-22T21:00:00+08:00,OPERATING,19.23,2.0,21.15,0,0,0,,2026-08-31T02:21:38.422656+00:00
2025-04-23,9,25.79,46,18.06,36.11,2025-04-23T09:00:00+08:00,2025-04-23T21:00:00+08:00,OPERATING,19.52,0.8,10.58,0,0,0,,2026-08-31T02:21:38.422656+00:00
2025-04-23,10,33.28,45,23.29,46.59,2025-04-23T09:00:00+08:00,2025-04-23T21:00:00+08:00,OPERATING,19.05,0.8,12.12,0,0,0,,2026-08-31T02:21:38.422656+00:00
2025-04-23,11,41.66,44,29.16,58.32,2025-04-23T09:00:00+08:00,2025-04-23T21:00:00+08:00,OPERATING,18.69,0.8,12.14,0,0,0,,2026-08-31T02:21:38.422656+00:00
2025-04-23,12,51.93,46,36.35,72.7,2025-04-23T09:00:00+08:00,2025-04-23T21:00:00+08:00,OPERATING,18.24,0.8,11.96,0,0,0,,2026-08-31T02:21:38.422656+00:00
2025-04-23,13,55.83,44,39.08,78.17,2025-04-23T09:00:00+08:00,2025-04-23T21:00:00+08:00,OPERATING,19.56,0.8,10.76,0,0,0,,2026-08-31T02:21:38.422656+00:00
2025-04-23,14,56.44,46,39.51,79.02,2025-04-23T09:00:00+08:00,2025-04-23T21:00:00+08:00,OPERATING,18.83,0.8,13.97,0,0,0,,2026-08-31T02:21:38.422656+00:00
2025-04-23,15,59.21,43,41.45,82.89,2025-04-23T09:00:00+08:00,2025-04-23T21:00:00+08:00,OPERATING,17.43,0.8,11.47,0,0,0,,2026-08-31T02:21:38.422656+00:00
2025-04-23,16,56.26,45,39.39,78.77,2025-04-23T09:00:00+08:00,2025-04-23T21:00:00+08:00,OPERATING,17.23,0.8,11.11,0,0,0,,2026-08-31T02:21:38.422656+00:00
2025-04-23,17,47.6,44,33.32,66.64,2025-04-23T09:00:00+08:00,2025-04-23T21:00:00+08:00,OPERATING,18.08,0.8,11.61,0,0,0,,2026-08-31T02:21:38.422656+00:00
2025-04-23,18,44.5,43,31.15,62.3,2025-04-23T09:00:00+08:00,2025-04-23T21:00:00+08:00,OPERATING,19.01,0.8,12.04,0,0,0,,2026-08-31T02:21:38.422656+00:00
2025-04-23,19,40.08,47,28.06,56.11,2025-04-23T09:00:00+08:00,2025-04-23T21:00:00+08:00,OPERATING,17.43,0.8,12.56,0,0,0,,2026-08-31T02:21:38.422656+00:00
2025-04-23,20,33.96,46,23.77,47.54,2025-04-23T09:00:00+08:00,2025-04-23T21:00:00+08:00,OPERATING,18.86,0.8,12.73,0,0,0,,2026-08-31T02:21:38.422656+00:00
2025-04-23,21,29.28,45,20.49,40.99,2025-04-23T09:00:00+08:00,2025-04-23T21:00:00+08:00,OPERATING,19.6,0.8,12.03,0,0,0,,2026-08-31T02:21:38.422656+00:00
2025-04-24,9,28.37,46,19.86,39.72,2025-04-24T09:00:00+08:00,2025-04-24T21:00:00+08:00,OPERATING,19.08,0.6,11.56,0,0,0,,2026-08-31T02:21:38.422656+00:00
2025-04-24,10,40.03,44,28.02,56.04,2025-04-24T09:00:00+08:00,2025-04-24T21:00:00+08:00,OPERATING,18.79,0.6,11.48,0,0,0,,2026-08-31T02:21:38.422656+00:00
2025-04-24,11,49.25,43,34.48,68.96,2025-04-24T09:00:00+08:00,2025-04-24T21:00:00+08:00,OPERATING,18.46,0.6,10.93,0,0,0,,2026-08-31T02:21:38.422656+00:00
2025-04-24,12,54.66,46,38.26,76.53,2025-04-24T09:00:00+08:00,2025-04-24T21:00:00+08:00,OPERATING,18.79,0.6,11.02,0,0,0,,2026-08-31T02:21:38.422656+00:00
2025-04-24,13,54.88,43,38.41,76.83,2025-04-24T09:00:00+08:00,2025-04-24T21:00:00+08:00,OPERATING,19.06,0.6,9.46,0,0,0,,2026-08-31T02:21:38.422656+00:00
2025-04-24,14,56.83,47,39.78,79.56,2025-04-24T09:00:00+08:00,2025-04-24T21:00:00+08:00,OPERATING,18.28,0.6,10.06,0,0,0,,2026-08-31T02:21:38.422656+00:00
2025-04-24,15,66.7,45,46.69,93.38,2025-04-24T09:00:00+08:00,2025-04-24T21:00:00+08:00,OPERATING,19.24,0.6,9.22,0,0,0,,2026-08-31T02:21:38.422656+00:00
2025-04-24,16,58.48,43,40.94,81.87,2025-04-24T09:00:00+08:00,2025-04-24T21:00:00+08:00,OPERATING,19.39,0.6,11.81,0,0,0,,2026-08-31T02:21:38.422656+00:00
2025-04-24,17,53.04,44,37.13,74.26,2025-04-24T09:00:00+08:00,2025-04-24T21:00:00+08:00,OPERATING,18.57,0.6,10.94,0,0,0,,2026-08-31T02:21:38.422656+00:00
2025-04-24,18,46.91,46,32.83,65.67,2025-04-24T09:00:00+08:00,2025-04-24T21:00:00+08:00,OPERATING,20.14,0.6,11.99,0,0,0,,2026-08-31T02:21:38.422656+00:00
2025-04-24,19,42.99,43,30.09,60.19,2025-04-24T09:00:00+08:00,2025-04-24T21:00:00+08:00,OPERATING,19.38,0.6,9.98,0,0,0,,2026-08-31T02:21:38.422656+00:00
2025-04-24,20,37.58,44,26.3,52.61,2025-04-24T09:00:00+08:00,2025-04-24T21:00:00+08:00,OPERATING,18.75,0.6,9.59,0,0,0,,2026-08-31T02:21:38.422656+00:00
2025-04-24,21,26.58,45,18.6,37.21,2025-04-24T09:00:00+08:00,2025-04-24T21:00:00+08:00,OPERATING,18.35,0.6,10.64,0,0,0,,2026-08-31T02:21:38.422656+00:00
2025-04-25,9,25.62,46,17.94,35.87,2025-04-25T09:00:00+08:00,2025-04-25T21:00:00+08:00,OPERATING,15.1,0.0,14.25,0,0,0,,2026-08-31T02:21:38.422656+00:00
2025-04-25,10,39.17,47,27.42,54.83,2025-04-25T09:00:00+08:00,2025-04-25T21:00:00+08:00,OPERATING,14.73,0.0,14.66,0,0,0,,2026-08-31T02:21:38.422656+00:00
2025-04-25,11,49.48,45,34.64,69.27,2025-04-25T09:00:00+08:00,2025-04-25T21:00:00+08:00,OPERATING,15.34,0.0,11.26,0,0,0,,2026-08-31T02:21:38.422656+00:00
2025-04-25,12,50.33,43,35.23,70.46,2025-04-25T09:00:00+08:00,2025-04-25T21:00:00+08:00,OPERATING,14.92,0.0,13.7,0,0,0,,2026-08-31T02:21:38.422656+00:00
2025-04-25,13,53.91,46,37.74,75.47,2025-04-25T09:00:00+08:00,2025-04-25T21:00:00+08:00,OPERATING,15.34,0.0,13.06,0,0,0,,2026-08-31T02:21:38.422656+00:00
2025-04-25,14,56.06,43,39.24,78.48,2025-04-25T09:00:00+08:00,2025-04-25T21:00:00+08:00,OPERATING,16.73,0.0,13.35,0,0,0,,2026-08-31T02:21:38.422656+00:00
2025-04-25,15,58.93,44,41.25,82.51,2025-04-25T09:00:00+08:00,2025-04-25T21:00:00+08:00,OPERATING,14.52,0.0,14.65,0,0,0,,2026-08-31T02:21:38.422656+00:00
2025-04-25,16,57.34,45,40.14,80.27,2025-04-25T09:00:00+08:00,2025-04-25T21:00:00+08:00,OPERATING,15.06,0.0,13.76,0,0,0,,2026-08-31T02:21:38.422656+00:00
2025-04-25,17,51.7,46,36.19,72.38,2025-04-25T09:00:00+08:00,2025-04-25T21:00:00+08:00,OPERATING,16.3,0.0,13.62,0,0,0,,2026-08-31T02:21:38.422656+00:00
2025-04-25,18,45.03,46,31.52,63.04,2025-04-25T09:00:00+08:00,2025-04-25T21:00:00+08:00,OPERATING,16.17,0.0,14.43,0,0,0,,2026-08-31T02:21:38.422656+00:00
2025-04-25,19,41.58,47,29.1,58.21,2025-04-25T09:00:00+08:00,2025-04-25T21:00:00+08:00,OPERATING,14.87,0.0,14.94,0,0,0,,2026-08-31T02:21:38.422656+00:00
2025-04-25,20,35.95,44,25.17,50.33,2025-04-25T09:00:00+08:00,2025-04-25T21:00:00+08:00,OPERATING,13.51,0.0,14.89,0,0,0,,2026-08-31T02:21:38.422656+00:00
2025-04-25,21,22.82,46,15.97,31.94,2025-04-25T09:00:00+08:00,2025-04-25T21:00:00+08:00,OPERATING,14.71,0.0,12.26,0,0,0,,2026-08-31T02:21:38.422656+00:00
2025-04-26,9,43.64,44,30.55,61.1,2025-04-26T09:00:00+08:00,2025-04-26T21:00:00+08:00,OPERATING,16.22,0.0,14.29,1,1,0,,2026-08-31T02:21:38.422656+00:00
2025-04-26,10,55.32,47,38.72,77.45,2025-04-26T09:00:00+08:00,2025-04-26T21:00:00+08:00,OPERATING,15.07,0.0,13.68,1,1,0,,2026-08-31T02:21:38.422656+00:00
2025-04-26,11,70.5,47,49.35,98.7,2025-04-26T09:00:00+08:00,2025-04-26T21:00:00+08:00,OPERATING,15.1,0.0,13.98,1,1,0,,2026-08-31T02:21:38.422656+00:00
2025-04-26,12,75.2,44,52.64,105.28,2025-04-26T09:00:00+08:00,2025-04-26T21:00:00+08:00,OPERATING,17.94,0.0,13.33,1,1,0,,2026-08-31T02:21:38.422656+00:00
2025-04-26,13,78.39,45,54.87,109.74,2025-04-26T09:00:00+08:00,2025-04-26T21:00:00+08:00,OPERATING,14.64,0.0,13.37,1,1,0,,2026-08-31T02:21:38.422656+00:00
2025-04-26,14,82.72,43,57.9,115.8,2025-04-26T09:00:00+08:00,2025-04-26T21:00:00+08:00,OPERATING,15.44,0.0,13.43,1,1,0,,2026-08-31T02:21:38.422656+00:00
2025-04-26,15,89.55,46,62.69,125.37,2025-04-26T09:00:00+08:00,2025-04-26T21:00:00+08:00,OPERATING,15.1,0.0,14.77,1,1,0,,2026-08-31T02:21:38.422656+00:00
2025-04-26,16,87.87,46,61.51,123.02,2025-04-26T09:00:00+08:00,2025-04-26T21:00:00+08:00,OPERATING,13.83,0.0,12.49,1,1,0,,2026-08-31T02:21:38.422656+00:00
2025-04-26,17,78.87,43,55.21,110.41,2025-04-26T09:00:00+08:00,2025-04-26T21:00:00+08:00,OPERATING,15.58,0.0,14.65,1,1,0,,2026-08-31T02:21:38.422656+00:00
2025-04-26,18,71.47,45,50.03,100.06,2025-04-26T09:00:00+08:00,2025-04-26T21:00:00+08:00,OPERATING,15.2,0.0,14.82,1,1,0,,2026-08-31T02:21:38.422656+00:00
2025-04-26,19,57.24,45,40.07,80.14,2025-04-26T09:00:00+08:00,2025-04-26T21:00:00+08:00,OPERATING,15.39,0.0,13.94,1,1,0,,2026-08-31T02:21:38.422656+00:00
2025-04-26,20,49.94,45,34.96,69.91,2025-04-26T09:00:00+08:00,2025-04-26T21:00:00+08:00,OPERATING,15.48,0.0,13.82,1,1,0,,2026-08-31T02:21:38.422656+00:00
2025-04-26,21,33.54,45,23.48,46.96,2025-04-26T09:00:00+08:00,2025-04-26T21:00:00+08:00,OPERATING,15.06,0.0,12.85,1,1,0,,2026-08-31T02:21:38.422656+00:00
2025-04-27,9,35.61,46,24.93,49.85,2025-04-27T09:00:00+08:00,2025-04-27T21:00:00+08:00,OPERATING,15.09,0.5,20.18,0,1,0,,2026-08-31T02:21:38.422656+00:00
2025-04-27,10,46.74,45,32.72,65.44,2025-04-27T09:00:00+08:00,2025-04-27T21:00:00+08:00,OPERATING,16.68,0.5,18.3,0,1,0,,2026-08-31T02:21:38.422656+00:00
2025-04-27,11,59.22,46,41.45,82.9,2025-04-27T09:00:00+08:00,2025-04-27T21:00:00+08:00,OPERATING,16.73,0.5,18.41,0,1,0,,2026-08-31T02:21:38.422656+00:00
2025-04-27,12,67.66,46,47.36,94.73,2025-04-27T09:00:00+08:00,2025-04-27T21:00:00+08:00,OPERATING,17.8,0.5,19.96,0,1,0,,2026-08-31T02:21:38.422656+00:00
2025-04-27,13,68.5,45,47.95,95.9,2025-04-27T09:00:00+08:00,2025-04-27T21:00:00+08:00,OPERATING,16.68,0.5,20.07,0,1,0,,2026-08-31T02:21:38.422656+00:00
2025-04-27,14,72.44,47,50.7,101.41,2025-04-27T09:00:00+08:00,2025-04-27T21:00:00+08:00,OPERATING,17.18,0.5,21.14,0,1,0,,2026-08-31T02:21:38.422656+00:00
2025-04-27,15,73.85,45,51.7,103.39,2025-04-27T09:00:00+08:00,2025-04-27T21:00:00+08:00,OPERATING,18.78,0.5,18.84,0,1,0,,2026-08-31T02:21:38.422656+00:00
2025-04-27,16,74.49,44,52.14,104.29,2025-04-27T09:00:00+08:00,2025-04-27T21:00:00+08:00,OPERATING,17.4,0.5,18.32,0,1,0,,2026-08-31T02:21:38.422656+00:00
2025-04-27,17,66.16,43,46.31,92.62,2025-04-27T09:00:00+08:00,2025-04-27T21:00:00+08:00,OPERATING,18.14,0.5,19.28,0,1,0,,2026-08-31T02:21:38.422656+00:00
2025-04-27,18,59.68,44,41.77,83.55,2025-04-27T09:00:00+08:00,2025-04-27T21:00:00+08:00,OPERATING,17.46,0.5,18.97,0,1,0,,2026-08-31T02:21:38.422656+00:00
2025-04-27,19,52.73,47,36.91,73.82,2025-04-27T09:00:00+08:00,2025-04-27T21:00:00+08:00,OPERATING,17.17,0.5,21.6,0,1,0,,2026-08-31T02:21:38.422656+00:00
2025-04-27,20,46.67,44,32.67,65.33,2025-04-27T09:00:00+08:00,2025-04-27T21:00:00+08:00,OPERATING,15.44,0.5,21.17,0,1,0,,2026-08-31T02:21:38.422656+00:00
2025-04-27,21,29.37,43,20.56,41.11,2025-04-27T09:00:00+08:00,2025-04-27T21:00:00+08:00,OPERATING,17.23,0.5,20.03,0,1,0,,2026-08-31T02:21:38.422656+00:00
2025-04-28,9,34.57,44,24.2,48.4,2025-04-28T09:00:00+08:00,2025-04-28T21:00:00+08:00,OPERATING,17.67,0.0,15.33,0,0,0,,2026-08-31T02:21:38.422656+00:00
2025-04-28,10,40.73,47,28.51,57.02,2025-04-28T09:00:00+08:00,2025-04-28T21:00:00+08:00,OPERATING,17.4,0.0,12.24,0,0,0,,2026-08-31T02:21:38.422656+00:00
2025-04-28,11,50.04,43,35.03,70.05,2025-04-28T09:00:00+08:00,2025-04-28T21:00:00+08:00,OPERATING,18.09,0.0,14.92,0,0,0,,2026-08-31T02:21:38.422656+00:00
2025-04-28,12,57.22,47,40.05,80.1,2025-04-28T09:00:00+08:00,2025-04-28T21:00:00+08:00,OPERATING,17.17,0.0,15.86,0,0,0,,2026-08-31T02:21:38.422656+00:00
2025-04-28,13,58.26,44,40.78,81.56,2025-04-28T09:00:00+08:00,2025-04-28T21:00:00+08:00,OPERATING,18.55,0.0,15.22,0,0,0,,2026-08-31T02:21:38.422656+00:00
2025-04-28,14,62.89,45,44.02,88.05,2025-04-28T09:00:00+08:00,2025-04-28T21:00:00+08:00,OPERATING,18.02,0.0,13.02,0,0,0,,2026-08-31T02:21:38.422656+00:00
2025-04-28,15,66.03,43,46.22,92.44,2025-04-28T09:00:00+08:00,2025-04-28T21:00:00+08:00,OPERATING,17.95,0.0,13.5,0,0,0,,2026-08-31T02:21:38.422656+00:00
2025-04-28,16,60.99,47,42.69,85.38,2025-04-28T09:00:00+08:00,2025-04-28T21:00:00+08:00,OPERATING,17.65,0.0,12.07,0,0,0,,2026-08-31T02:21:38.422656+00:00
2025-04-28,17,55.91,43,39.14,78.28,2025-04-28T09:00:00+08:00,2025-04-28T21:00:00+08:00,OPERATING,17.04,0.0,14.58,0,0,0,,2026-08-31T02:21:38.422656+00:00
2025-04-28,18,51.83,43,36.28,72.56,2025-04-28T09:00:00+08:00,2025-04-28T21:00:00+08:00,OPERATING,17.43,0.0,12.99,0,0,0,,2026-08-31T02:21:38.422656+00:00
2025-04-28,19,44.58,47,31.2,62.41,2025-04-28T09:00:00+08:00,2025-04-28T21:00:00+08:00,OPERATING,19.22,0.0,13.88,0,0,0,,2026-08-31T02:21:38.422656+00:00
2025-04-28,20,36.15,47,25.31,50.62,2025-04-28T09:00:00+08:00,2025-04-28T21:00:00+08:00,OPERATING,16.78,0.0,15.54,0,0,0,,2026-08-31T02:21:38.422656+00:00
2025-04-28,21,28.32,46,19.82,39.64,2025-04-28T09:00:00+08:00,2025-04-28T21:00:00+08:00,OPERATING,17.59,0.0,14.48,0,0,0,,2026-08-31T02:21:38.422656+00:00
2025-04-29,9,32.08,44,22.46,44.92,2025-04-29T09:00:00+08:00,2025-04-29T21:00:00+08:00,OPERATING,19.2,0.0,15.45,0,0,0,,2026-08-31T02:21:38.422656+00:00
2025-04-29,10,44.2,43,30.94,61.88,2025-04-29T09:00:00+08:00,2025-04-29T21:00:00+08:00,OPERATING,18.63,0.0,15.85,0,0,0,,2026-08-31T02:21:38.422656+00:00
2025-04-29,11,50.23,43,35.16,70.32,2025-04-29T09:00:00+08:00,2025-04-29T21:00:00+08:00,OPERATING,19.13,0.0,16.3,0,0,0,,2026-08-31T02:21:38.422656+00:00
2025-04-29,12,55.16,45,38.61,77.22,2025-04-29T09:00:00+08:00,2025-04-29T21:00:00+08:00,OPERATING,17.81,0.0,15.47,0,0,0,,2026-08-31T02:21:38.422656+00:00
2025-04-29,13,58.5,43,40.95,81.9,2025-04-29T09:00:00+08:00,2025-04-29T21:00:00+08:00,OPERATING,17.77,0.0,16.17,0,0,0,,2026-08-31T02:21:38.422656+00:00
2025-04-29,14,62.3,46,43.61,87.22,2025-04-29T09:00:00+08:00,2025-04-29T21:00:00+08:00,OPERATING,17.75,0.0,16.06,0,0,0,,2026-08-31T02:21:38.422656+00:00
2025-04-29,15,61.16,46,42.81,85.62,2025-04-29T09:00:00+08:00,2025-04-29T21:00:00+08:00,OPERATING,18.4,0.0,14.82,0,0,0,,2026-08-31T02:21:38.422656+00:00
2025-04-29,16,60.21,45,42.15,84.29,2025-04-29T09:00:00+08:00,2025-04-29T21:00:00+08:00,OPERATING,19.08,0.0,16.38,0,0,0,,2026-08-31T02:21:38.422656+00:00
2025-04-29,17,55.41,46,38.79,77.57,2025-04-29T09:00:00+08:00,2025-04-29T21:00:00+08:00,OPERATING,17.05,0.0,14.2,0,0,0,,2026-08-31T02:21:38.422656+00:00
2025-04-29,18,47.26,44,33.08,66.16,2025-04-29T09:00:00+08:00,2025-04-29T21:00:00+08:00,OPERATING,18.12,0.0,13.7,0,0,0,,2026-08-31T02:21:38.422656+00:00
2025-04-29,19,47.46,47,33.22,66.44,2025-04-29T09:00:00+08:00,2025-04-29T21:00:00+08:00,OPERATING,17.97,0.0,15.64,0,0,0,,2026-08-31T02:21:38.422656+00:00
2025-04-29,20,38.49,45,26.94,53.88,2025-04-29T09:00:00+08:00,2025-04-29T21:00:00+08:00,OPERATING,18.43,0.0,14.89,0,0,0,,2026-08-31T02:21:38.422656+00:00
2025-04-29,21,27.3,46,19.11,38.23,2025-04-29T09:00:00+08:00,2025-04-29T21:00:00+08:00,OPERATING,18.24,0.0,13.11,0,0,0,,2026-08-31T02:21:38.422656+00:00
2025-04-30,9,32.9,45,23.03,46.06,2025-04-30T09:00:00+08:00,2025-04-30T21:00:00+08:00,OPERATING,22.37,0.0,16.43,0,0,0,,2026-08-31T02:21:38.422656+00:00
2025-04-30,10,45.09,46,31.56,63.12,2025-04-30T09:00:00+08:00,2025-04-30T21:00:00+08:00,OPERATING,21.32,0.0,17.06,0,0,0,,2026-08-31T02:21:38.422656+00:00
2025-04-30,11,53.75,46,37.62,75.25,2025-04-30T09:00:00+08:00,2025-04-30T21:00:00+08:00,OPERATING,21.53,0.0,16.19,0,0,0,,2026-08-31T02:21:38.422656+00:00
2025-04-30,12,62.91,43,44.04,88.07,2025-04-30T09:00:00+08:00,2025-04-30T21:00:00+08:00,OPERATING,22.08,0.0,15.91,0,0,0,,2026-08-31T02:21:38.422656+00:00
2025-04-30,13,66.68,47,46.67,93.35,2025-04-30T09:00:00+08:00,2025-04-30T21:00:00+08:00,OPERATING,22.92,0.0,18.26,0,0,0,,2026-08-31T02:21:38.422656+00:00
2025-04-30,14,70.31,44,49.22,98.43,2025-04-30T09:00:00+08:00,2025-04-30T21:00:00+08:00,OPERATING,22.11,0.0,17.23,0,0,0,,2026-08-31T02:21:38.422656+00:00
2025-04-30,15,74.74,44,52.32,104.63,2025-04-30T09:00:00+08:00,2025-04-30T21:00:00+08:00,OPERATING,21.62,0.0,16.83,0,0,0,,2026-08-31T02:21:38.422656+00:00
2025-04-30,16,69.23,46,48.46,96.92,2025-04-30T09:00:00+08:00,2025-04-30T21:00:00+08:00,OPERATING,22.17,0.0,17.26,0,0,0,,2026-08-31T02:21:38.422656+00:00
2025-04-30,17,65.08,43,45.55,91.11,2025-04-30T09:00:00+08:00,2025-04-30T21:00:00+08:00,OPERATING,22.44,0.0,17.03,0,0,0,,2026-08-31T02:21:38.422656+00:00
2025-04-30,18,56.96,44,39.87,79.75,2025-04-30T09:00:00+08:00,2025-04-30T21:00:00+08:00,OPERATING,21.31,0.0,16.64,0,0,0,,2026-08-31T02:21:38.422656+00:00
2025-04-30,19,50.48,47,35.34,70.67,2025-04-30T09:00:00+08:00,2025-04-30T21:00:00+08:00,OPERATING,22.83,0.0,17.31,0,0,0,,2026-08-31T02:21:38.422656+00:00
2025-04-30,20,41.25,43,28.88,57.76,2025-04-30T09:00:00+08:00,2025-04-30T21:00:00+08:00,OPERATING,21.99,0.0,18.48,0,0,0,,2026-08-31T02:21:38.422656+00:00
2025-04-30,21,24.92,44,17.44,34.89,2025-04-30T09:00:00+08:00,2025-04-30T21:00:00+08:00,OPERATING,21.34,0.0,16.59,0,0,0,,2026-08-31T02:21:38.422656+00:00
2025-05-01,9,42.22,43,29.55,59.11,2025-05-01T09:00:00+08:00,2025-05-01T21:00:00+08:00,OPERATING,22.17,0.6,27.1,1,0,0,,2026-08-31T02:21:38.422656+00:00
2025-05-01,10,54.29,45,38.01,76.01,2025-05-01T09:00:00+08:00,2025-05-01T21:00:00+08:00,OPERATING,21.83,0.6,28.54,1,0,0,,2026-08-31T02:21:38.422656+00:00
2025-05-01,11,74.01,45,51.81,103.62,2025-05-01T09:00:00+08:00,2025-05-01T21:00:00+08:00,OPERATING,22.5,0.6,27.86,1,0,0,,2026-08-31T02:21:38.422656+00:00
2025-05-01,12,77.6,47,54.32,108.64,2025-05-01T09:00:00+08:00,2025-05-01T21:00:00+08:00,OPERATING,22.45,0.6,26.16,1,0,0,,2026-08-31T02:21:38.422656+00:00
2025-05-01,13,83.37,45,58.36,116.71,2025-05-01T09:00:00+08:00,2025-05-01T21:00:00+08:00,OPERATING,21.51,0.6,27.49,1,0,0,,2026-08-31T02:21:38.422656+00:00
2025-05-01,14,86.83,44,60.78,121.56,2025-05-01T09:00:00+08:00,2025-05-01T21:00:00+08:00,OPERATING,24.07,0.6,28.13,1,0,0,,2026-08-31T02:21:38.422656+00:00
2025-05-01,15,91.41,43,63.99,127.98,2025-05-01T09:00:00+08:00,2025-05-01T21:00:00+08:00,OPERATING,23.97,0.6,28.46,1,0,0,,2026-08-31T02:21:38.422656+00:00
2025-05-01,16,83.82,45,58.67,117.34,2025-05-01T09:00:00+08:00,2025-05-01T21:00:00+08:00,OPERATING,23.0,0.6,27.08,1,0,0,,2026-08-31T02:21:38.422656+00:00
2025-05-01,17,80.82,44,56.57,113.15,2025-05-01T09:00:00+08:00,2025-05-01T21:00:00+08:00,OPERATING,21.57,0.6,28.31,1,0,0,,2026-08-31T02:21:38.422656+00:00
2025-05-01,18,73.86,43,51.7,103.41,2025-05-01T09:00:00+08:00,2025-05-01T21:00:00+08:00,OPERATING,22.26,0.6,28.48,1,0,0,,2026-08-31T02:21:38.422656+00:00
2025-05-01,19,63.88,44,44.71,89.43,2025-05-01T09:00:00+08:00,2025-05-01T21:00:00+08:00,OPERATING,22.79,0.6,28.31,1,0,0,,2026-08-31T02:21:38.422656+00:00
2025-05-01,20,50.82,46,35.57,71.14,2025-05-01T09:00:00+08:00,2025-05-01T21:00:00+08:00,OPERATING,23.65,0.6,28.09,1,0,0,,2026-08-31T02:21:38.422656+00:00
2025-05-01,21,38.31,45,26.82,53.63,2025-05-01T09:00:00+08:00,2025-05-01T21:00:00+08:00,OPERATING,21.36,0.6,28.15,1,0,0,,2026-08-31T02:21:38.422656+00:00
2025-05-02,9,42.73,46,29.91,59.82,2025-05-02T09:00:00+08:00,2025-05-02T21:00:00+08:00,OPERATING,23.0,0.0,21.61,1,0,0,,2026-08-31T02:21:38.422656+00:00
2025-05-02,10,56.27,45,39.39,78.78,2025-05-02T09:00:00+08:00,2025-05-02T21:00:00+08:00,OPERATING,21.38,0.0,21.84,1,0,0,,2026-08-31T02:21:38.422656+00:00
2025-05-02,11,73.44,47,51.4,102.81,2025-05-02T09:00:00+08:00,2025-05-02T21:00:00+08:00,OPERATING,20.1,0.0,20.93,1,0,0,,2026-08-31T02:21:38.422656+00:00
2025-05-02,12,80.86,45,56.6,113.21,2025-05-02T09:00:00+08:00,2025-05-02T21:00:00+08:00,OPERATING,21.3,0.0,20.49,1,0,0,,2026-08-31T02:21:38.422656+00:00
2025-05-02,13,78.76,47,55.13,110.26,2025-05-02T09:00:00+08:00,2025-05-02T21:00:00+08:00,OPERATING,22.41,0.0,21.53,1,0,0,,2026-08-31T02:21:38.422656+00:00
2025-05-02,14,85.88,47,60.11,120.23,2025-05-02T09:00:00+08:00,2025-05-02T21:00:00+08:00,OPERATING,19.85,0.0,23.25,1,0,0,,2026-08-31T02:21:38.422656+00:00
2025-05-02,15,93.49,47,65.44,130.88,2025-05-02T09:00:00+08:00,2025-05-02T21:00:00+08:00,OPERATING,20.77,0.0,19.77,1,0,0,,2026-08-31T02:21:38.422656+00:00
2025-05-02,16,86.76,44,60.73,121.46,2025-05-02T09:00:00+08:00,2025-05-02T21:00:00+08:00,OPERATING,19.79,0.0,20.24,1,0,0,,2026-08-31T02:21:38.422656+00:00
2025-05-02,17,78.8,46,55.16,110.31,2025-05-02T09:00:00+08:00,2025-05-02T21:00:00+08:00,OPERATING,20.99,0.0,20.99,1,0,0,,2026-08-31T02:21:38.422656+00:00
2025-05-02,18,71.89,45,50.32,100.64,2025-05-02T09:00:00+08:00,2025-05-02T21:00:00+08:00,OPERATING,19.37,0.0,20.53,1,0,0,,2026-08-31T02:21:38.422656+00:00
2025-05-02,19,64.99,45,45.49,90.98,2025-05-02T09:00:00+08:00,2025-05-02T21:00:00+08:00,OPERATING,22.05,0.0,21.45,1,0,0,,2026-08-31T02:21:38.422656+00:00
2025-05-02,20,54.21,44,37.95,75.9,2025-05-02T09:00:00+08:00,2025-05-02T21:00:00+08:00,OPERATING,21.42,0.0,20.52,1,0,0,,2026-08-31T02:21:38.422656+00:00
2025-05-02,21,37.84,47,26.49,52.97,2025-05-02T09:00:00+08:00,2025-05-02T21:00:00+08:00,OPERATING,21.43,0.0,21.69,1,0,0,,2026-08-31T02:21:38.422656+00:00
2025-05-03,9,40.58,44,28.4,56.81,2025-05-03T09:00:00+08:00,2025-05-03T21:00:00+08:00,OPERATING,21.85,0.0,22.95,1,1,0,,2026-08-31T02:21:38.422656+00:00
2025-05-03,10,56.01,45,39.2,78.41,2025-05-03T09:00:00+08:00,2025-05-03T21:00:00+08:00,OPERATING,21.15,0.0,23.85,1,1,0,,2026-08-31T02:21:38.422656+00:00
2025-05-03,11,72.8,46,50.96,101.92,2025-05-03T09:00:00+08:00,2025-05-03T21:00:00+08:00,OPERATING,22.02,0.0,23.73,1,1,0,,2026-08-31T02:21:38.422656+00:00
2025-05-03,12,80.38,47,56.27,112.53,2025-05-03T09:00:00+08:00,2025-05-03T21:00:00+08:00,OPERATING,20.45,0.0,21.88,1,1,0,,2026-08-31T02:21:38.422656+00:00
2025-05-03,13,80.31,44,56.22,112.44,2025-05-03T09:00:00+08:00,2025-05-03T21:00:00+08:00,OPERATING,21.35,0.0,23.41,1,1,0,,2026-08-31T02:21:38.422656+00:00
2025-05-03,14,86.47,43,60.53,121.05,2025-05-03T09:00:00+08:00,2025-05-03T21:00:00+08:00,OPERATING,20.72,0.0,23.1,1,1,0,,2026-08-31T02:21:38.422656+00:00
2025-05-03,15,90.72,45,63.5,127.0,2025-05-03T09:00:00+08:00,2025-05-03T21:00:00+08:00,OPERATING,21.27,0.0,23.69,1,1,0,,2026-08-31T02:21:38.422656+00:00
2025-05-03,16,84.9,44,59.43,118.86,2025-05-03T09:00:00+08:00,2025-05-03T21:00:00+08:00,OPERATING,19.74,0.0,21.87,1,1,0,,2026-08-31T02:21:38.422656+00:00
2025-05-03,17,77.66,45,54.36,108.72,2025-05-03T09:00:00+08:00,2025-05-03T21:00:00+08:00,OPERATING,19.38,0.0,21.01,1,1,0,,2026-08-31T02:21:38.422656+00:00
2025-05-03,18,70.73,47,49.51,99.02,2025-05-03T09:00:00+08:00,2025-05-03T21:00:00+08:00,OPERATING,20.86,0.0,25.48,1,1,0,,2026-08-31T02:21:38.422656+00:00
2025-05-03,19,64.52,46,45.16,90.32,2025-05-03T09:00:00+08:00,2025-05-03T21:00:00+08:00,OPERATING,21.87,0.0,23.3,1,1,0,,2026-08-31T02:21:38.422656+00:00
2025-05-03,20,52.79,46,36.95,73.9,2025-05-03T09:00:00+08:00,2025-05-03T21:00:00+08:00,OPERATING,22.36,0.0,23.21,1,1,0,,2026-08-31T02:21:38.422656+00:00
2025-05-03,21,36.58,43,25.61,51.21,2025-05-03T09:00:00+08:00,2025-05-03T21:00:00+08:00,OPERATING,21.78,0.0,22.55,1,1,0,,2026-08-31T02:21:38.422656+00:00
2025-05-04,9,37.0,46,25.9,51.8,2025-05-04T09:00:00+08:00,2025-05-04T21:00:00+08:00,OPERATING,16.09,0.0,14.24,1,1,0,,2026-08-31T02:21:38.422656+00:00
2025-05-04,10,53.44,47,37.41,74.82,2025-05-04T09:00:00+08:00,2025-05-04T21:00:00+08:00,OPERATING,17.88,0.0,16.7,1,1,0,,2026-08-31T02:21:38.422656+00:00
2025-05-04,11,70.36,47,49.25,98.51,2025-05-04T09:00:00+08:00,2025-05-04T21:00:00+08:00,OPERATING,16.92,0.0,16.64,1,1,0,,2026-08-31T02:21:38.422656+00:00
2025-05-04,12,81.77,43,57.24,114.47,2025-05-04T09:00:00+08:00,2025-05-04T21:00:00+08:00,OPERATING,16.62,0.0,15.15,1,1,0,,2026-08-31T02:21:38.422656+00:00
2025-05-04,13,81.99,47,57.39,114.79,2025-05-04T09:00:00+08:00,2025-05-04T21:00:00+08:00,OPERATING,16.91,0.0,17.14,1,1,0,,2026-08-31T02:21:38.422656+00:00
2025-05-04,14,88.4,45,61.88,123.76,2025-05-04T09:00:00+08:00,2025-05-04T21:00:00+08:00,OPERATING,18.1,0.0,15.35,1,1,0,,2026-08-31T02:21:38.422656+00:00
2025-05-04,15,92.78,46,64.95,129.9,2025-05-04T09:00:00+08:00,2025-05-04T21:00:00+08:00,OPERATING,16.43,0.0,14.26,1,1,0,,2026-08-31T02:21:38.422656+00:00
2025-05-04,16,85.66,44,59.96,119.92,2025-05-04T09:00:00+08:00,2025-05-04T21:00:00+08:00,OPERATING,15.94,0.0,16.24,1,1,0,,2026-08-31T02:21:38.422656+00:00
2025-05-04,17,79.37,44,55.56,111.11,2025-05-04T09:00:00+08:00,2025-05-04T21:00:00+08:00,OPERATING,14.82,0.0,15.86,1,1,0,,2026-08-31T02:21:38.422656+00:00
2025-05-04,18,70.32,43,49.22,98.44,2025-05-04T09:00:00+08:00,2025-05-04T21:00:00+08:00,OPERATING,17.42,0.0,15.77,1,1,0,,2026-08-31T02:21:38.422656+00:00
2025-05-04,19,60.65,45,42.45,84.91,2025-05-04T09:00:00+08:00,2025-05-04T21:00:00+08:00,OPERATING,16.45,0.0,15.73,1,1,0,,2026-08-31T02:21:38.422656+00:00
2025-05-04,20,51.44,43,36.01,72.02,2025-05-04T09:00:00+08:00,2025-05-04T21:00:00+08:00,OPERATING,15.81,0.0,14.71,1,1,0,,2026-08-31T02:21:38.422656+00:00
2025-05-04,21,36.15,47,25.31,50.61,2025-05-04T09:00:00+08:00,2025-05-04T21:00:00+08:00,OPERATING,15.82,0.0,15.53,1,1,0,,2026-08-31T02:21:38.422656+00:00
2025-05-05,9,33.5,47,23.45,46.89,2025-05-05T09:00:00+08:00,2025-05-05T21:00:00+08:00,OPERATING,18.04,7.5,19.26,1,0,0,,2026-08-31T02:21:38.422656+00:00
2025-05-05,10,39.14,44,27.4,54.8,2025-05-05T09:00:00+08:00,2025-05-05T21:00:00+08:00,OPERATING,18.1,7.5,17.43,1,0,0,,2026-08-31T02:21:38.422656+00:00
2025-05-05,11,48.39,46,33.87,67.74,2025-05-05T09:00:00+08:00,2025-05-05T21:00:00+08:00,OPERATING,19.43,7.5,18.67,1,0,0,,2026-08-31T02:21:38.422656+00:00
2025-05-05,12,55.32,44,38.72,77.44,2025-05-05T09:00:00+08:00,2025-05-05T21:00:00+08:00,OPERATING,19.27,7.5,17.95,1,0,0,,2026-08-31T02:21:38.422656+00:00
2025-05-05,13,49.38,46,40.67,81.34,2025-05-05T09:00:00+08:00,2025-05-05T21:00:00+08:00,OPERATING,18.3,7.5,17.86,1,0,0,,2026-08-31T02:21:38.422656+00:00
2025-05-05,14,51.63,46,42.52,85.03,2025-05-05T09:00:00+08:00,2025-05-05T21:00:00+08:00,OPERATING,18.25,7.5,18.74,1,0,0,,2026-08-31T02:21:38.422656+00:00
2025-05-05,15,50.97,43,41.97,83.94,2025-05-05T09:00:00+08:00,2025-05-05T21:00:00+08:00,OPERATING,19.11,7.5,18.65,1,0,0,,2026-08-31T02:21:38.422656+00:00
2025-05-05,16,51.07,44,42.06,84.12,2025-05-05T09:00:00+08:00,2025-05-05T21:00:00+08:00,OPERATING,18.02,7.5,19.43,1,0,0,,2026-08-31T02:21:38.422656+00:00
2025-05-05,17,56.27,47,39.39,78.78,2025-05-05T09:00:00+08:00,2025-05-05T21:00:00+08:00,OPERATING,17.94,7.5,18.21,1,0,0,,2026-08-31T02:21:38.422656+00:00
2025-05-05,18,47.68,46,33.37,66.75,2025-05-05T09:00:00+08:00,2025-05-05T21:00:00+08:00,OPERATING,18.46,7.5,19.0,1,0,0,,2026-08-31T02:21:38.422656+00:00
2025-05-05,19,44.96,43,31.47,62.94,2025-05-05T09:00:00+08:00,2025-05-05T21:00:00+08:00,OPERATING,17.1,7.5,18.83,1,0,0,,2026-08-31T02:21:38.422656+00:00
2025-05-05,20,37.59,45,26.31,52.62,2025-05-05T09:00:00+08:00,2025-05-05T21:00:00+08:00,OPERATING,19.48,7.5,19.53,1,0,0,,2026-08-31T02:21:38.422656+00:00
2025-05-05,21,23.93,46,16.75,33.5,2025-05-05T09:00:00+08:00,2025-05-05T21:00:00+08:00,OPERATING,18.67,7.5,17.92,1,0,0,,2026-08-31T02:21:38.422656+00:00
2025-05-06,9,28.0,44,19.6,39.2,2025-05-06T09:00:00+08:00,2025-05-06T21:00:00+08:00,OPERATING,19.84,0.0,20.28,0,0,0,,2026-08-31T02:21:38.422656+00:00
2025-05-06,10,46.44,47,32.51,65.02,2025-05-06T09:00:00+08:00,2025-05-06T21:00:00+08:00,OPERATING,20.84,0.0,20.24,0,0,0,,2026-08-31T02:21:38.422656+00:00
2025-05-06,11,57.38,45,40.17,80.33,2025-05-06T09:00:00+08:00,2025-05-06T21:00:00+08:00,OPERATING,20.11,0.0,21.7,0,0,0,,2026-08-31T02:21:38.422656+00:00
2025-05-06,12,62.61,47,43.83,87.66,2025-05-06T09:00:00+08:00,2025-05-06T21:00:00+08:00,OPERATING,19.0,0.0,18.53,0,0,0,,2026-08-31T02:21:38.422656+00:00
2025-05-06,13,63.07,46,44.15,88.3,2025-05-06T09:00:00+08:00,2025-05-06T21:00:00+08:00,OPERATING,18.52,0.0,20.96,0,0,0,,2026-08-31T02:21:38.422656+00:00
2025-05-06,14,65.01,43,45.51,91.01,2025-05-06T09:00:00+08:00,2025-05-06T21:00:00+08:00,OPERATING,18.27,0.0,19.41,0,0,0,,2026-08-31T02:21:38.422656+00:00
2025-05-06,15,69.13,47,48.39,96.78,2025-05-06T09:00:00+08:00,2025-05-06T21:00:00+08:00,OPERATING,20.3,0.0,21.99,0,0,0,,2026-08-31T02:21:38.422656+00:00
2025-05-06,16,63.69,44,44.58,89.16,2025-05-06T09:00:00+08:00,2025-05-06T21:00:00+08:00,OPERATING,19.81,0.0,18.73,0,0,0,,2026-08-31T02:21:38.422656+00:00
2025-05-06,17,64.39,45,45.07,90.14,2025-05-06T09:00:00+08:00,2025-05-06T21:00:00+08:00,OPERATING,20.2,0.0,20.06,0,0,0,,2026-08-31T02:21:38.422656+00:00
2025-05-06,18,58.13,44,40.69,81.39,2025-05-06T09:00:00+08:00,2025-05-06T21:00:00+08:00,OPERATING,19.57,0.0,18.39,0,0,0,,2026-08-31T02:21:38.422656+00:00
2025-05-06,19,44.59,46,31.21,62.42,2025-05-06T09:00:00+08:00,2025-05-06T21:00:00+08:00,OPERATING,18.6,0.0,19.3,0,0,0,,2026-08-31T02:21:38.422656+00:00
2025-05-06,20,43.29,46,30.3,60.6,2025-05-06T09:00:00+08:00,2025-05-06T21:00:00+08:00,OPERATING,19.48,0.0,19.28,0,0,0,,2026-08-31T02:21:38.422656+00:00
2025-05-06,21,31.97,44,22.38,44.76,2025-05-06T09:00:00+08:00,2025-05-06T21:00:00+08:00,OPERATING,18.58,0.0,20.03,0,0,0,,2026-08-31T02:21:38.422656+00:00
2025-05-07,9,32.49,44,22.75,45.49,2025-05-07T09:00:00+08:00,2025-05-07T21:00:00+08:00,OPERATING,18.62,0.0,13.33,0,0,0,,2026-08-31T02:21:38.422656+00:00
2025-05-07,10,40.02,44,28.02,56.03,2025-05-07T09:00:00+08:00,2025-05-07T21:00:00+08:00,OPERATING,19.11,0.0,12.96,0,0,0,,2026-08-31T02:21:38.422656+00:00
2025-05-07,11,48.39,46,33.87,67.74,2025-05-07T09:00:00+08:00,2025-05-07T21:00:00+08:00,OPERATING,20.45,0.0,14.82,0,0,0,,2026-08-31T02:21:38.422656+00:00
2025-05-07,12,52.42,45,36.7,73.39,2025-05-07T09:00:00+08:00,2025-05-07T21:00:00+08:00,OPERATING,17.6,0.0,15.04,0,0,0,,2026-08-31T02:21:38.422656+00:00
2025-05-07,13,53.12,45,37.19,74.37,2025-05-07T09:00:00+08:00,2025-05-07T21:00:00+08:00,OPERATING,18.36,0.0,11.75,0,0,0,,2026-08-31T02:21:38.422656+00:00
2025-05-07,14,57.55,45,40.29,80.57,2025-05-07T09:00:00+08:00,2025-05-07T21:00:00+08:00,OPERATING,17.48,0.0,14.12,0,0,0,,2026-08-31T02:21:38.422656+00:00
2025-05-07,15,61.96,46,43.37,86.75,2025-05-07T09:00:00+08:00,2025-05-07T21:00:00+08:00,OPERATING,16.27,0.0,13.85,0,0,0,,2026-08-31T02:21:38.422656+00:00
2025-05-07,16,59.35,45,41.54,83.08,2025-05-07T09:00:00+08:00,2025-05-07T21:00:00+08:00,OPERATING,17.04,0.0,14.82,0,0,0,,2026-08-31T02:21:38.422656+00:00
2025-05-07,17,55.76,45,39.03,78.07,2025-05-07T09:00:00+08:00,2025-05-07T21:00:00+08:00,OPERATING,16.64,0.0,11.2,0,0,0,,2026-08-31T02:21:38.422656+00:00
2025-05-07,18,47.65,43,33.35,66.71,2025-05-07T09:00:00+08:00,2025-05-07T21:00:00+08:00,OPERATING,17.67,0.0,15.0,0,0,0,,2026-08-31T02:21:38.422656+00:00
2025-05-07,19,43.42,46,30.4,60.79,2025-05-07T09:00:00+08:00,2025-05-07T21:00:00+08:00,OPERATING,16.22,0.0,14.92,0,0,0,,2026-08-31T02:21:38.422656+00:00
2025-05-07,20,36.43,44,25.5,51.0,2025-05-07T09:00:00+08:00,2025-05-07T21:00:00+08:00,OPERATING,17.78,0.0,14.22,0,0,0,,2026-08-31T02:21:38.422656+00:00
2025-05-07,21,24.2,47,16.94,33.87,2025-05-07T09:00:00+08:00,2025-05-07T21:00:00+08:00,OPERATING,18.69,0.0,14.11,0,0,0,,2026-08-31T02:21:38.422656+00:00
2025-05-08,9,15.75,44,11.02,22.05,2025-05-08T09:00:00+08:00,2025-05-08T21:00:00+08:00,OPERATING,19.59,18.5,33.43,0,0,0,,2026-08-31T02:21:38.422656+00:00
2025-05-08,10,21.31,47,14.92,29.84,2025-05-08T09:00:00+08:00,2025-05-08T21:00:00+08:00,OPERATING,18.15,18.5,32.58,0,0,0,,2026-08-31T02:21:38.422656+00:00
2025-05-08,11,26.17,46,18.32,36.64,2025-05-08T09:00:00+08:00,2025-05-08T21:00:00+08:00,OPERATING,19.01,18.5,35.37,0,0,0,,2026-08-31T02:21:38.422656+00:00
2025-05-08,12,34.3,44,24.01,48.01,2025-05-08T09:00:00+08:00,2025-05-08T21:00:00+08:00,OPERATING,17.35,18.5,33.15,0,0,0,,2026-08-31T02:21:38.422656+00:00
2025-05-08,13,27.64,46,22.76,45.53,2025-05-08T09:00:00+08:00,2025-05-08T21:00:00+08:00,OPERATING,17.37,18.5,33.17,0,0,0,,2026-08-31T02:21:38.422656+00:00
2025-05-08,14,30.53,46,25.14,50.28,2025-05-08T09:00:00+08:00,2025-05-08T21:00:00+08:00,OPERATING,19.28,18.5,30.99,0,0,0,,2026-08-31T02:21:38.422656+00:00
2025-05-08,15,27.9,45,22.97,45.95,2025-05-08T09:00:00+08:00,2025-05-08T21:00:00+08:00,OPERATING,18.32,18.5,33.18,0,0,0,,2026-08-31T02:21:38.422656+00:00
2025-05-08,16,30.94,45,25.48,50.96,2025-05-08T09:00:00+08:00,2025-05-08T21:00:00+08:00,OPERATING,16.69,18.5,33.14,0,0,0,,2026-08-31T02:21:38.422656+00:00
2025-05-08,17,28.93,46,20.25,40.5,2025-05-08T09:00:00+08:00,2025-05-08T21:00:00+08:00,OPERATING,16.08,18.5,33.14,0,0,0,,2026-08-31T02:21:38.422656+00:00
2025-05-08,18,28.6,45,20.02,40.03,2025-05-08T09:00:00+08:00,2025-05-08T21:00:00+08:00,OPERATING,16.35,18.5,33.03,0,0,0,,2026-08-31T02:21:38.422656+00:00
2025-05-08,19,27.44,45,19.21,38.41,2025-05-08T09:00:00+08:00,2025-05-08T21:00:00+08:00,OPERATING,17.7,18.5,32.51,0,0,0,,2026-08-31T02:21:38.422656+00:00
2025-05-08,20,22.49,47,15.74,31.48,2025-05-08T09:00:00+08:00,2025-05-08T21:00:00+08:00,OPERATING,16.95,18.5,33.59,0,0,0,,2026-08-31T02:21:38.422656+00:00
2025-05-08,21,13.63,47,9.54,19.09,2025-05-08T09:00:00+08:00,2025-05-08T21:00:00+08:00,OPERATING,16.88,18.5,32.96,0,0,0,,2026-08-31T02:21:38.422656+00:00
2025-05-09,9,21.06,43,14.74,29.49,2025-05-09T09:00:00+08:00,2025-05-09T21:00:00+08:00,OPERATING,22.94,2.6,27.21,0,0,0,,2026-08-31T02:21:38.422656+00:00
2025-05-09,10,26.25,47,18.38,36.75,2025-05-09T09:00:00+08:00,2025-05-09T21:00:00+08:00,OPERATING,21.66,2.6,25.62,0,0,0,,2026-08-31T02:21:38.422656+00:00
2025-05-09,11,36.62,45,25.63,51.27,2025-05-09T09:00:00+08:00,2025-05-09T21:00:00+08:00,OPERATING,21.38,2.6,25.89,0,0,0,,2026-08-31T02:21:38.422656+00:00
2025-05-09,12,42.95,46,30.06,60.12,2025-05-09T09:00:00+08:00,2025-05-09T21:00:00+08:00,OPERATING,21.2,2.6,26.14,0,0,0,,2026-08-31T02:21:38.422656+00:00
2025-05-09,13,46.74,43,32.72,65.43,2025-05-09T09:00:00+08:00,2025-05-09T21:00:00+08:00,OPERATING,21.45,2.6,26.24,0,0,0,,2026-08-31T02:21:38.422656+00:00
2025-05-09,14,47.27,44,33.09,66.17,2025-05-09T09:00:00+08:00,2025-05-09T21:00:00+08:00,OPERATING,21.82,2.6,26.61,0,0,0,,2026-08-31T02:21:38.422656+00:00
2025-05-09,15,45.12,46,31.58,63.16,2025-05-09T09:00:00+08:00,2025-05-09T21:00:00+08:00,OPERATING,20.91,2.6,26.63,0,0,0,,2026-08-31T02:21:38.422656+00:00
2025-05-09,16,43.53,47,30.47,60.94,2025-05-09T09:00:00+08:00,2025-05-09T21:00:00+08:00,OPERATING,20.15,2.6,26.27,0,0,0,,2026-08-31T02:21:38.422656+00:00
2025-05-09,17,40.17,44,28.12,56.23,2025-05-09T09:00:00+08:00,2025-05-09T21:00:00+08:00,OPERATING,21.43,2.6,27.21,0,0,0,,2026-08-31T02:21:38.422656+00:00
2025-05-09,18,38.14,46,26.7,53.39,2025-05-09T09:00:00+08:00,2025-05-09T21:00:00+08:00,OPERATING,20.67,2.6,25.2,0,0,0,,2026-08-31T02:21:38.422656+00:00
2025-05-09,19,36.12,44,25.29,50.57,2025-05-09T09:00:00+08:00,2025-05-09T21:00:00+08:00,OPERATING,21.52,2.6,25.07,0,0,0,,2026-08-31T02:21:38.422656+00:00
2025-05-09,20,29.03,46,20.32,40.65,2025-05-09T09:00:00+08:00,2025-05-09T21:00:00+08:00,OPERATING,21.37,2.6,28.58,0,0,0,,2026-08-31T02:21:38.422656+00:00
2025-05-09,21,20.61,47,14.42,28.85,2025-05-09T09:00:00+08:00,2025-05-09T21:00:00+08:00,OPERATING,22.99,2.6,25.07,0,0,0,,2026-08-31T02:21:38.422656+00:00
2025-05-10,9,41.16,43,28.81,57.63,2025-05-10T09:00:00+08:00,2025-05-10T21:00:00+08:00,OPERATING,19.69,0.5,18.9,1,1,0,,2026-08-31T02:21:38.422656+00:00
2025-05-10,10,59.02,45,41.32,82.63,2025-05-10T09:00:00+08:00,2025-05-10T21:00:00+08:00,OPERATING,19.13,0.5,20.57,1,1,0,,2026-08-31T02:21:38.422656+00:00
2025-05-10,11,77.12,46,53.98,107.97,2025-05-10T09:00:00+08:00,2025-05-10T21:00:00+08:00,OPERATING,20.76,0.5,19.14,1,1,0,,2026-08-31T02:21:38.422656+00:00
2025-05-10,12,81.08,46,56.76,113.51,2025-05-10T09:00:00+08:00,2025-05-10T21:00:00+08:00,OPERATING,20.15,0.5,19.14,1,1,0,,2026-08-31T02:21:38.422656+00:00
2025-05-10,13,83.86,47,58.7,117.41,2025-05-10T09:00:00+08:00,2025-05-10T21:00:00+08:00,OPERATING,19.6,0.5,20.66,1,1,0,,2026-08-31T02:21:38.422656+00:00
2025-05-10,14,85.79,46,60.05,120.11,2025-05-10T09:00:00+08:00,2025-05-10T21:00:00+08:00,OPERATING,18.29,0.5,20.02,1,1,0,,2026-08-31T02:21:38.422656+00:00
2025-05-10,15,91.47,45,64.03,128.06,2025-05-10T09:00:00+08:00,2025-05-10T21:00:00+08:00,OPERATING,19.45,0.5,21.19,1,1,0,,2026-08-31T02:21:38.422656+00:00
2025-05-10,16,88.04,44,61.63,123.26,2025-05-10T09:00:00+08:00,2025-05-10T21:00:00+08:00,OPERATING,19.35,0.5,20.06,1,1,0,,2026-08-31T02:21:38.422656+00:00
2025-05-10,17,76.96,47,53.88,107.75,2025-05-10T09:00:00+08:00,2025-05-10T21:00:00+08:00,OPERATING,18.93,0.5,20.84,1,1,0,,2026-08-31T02:21:38.422656+00:00
2025-05-10,18,76.5,43,53.55,107.1,2025-05-10T09:00:00+08:00,2025-05-10T21:00:00+08:00,OPERATING,20.97,0.5,19.16,1,1,0,,2026-08-31T02:21:38.422656+00:00
2025-05-10,19,66.71,46,46.7,93.39,2025-05-10T09:00:00+08:00,2025-05-10T21:00:00+08:00,OPERATING,19.37,0.5,19.49,1,1,0,,2026-08-31T02:21:38.422656+00:00
2025-05-10,20,54.01,45,37.81,75.62,2025-05-10T09:00:00+08:00,2025-05-10T21:00:00+08:00,OPERATING,20.57,0.5,20.31,1,1,0,,2026-08-31T02:21:38.422656+00:00
2025-05-10,21,40.2,43,28.14,56.28,2025-05-10T09:00:00+08:00,2025-05-10T21:00:00+08:00,OPERATING,21.16,0.5,21.48,1,1,0,,2026-08-31T02:21:38.422656+00:00
2025-05-11,9,40.92,45,28.64,57.28,2025-05-11T09:00:00+08:00,2025-05-11T21:00:00+08:00,OPERATING,17.12,0.1,16.49,1,1,0,,2026-08-31T02:21:38.422656+00:00
2025-05-11,10,54.5,46,38.15,76.29,2025-05-11T09:00:00+08:00,2025-05-11T21:00:00+08:00,OPERATING,18.89,0.1,15.19,1,1,0,,2026-08-31T02:21:38.422656+00:00
2025-05-11,11,72.92,46,51.04,102.09,2025-05-11T09:00:00+08:00,2025-05-11T21:00:00+08:00,OPERATING,19.74,0.1,17.92,1,1,0,,2026-08-31T02:21:38.422656+00:00
2025-05-11,12,80.96,47,56.67,113.35,2025-05-11T09:00:00+08:00,2025-05-11T21:00:00+08:00,OPERATING,19.27,0.1,16.43,1,1,0,,2026-08-31T02:21:38.422656+00:00
2025-05-11,13,79.96,45,55.97,111.95,2025-05-11T09:00:00+08:00,2025-05-11T21:00:00+08:00,OPERATING,19.3,0.1,19.2,1,1,0,,2026-08-31T02:21:38.422656+00:00
2025-05-11,14,86.01,46,60.2,120.41,2025-05-11T09:00:00+08:00,2025-05-11T21:00:00+08:00,OPERATING,20.22,0.1,15.54,1,1,0,,2026-08-31T02:21:38.422656+00:00
2025-05-11,15,94.52,43,66.16,132.32,2025-05-11T09:00:00+08:00,2025-05-11T21:00:00+08:00,OPERATING,19.62,0.1,15.86,1,1,0,,2026-08-31T02:21:38.422656+00:00
2025-05-11,16,86.48,47,60.54,121.07,2025-05-11T09:00:00+08:00,2025-05-11T21:00:00+08:00,OPERATING,19.58,0.1,16.09,1,1,0,,2026-08-31T02:21:38.422656+00:00
2025-05-11,17,74.94,43,52.45,104.91,2025-05-11T09:00:00+08:00,2025-05-11T21:00:00+08:00,OPERATING,19.67,0.1,16.35,1,1,0,,2026-08-31T02:21:38.422656+00:00
2025-05-11,18,68.48,46,47.94,95.88,2025-05-11T09:00:00+08:00,2025-05-11T21:00:00+08:00,OPERATING,21.17,0.1,15.46,1,1,0,,2026-08-31T02:21:38.422656+00:00
2025-05-11,19,65.47,46,45.83,91.66,2025-05-11T09:00:00+08:00,2025-05-11T21:00:00+08:00,OPERATING,20.2,0.1,15.1,1,1,0,,2026-08-31T02:21:38.422656+00:00
2025-05-11,20,55.36,43,38.75,77.51,2025-05-11T09:00:00+08:00,2025-05-11T21:00:00+08:00,OPERATING,19.88,0.1,16.94,1,1,0,,2026-08-31T02:21:38.422656+00:00
2025-05-11,21,36.98,44,25.89,51.78,2025-05-11T09:00:00+08:00,2025-05-11T21:00:00+08:00,OPERATING,20.04,0.1,15.08,1,1,0,,2026-08-31T02:21:38.422656+00:00
2025-05-12,9,28.28,44,19.79,39.59,2025-05-12T09:00:00+08:00,2025-05-12T21:00:00+08:00,OPERATING,20.58,0.0,16.32,0,0,0,,2026-08-31T02:21:38.422656+00:00
2025-05-12,10,38.36,45,26.86,53.71,2025-05-12T09:00:00+08:00,2025-05-12T21:00:00+08:00,OPERATING,22.3,0.0,16.28,0,0,0,,2026-08-31T02:21:38.422656+00:00
2025-05-12,11,49.17,44,34.42,68.84,2025-05-12T09:00:00+08:00,2025-05-12T21:00:00+08:00,OPERATING,20.5,0.0,15.69,0,0,0,,2026-08-31T02:21:38.422656+00:00
2025-05-12,12,49.77,44,34.84,69.67,2025-05-12T09:00:00+08:00,2025-05-12T21:00:00+08:00,OPERATING,20.3,0.0,14.01,0,0,0,,2026-08-31T02:21:38.422656+00:00
2025-05-12,13,52.94,46,37.06,74.12,2025-05-12T09:00:00+08:00,2025-05-12T21:00:00+08:00,OPERATING,20.82,0.0,15.79,0,0,0,,2026-08-31T02:21:38.422656+00:00
2025-05-12,14,57.21,43,40.05,80.1,2025-05-12T09:00:00+08:00,2025-05-12T21:00:00+08:00,OPERATING,21.16,0.0,14.3,0,0,0,,2026-08-31T02:21:38.422656+00:00
2025-05-12,15,59.25,44,41.47,82.94,2025-05-12T09:00:00+08:00,2025-05-12T21:00:00+08:00,OPERATING,22.1,0.0,17.02,0,0,0,,2026-08-31T02:21:38.422656+00:00
2025-05-12,16,57.42,43,40.19,80.39,2025-05-12T09:00:00+08:00,2025-05-12T21:00:00+08:00,OPERATING,21.87,0.0,14.93,0,0,0,,2026-08-31T02:21:38.422656+00:00
2025-05-12,17,55.61,45,38.93,77.86,2025-05-12T09:00:00+08:00,2025-05-12T21:00:00+08:00,OPERATING,21.83,0.0,14.5,0,0,0,,2026-08-31T02:21:38.422656+00:00
2025-05-12,18,46.21,47,32.35,64.69,2025-05-12T09:00:00+08:00,2025-05-12T21:00:00+08:00,OPERATING,23.15,0.0,15.93,0,0,0,,2026-08-31T02:21:38.422656+00:00
2025-05-12,19,42.98,44,30.08,60.17,2025-05-12T09:00:00+08:00,2025-05-12T21:00:00+08:00,OPERATING,21.73,0.0,15.07,0,0,0,,2026-08-31T02:21:38.422656+00:00
2025-05-12,20,35.87,44,25.11,50.22,2025-05-12T09:00:00+08:00,2025-05-12T21:00:00+08:00,OPERATING,21.79,0.0,15.6,0,0,0,,2026-08-31T02:21:38.422656+00:00
2025-05-12,21,26.15,44,18.31,36.61,2025-05-12T09:00:00+08:00,2025-05-12T21:00:00+08:00,OPERATING,21.85,0.0,14.72,0,0,0,,2026-08-31T02:21:38.422656+00:00
2025-05-13,9,32.1,43,22.47,44.94,2025-05-13T09:00:00+08:00,2025-05-13T21:00:00+08:00,OPERATING,23.22,0.0,21.5,0,0,0,,2026-08-31T02:21:38.422656+00:00
2025-05-13,10,43.28,43,30.29,60.59,2025-05-13T09:00:00+08:00,2025-05-13T21:00:00+08:00,OPERATING,22.04,0.0,20.04,0,0,0,,2026-08-31T02:21:38.422656+00:00
2025-05-13,11,55.16,44,38.61,77.23,2025-05-13T09:00:00+08:00,2025-05-13T21:00:00+08:00,OPERATING,22.07,0.0,22.54,0,0,0,,2026-08-31T02:21:38.422656+00:00
2025-05-13,12,58.4,43,40.88,81.76,2025-05-13T09:00:00+08:00,2025-05-13T21:00:00+08:00,OPERATING,21.98,0.0,22.15,0,0,0,,2026-08-31T02:21:38.422656+00:00
2025-05-13,13,63.33,43,44.33,88.67,2025-05-13T09:00:00+08:00,2025-05-13T21:00:00+08:00,OPERATING,20.49,0.0,21.35,0,0,0,,2026-08-31T02:21:38.422656+00:00
2025-05-13,14,63.95,45,44.76,89.53,2025-05-13T09:00:00+08:00,2025-05-13T21:00:00+08:00,OPERATING,22.96,0.0,22.41,0,0,0,,2026-08-31T02:21:38.422656+00:00
2025-05-13,15,65.47,43,45.83,91.66,2025-05-13T09:00:00+08:00,2025-05-13T21:00:00+08:00,OPERATING,22.15,0.0,21.59,0,0,0,,2026-08-31T02:21:38.422656+00:00
2025-05-13,16,66.88,44,46.82,93.63,2025-05-13T09:00:00+08:00,2025-05-13T21:00:00+08:00,OPERATING,20.94,0.0,19.81,0,0,0,,2026-08-31T02:21:38.422656+00:00
2025-05-13,17,60.19,45,42.14,84.27,2025-05-13T09:00:00+08:00,2025-05-13T21:00:00+08:00,OPERATING,22.04,0.0,21.26,0,0,0,,2026-08-31T02:21:38.422656+00:00
2025-05-13,18,53.86,46,37.7,75.4,2025-05-13T09:00:00+08:00,2025-05-13T21:00:00+08:00,OPERATING,22.46,0.0,22.1,0,0,0,,2026-08-31T02:21:38.422656+00:00
2025-05-13,19,49.77,43,34.84,69.68,2025-05-13T09:00:00+08:00,2025-05-13T21:00:00+08:00,OPERATING,22.6,0.0,23.64,0,0,0,,2026-08-31T02:21:38.422656+00:00
2025-05-13,20,36.56,45,25.59,51.19,2025-05-13T09:00:00+08:00,2025-05-13T21:00:00+08:00,OPERATING,22.19,0.0,22.5,0,0,0,,2026-08-31T02:21:38.422656+00:00
2025-05-13,21,28.64,45,20.05,40.1,2025-05-13T09:00:00+08:00,2025-05-13T21:00:00+08:00,OPERATING,22.75,0.0,20.74,0,0,0,,2026-08-31T02:21:38.422656+00:00
2025-05-14,9,25.85,46,18.09,36.19,2025-05-14T09:00:00+08:00,2025-05-14T21:00:00+08:00,OPERATING,25.92,0.0,17.29,0,0,0,,2026-08-31T02:21:38.422656+00:00
2025-05-14,10,30.39,46,21.27,42.54,2025-05-14T09:00:00+08:00,2025-05-14T21:00:00+08:00,OPERATING,23.96,0.0,15.62,0,0,0,,2026-08-31T02:21:38.422656+00:00
2025-05-14,11,37.54,44,26.28,52.55,2025-05-14T09:00:00+08:00,2025-05-14T21:00:00+08:00,OPERATING,23.98,0.0,15.87,0,0,0,,2026-08-31T02:21:38.422656+00:00
2025-05-14,12,47.35,44,33.14,66.28,2025-05-14T09:00:00+08:00,2025-05-14T21:00:00+08:00,OPERATING,24.58,0.0,16.18,0,0,0,,2026-08-31T02:21:38.422656+00:00
2025-05-14,13,43.17,47,30.22,60.44,2025-05-14T09:00:00+08:00,2025-05-14T21:00:00+08:00,OPERATING,25.34,0.0,15.26,0,0,0,,2026-08-31T02:21:38.422656+00:00
2025-05-14,14,44.52,44,31.16,62.33,2025-05-14T09:00:00+08:00,2025-05-14T21:00:00+08:00,OPERATING,25.05,0.0,15.89,0,0,0,,2026-08-31T02:21:38.422656+00:00
2025-05-14,15,47.65,46,33.36,66.71,2025-05-14T09:00:00+08:00,2025-05-14T21:00:00+08:00,OPERATING,24.54,0.0,19.52,0,0,0,,2026-08-31T02:21:38.422656+00:00
2025-05-14,16,49.35,45,34.55,69.09,2025-05-14T09:00:00+08:00,2025-05-14T21:00:00+08:00,OPERATING,24.61,0.0,17.79,0,0,0,,2026-08-31T02:21:38.422656+00:00
2025-05-14,17,42.82,44,29.97,59.94,2025-05-14T09:00:00+08:00,2025-05-14T21:00:00+08:00,OPERATING,24.43,0.0,16.83,0,0,0,,2026-08-31T02:21:38.422656+00:00
2025-05-14,18,35.76,43,25.03,50.06,2025-05-14T09:00:00+08:00,2025-05-14T21:00:00+08:00,OPERATING,24.62,0.0,17.97,0,0,0,,2026-08-31T02:21:38.422656+00:00
2025-05-14,19,39.99,45,27.99,55.98,2025-05-14T09:00:00+08:00,2025-05-14T21:00:00+08:00,OPERATING,24.37,0.0,17.35,0,0,0,,2026-08-31T02:21:38.422656+00:00
2025-05-14,20,27.38,46,19.17,38.34,2025-05-14T09:00:00+08:00,2025-05-14T21:00:00+08:00,OPERATING,26.11,0.0,16.1,0,0,0,,2026-08-31T02:21:38.422656+00:00
2025-05-14,21,20.96,47,14.67,29.35,2025-05-14T09:00:00+08:00,2025-05-14T21:00:00+08:00,OPERATING,24.31,0.0,16.92,0,0,0,,2026-08-31T02:21:38.422656+00:00
2025-05-15,9,29.58,46,20.7,41.41,2025-05-15T09:00:00+08:00,2025-05-15T21:00:00+08:00,OPERATING,23.99,0.0,13.06,0,0,0,,2026-08-31T02:21:38.422656+00:00
2025-05-15,10,41.32,44,28.92,57.85,2025-05-15T09:00:00+08:00,2025-05-15T21:00:00+08:00,OPERATING,25.9,0.0,12.34,0,0,0,,2026-08-31T02:21:38.422656+00:00
2025-05-15,11,52.34,46,36.64,73.27,2025-05-15T09:00:00+08:00,2025-05-15T21:00:00+08:00,OPERATING,25.01,0.0,14.65,0,0,0,,2026-08-31T02:21:38.422656+00:00
2025-05-15,12,57.5,45,40.25,80.49,2025-05-15T09:00:00+08:00,2025-05-15T21:00:00+08:00,OPERATING,25.26,0.0,11.37,0,0,0,,2026-08-31T02:21:38.422656+00:00
2025-05-15,13,57.98,46,40.59,81.17,2025-05-15T09:00:00+08:00,2025-05-15T21:00:00+08:00,OPERATING,25.08,0.0,14.17,0,0,0,,2026-08-31T02:21:38.422656+00:00
2025-05-15,14,64.32,43,45.03,90.05,2025-05-15T09:00:00+08:00,2025-05-15T21:00:00+08:00,OPERATING,25.43,0.0,14.08,0,0,0,,2026-08-31T02:21:38.422656+00:00
2025-05-15,15,65.58,45,45.91,91.82,2025-05-15T09:00:00+08:00,2025-05-15T21:00:00+08:00,OPERATING,24.39,0.0,11.99,0,0,0,,2026-08-31T02:21:38.422656+00:00
2025-05-15,16,60.87,47,42.61,85.22,2025-05-15T09:00:00+08:00,2025-05-15T21:00:00+08:00,OPERATING,24.17,0.0,13.28,0,0,0,,2026-08-31T02:21:38.422656+00:00
2025-05-15,17,57.7,46,40.39,80.78,2025-05-15T09:00:00+08:00,2025-05-15T21:00:00+08:00,OPERATING,25.27,0.0,12.45,0,0,0,,2026-08-31T02:21:38.422656+00:00
2025-05-15,18,52.66,43,36.86,73.72,2025-05-15T09:00:00+08:00,2025-05-15T21:00:00+08:00,OPERATING,25.73,0.0,12.54,0,0,0,,2026-08-31T02:21:38.422656+00:00
2025-05-15,19,44.67,43,31.27,62.53,2025-05-15T09:00:00+08:00,2025-05-15T21:00:00+08:00,OPERATING,24.18,0.0,12.62,0,0,0,,2026-08-31T02:21:38.422656+00:00
2025-05-15,20,36.5,46,25.55,51.1,2025-05-15T09:00:00+08:00,2025-05-15T21:00:00+08:00,OPERATING,24.79,0.0,12.58,0,0,0,,2026-08-31T02:21:38.422656+00:00
2025-05-15,21,24.4,47,17.08,34.16,2025-05-15T09:00:00+08:00,2025-05-15T21:00:00+08:00,OPERATING,25.33,0.0,12.68,0,0,0,,2026-08-31T02:21:38.422656+00:00
2025-05-16,9,17.33,43,12.13,24.26,2025-05-16T09:00:00+08:00,2025-05-16T21:00:00+08:00,OPERATING,23.93,16.8,19.34,0,0,0,,2026-08-31T02:21:38.422656+00:00
2025-05-16,10,26.62,45,18.63,37.27,2025-05-16T09:00:00+08:00,2025-05-16T21:00:00+08:00,OPERATING,23.93,16.8,20.5,0,0,0,,2026-08-31T02:21:38.422656+00:00
2025-05-16,11,30.17,43,21.12,42.23,2025-05-16T09:00:00+08:00,2025-05-16T21:00:00+08:00,OPERATING,22.35,16.8,20.43,0,0,0,,2026-08-31T02:21:38.422656+00:00
2025-05-16,12,37.08,46,25.96,51.91,2025-05-16T09:00:00+08:00,2025-05-16T21:00:00+08:00,OPERATING,24.15,16.8,20.57,0,0,0,,2026-08-31T02:21:38.422656+00:00
2025-05-16,13,34.53,45,28.44,56.87,2025-05-16T09:00:00+08:00,2025-05-16T21:00:00+08:00,OPERATING,22.31,16.8,19.68,0,0,0,,2026-08-31T02:21:38.422656+00:00
2025-05-16,14,31.18,45,25.68,51.35,2025-05-16T09:00:00+08:00,2025-05-16T21:00:00+08:00,OPERATING,22.55,16.8,20.07,0,0,0,,2026-08-31T02:21:38.422656+00:00
2025-05-16,15,35.41,47,29.16,58.33,2025-05-16T09:00:00+08:00,2025-05-16T21:00:00+08:00,OPERATING,22.62,16.8,21.42,0,0,0,,2026-08-31T02:21:38.422656+00:00
2025-05-16,16,34.7,45,28.57,57.15,2025-05-16T09:00:00+08:00,2025-05-16T21:00:00+08:00,OPERATING,24.27,16.8,21.16,0,0,0,,2026-08-31T02:21:38.422656+00:00
2025-05-16,17,36.3,47,25.41,50.82,2025-05-16T09:00:00+08:00,2025-05-16T21:00:00+08:00,OPERATING,23.44,16.8,21.22,0,0,0,,2026-08-31T02:21:38.422656+00:00
2025-05-16,18,33.86,43,23.7,47.41,2025-05-16T09:00:00+08:00,2025-05-16T21:00:00+08:00,OPERATING,23.11,16.8,19.91,0,0,0,,2026-08-31T02:21:38.422656+00:00
2025-05-16,19,27.49,47,19.24,38.48,2025-05-16T09:00:00+08:00,2025-05-16T21:00:00+08:00,OPERATING,23.05,16.8,21.29,0,0,0,,2026-08-31T02:21:38.422656+00:00
2025-05-16,20,23.99,47,16.79,33.58,2025-05-16T09:00:00+08:00,2025-05-16T21:00:00+08:00,OPERATING,23.78,16.8,20.89,0,0,0,,2026-08-31T02:21:38.422656+00:00
2025-05-16,21,13.49,46,9.44,18.88,2025-05-16T09:00:00+08:00,2025-05-16T21:00:00+08:00,OPERATING,23.26,16.8,21.0,0,0,0,,2026-08-31T02:21:38.422656+00:00
2025-05-17,9,36.38,46,25.47,50.94,2025-05-17T09:00:00+08:00,2025-05-17T21:00:00+08:00,OPERATING,23.7,0.0,14.82,1,1,0,,2026-08-31T02:21:38.422656+00:00
2025-05-17,10,52.18,47,36.52,73.05,2025-05-17T09:00:00+08:00,2025-05-17T21:00:00+08:00,OPERATING,24.7,0.0,12.4,1,1,0,,2026-08-31T02:21:38.422656+00:00
2025-05-17,11,65.92,47,46.14,92.29,2025-05-17T09:00:00+08:00,2025-05-17T21:00:00+08:00,OPERATING,23.44,0.0,14.25,1,1,0,,2026-08-31T02:21:38.422656+00:00
2025-05-17,12,73.82,44,51.68,103.35,2025-05-17T09:00:00+08:00,2025-05-17T21:00:00+08:00,OPERATING,25.31,0.0,12.98,1,1,0,,2026-08-31T02:21:38.422656+00:00
2025-05-17,13,77.09,46,53.96,107.93,2025-05-17T09:00:00+08:00,2025-05-17T21:00:00+08:00,OPERATING,24.61,0.0,12.22,1,1,0,,2026-08-31T02:21:38.422656+00:00
2025-05-17,14,85.17,44,59.62,119.24,2025-05-17T09:00:00+08:00,2025-05-17T21:00:00+08:00,OPERATING,25.55,0.0,14.38,1,1,0,,2026-08-31T02:21:38.422656+00:00
2025-05-17,15,84.32,44,59.02,118.05,2025-05-17T09:00:00+08:00,2025-05-17T21:00:00+08:00,OPERATING,24.74,0.0,13.55,1,1,0,,2026-08-31T02:21:38.422656+00:00
2025-05-17,16,84.05,43,58.83,117.67,2025-05-17T09:00:00+08:00,2025-05-17T21:00:00+08:00,OPERATING,25.62,0.0,14.13,1,1,0,,2026-08-31T02:21:38.422656+00:00
2025-05-17,17,73.12,45,51.18,102.36,2025-05-17T09:00:00+08:00,2025-05-17T21:00:00+08:00,OPERATING,24.73,0.0,13.12,1,1,0,,2026-08-31T02:21:38.422656+00:00
2025-05-17,18,69.93,45,48.95,97.91,2025-05-17T09:00:00+08:00,2025-05-17T21:00:00+08:00,OPERATING,24.88,0.0,12.24,1,1,0,,2026-08-31T02:21:38.422656+00:00
2025-05-17,19,61.18,46,42.83,85.65,2025-05-17T09:00:00+08:00,2025-05-17T21:00:00+08:00,OPERATING,23.82,0.0,13.86,1,1,0,,2026-08-31T02:21:38.422656+00:00
2025-05-17,20,49.23,47,34.46,68.92,2025-05-17T09:00:00+08:00,2025-05-17T21:00:00+08:00,OPERATING,24.29,0.0,14.53,1,1,0,,2026-08-31T02:21:38.422656+00:00
2025-05-17,21,30.81,46,21.56,43.13,2025-05-17T09:00:00+08:00,2025-05-17T21:00:00+08:00,OPERATING,24.52,0.0,12.91,1,1,0,,2026-08-31T02:21:38.422656+00:00
2025-05-18,9,35.03,47,24.52,49.04,2025-05-18T09:00:00+08:00,2025-05-18T21:00:00+08:00,OPERATING,19.25,0.0,15.36,1,1,0,,2026-08-31T02:21:38.422656+00:00
2025-05-18,10,46.57,45,32.6,65.2,2025-05-18T09:00:00+08:00,2025-05-18T21:00:00+08:00,OPERATING,18.42,0.0,15.65,1,1,0,,2026-08-31T02:21:38.422656+00:00
2025-05-18,11,63.84,47,44.69,89.37,2025-05-18T09:00:00+08:00,2025-05-18T21:00:00+08:00,OPERATING,18.39,0.0,13.44,1,1,0,,2026-08-31T02:21:38.422656+00:00
2025-05-18,12,66.85,45,46.8,93.59,2025-05-18T09:00:00+08:00,2025-05-18T21:00:00+08:00,OPERATING,19.71,0.0,14.74,1,1,0,,2026-08-31T02:21:38.422656+00:00
2025-05-18,13,70.49,47,49.34,98.69,2025-05-18T09:00:00+08:00,2025-05-18T21:00:00+08:00,OPERATING,18.13,0.0,13.59,1,1,0,,2026-08-31T02:21:38.422656+00:00
2025-05-18,14,77.46,46,54.23,108.45,2025-05-18T09:00:00+08:00,2025-05-18T21:00:00+08:00,OPERATING,18.12,0.0,14.55,1,1,0,,2026-08-31T02:21:38.422656+00:00
2025-05-18,15,76.06,46,53.24,106.49,2025-05-18T09:00:00+08:00,2025-05-18T21:00:00+08:00,OPERATING,18.02,0.0,13.06,1,1,0,,2026-08-31T02:21:38.422656+00:00
2025-05-18,16,74.19,46,51.93,103.86,2025-05-18T09:00:00+08:00,2025-05-18T21:00:00+08:00,OPERATING,18.14,0.0,14.48,1,1,0,,2026-08-31T02:21:38.422656+00:00
2025-05-18,17,67.83,47,47.48,94.96,2025-05-18T09:00:00+08:00,2025-05-18T21:00:00+08:00,OPERATING,19.18,0.0,15.04,1,1,0,,2026-08-31T02:21:38.422656+00:00
2025-05-18,18,59.75,45,41.82,83.65,2025-05-18T09:00:00+08:00,2025-05-18T21:00:00+08:00,OPERATING,19.3,0.0,15.83,1,1,0,,2026-08-31T02:21:38.422656+00:00
2025-05-18,19,50.39,45,35.28,70.55,2025-05-18T09:00:00+08:00,2025-05-18T21:00:00+08:00,OPERATING,18.96,0.0,14.46,1,1,0,,2026-08-31T02:21:38.422656+00:00
2025-05-18,20,43.29,43,30.3,60.61,2025-05-18T09:00:00+08:00,2025-05-18T21:00:00+08:00,OPERATING,18.52,0.0,13.14,1,1,0,,2026-08-31T02:21:38.422656+00:00
2025-05-18,21,35.9,45,25.13,50.27,2025-05-18T09:00:00+08:00,2025-05-18T21:00:00+08:00,OPERATING,18.06,0.0,13.49,1,1,0,,2026-08-31T02:21:38.422656+00:00
2025-05-19,9,29.12,43,20.39,40.77,2025-05-19T09:00:00+08:00,2025-05-19T21:00:00+08:00,OPERATING,24.67,0.0,14.11,0,0,0,,2026-08-31T02:21:38.422656+00:00
2025-05-19,10,37.67,44,26.37,52.74,2025-05-19T09:00:00+08:00,2025-05-19T21:00:00+08:00,OPERATING,23.03,0.0,14.24,0,0,0,,2026-08-31T02:21:38.422656+00:00
2025-05-19,11,49.21,46,34.45,68.89,2025-05-19T09:00:00+08:00,2025-05-19T21:00:00+08:00,OPERATING,25.52,0.0,14.63,0,0,0,,2026-08-31T02:21:38.422656+00:00
2025-05-19,12,51.83,45,36.28,72.56,2025-05-19T09:00:00+08:00,2025-05-19T21:00:00+08:00,OPERATING,23.05,0.0,15.89,0,0,0,,2026-08-31T02:21:38.422656+00:00
2025-05-19,13,53.58,45,37.5,75.01,2025-05-19T09:00:00+08:00,2025-05-19T21:00:00+08:00,OPERATING,22.11,0.0,14.34,0,0,0,,2026-08-31T02:21:38.422656+00:00
2025-05-19,14,55.93,43,39.15,78.3,2025-05-19T09:00:00+08:00,2025-05-19T21:00:00+08:00,OPERATING,23.41,0.0,14.16,0,0,0,,2026-08-31T02:21:38.422656+00:00
2025-05-19,15,61.11,43,42.77,85.55,2025-05-19T09:00:00+08:00,2025-05-19T21:00:00+08:00,OPERATING,23.39,0.0,14.71,0,0,0,,2026-08-31T02:21:38.422656+00:00
2025-05-19,16,56.61,43,39.63,79.25,2025-05-19T09:00:00+08:00,2025-05-19T21:00:00+08:00,OPERATING,23.47,0.0,12.69,0,0,0,,2026-08-31T02:21:38.422656+00:00
2025-05-19,17,49.78,44,34.84,69.69,2025-05-19T09:00:00+08:00,2025-05-19T21:00:00+08:00,OPERATING,24.19,0.0,14.97,0,0,0,,2026-08-31T02:21:38.422656+00:00
2025-05-19,18,47.44,47,33.21,66.42,2025-05-19T09:00:00+08:00,2025-05-19T21:00:00+08:00,OPERATING,24.19,0.0,13.92,0,0,0,,2026-08-31T02:21:38.422656+00:00
2025-05-19,19,46.28,47,32.4,64.79,2025-05-19T09:00:00+08:00,2025-05-19T21:00:00+08:00,OPERATING,23.88,0.0,13.29,0,0,0,,2026-08-31T02:21:38.422656+00:00
2025-05-19,20,36.63,46,25.64,51.29,2025-05-19T09:00:00+08:00,2025-05-19T21:00:00+08:00,OPERATING,23.09,0.0,16.3,0,0,0,,2026-08-31T02:21:38.422656+00:00
2025-05-19,21,27.72,44,19.4,38.81,2025-05-19T09:00:00+08:00,2025-05-19T21:00:00+08:00,OPERATING,23.41,0.0,13.69,0,0,0,,2026-08-31T02:21:38.422656+00:00
2025-05-20,9,28.95,44,20.26,40.52,2025-05-20T09:00:00+08:00,2025-05-20T21:00:00+08:00,OPERATING,23.14,2.5,18.43,0,0,0,,2026-08-31T02:21:38.422656+00:00
2025-05-20,10,39.89,45,27.92,55.85,2025-05-20T09:00:00+08:00,2025-05-20T21:00:00+08:00,OPERATING,25.31,2.5,20.16,0,0,0,,2026-08-31T02:21:38.422656+00:00
2025-05-20,11,49.98,45,34.99,69.97,2025-05-20T09:00:00+08:00,2025-05-20T21:00:00+08:00,OPERATING,24.29,2.5,18.67,0,0,0,,2026-08-31T02:21:38.422656+00:00
2025-05-20,12,57.02,43,39.91,79.82,2025-05-20T09:00:00+08:00,2025-05-20T21:00:00+08:00,OPERATING,24.34,2.5,19.95,0,0,0,,2026-08-31T02:21:38.422656+00:00
2025-05-20,13,61.53,44,43.07,86.14,2025-05-20T09:00:00+08:00,2025-05-20T21:00:00+08:00,OPERATING,25.49,2.5,17.94,0,0,0,,2026-08-31T02:21:38.422656+00:00
2025-05-20,14,58.82,47,41.17,82.34,2025-05-20T09:00:00+08:00,2025-05-20T21:00:00+08:00,OPERATING,24.81,2.5,17.16,0,0,0,,2026-08-31T02:21:38.422656+00:00
2025-05-20,15,62.91,46,44.04,88.08,2025-05-20T09:00:00+08:00,2025-05-20T21:00:00+08:00,OPERATING,24.97,2.5,19.51,0,0,0,,2026-08-31T02:21:38.422656+00:00
2025-05-20,16,61.83,47,43.28,86.56,2025-05-20T09:00:00+08:00,2025-05-20T21:00:00+08:00,OPERATING,25.14,2.5,17.32,0,0,0,,2026-08-31T02:21:38.422656+00:00
2025-05-20,17,57.19,44,40.03,80.07,2025-05-20T09:00:00+08:00,2025-05-20T21:00:00+08:00,OPERATING,25.08,2.5,18.01,0,0,0,,2026-08-31T02:21:38.422656+00:00
2025-05-20,18,50.74,43,35.52,71.04,2025-05-20T09:00:00+08:00,2025-05-20T21:00:00+08:00,OPERATING,24.46,2.5,17.17,0,0,0,,2026-08-31T02:21:38.422656+00:00
2025-05-20,19,44.44,44,31.11,62.22,2025-05-20T09:00:00+08:00,2025-05-20T21:00:00+08:00,OPERATING,23.54,2.5,17.86,0,0,0,,2026-08-31T02:21:38.422656+00:00
2025-05-20,20,36.74,46,25.72,51.44,2025-05-20T09:00:00+08:00,2025-05-20T21:00:00+08:00,OPERATING,25.46,2.5,19.02,0,0,0,,2026-08-31T02:21:38.422656+00:00
2025-05-20,21,26.73,47,18.71,37.42,2025-05-20T09:00:00+08:00,2025-05-20T21:00:00+08:00,OPERATING,25.22,2.5,16.99,0,0,0,,2026-08-31T02:21:38.422656+00:00
2025-05-21,9,15.91,45,11.14,22.27,2025-05-21T09:00:00+08:00,2025-05-21T21:00:00+08:00,OPERATING,23.69,27.0,15.14,0,0,0,,2026-08-31T02:21:38.422656+00:00
2025-05-21,10,23.17,44,16.22,32.44,2025-05-21T09:00:00+08:00,2025-05-21T21:00:00+08:00,OPERATING,24.01,27.0,16.64,0,0,0,,2026-08-31T02:21:38.422656+00:00
2025-05-21,11,26.5,43,18.55,37.1,2025-05-21T09:00:00+08:00,2025-05-21T21:00:00+08:00,OPERATING,23.89,27.0,17.2,0,0,0,,2026-08-31T02:21:38.422656+00:00
2025-05-21,12,29.47,47,20.63,41.25,2025-05-21T09:00:00+08:00,2025-05-21T21:00:00+08:00,OPERATING,25.23,27.0,15.27,0,0,0,,2026-08-31T02:21:38.422656+00:00
2025-05-21,13,29.27,45,24.1,48.2,2025-05-21T09:00:00+08:00,2025-05-21T21:00:00+08:00,OPERATING,23.7,27.0,16.85,0,0,0,,2026-08-31T02:21:38.422656+00:00
2025-05-21,14,28.98,44,23.86,47.73,2025-05-21T09:00:00+08:00,2025-05-21T21:00:00+08:00,OPERATING,24.74,27.0,16.24,0,0,0,,2026-08-31T02:21:38.422656+00:00
2025-05-21,15,30.32,43,24.97,49.94,2025-05-21T09:00:00+08:00,2025-05-21T21:00:00+08:00,OPERATING,23.98,27.0,16.9,0,0,0,,2026-08-31T02:21:38.422656+00:00
2025-05-21,16,30.44,45,25.06,50.13,2025-05-21T09:00:00+08:00,2025-05-21T21:00:00+08:00,OPERATING,25.08,27.0,17.1,0,0,0,,2026-08-31T02:21:38.422656+00:00
2025-05-21,17,29.84,46,20.89,41.78,2025-05-21T09:00:00+08:00,2025-05-21T21:00:00+08:00,OPERATING,25.28,27.0,15.51,0,0,0,,2026-08-31T02:21:38.422656+00:00
2025-05-21,18,28.53,45,19.97,39.94,2025-05-21T09:00:00+08:00,2025-05-21T21:00:00+08:00,OPERATING,22.48,27.0,16.5,0,0,0,,2026-08-31T02:21:38.422656+00:00
2025-05-21,19,25.46,47,17.82,35.65,2025-05-21T09:00:00+08:00,2025-05-21T21:00:00+08:00,OPERATING,24.72,27.0,16.34,0,0,0,,2026-08-31T02:21:38.422656+00:00
2025-05-21,20,23.13,47,16.19,32.38,2025-05-21T09:00:00+08:00,2025-05-21T21:00:00+08:00,OPERATING,24.56,27.0,17.2,0,0,0,,2026-08-31T02:21:38.422656+00:00
2025-05-21,21,14.64,44,10.25,20.49,2025-05-21T09:00:00+08:00,2025-05-21T21:00:00+08:00,OPERATING,22.94,27.0,15.19,0,0,0,,2026-08-31T02:21:38.422656+00:00
2025-05-22,9,34.0,43,23.8,47.59,2025-05-22T09:00:00+08:00,2025-05-22T21:00:00+08:00,OPERATING,23.26,0.0,14.14,0,0,0,,2026-08-31T02:21:38.422656+00:00
2025-05-22,10,47.05,44,32.94,65.87,2025-05-22T09:00:00+08:00,2025-05-22T21:00:00+08:00,OPERATING,24.52,0.0,11.23,0,0,0,,2026-08-31T02:21:38.422656+00:00
2025-05-22,11,57.58,47,40.3,80.61,2025-05-22T09:00:00+08:00,2025-05-22T21:00:00+08:00,OPERATING,24.08,0.0,13.2,0,0,0,,2026-08-31T02:21:38.422656+00:00
2025-05-22,12,62.87,44,44.01,88.02,2025-05-22T09:00:00+08:00,2025-05-22T21:00:00+08:00,OPERATING,23.14,0.0,11.46,0,0,0,,2026-08-31T02:21:38.422656+00:00
2025-05-22,13,68.36,45,47.85,95.7,2025-05-22T09:00:00+08:00,2025-05-22T21:00:00+08:00,OPERATING,23.16,0.0,13.5,0,0,0,,2026-08-31T02:21:38.422656+00:00
2025-05-22,14,67.33,47,47.13,94.27,2025-05-22T09:00:00+08:00,2025-05-22T21:00:00+08:00,OPERATING,22.22,0.0,14.0,0,0,0,,2026-08-31T02:21:38.422656+00:00
2025-05-22,15,68.9,47,48.23,96.46,2025-05-22T09:00:00+08:00,2025-05-22T21:00:00+08:00,OPERATING,22.73,0.0,13.34,0,0,0,,2026-08-31T02:21:38.422656+00:00
2025-05-22,16,66.74,45,46.72,93.44,2025-05-22T09:00:00+08:00,2025-05-22T21:00:00+08:00,OPERATING,21.42,0.0,12.18,0,0,0,,2026-08-31T02:21:38.422656+00:00
2025-05-22,17,59.49,44,41.64,83.29,2025-05-22T09:00:00+08:00,2025-05-22T21:00:00+08:00,OPERATING,22.47,0.0,11.87,0,0,0,,2026-08-31T02:21:38.422656+00:00
2025-05-22,18,54.27,45,37.99,75.97,2025-05-22T09:00:00+08:00,2025-05-22T21:00:00+08:00,OPERATING,23.83,0.0,13.25,0,0,0,,2026-08-31T02:21:38.422656+00:00
2025-05-22,19,48.87,47,34.21,68.42,2025-05-22T09:00:00+08:00,2025-05-22T21:00:00+08:00,OPERATING,22.3,0.0,13.03,0,0,0,,2026-08-31T02:21:38.422656+00:00
2025-05-22,20,40.59,45,28.42,56.83,2025-05-22T09:00:00+08:00,2025-05-22T21:00:00+08:00,OPERATING,22.94,0.0,11.14,0,0,0,,2026-08-31T02:21:38.422656+00:00
2025-05-22,21,31.46,46,22.02,44.05,2025-05-22T09:00:00+08:00,2025-05-22T21:00:00+08:00,OPERATING,21.43,0.0,11.96,0,0,0,,2026-08-31T02:21:38.422656+00:00
2025-05-23,9,17.02,47,11.92,23.83,2025-05-23T09:00:00+08:00,2025-05-23T21:00:00+08:00,OPERATING,21.16,52.0,22.36,0,0,0,,2026-08-31T02:21:38.422656+00:00
2025-05-23,10,22.9,45,16.03,32.06,2025-05-23T09:00:00+08:00,2025-05-23T21:00:00+08:00,OPERATING,20.98,52.0,21.91,0,0,0,,2026-08-31T02:21:38.422656+00:00
2025-05-23,11,31.15,43,21.81,43.61,2025-05-23T09:00:00+08:00,2025-05-23T21:00:00+08:00,OPERATING,19.96,52.0,23.2,0,0,0,,2026-08-31T02:21:38.422656+00:00
2025-05-23,12,29.87,43,20.91,41.82,2025-05-23T09:00:00+08:00,2025-05-23T21:00:00+08:00,OPERATING,19.36,52.0,22.42,0,0,0,,2026-08-31T02:21:38.422656+00:00
2025-05-23,13,26.29,43,21.65,43.29,2025-05-23T09:00:00+08:00,2025-05-23T21:00:00+08:00,OPERATING,20.41,52.0,24.6,0,0,0,,2026-08-31T02:21:38.422656+00:00
2025-05-23,14,25.44,47,20.95,41.9,2025-05-23T09:00:00+08:00,2025-05-23T21:00:00+08:00,OPERATING,19.71,52.0,24.54,0,0,0,,2026-08-31T02:21:38.422656+00:00
2025-05-23,15,28.88,46,23.78,47.56,2025-05-23T09:00:00+08:00,2025-05-23T21:00:00+08:00,OPERATING,21.87,52.0,24.18,0,0,0,,2026-08-31T02:21:38.422656+00:00
2025-05-23,16,26.77,43,22.04,44.08,2025-05-23T09:00:00+08:00,2025-05-23T21:00:00+08:00,OPERATING,21.18,52.0,24.51,0,0,0,,2026-08-31T02:21:38.422656+00:00
2025-05-23,17,32.41,47,22.69,45.37,2025-05-23T09:00:00+08:00,2025-05-23T21:00:00+08:00,OPERATING,20.27,52.0,24.99,0,0,0,,2026-08-31T02:21:38.422656+00:00
2025-05-23,18,25.88,46,18.11,36.23,2025-05-23T09:00:00+08:00,2025-05-23T21:00:00+08:00,OPERATING,21.67,52.0,24.78,0,0,0,,2026-08-31T02:21:38.422656+00:00
2025-05-23,19,26.79,43,18.76,37.51,2025-05-23T09:00:00+08:00,2025-05-23T21:00:00+08:00,OPERATING,21.05,52.0,24.53,0,0,0,,2026-08-31T02:21:38.422656+00:00
2025-05-23,20,18.59,45,13.02,26.03,2025-05-23T09:00:00+08:00,2025-05-23T21:00:00+08:00,OPERATING,19.55,52.0,25.35,0,0,0,,2026-08-31T02:21:38.422656+00:00
2025-05-23,21,15.35,43,10.74,21.49,2025-05-23T09:00:00+08:00,2025-05-23T21:00:00+08:00,OPERATING,20.69,52.0,24.41,0,0,0,,2026-08-31T02:21:38.422656+00:00
2025-05-24,9,38.41,46,26.89,53.78,2025-05-24T09:00:00+08:00,2025-05-24T21:00:00+08:00,OPERATING,19.8,0.2,17.89,1,1,0,,2026-08-31T02:21:38.422656+00:00
2025-05-24,10,60.66,46,42.46,84.93,2025-05-24T09:00:00+08:00,2025-05-24T21:00:00+08:00,OPERATING,20.63,0.2,19.32,1,1,0,,2026-08-31T02:21:38.422656+00:00
2025-05-24,11,66.29,44,46.4,92.81,2025-05-24T09:00:00+08:00,2025-05-24T21:00:00+08:00,OPERATING,18.9,0.2,18.13,1,1,0,,2026-08-31T02:21:38.422656+00:00
2025-05-24,12,77.02,47,53.91,107.82,2025-05-24T09:00:00+08:00,2025-05-24T21:00:00+08:00,OPERATING,20.14,0.2,18.91,1,1,0,,2026-08-31T02:21:38.422656+00:00
2025-05-24,13,78.93,43,55.25,110.5,2025-05-24T09:00:00+08:00,2025-05-24T21:00:00+08:00,OPERATING,18.96,0.2,18.5,1,1,0,,2026-08-31T02:21:38.422656+00:00
2025-05-24,14,81.97,43,57.38,114.76,2025-05-24T09:00:00+08:00,2025-05-24T21:00:00+08:00,OPERATING,18.33,0.2,19.52,1,1,0,,2026-08-31T02:21:38.422656+00:00
2025-05-24,15,81.34,44,56.94,113.88,2025-05-24T09:00:00+08:00,2025-05-24T21:00:00+08:00,OPERATING,18.66,0.2,18.45,1,1,0,,2026-08-31T02:21:38.422656+00:00
2025-05-24,16,80.65,43,56.45,112.9,2025-05-24T09:00:00+08:00,2025-05-24T21:00:00+08:00,OPERATING,18.97,0.2,18.07,1,1,0,,2026-08-31T02:21:38.422656+00:00
2025-05-24,17,72.83,47,50.98,101.97,2025-05-24T09:00:00+08:00,2025-05-24T21:00:00+08:00,OPERATING,20.45,0.2,20.61,1,1,0,,2026-08-31T02:21:38.422656+00:00
2025-05-24,18,66.23,46,46.36,92.73,2025-05-24T09:00:00+08:00,2025-05-24T21:00:00+08:00,OPERATING,19.85,0.2,16.91,1,1,0,,2026-08-31T02:21:38.422656+00:00
2025-05-24,19,63.06,44,44.14,88.28,2025-05-24T09:00:00+08:00,2025-05-24T21:00:00+08:00,OPERATING,19.21,0.2,18.0,1,1,0,,2026-08-31T02:21:38.422656+00:00
2025-05-24,20,49.92,44,34.94,69.88,2025-05-24T09:00:00+08:00,2025-05-24T21:00:00+08:00,OPERATING,19.14,0.2,18.14,1,1,0,,2026-08-31T02:21:38.422656+00:00
2025-05-24,21,33.6,43,23.52,47.04,2025-05-24T09:00:00+08:00,2025-05-24T21:00:00+08:00,OPERATING,21.33,0.2,16.88,1,1,0,,2026-08-31T02:21:38.422656+00:00
2025-05-25,9,36.55,46,25.58,51.17,2025-05-25T09:00:00+08:00,2025-05-25T21:00:00+08:00,OPERATING,18.92,0.0,10.76,1,1,0,,2026-08-31T02:21:38.422656+00:00
2025-05-25,10,56.69,47,39.68,79.36,2025-05-25T09:00:00+08:00,2025-05-25T21:00:00+08:00,OPERATING,20.03,0.0,11.14,1,1,0,,2026-08-31T02:21:38.422656+00:00
2025-05-25,11,68.1,43,47.67,95.34,2025-05-25T09:00:00+08:00,2025-05-25T21:00:00+08:00,OPERATING,18.68,0.0,11.9,1,1,0,,2026-08-31T02:21:38.422656+00:00
2025-05-25,12,72.99,43,51.09,102.18,2025-05-25T09:00:00+08:00,2025-05-25T21:00:00+08:00,OPERATING,18.87,0.0,9.6,1,1,0,,2026-08-31T02:21:38.422656+00:00
2025-05-25,13,76.84,44,53.79,107.58,2025-05-25T09:00:00+08:00,2025-05-25T21:00:00+08:00,OPERATING,19.82,0.0,10.86,1,1,0,,2026-08-31T02:21:38.422656+00:00
2025-05-25,14,78.65,44,55.05,110.11,2025-05-25T09:00:00+08:00,2025-05-25T21:00:00+08:00,OPERATING,20.57,0.0,11.51,1,1,0,,2026-08-31T02:21:38.422656+00:00
2025-05-25,15,85.62,45,59.93,119.86,2025-05-25T09:00:00+08:00,2025-05-25T21:00:00+08:00,OPERATING,19.75,0.0,10.98,1,1,0,,2026-08-31T02:21:38.422656+00:00
2025-05-25,16,82.11,44,57.48,114.95,2025-05-25T09:00:00+08:00,2025-05-25T21:00:00+08:00,OPERATING,21.44,0.0,10.61,1,1,0,,2026-08-31T02:21:38.422656+00:00
2025-05-25,17,74.02,47,51.81,103.62,2025-05-25T09:00:00+08:00,2025-05-25T21:00:00+08:00,OPERATING,18.26,0.0,12.34,1,1,0,,2026-08-31T02:21:38.422656+00:00
2025-05-25,18,69.21,45,48.45,96.9,2025-05-25T09:00:00+08:00,2025-05-25T21:00:00+08:00,OPERATING,19.32,0.0,10.67,1,1,0,,2026-08-31T02:21:38.422656+00:00
2025-05-25,19,63.59,47,44.51,89.02,2025-05-25T09:00:00+08:00,2025-05-25T21:00:00+08:00,OPERATING,19.06,0.0,9.89,1,1,0,,2026-08-31T02:21:38.422656+00:00
2025-05-25,20,49.99,44,34.99,69.99,2025-05-25T09:00:00+08:00,2025-05-25T21:00:00+08:00,OPERATING,20.19,0.0,11.12,1,1,0,,2026-08-31T02:21:38.422656+00:00
2025-05-25,21,37.76,44,26.43,52.87,2025-05-25T09:00:00+08:00,2025-05-25T21:00:00+08:00,OPERATING,19.6,0.0,10.69,1,1,0,,2026-08-31T02:21:38.422656+00:00
2025-05-26,9,26.63,45,18.64,37.28,2025-05-26T09:00:00+08:00,2025-05-26T21:00:00+08:00,OPERATING,19.24,0.0,9.66,0,0,0,,2026-08-31T02:21:38.422656+00:00
2025-05-26,10,35.5,44,24.85,49.7,2025-05-26T09:00:00+08:00,2025-05-26T21:00:00+08:00,OPERATING,20.29,0.0,12.47,0,0,0,,2026-08-31T02:21:38.422656+00:00
2025-05-26,11,50.51,45,35.36,70.71,2025-05-26T09:00:00+08:00,2025-05-26T21:00:00+08:00,OPERATING,19.66,0.0,11.2,0,0,0,,2026-08-31T02:21:38.422656+00:00
2025-05-26,12,49.99,45,34.99,69.98,2025-05-26T09:00:00+08:00,2025-05-26T21:00:00+08:00,OPERATING,19.48,0.0,10.89,0,0,0,,2026-08-31T02:21:38.422656+00:00
2025-05-26,13,57.94,43,40.56,81.11,2025-05-26T09:00:00+08:00,2025-05-26T21:00:00+08:00,OPERATING,19.29,0.0,11.02,0,0,0,,2026-08-31T02:21:38.422656+00:00
2025-05-26,14,54.58,44,38.21,76.42,2025-05-26T09:00:00+08:00,2025-05-26T21:00:00+08:00,OPERATING,19.56,0.0,12.86,0,0,0,,2026-08-31T02:21:38.422656+00:00
2025-05-26,15,56.63,46,39.64,79.28,2025-05-26T09:00:00+08:00,2025-05-26T21:00:00+08:00,OPERATING,19.87,0.0,10.48,0,0,0,,2026-08-31T02:21:38.422656+00:00
2025-05-26,16,55.82,47,39.08,78.15,2025-05-26T09:00:00+08:00,2025-05-26T21:00:00+08:00,OPERATING,18.3,0.0,12.61,0,0,0,,2026-08-31T02:21:38.422656+00:00
2025-05-26,17,51.36,47,35.95,71.9,2025-05-26T09:00:00+08:00,2025-05-26T21:00:00+08:00,OPERATING,19.74,0.0,12.39,0,0,0,,2026-08-31T02:21:38.422656+00:00
2025-05-26,18,43.33,43,30.33,60.66,2025-05-26T09:00:00+08:00,2025-05-26T21:00:00+08:00,OPERATING,19.08,0.0,11.04,0,0,0,,2026-08-31T02:21:38.422656+00:00
2025-05-26,19,40.19,45,28.13,56.26,2025-05-26T09:00:00+08:00,2025-05-26T21:00:00+08:00,OPERATING,19.63,0.0,11.17,0,0,0,,2026-08-31T02:21:38.422656+00:00
2025-05-26,20,32.27,46,22.59,45.18,2025-05-26T09:00:00+08:00,2025-05-26T21:00:00+08:00,OPERATING,20.17,0.0,10.67,0,0,0,,2026-08-31T02:21:38.422656+00:00
2025-05-26,21,20.56,44,14.39,28.78,2025-05-26T09:00:00+08:00,2025-05-26T21:00:00+08:00,OPERATING,19.36,0.0,10.18,0,0,0,,2026-08-31T02:21:38.422656+00:00
2025-05-27,9,23.4,47,16.38,32.76,2025-05-27T09:00:00+08:00,2025-05-27T21:00:00+08:00,OPERATING,20.9,0.0,14.69,0,0,0,,2026-08-31T02:21:38.422656+00:00
2025-05-27,10,34.49,44,24.14,48.29,2025-05-27T09:00:00+08:00,2025-05-27T21:00:00+08:00,OPERATING,20.55,0.0,14.57,0,0,0,,2026-08-31T02:21:38.422656+00:00
2025-05-27,11,47.46,43,33.22,66.45,2025-05-27T09:00:00+08:00,2025-05-27T21:00:00+08:00,OPERATING,17.92,0.0,14.26,0,0,0,,2026-08-31T02:21:38.422656+00:00
2025-05-27,12,44.82,46,31.37,62.74,2025-05-27T09:00:00+08:00,2025-05-27T21:00:00+08:00,OPERATING,21.2,0.0,12.65,0,0,0,,2026-08-31T02:21:38.422656+00:00
2025-05-27,13,53.46,46,37.42,74.85,2025-05-27T09:00:00+08:00,2025-05-27T21:00:00+08:00,OPERATING,20.45,0.0,13.31,0,0,0,,2026-08-31T02:21:38.422656+00:00
2025-05-27,14,50.36,47,35.25,70.5,2025-05-27T09:00:00+08:00,2025-05-27T21:00:00+08:00,OPERATING,19.29,0.0,12.6,0,0,0,,2026-08-31T02:21:38.422656+00:00
2025-05-27,15,55.27,44,38.69,77.38,2025-05-27T09:00:00+08:00,2025-05-27T21:00:00+08:00,OPERATING,20.29,0.0,14.16,0,0,0,,2026-08-31T02:21:38.422656+00:00
2025-05-27,16,53.69,45,37.58,75.17,2025-05-27T09:00:00+08:00,2025-05-27T21:00:00+08:00,OPERATING,19.36,0.0,14.65,0,0,0,,2026-08-31T02:21:38.422656+00:00
2025-05-27,17,47.12,43,32.98,65.97,2025-05-27T09:00:00+08:00,2025-05-27T21:00:00+08:00,OPERATING,20.72,0.0,13.93,0,0,0,,2026-08-31T02:21:38.422656+00:00
2025-05-27,18,41.23,46,28.86,57.72,2025-05-27T09:00:00+08:00,2025-05-27T21:00:00+08:00,OPERATING,20.18,0.0,13.41,0,0,0,,2026-08-31T02:21:38.422656+00:00
2025-05-27,19,35.0,47,24.5,49.0,2025-05-27T09:00:00+08:00,2025-05-27T21:00:00+08:00,OPERATING,20.25,0.0,11.93,0,0,0,,2026-08-31T02:21:38.422656+00:00
2025-05-27,20,30.64,46,21.44,42.89,2025-05-27T09:00:00+08:00,2025-05-27T21:00:00+08:00,OPERATING,19.71,0.0,13.07,0,0,0,,2026-08-31T02:21:38.422656+00:00
2025-05-27,21,22.7,44,15.89,31.78,2025-05-27T09:00:00+08:00,2025-05-27T21:00:00+08:00,OPERATING,20.23,0.0,15.09,0,0,0,,2026-08-31T02:21:38.422656+00:00
2025-05-28,9,25.74,46,18.02,36.04,2025-05-28T09:00:00+08:00,2025-05-28T21:00:00+08:00,OPERATING,18.62,0.0,10.99,0,0,0,,2026-08-31T02:21:38.422656+00:00
2025-05-28,10,41.22,47,28.85,57.7,2025-05-28T09:00:00+08:00,2025-05-28T21:00:00+08:00,OPERATING,20.44,0.0,12.64,0,0,0,,2026-08-31T02:21:38.422656+00:00
2025-05-28,11,47.55,43,33.28,66.57,2025-05-28T09:00:00+08:00,2025-05-28T21:00:00+08:00,OPERATING,19.58,0.0,11.69,0,0,0,,2026-08-31T02:21:38.422656+00:00
2025-05-28,12,54.94,44,38.46,76.92,2025-05-28T09:00:00+08:00,2025-05-28T21:00:00+08:00,OPERATING,19.44,0.0,10.35,0,0,0,,2026-08-31T02:21:38.422656+00:00
2025-05-28,13,58.93,43,41.25,82.5,2025-05-28T09:00:00+08:00,2025-05-28T21:00:00+08:00,OPERATING,19.48,0.0,9.47,0,0,0,,2026-08-31T02:21:38.422656+00:00
2025-05-28,14,62.19,46,43.54,87.07,2025-05-28T09:00:00+08:00,2025-05-28T21:00:00+08:00,OPERATING,20.23,0.0,9.8,0,0,0,,2026-08-31T02:21:38.422656+00:00
2025-05-28,15,63.06,46,44.14,88.29,2025-05-28T09:00:00+08:00,2025-05-28T21:00:00+08:00,OPERATING,20.33,0.0,9.53,0,0,0,,2026-08-31T02:21:38.422656+00:00
2025-05-28,16,62.97,43,44.08,88.16,2025-05-28T09:00:00+08:00,2025-05-28T21:00:00+08:00,OPERATING,19.82,0.0,10.23,0,0,0,,2026-08-31T02:21:38.422656+00:00
2025-05-28,17,52.85,44,36.99,73.99,2025-05-28T09:00:00+08:00,2025-05-28T21:00:00+08:00,OPERATING,20.82,0.0,9.52,0,0,0,,2026-08-31T02:21:38.422656+00:00
2025-05-28,18,54.6,46,38.22,76.44,2025-05-28T09:00:00+08:00,2025-05-28T21:00:00+08:00,OPERATING,20.1,0.0,9.67,0,0,0,,2026-08-31T02:21:38.422656+00:00
2025-05-28,19,42.32,46,29.62,59.25,2025-05-28T09:00:00+08:00,2025-05-28T21:00:00+08:00,OPERATING,19.23,0.0,11.31,0,0,0,,2026-08-31T02:21:38.422656+00:00
2025-05-28,20,35.23,47,24.66,49.32,2025-05-28T09:00:00+08:00,2025-05-28T21:00:00+08:00,OPERATING,19.49,0.0,10.54,0,0,0,,2026-08-31T02:21:38.422656+00:00
2025-05-28,21,25.0,45,17.5,35.0,2025-05-28T09:00:00+08:00,2025-05-28T21:00:00+08:00,OPERATING,20.76,0.0,10.04,0,0,0,,2026-08-31T02:21:38.422656+00:00
2025-05-29,9,30.92,46,21.64,43.28,2025-05-29T09:00:00+08:00,2025-05-29T21:00:00+08:00,OPERATING,20.05,0.0,10.25,0,0,0,,2026-08-31T02:21:38.422656+00:00
2025-05-29,10,41.86,46,29.3,58.6,2025-05-29T09:00:00+08:00,2025-05-29T21:00:00+08:00,OPERATING,18.76,0.0,7.77,0,0,0,,2026-08-31T02:21:38.422656+00:00
2025-05-29,11,51.62,45,36.14,72.27,2025-05-29T09:00:00+08:00,2025-05-29T21:00:00+08:00,OPERATING,20.05,0.0,9.86,0,0,0,,2026-08-31T02:21:38.422656+00:00
2025-05-29,12,57.5,45,40.25,80.51,2025-05-29T09:00:00+08:00,2025-05-29T21:00:00+08:00,OPERATING,18.87,0.0,9.38,0,0,0,,2026-08-31T02:21:38.422656+00:00
2025-05-29,13,60.96,45,42.67,85.34,2025-05-29T09:00:00+08:00,2025-05-29T21:00:00+08:00,OPERATING,20.58,0.0,9.47,0,0,0,,2026-08-31T02:21:38.422656+00:00
2025-05-29,14,65.33,46,45.73,91.47,2025-05-29T09:00:00+08:00,2025-05-29T21:00:00+08:00,OPERATING,19.34,0.0,7.86,0,0,0,,2026-08-31T02:21:38.422656+00:00
2025-05-29,15,64.61,44,45.23,90.45,2025-05-29T09:00:00+08:00,2025-05-29T21:00:00+08:00,OPERATING,20.44,0.0,8.08,0,0,0,,2026-08-31T02:21:38.422656+00:00
2025-05-29,16,60.34,44,42.24,84.47,2025-05-29T09:00:00+08:00,2025-05-29T21:00:00+08:00,OPERATING,19.08,0.0,9.64,0,0,0,,2026-08-31T02:21:38.422656+00:00
2025-05-29,17,56.56,46,39.59,79.19,2025-05-29T09:00:00+08:00,2025-05-29T21:00:00+08:00,OPERATING,20.04,0.0,9.87,0,0,0,,2026-08-31T02:21:38.422656+00:00
2025-05-29,18,52.16,43,36.52,73.03,2025-05-29T09:00:00+08:00,2025-05-29T21:00:00+08:00,OPERATING,19.36,0.0,9.94,0,0,0,,2026-08-31T02:21:38.422656+00:00
2025-05-29,19,43.08,46,30.15,60.31,2025-05-29T09:00:00+08:00,2025-05-29T21:00:00+08:00,OPERATING,20.03,0.0,9.93,0,0,0,,2026-08-31T02:21:38.422656+00:00
2025-05-29,20,38.86,46,27.2,54.4,2025-05-29T09:00:00+08:00,2025-05-29T21:00:00+08:00,OPERATING,19.87,0.0,8.8,0,0,0,,2026-08-31T02:21:38.422656+00:00
2025-05-29,21,28.31,47,19.82,39.64,2025-05-29T09:00:00+08:00,2025-05-29T21:00:00+08:00,OPERATING,19.53,0.0,10.91,0,0,0,,2026-08-31T02:21:38.422656+00:00
2025-05-30,9,26.44,45,18.51,37.02,2025-05-30T09:00:00+08:00,2025-05-30T21:00:00+08:00,OPERATING,21.92,0.0,11.51,0,0,0,,2026-08-31T02:21:38.422656+00:00
2025-05-30,10,40.0,47,28.0,56.01,2025-05-30T09:00:00+08:00,2025-05-30T21:00:00+08:00,OPERATING,20.83,0.0,11.36,0,0,0,,2026-08-31T02:21:38.422656+00:00
2025-05-30,11,49.3,46,34.51,69.02,2025-05-30T09:00:00+08:00,2025-05-30T21:00:00+08:00,OPERATING,20.8,0.0,10.71,0,0,0,,2026-08-31T02:21:38.422656+00:00
2025-05-30,12,56.24,43,39.37,78.74,2025-05-30T09:00:00+08:00,2025-05-30T21:00:00+08:00,OPERATING,21.73,0.0,11.02,0,0,0,,2026-08-31T02:21:38.422656+00:00
2025-05-30,13,57.73,46,40.41,80.82,2025-05-30T09:00:00+08:00,2025-05-30T21:00:00+08:00,OPERATING,21.67,0.0,12.26,0,0,0,,2026-08-31T02:21:38.422656+00:00
2025-05-30,14,60.83,46,42.58,85.16,2025-05-30T09:00:00+08:00,2025-05-30T21:00:00+08:00,OPERATING,21.63,0.0,12.07,0,0,0,,2026-08-31T02:21:38.422656+00:00
2025-05-30,15,60.95,43,42.66,85.33,2025-05-30T09:00:00+08:00,2025-05-30T21:00:00+08:00,OPERATING,20.75,0.0,11.73,0,0,0,,2026-08-31T02:21:38.422656+00:00
2025-05-30,16,61.53,44,43.07,86.14,2025-05-30T09:00:00+08:00,2025-05-30T21:00:00+08:00,OPERATING,21.35,0.0,10.0,0,0,0,,2026-08-31T02:21:38.422656+00:00
2025-05-30,17,52.22,45,36.55,73.1,2025-05-30T09:00:00+08:00,2025-05-30T21:00:00+08:00,OPERATING,21.1,0.0,11.61,0,0,0,,2026-08-31T02:21:38.422656+00:00
2025-05-30,18,50.33,45,35.23,70.47,2025-05-30T09:00:00+08:00,2025-05-30T21:00:00+08:00,OPERATING,20.81,0.0,13.32,0,0,0,,2026-08-31T02:21:38.422656+00:00
2025-05-30,19,43.86,47,30.7,61.4,2025-05-30T09:00:00+08:00,2025-05-30T21:00:00+08:00,OPERATING,20.65,0.0,10.98,0,0,0,,2026-08-31T02:21:38.422656+00:00
2025-05-30,20,33.72,44,23.6,47.21,2025-05-30T09:00:00+08:00,2025-05-30T21:00:00+08:00,OPERATING,21.44,0.0,11.3,0,0,0,,2026-08-31T02:21:38.422656+00:00
2025-05-30,21,25.3,44,17.71,35.42,2025-05-30T09:00:00+08:00,2025-05-30T21:00:00+08:00,OPERATING,21.77,0.0,10.42,0,0,0,,2026-08-31T02:21:38.422656+00:00
2025-05-31,9,39.19,46,27.43,54.87,2025-05-31T09:00:00+08:00,2025-05-31T21:00:00+08:00,OPERATING,22.69,5.6,17.39,1,1,0,,2026-08-31T02:21:38.422656+00:00
2025-05-31,10,47.91,46,33.54,67.08,2025-05-31T09:00:00+08:00,2025-05-31T21:00:00+08:00,OPERATING,20.49,5.6,16.67,1,1,0,,2026-08-31T02:21:38.422656+00:00
2025-05-31,11,62.39,43,43.67,87.34,2025-05-31T09:00:00+08:00,2025-05-31T21:00:00+08:00,OPERATING,21.54,5.6,16.02,1,1,0,,2026-08-31T02:21:38.422656+00:00
2025-05-31,12,66.67,44,46.67,93.33,2025-05-31T09:00:00+08:00,2025-05-31T21:00:00+08:00,OPERATING,20.19,5.6,16.83,1,1,0,,2026-08-31T02:21:38.422656+00:00
2025-05-31,13,57.43,44,47.29,94.59,2025-05-31T09:00:00+08:00,2025-05-31T21:00:00+08:00,OPERATING,19.97,5.6,16.75,1,1,0,,2026-08-31T02:21:38.422656+00:00
2025-05-31,14,64.59,46,53.19,106.38,2025-05-31T09:00:00+08:00,2025-05-31T21:00:00+08:00,OPERATING,20.34,5.6,17.02,1,1,0,,2026-08-31T02:21:38.422656+00:00
2025-05-31,15,65.13,47,53.63,107.27,2025-05-31T09:00:00+08:00,2025-05-31T21:00:00+08:00,OPERATING,21.56,5.6,16.91,1,1,0,,2026-08-31T02:21:38.422656+00:00
2025-05-31,16,61.81,45,50.9,101.8,2025-05-31T09:00:00+08:00,2025-05-31T21:00:00+08:00,OPERATING,20.82,5.6,19.31,1,1,0,,2026-08-31T02:21:38.422656+00:00
2025-05-31,17,71.13,47,49.79,99.59,2025-05-31T09:00:00+08:00,2025-05-31T21:00:00+08:00,OPERATING,21.05,5.6,18.87,1,1,0,,2026-08-31T02:21:38.422656+00:00
2025-05-31,18,63.41,44,44.39,88.78,2025-05-31T09:00:00+08:00,2025-05-31T21:00:00+08:00,OPERATING,19.75,5.6,18.95,1,1,0,,2026-08-31T02:21:38.422656+00:00
2025-05-31,19,52.99,43,37.09,74.18,2025-05-31T09:00:00+08:00,2025-05-31T21:00:00+08:00,OPERATING,21.09,5.6,16.65,1,1,0,,2026-08-31T02:21:38.422656+00:00
2025-05-31,20,42.85,43,29.99,59.99,2025-05-31T09:00:00+08:00,2025-05-31T21:00:00+08:00,OPERATING,21.58,5.6,17.05,1,1,0,,2026-08-31T02:21:38.422656+00:00
2025-05-31,21,32.79,46,22.95,45.91,2025-05-31T09:00:00+08:00,2025-05-31T21:00:00+08:00,OPERATING,21.93,5.6,16.8,1,1,0,,2026-08-31T02:21:38.422656+00:00
2025-06-01,9,31.53,47,22.07,44.14,2025-06-01T09:00:00+08:00,2025-06-01T21:00:00+08:00,OPERATING,20.89,34.6,22.73,1,1,0,,2026-08-31T02:21:38.422656+00:00
2025-06-01,10,43.73,44,30.61,61.22,2025-06-01T09:00:00+08:00,2025-06-01T21:00:00+08:00,OPERATING,19.25,34.6,23.44,1,1,0,,2026-08-31T02:21:38.422656+00:00
2025-06-01,11,52.57,44,36.8,73.59,2025-06-01T09:00:00+08:00,2025-06-01T21:00:00+08:00,OPERATING,17.85,34.6,22.51,1,1,0,,2026-08-31T02:21:38.422656+00:00
2025-06-01,12,60.69,43,42.48,84.96,2025-06-01T09:00:00+08:00,2025-06-01T21:00:00+08:00,OPERATING,18.38,34.6,22.55,1,1,0,,2026-08-31T02:21:38.422656+00:00
2025-06-01,13,52.88,44,43.55,87.1,2025-06-01T09:00:00+08:00,2025-06-01T21:00:00+08:00,OPERATING,20.22,34.6,23.65,1,1,0,,2026-08-31T02:21:38.422656+00:00
2025-06-01,14,54.8,46,45.13,90.26,2025-06-01T09:00:00+08:00,2025-06-01T21:00:00+08:00,OPERATING,17.96,34.6,23.59,1,1,0,,2026-08-31T02:21:38.422656+00:00
2025-06-01,15,57.69,43,47.51,95.02,2025-06-01T09:00:00+08:00,2025-06-01T21:00:00+08:00,OPERATING,19.73,34.6,23.22,1,1,0,,2026-08-31T02:21:38.422656+00:00
2025-06-01,16,53.98,43,44.45,88.91,2025-06-01T09:00:00+08:00,2025-06-01T21:00:00+08:00,OPERATING,17.66,34.6,25.09,1,1,0,,2026-08-31T02:21:38.422656+00:00
2025-06-01,17,60.45,45,42.32,84.63,2025-06-01T09:00:00+08:00,2025-06-01T21:00:00+08:00,OPERATING,17.98,34.6,22.14,1,1,0,,2026-08-31T02:21:38.422656+00:00
2025-06-01,18,55.12,44,38.59,77.17,2025-06-01T09:00:00+08:00,2025-06-01T21:00:00+08:00,OPERATING,18.39,34.6,22.39,1,1,0,,2026-08-31T02:21:38.422656+00:00
2025-06-01,19,49.32,47,34.52,69.05,2025-06-01T09:00:00+08:00,2025-06-01T21:00:00+08:00,OPERATING,18.58,34.6,22.91,1,1,0,,2026-08-31T02:21:38.422656+00:00
2025-06-01,20,41.39,47,28.97,57.94,2025-06-01T09:00:00+08:00,2025-06-01T21:00:00+08:00,OPERATING,18.17,34.6,22.07,1,1,0,,2026-08-31T02:21:38.422656+00:00
2025-06-01,21,26.87,47,18.81,37.61,2025-06-01T09:00:00+08:00,2025-06-01T21:00:00+08:00,OPERATING,18.37,34.6,20.07,1,1,0,,2026-08-31T02:21:38.422656+00:00
2025-06-02,9,29.44,46,20.61,41.22,2025-06-02T09:00:00+08:00,2025-06-02T21:00:00+08:00,OPERATING,20.24,5.6,14.6,1,0,0,,2026-08-31T02:21:38.422656+00:00
2025-06-02,10,41.44,43,29.01,58.02,2025-06-02T09:00:00+08:00,2025-06-02T21:00:00+08:00,OPERATING,20.67,5.6,13.58,1,0,0,,2026-08-31T02:21:38.422656+00:00
2025-06-02,11,51.43,45,36.0,72.0,2025-06-02T09:00:00+08:00,2025-06-02T21:00:00+08:00,OPERATING,22.11,5.6,16.42,1,0,0,,2026-08-31T02:21:38.422656+00:00
2025-06-02,12,60.32,44,42.22,84.45,2025-06-02T09:00:00+08:00,2025-06-02T21:00:00+08:00,OPERATING,21.64,5.6,17.01,1,0,0,,2026-08-31T02:21:38.422656+00:00
2025-06-02,13,51.59,43,42.49,84.97,2025-06-02T09:00:00+08:00,2025-06-02T21:00:00+08:00,OPERATING,20.33,5.6,16.8,1,0,0,,2026-08-31T02:21:38.422656+00:00
2025-06-02,14,53.74,47,44.25,88.51,2025-06-02T09:00:00+08:00,2025-06-02T21:00:00+08:00,OPERATING,21.46,5.6,18.11,1,0,0,,2026-08-31T02:21:38.422656+00:00
2025-06-02,15,58.28,45,48.0,95.99,2025-06-02T09:00:00+08:00,2025-06-02T21:00:00+08:00,OPERATING,21.9,5.6,16.04,1,0,0,,2026-08-31T02:21:38.422656+00:00
2025-06-02,16,52.3,43,43.07,86.15,2025-06-02T09:00:00+08:00,2025-06-02T21:00:00+08:00,OPERATING,21.58,5.6,15.35,1,0,0,,2026-08-31T02:21:38.422656+00:00
2025-06-02,17,63.19,45,44.23,88.46,2025-06-02T09:00:00+08:00,2025-06-02T21:00:00+08:00,OPERATING,20.26,5.6,15.62,1,0,0,,2026-08-31T02:21:38.422656+00:00
2025-06-02,18,57.82,44,40.47,80.95,2025-06-02T09:00:00+08:00,2025-06-02T21:00:00+08:00,OPERATING,19.82,5.6,15.78,1,0,0,,2026-08-31T02:21:38.422656+00:00
2025-06-02,19,50.43,46,35.3,70.6,2025-06-02T09:00:00+08:00,2025-06-02T21:00:00+08:00,OPERATING,21.11,5.6,17.37,1,0,0,,2026-08-31T02:21:38.422656+00:00
2025-06-02,20,38.63,43,27.04,54.09,2025-06-02T09:00:00+08:00,2025-06-02T21:00:00+08:00,OPERATING,21.5,5.6,15.73,1,0,0,,2026-08-31T02:21:38.422656+00:00
2025-06-02,21,29.75,46,20.82,41.65,2025-06-02T09:00:00+08:00,2025-06-02T21:00:00+08:00,OPERATING,21.43,5.6,15.99,1,0,0,,2026-08-31T02:21:38.422656+00:00
2025-06-03,9,27.21,43,19.05,38.1,2025-06-03T09:00:00+08:00,2025-06-03T21:00:00+08:00,OPERATING,23.02,0.0,11.39,0,0,0,,2026-08-31T02:21:38.422656+00:00
2025-06-03,10,37.13,44,25.99,51.99,2025-06-03T09:00:00+08:00,2025-06-03T21:00:00+08:00,OPERATING,21.93,0.0,12.44,0,0,0,,2026-08-31T02:21:38.422656+00:00
2025-06-03,11,49.37,44,34.56,69.11,2025-06-03T09:00:00+08:00,2025-06-03T21:00:00+08:00,OPERATING,21.65,0.0,11.99,0,0,0,,2026-08-31T02:21:38.422656+00:00
2025-06-03,12,53.01,45,37.1,74.21,2025-06-03T09:00:00+08:00,2025-06-03T21:00:00+08:00,OPERATING,20.82,0.0,11.62,0,0,0,,2026-08-31T02:21:38.422656+00:00
2025-06-03,13,51.28,47,35.89,71.79,2025-06-03T09:00:00+08:00,2025-06-03T21:00:00+08:00,OPERATING,21.49,0.0,12.95,0,0,0,,2026-08-31T02:21:38.422656+00:00
2025-06-03,14,56.82,47,39.77,79.54,2025-06-03T09:00:00+08:00,2025-06-03T21:00:00+08:00,OPERATING,22.93,0.0,13.61,0,0,0,,2026-08-31T02:21:38.422656+00:00
2025-06-03,15,61.41,45,42.99,85.97,2025-06-03T09:00:00+08:00,2025-06-03T21:00:00+08:00,OPERATING,20.91,0.0,12.92,0,0,0,,2026-08-31T02:21:38.422656+00:00
2025-06-03,16,55.38,47,38.77,77.54,2025-06-03T09:00:00+08:00,2025-06-03T21:00:00+08:00,OPERATING,21.57,0.0,12.11,0,0,0,,2026-08-31T02:21:38.422656+00:00
2025-06-03,17,54.92,43,38.44,76.88,2025-06-03T09:00:00+08:00,2025-06-03T21:00:00+08:00,OPERATING,20.69,0.0,13.01,0,0,0,,2026-08-31T02:21:38.422656+00:00
2025-06-03,18,45.07,43,31.55,63.09,2025-06-03T09:00:00+08:00,2025-06-03T21:00:00+08:00,OPERATING,22.03,0.0,12.56,0,0,0,,2026-08-31T02:21:38.422656+00:00
2025-06-03,19,39.73,43,27.81,55.63,2025-06-03T09:00:00+08:00,2025-06-03T21:00:00+08:00,OPERATING,21.97,0.0,11.94,0,0,0,,2026-08-31T02:21:38.422656+00:00
2025-06-03,20,30.73,47,21.51,43.02,2025-06-03T09:00:00+08:00,2025-06-03T21:00:00+08:00,OPERATING,22.06,0.0,12.45,0,0,0,,2026-08-31T02:21:38.422656+00:00
2025-06-03,21,21.26,45,14.88,29.76,2025-06-03T09:00:00+08:00,2025-06-03T21:00:00+08:00,OPERATING,22.68,0.0,13.65,0,0,0,,2026-08-31T02:21:38.422656+00:00
2025-06-04,9,30.43,44,21.3,42.6,2025-06-04T09:00:00+08:00,2025-06-04T21:00:00+08:00,OPERATING,24.34,0.0,9.31,0,0,0,,2026-08-31T02:21:38.422656+00:00
2025-06-04,10,38.12,47,26.68,53.37,2025-06-04T09:00:00+08:00,2025-06-04T21:00:00+08:00,OPERATING,24.82,0.0,10.33,0,0,0,,2026-08-31T02:21:38.422656+00:00
2025-06-04,11,47.52,47,33.27,66.53,2025-06-04T09:00:00+08:00,2025-06-04T21:00:00+08:00,OPERATING,23.19,0.0,11.4,0,0,0,,2026-08-31T02:21:38.422656+00:00
2025-06-04,12,55.94,45,39.16,78.32,2025-06-04T09:00:00+08:00,2025-06-04T21:00:00+08:00,OPERATING,24.13,0.0,10.21,0,0,0,,2026-08-31T02:21:38.422656+00:00
2025-06-04,13,59.6,43,41.72,83.43,2025-06-04T09:00:00+08:00,2025-06-04T21:00:00+08:00,OPERATING,23.46,0.0,8.67,0,0,0,,2026-08-31T02:21:38.422656+00:00
2025-06-04,14,55.89,43,39.12,78.25,2025-06-04T09:00:00+08:00,2025-06-04T21:00:00+08:00,OPERATING,22.91,0.0,9.74,0,0,0,,2026-08-31T02:21:38.422656+00:00
2025-06-04,15,61.2,44,42.84,85.68,2025-06-04T09:00:00+08:00,2025-06-04T21:00:00+08:00,OPERATING,24.5,0.0,9.07,0,0,0,,2026-08-31T02:21:38.422656+00:00
2025-06-04,16,59.92,46,41.94,83.88,2025-06-04T09:00:00+08:00,2025-06-04T21:00:00+08:00,OPERATING,24.04,0.0,8.22,0,0,0,,2026-08-31T02:21:38.422656+00:00
2025-06-04,17,54.61,47,38.23,76.46,2025-06-04T09:00:00+08:00,2025-06-04T21:00:00+08:00,OPERATING,24.44,0.0,9.44,0,0,0,,2026-08-31T02:21:38.422656+00:00
2025-06-04,18,47.24,43,33.07,66.13,2025-06-04T09:00:00+08:00,2025-06-04T21:00:00+08:00,OPERATING,22.45,0.0,10.73,0,0,0,,2026-08-31T02:21:38.422656+00:00
2025-06-04,19,44.35,44,31.04,62.09,2025-06-04T09:00:00+08:00,2025-06-04T21:00:00+08:00,OPERATING,22.18,0.0,11.05,0,0,0,,2026-08-31T02:21:38.422656+00:00
2025-06-04,20,36.07,47,25.25,50.5,2025-06-04T09:00:00+08:00,2025-06-04T21:00:00+08:00,OPERATING,25.68,0.0,8.4,0,0,0,,2026-08-31T02:21:38.422656+00:00
2025-06-04,21,24.43,47,17.1,34.21,2025-06-04T09:00:00+08:00,2025-06-04T21:00:00+08:00,OPERATING,24.63,0.0,10.64,0,0,0,,2026-08-31T02:21:38.422656+00:00
2025-06-05,9,27.15,43,19.01,38.01,2025-06-05T09:00:00+08:00,2025-06-05T21:00:00+08:00,OPERATING,25.43,0.0,17.35,0,0,0,,2026-08-31T02:21:38.422656+00:00
2025-06-05,10,39.06,44,27.34,54.69,2025-06-05T09:00:00+08:00,2025-06-05T21:00:00+08:00,OPERATING,22.71,0.0,17.04,0,0,0,,2026-08-31T02:21:38.422656+00:00
2025-06-05,11,48.07,46,33.65,67.3,2025-06-05T09:00:00+08:00,2025-06-05T21:00:00+08:00,OPERATING,24.8,0.0,16.75,0,0,0,,2026-08-31T02:21:38.422656+00:00
2025-06-05,12,54.72,47,38.31,76.61,2025-06-05T09:00:00+08:00,2025-06-05T21:00:00+08:00,OPERATING,24.11,0.0,16.8,0,0,0,,2026-08-31T02:21:38.422656+00:00
2025-06-05,13,58.45,46,40.91,81.83,2025-06-05T09:00:00+08:00,2025-06-05T21:00:00+08:00,OPERATING,22.72,0.0,17.25,0,0,0,,2026-08-31T02:21:38.422656+00:00
2025-06-05,14,62.77,43,43.94,87.88,2025-06-05T09:00:00+08:00,2025-06-05T21:00:00+08:00,OPERATING,24.52,0.0,17.95,0,0,0,,2026-08-31T02:21:38.422656+00:00
2025-06-05,15,64.69,46,45.28,90.57,2025-06-05T09:00:00+08:00,2025-06-05T21:00:00+08:00,OPERATING,24.4,0.0,15.32,0,0,0,,2026-08-31T02:21:38.422656+00:00
2025-06-05,16,60.26,44,42.18,84.36,2025-06-05T09:00:00+08:00,2025-06-05T21:00:00+08:00,OPERATING,25.06,0.0,16.22,0,0,0,,2026-08-31T02:21:38.422656+00:00
2025-06-05,17,52.89,46,37.02,74.04,2025-06-05T09:00:00+08:00,2025-06-05T21:00:00+08:00,OPERATING,24.23,0.0,16.03,0,0,0,,2026-08-31T02:21:38.422656+00:00
2025-06-05,18,47.58,47,33.31,66.62,2025-06-05T09:00:00+08:00,2025-06-05T21:00:00+08:00,OPERATING,24.76,0.0,16.64,0,0,0,,2026-08-31T02:21:38.422656+00:00
2025-06-05,19,45.74,46,32.02,64.04,2025-06-05T09:00:00+08:00,2025-06-05T21:00:00+08:00,OPERATING,24.89,0.0,16.45,0,0,0,,2026-08-31T02:21:38.422656+00:00
2025-06-05,20,37.84,44,26.49,52.98,2025-06-05T09:00:00+08:00,2025-06-05T21:00:00+08:00,OPERATING,24.12,0.0,16.28,0,0,0,,2026-08-31T02:21:38.422656+00:00
2025-06-05,21,28.59,46,20.01,40.03,2025-06-05T09:00:00+08:00,2025-06-05T21:00:00+08:00,OPERATING,24.48,0.0,18.4,0,0,0,,2026-08-31T02:21:38.422656+00:00
2025-06-06,9,32.46,43,22.72,45.45,2025-06-06T09:00:00+08:00,2025-06-06T21:00:00+08:00,OPERATING,26.2,0.0,17.86,0,0,0,,2026-08-31T02:21:38.422656+00:00
2025-06-06,10,36.98,45,25.88,51.77,2025-06-06T09:00:00+08:00,2025-06-06T21:00:00+08:00,OPERATING,25.69,0.0,16.69,0,0,0,,2026-08-31T02:21:38.422656+00:00
2025-06-06,11,47.06,43,32.94,65.88,2025-06-06T09:00:00+08:00,2025-06-06T21:00:00+08:00,OPERATING,23.82,0.0,16.86,0,0,0,,2026-08-31T02:21:38.422656+00:00
2025-06-06,12,52.24,45,36.57,73.14,2025-06-06T09:00:00+08:00,2025-06-06T21:00:00+08:00,OPERATING,26.87,0.0,17.27,0,0,0,,2026-08-31T02:21:38.422656+00:00
2025-06-06,13,52.59,47,36.82,73.63,2025-06-06T09:00:00+08:00,2025-06-06T21:00:00+08:00,OPERATING,26.5,0.0,15.99,0,0,0,,2026-08-31T02:21:38.422656+00:00
2025-06-06,14,56.97,45,39.88,79.76,2025-06-06T09:00:00+08:00,2025-06-06T21:00:00+08:00,OPERATING,24.77,0.0,19.09,0,0,0,,2026-08-31T02:21:38.422656+00:00
2025-06-06,15,60.47,47,42.33,84.66,2025-06-06T09:00:00+08:00,2025-06-06T21:00:00+08:00,OPERATING,25.33,0.0,16.91,0,0,0,,2026-08-31T02:21:38.422656+00:00
2025-06-06,16,54.69,45,38.29,76.57,2025-06-06T09:00:00+08:00,2025-06-06T21:00:00+08:00,OPERATING,26.05,0.0,15.79,0,0,0,,2026-08-31T02:21:38.422656+00:00
2025-06-06,17,51.88,47,36.32,72.63,2025-06-06T09:00:00+08:00,2025-06-06T21:00:00+08:00,OPERATING,25.21,0.0,17.08,0,0,0,,2026-08-31T02:21:38.422656+00:00
2025-06-06,18,49.1,44,34.37,68.74,2025-06-06T09:00:00+08:00,2025-06-06T21:00:00+08:00,OPERATING,24.57,0.0,16.41,0,0,0,,2026-08-31T02:21:38.422656+00:00
2025-06-06,19,39.03,44,27.32,54.64,2025-06-06T09:00:00+08:00,2025-06-06T21:00:00+08:00,OPERATING,26.5,0.0,16.92,0,0,0,,2026-08-31T02:21:38.422656+00:00
2025-06-06,20,34.61,47,24.23,48.45,2025-06-06T09:00:00+08:00,2025-06-06T21:00:00+08:00,OPERATING,26.29,0.0,18.95,0,0,0,,2026-08-31T02:21:38.422656+00:00
2025-06-06,21,25.81,47,18.07,36.14,2025-06-06T09:00:00+08:00,2025-06-06T21:00:00+08:00,OPERATING,25.65,0.0,19.23,0,0,0,,2026-08-31T02:21:38.422656+00:00
2025-06-07,9,30.62,44,21.43,42.87,2025-06-07T09:00:00+08:00,2025-06-07T21:00:00+08:00,OPERATING,24.03,22.1,11.85,1,1,0,,2026-08-31T02:21:38.422656+00:00
2025-06-07,10,38.82,43,27.17,54.34,2025-06-07T09:00:00+08:00,2025-06-07T21:00:00+08:00,OPERATING,23.96,22.1,11.89,1,1,0,,2026-08-31T02:21:38.422656+00:00
2025-06-07,11,54.19,46,37.93,75.86,2025-06-07T09:00:00+08:00,2025-06-07T21:00:00+08:00,OPERATING,24.85,22.1,12.62,1,1,0,,2026-08-31T02:21:38.422656+00:00
2025-06-07,12,60.5,45,42.35,84.7,2025-06-07T09:00:00+08:00,2025-06-07T21:00:00+08:00,OPERATING,23.57,22.1,11.82,1,1,0,,2026-08-31T02:21:38.422656+00:00
2025-06-07,13,52.8,47,43.49,86.97,2025-06-07T09:00:00+08:00,2025-06-07T21:00:00+08:00,OPERATING,22.8,22.1,9.45,1,1,0,,2026-08-31T02:21:38.422656+00:00
2025-06-07,14,56.19,43,46.28,92.56,2025-06-07T09:00:00+08:00,2025-06-07T21:00:00+08:00,OPERATING,23.9,22.1,13.45,1,1,0,,2026-08-31T02:21:38.422656+00:00
2025-06-07,15,59.57,44,49.06,98.12,2025-06-07T09:00:00+08:00,2025-06-07T21:00:00+08:00,OPERATING,24.96,22.1,7.71,1,1,0,,2026-08-31T02:21:38.422656+00:00
2025-06-07,16,56.38,45,46.43,92.86,2025-06-07T09:00:00+08:00,2025-06-07T21:00:00+08:00,OPERATING,24.39,22.1,12.76,1,1,0,,2026-08-31T02:21:38.422656+00:00
2025-06-07,17,54.93,47,38.45,76.9,2025-06-07T09:00:00+08:00,2025-06-07T21:00:00+08:00,OPERATING,24.51,22.1,10.9,1,1,0,,2026-08-31T02:21:38.422656+00:00
2025-06-07,18,54.04,45,37.83,75.66,2025-06-07T09:00:00+08:00,2025-06-07T21:00:00+08:00,OPERATING,23.2,22.1,9.94,1,1,0,,2026-08-31T02:21:38.422656+00:00
2025-06-07,19,44.36,47,31.05,62.1,2025-06-07T09:00:00+08:00,2025-06-07T21:00:00+08:00,OPERATING,22.24,22.1,11.59,1,1,0,,2026-08-31T02:21:38.422656+00:00
2025-06-07,20,38.45,46,26.92,53.83,2025-06-07T09:00:00+08:00,2025-06-07T21:00:00+08:00,OPERATING,24.46,22.1,11.4,1,1,0,,2026-08-31T02:21:38.422656+00:00
2025-06-07,21,26.9,46,18.83,37.67,2025-06-07T09:00:00+08:00,2025-06-07T21:00:00+08:00,OPERATING,25.19,22.1,9.22,1,1,0,,2026-08-31T02:21:38.422656+00:00
2025-06-08,9,33.51,45,23.46,46.92,2025-06-08T09:00:00+08:00,2025-06-08T21:00:00+08:00,OPERATING,23.99,37.2,15.77,1,1,0,,2026-08-31T02:21:38.422656+00:00
2025-06-08,10,41.55,45,29.09,58.17,2025-06-08T09:00:00+08:00,2025-06-08T21:00:00+08:00,OPERATING,22.56,37.2,16.85,1,1,0,,2026-08-31T02:21:38.422656+00:00
2025-06-08,11,47.92,43,33.55,67.09,2025-06-08T09:00:00+08:00,2025-06-08T21:00:00+08:00,OPERATING,23.62,37.2,17.72,1,1,0,,2026-08-31T02:21:38.422656+00:00
2025-06-08,12,55.15,47,38.61,77.21,2025-06-08T09:00:00+08:00,2025-06-08T21:00:00+08:00,OPERATING,22.44,37.2,17.57,1,1,0,,2026-08-31T02:21:38.422656+00:00
2025-06-08,13,52.17,44,42.97,85.93,2025-06-08T09:00:00+08:00,2025-06-08T21:00:00+08:00,OPERATING,22.56,37.2,15.97,1,1,0,,2026-08-31T02:21:38.422656+00:00
2025-06-08,14,53.13,47,43.75,87.5,2025-06-08T09:00:00+08:00,2025-06-08T21:00:00+08:00,OPERATING,22.25,37.2,18.67,1,1,0,,2026-08-31T02:21:38.422656+00:00
2025-06-08,15,51.44,46,42.36,84.72,2025-06-08T09:00:00+08:00,2025-06-08T21:00:00+08:00,OPERATING,22.93,37.2,17.37,1,1,0,,2026-08-31T02:21:38.422656+00:00
2025-06-08,16,51.03,45,42.02,84.04,2025-06-08T09:00:00+08:00,2025-06-08T21:00:00+08:00,OPERATING,22.05,37.2,18.96,1,1,0,,2026-08-31T02:21:38.422656+00:00
2025-06-08,17,56.52,47,39.56,79.13,2025-06-08T09:00:00+08:00,2025-06-08T21:00:00+08:00,OPERATING,22.68,37.2,16.22,1,1,0,,2026-08-31T02:21:38.422656+00:00
2025-06-08,18,53.5,47,37.45,74.89,2025-06-08T09:00:00+08:00,2025-06-08T21:00:00+08:00,OPERATING,22.7,37.2,17.79,1,1,0,,2026-08-31T02:21:38.422656+00:00
2025-06-08,19,45.08,43,31.55,63.11,2025-06-08T09:00:00+08:00,2025-06-08T21:00:00+08:00,OPERATING,24.41,37.2,17.86,1,1,0,,2026-08-31T02:21:38.422656+00:00
2025-06-08,20,38.3,44,26.81,53.62,2025-06-08T09:00:00+08:00,2025-06-08T21:00:00+08:00,OPERATING,24.26,37.2,18.07,1,1,0,,2026-08-31T02:21:38.422656+00:00
2025-06-08,21,27.37,43,19.16,38.31,2025-06-08T09:00:00+08:00,2025-06-08T21:00:00+08:00,OPERATING,23.12,37.2,15.45,1,1,0,,2026-08-31T02:21:38.422656+00:00
2025-06-09,9,20.76,45,14.53,29.06,2025-06-09T09:00:00+08:00,2025-06-09T21:00:00+08:00,OPERATING,22.61,12.0,12.66,0,0,0,,2026-08-31T02:21:38.422656+00:00
2025-06-09,10,32.21,45,22.54,45.09,2025-06-09T09:00:00+08:00,2025-06-09T21:00:00+08:00,OPERATING,22.71,12.0,13.8,0,0,0,,2026-08-31T02:21:38.422656+00:00
2025-06-09,11,41.07,44,28.75,57.5,2025-06-09T09:00:00+08:00,2025-06-09T21:00:00+08:00,OPERATING,22.46,12.0,14.6,0,0,0,,2026-08-31T02:21:38.422656+00:00
2025-06-09,12,44.42,43,31.09,62.19,2025-06-09T09:00:00+08:00,2025-06-09T21:00:00+08:00,OPERATING,23.19,12.0,14.0,0,0,0,,2026-08-31T02:21:38.422656+00:00
2025-06-09,13,38.96,47,32.08,64.16,2025-06-09T09:00:00+08:00,2025-06-09T21:00:00+08:00,OPERATING,21.6,12.0,12.66,0,0,0,,2026-08-31T02:21:38.422656+00:00
2025-06-09,14,42.17,46,34.73,69.46,2025-06-09T09:00:00+08:00,2025-06-09T21:00:00+08:00,OPERATING,22.37,12.0,14.05,0,0,0,,2026-08-31T02:21:38.422656+00:00
2025-06-09,15,43.96,46,36.21,72.41,2025-06-09T09:00:00+08:00,2025-06-09T21:00:00+08:00,OPERATING,22.88,12.0,15.34,0,0,0,,2026-08-31T02:21:38.422656+00:00
2025-06-09,16,43.37,47,35.72,71.44,2025-06-09T09:00:00+08:00,2025-06-09T21:00:00+08:00,OPERATING,22.5,12.0,11.99,0,0,0,,2026-08-31T02:21:38.422656+00:00
2025-06-09,17,41.59,46,29.11,58.22,2025-06-09T09:00:00+08:00,2025-06-09T21:00:00+08:00,OPERATING,21.12,12.0,12.1,0,0,0,,2026-08-31T02:21:38.422656+00:00
2025-06-09,18,42.59,47,29.82,59.63,2025-06-09T09:00:00+08:00,2025-06-09T21:00:00+08:00,OPERATING,23.96,12.0,11.55,0,0,0,,2026-08-31T02:21:38.422656+00:00
2025-06-09,19,33.75,44,23.62,47.25,2025-06-09T09:00:00+08:00,2025-06-09T21:00:00+08:00,OPERATING,23.11,12.0,12.88,0,0,0,,2026-08-31T02:21:38.422656+00:00
2025-06-09,20,30.79,46,21.56,43.11,2025-06-09T09:00:00+08:00,2025-06-09T21:00:00+08:00,OPERATING,22.33,12.0,13.75,0,0,0,,2026-08-31T02:21:38.422656+00:00
2025-06-09,21,20.74,46,14.52,29.04,2025-06-09T09:00:00+08:00,2025-06-09T21:00:00+08:00,OPERATING,23.16,12.0,13.34,0,0,0,,2026-08-31T02:21:38.422656+00:00
2025-06-10,9,18.17,44,12.72,25.43,2025-06-10T09:00:00+08:00,2025-06-10T21:00:00+08:00,OPERATING,23.39,37.0,11.79,0,0,0,,2026-08-31T02:21:38.422656+00:00
2025-06-10,10,21.11,46,14.78,29.56,2025-06-10T09:00:00+08:00,2025-06-10T21:00:00+08:00,OPERATING,20.54,37.0,11.42,0,0,0,,2026-08-31T02:21:38.422656+00:00
2025-06-10,11,33.0,46,23.1,46.21,2025-06-10T09:00:00+08:00,2025-06-10T21:00:00+08:00,OPERATING,22.63,37.0,13.33,0,0,0,,2026-08-31T02:21:38.422656+00:00
2025-06-10,12,37.49,46,26.24,52.49,2025-06-10T09:00:00+08:00,2025-06-10T21:00:00+08:00,OPERATING,23.18,37.0,11.43,0,0,0,,2026-08-31T02:21:38.422656+00:00
2025-06-10,13,29.02,46,23.89,47.79,2025-06-10T09:00:00+08:00,2025-06-10T21:00:00+08:00,OPERATING,23.07,37.0,11.73,0,0,0,,2026-08-31T02:21:38.422656+00:00
2025-06-10,14,32.29,45,26.59,53.19,2025-06-10T09:00:00+08:00,2025-06-10T21:00:00+08:00,OPERATING,23.34,37.0,13.22,0,0,0,,2026-08-31T02:21:38.422656+00:00
2025-06-10,15,31.13,46,25.64,51.27,2025-06-10T09:00:00+08:00,2025-06-10T21:00:00+08:00,OPERATING,23.08,37.0,11.06,0,0,0,,2026-08-31T02:21:38.422656+00:00
2025-06-10,16,31.68,46,26.09,52.18,2025-06-10T09:00:00+08:00,2025-06-10T21:00:00+08:00,OPERATING,22.7,37.0,12.65,0,0,0,,2026-08-31T02:21:38.422656+00:00
2025-06-10,17,37.2,46,26.04,52.09,2025-06-10T09:00:00+08:00,2025-06-10T21:00:00+08:00,OPERATING,22.45,37.0,12.04,0,0,0,,2026-08-31T02:21:38.422656+00:00
2025-06-10,18,30.04,43,21.03,42.06,2025-06-10T09:00:00+08:00,2025-06-10T21:00:00+08:00,OPERATING,22.41,37.0,13.93,0,0,0,,2026-08-31T02:21:38.422656+00:00
2025-06-10,19,31.62,47,22.13,44.26,2025-06-10T09:00:00+08:00,2025-06-10T21:00:00+08:00,OPERATING,22.16,37.0,11.28,0,0,0,,2026-08-31T02:21:38.422656+00:00
2025-06-10,20,22.44,47,15.7,31.41,2025-06-10T09:00:00+08:00,2025-06-10T21:00:00+08:00,OPERATING,23.02,37.0,13.49,0,0,0,,2026-08-31T02:21:38.422656+00:00
2025-06-10,21,11.78,47,8.25,16.49,2025-06-10T09:00:00+08:00,2025-06-10T21:00:00+08:00,OPERATING,23.22,37.0,12.54,0,0,0,,2026-08-31T02:21:38.422656+00:00
2025-06-11,9,27.65,47,19.36,38.71,2025-06-11T09:00:00+08:00,2025-06-11T21:00:00+08:00,OPERATING,21.65,2.7,11.51,0,0,0,,2026-08-31T02:21:38.422656+00:00
2025-06-11,10,28.8,44,20.16,40.32,2025-06-11T09:00:00+08:00,2025-06-11T21:00:00+08:00,OPERATING,22.05,2.7,11.8,0,0,0,,2026-08-31T02:21:38.422656+00:00
2025-06-11,11,40.7,47,28.49,56.98,2025-06-11T09:00:00+08:00,2025-06-11T21:00:00+08:00,OPERATING,21.63,2.7,11.45,0,0,0,,2026-08-31T02:21:38.422656+00:00
2025-06-11,12,44.22,46,30.95,61.91,2025-06-11T09:00:00+08:00,2025-06-11T21:00:00+08:00,OPERATING,22.49,2.7,12.2,0,0,0,,2026-08-31T02:21:38.422656+00:00
2025-06-11,13,46.97,43,32.88,65.75,2025-06-11T09:00:00+08:00,2025-06-11T21:00:00+08:00,OPERATING,22.28,2.7,10.65,0,0,0,,2026-08-31T02:21:38.422656+00:00
2025-06-11,14,50.06,44,35.05,70.09,2025-06-11T09:00:00+08:00,2025-06-11T21:00:00+08:00,OPERATING,23.03,2.7,11.59,0,0,0,,2026-08-31T02:21:38.422656+00:00
2025-06-11,15,53.69,43,37.58,75.17,2025-06-11T09:00:00+08:00,2025-06-11T21:00:00+08:00,OPERATING,22.12,2.7,13.71,0,0,0,,2026-08-31T02:21:38.422656+00:00
2025-06-11,16,48.68,46,34.07,68.15,2025-06-11T09:00:00+08:00,2025-06-11T21:00:00+08:00,OPERATING,21.75,2.7,11.6,0,0,0,,2026-08-31T02:21:38.422656+00:00
2025-06-11,17,50.27,44,35.19,70.38,2025-06-11T09:00:00+08:00,2025-06-11T21:00:00+08:00,OPERATING,20.32,2.7,12.49,0,0,0,,2026-08-31T02:21:38.422656+00:00
2025-06-11,18,40.4,47,28.28,56.57,2025-06-11T09:00:00+08:00,2025-06-11T21:00:00+08:00,OPERATING,21.32,2.7,11.51,0,0,0,,2026-08-31T02:21:38.422656+00:00
2025-06-11,19,36.28,46,25.4,50.79,2025-06-11T09:00:00+08:00,2025-06-11T21:00:00+08:00,OPERATING,20.83,2.7,13.09,0,0,0,,2026-08-31T02:21:38.422656+00:00
2025-06-11,20,31.64,46,22.15,44.3,2025-06-11T09:00:00+08:00,2025-06-11T21:00:00+08:00,OPERATING,22.17,2.7,11.69,0,0,0,,2026-08-31T02:21:38.422656+00:00
2025-06-11,21,21.33,43,14.93,29.86,2025-06-11T09:00:00+08:00,2025-06-11T21:00:00+08:00,OPERATING,21.26,2.7,10.57,0,0,0,,2026-08-31T02:21:38.422656+00:00
2025-06-12,9,16.62,47,11.63,23.26,2025-06-12T09:00:00+08:00,2025-06-12T21:00:00+08:00,OPERATING,21.88,23.0,16.33,0,0,0,,2026-08-31T02:21:38.422656+00:00
2025-06-12,10,26.59,47,18.61,37.23,2025-06-12T09:00:00+08:00,2025-06-12T21:00:00+08:00,OPERATING,22.93,23.0,16.08,0,0,0,,2026-08-31T02:21:38.422656+00:00
2025-06-12,11,26.14,45,18.3,36.6,2025-06-12T09:00:00+08:00,2025-06-12T21:00:00+08:00,OPERATING,21.19,23.0,16.45,0,0,0,,2026-08-31T02:21:38.422656+00:00
2025-06-12,12,33.04,46,23.13,46.25,2025-06-12T09:00:00+08:00,2025-06-12T21:00:00+08:00,OPERATING,22.94,23.0,15.99,0,0,0,,2026-08-31T02:21:38.422656+00:00
2025-06-12,13,27.41,43,22.58,45.15,2025-06-12T09:00:00+08:00,2025-06-12T21:00:00+08:00,OPERATING,21.08,23.0,17.03,0,0,0,,2026-08-31T02:21:38.422656+00:00
2025-06-12,14,26.19,43,21.57,43.13,2025-06-12T09:00:00+08:00,2025-06-12T21:00:00+08:00,OPERATING,23.07,23.0,17.17,0,0,0,,2026-08-31T02:21:38.422656+00:00
2025-06-12,15,29.34,43,24.16,48.32,2025-06-12T09:00:00+08:00,2025-06-12T21:00:00+08:00,OPERATING,22.17,23.0,15.81,0,0,0,,2026-08-31T02:21:38.422656+00:00
2025-06-12,16,31.02,44,25.55,51.09,2025-06-12T09:00:00+08:00,2025-06-12T21:00:00+08:00,OPERATING,21.05,23.0,15.01,0,0,0,,2026-08-31T02:21:38.422656+00:00
2025-06-12,17,32.83,45,22.98,45.96,2025-06-12T09:00:00+08:00,2025-06-12T21:00:00+08:00,OPERATING,22.27,23.0,17.09,0,0,0,,2026-08-31T02:21:38.422656+00:00
2025-06-12,18,26.94,46,18.86,37.72,2025-06-12T09:00:00+08:00,2025-06-12T21:00:00+08:00,OPERATING,22.25,23.0,15.52,0,0,0,,2026-08-31T02:21:38.422656+00:00
2025-06-12,19,25.07,47,17.55,35.1,2025-06-12T09:00:00+08:00,2025-06-12T21:00:00+08:00,OPERATING,21.88,23.0,16.4,0,0,0,,2026-08-31T02:21:38.422656+00:00
2025-06-12,20,17.68,46,12.37,24.75,2025-06-12T09:00:00+08:00,2025-06-12T21:00:00+08:00,OPERATING,21.51,23.0,16.13,0,0,0,,2026-08-31T02:21:38.422656+00:00
2025-06-12,21,12.67,46,8.87,17.74,2025-06-12T09:00:00+08:00,2025-06-12T21:00:00+08:00,OPERATING,23.22,23.0,16.52,0,0,0,,2026-08-31T02:21:38.422656+00:00
2025-06-13,9,14.15,47,9.9,19.81,2025-06-13T09:00:00+08:00,2025-06-13T21:00:00+08:00,OPERATING,24.25,15.4,17.21,0,0,0,,2026-08-31T02:21:38.422656+00:00
2025-06-13,10,17.45,47,12.21,24.43,2025-06-13T09:00:00+08:00,2025-06-13T21:00:00+08:00,OPERATING,24.0,15.4,17.39,0,0,0,,2026-08-31T02:21:38.422656+00:00
2025-06-13,11,25.11,43,17.58,35.15,2025-06-13T09:00:00+08:00,2025-06-13T21:00:00+08:00,OPERATING,24.48,15.4,18.42,0,0,0,,2026-08-31T02:21:38.422656+00:00
2025-06-13,12,27.68,44,19.38,38.76,2025-06-13T09:00:00+08:00,2025-06-13T21:00:00+08:00,OPERATING,23.99,15.4,18.11,0,0,0,,2026-08-31T02:21:38.422656+00:00
2025-06-13,13,26.34,43,21.69,43.38,2025-06-13T09:00:00+08:00,2025-06-13T21:00:00+08:00,OPERATING,25.05,15.4,17.97,0,0,0,,2026-08-31T02:21:38.422656+00:00
2025-06-13,14,29.94,47,24.66,49.31,2025-06-13T09:00:00+08:00,2025-06-13T21:00:00+08:00,OPERATING,24.97,15.4,17.14,0,0,0,,2026-08-31T02:21:38.422656+00:00
2025-06-13,15,27.89,43,22.97,45.94,2025-06-13T09:00:00+08:00,2025-06-13T21:00:00+08:00,OPERATING,26.18,15.4,17.14,0,0,0,,2026-08-31T02:21:38.422656+00:00
2025-06-13,16,23.97,44,19.74,39.48,2025-06-13T09:00:00+08:00,2025-06-13T21:00:00+08:00,OPERATING,25.66,15.4,17.56,0,0,0,,2026-08-31T02:21:38.422656+00:00
2025-06-13,17,28.02,46,19.62,39.23,2025-06-13T09:00:00+08:00,2025-06-13T21:00:00+08:00,OPERATING,23.88,15.4,16.34,0,0,0,,2026-08-31T02:21:38.422656+00:00
2025-06-13,18,29.0,44,20.3,40.6,2025-06-13T09:00:00+08:00,2025-06-13T21:00:00+08:00,OPERATING,24.53,15.4,18.24,0,0,0,,2026-08-31T02:21:38.422656+00:00
2025-06-13,19,24.51,47,17.16,34.32,2025-06-13T09:00:00+08:00,2025-06-13T21:00:00+08:00,OPERATING,25.5,15.4,17.38,0,0,0,,2026-08-31T02:21:38.422656+00:00
2025-06-13,20,19.29,43,13.5,27.0,2025-06-13T09:00:00+08:00,2025-06-13T21:00:00+08:00,OPERATING,25.78,15.4,17.42,0,0,0,,2026-08-31T02:21:38.422656+00:00
2025-06-13,21,13.26,45,9.28,18.57,2025-06-13T09:00:00+08:00,2025-06-13T21:00:00+08:00,OPERATING,24.37,15.4,17.82,0,0,0,,2026-08-31T02:21:38.422656+00:00
2025-06-14,9,39.02,44,27.31,54.63,2025-06-14T09:00:00+08:00,2025-06-14T21:00:00+08:00,OPERATING,26.32,2.3,11.04,1,1,0,,2026-08-31T02:21:38.422656+00:00
2025-06-14,10,50.33,46,35.23,70.46,2025-06-14T09:00:00+08:00,2025-06-14T21:00:00+08:00,OPERATING,25.06,2.3,13.41,1,1,0,,2026-08-31T02:21:38.422656+00:00
2025-06-14,11,60.42,44,42.29,84.59,2025-06-14T09:00:00+08:00,2025-06-14T21:00:00+08:00,OPERATING,25.32,2.3,12.77,1,1,0,,2026-08-31T02:21:38.422656+00:00
2025-06-14,12,65.08,46,45.56,91.11,2025-06-14T09:00:00+08:00,2025-06-14T21:00:00+08:00,OPERATING,26.05,2.3,12.13,1,1,0,,2026-08-31T02:21:38.422656+00:00
2025-06-14,13,67.93,44,47.55,95.1,2025-06-14T09:00:00+08:00,2025-06-14T21:00:00+08:00,OPERATING,27.28,2.3,14.17,1,1,0,,2026-08-31T02:21:38.422656+00:00
2025-06-14,14,72.15,44,50.5,101.01,2025-06-14T09:00:00+08:00,2025-06-14T21:00:00+08:00,OPERATING,26.0,2.3,10.84,1,1,0,,2026-08-31T02:21:38.422656+00:00
2025-06-14,15,75.44,45,52.81,105.62,2025-06-14T09:00:00+08:00,2025-06-14T21:00:00+08:00,OPERATING,27.1,2.3,13.39,1,1,0,,2026-08-31T02:21:38.422656+00:00
2025-06-14,16,74.94,47,52.46,104.91,2025-06-14T09:00:00+08:00,2025-06-14T21:00:00+08:00,OPERATING,27.41,2.3,12.64,1,1,0,,2026-08-31T02:21:38.422656+00:00
2025-06-14,17,66.1,47,46.27,92.54,2025-06-14T09:00:00+08:00,2025-06-14T21:00:00+08:00,OPERATING,27.37,2.3,13.06,1,1,0,,2026-08-31T02:21:38.422656+00:00
2025-06-14,18,59.83,47,41.88,83.76,2025-06-14T09:00:00+08:00,2025-06-14T21:00:00+08:00,OPERATING,26.52,2.3,11.6,1,1,0,,2026-08-31T02:21:38.422656+00:00
2025-06-14,19,55.14,45,38.6,77.2,2025-06-14T09:00:00+08:00,2025-06-14T21:00:00+08:00,OPERATING,27.06,2.3,13.19,1,1,0,,2026-08-31T02:21:38.422656+00:00
2025-06-14,20,43.97,46,30.78,61.56,2025-06-14T09:00:00+08:00,2025-06-14T21:00:00+08:00,OPERATING,26.05,2.3,13.96,1,1,0,,2026-08-31T02:21:38.422656+00:00
2025-06-14,21,32.15,43,22.51,45.01,2025-06-14T09:00:00+08:00,2025-06-14T21:00:00+08:00,OPERATING,25.89,2.3,12.72,1,1,0,,2026-08-31T02:21:38.422656+00:00
2025-06-15,9,28.13,47,19.69,39.38,2025-06-15T09:00:00+08:00,2025-06-15T21:00:00+08:00,OPERATING,24.55,20.6,16.57,1,1,0,,2026-08-31T02:21:38.422656+00:00
2025-06-15,10,35.68,45,24.97,49.95,2025-06-15T09:00:00+08:00,2025-06-15T21:00:00+08:00,OPERATING,26.05,20.6,15.05,1,1,0,,2026-08-31T02:21:38.422656+00:00
2025-06-15,11,48.2,46,33.74,67.48,2025-06-15T09:00:00+08:00,2025-06-15T21:00:00+08:00,OPERATING,24.67,20.6,17.16,1,1,0,,2026-08-31T02:21:38.422656+00:00
2025-06-15,12,52.32,43,36.62,73.25,2025-06-15T09:00:00+08:00,2025-06-15T21:00:00+08:00,OPERATING,26.25,20.6,18.16,1,1,0,,2026-08-31T02:21:38.422656+00:00
2025-06-15,13,46.73,47,38.49,76.97,2025-06-15T09:00:00+08:00,2025-06-15T21:00:00+08:00,OPERATING,24.7,20.6,16.0,1,1,0,,2026-08-31T02:21:38.422656+00:00
2025-06-15,14,47.31,44,38.96,77.92,2025-06-15T09:00:00+08:00,2025-06-15T21:00:00+08:00,OPERATING,24.56,20.6,15.08,1,1,0,,2026-08-31T02:21:38.422656+00:00
2025-06-15,15,53.07,43,43.7,87.41,2025-06-15T09:00:00+08:00,2025-06-15T21:00:00+08:00,OPERATING,24.38,20.6,16.15,1,1,0,,2026-08-31T02:21:38.422656+00:00
2025-06-15,16,47.81,46,39.37,78.74,2025-06-15T09:00:00+08:00,2025-06-15T21:00:00+08:00,OPERATING,24.98,20.6,15.97,1,1,0,,2026-08-31T02:21:38.422656+00:00
2025-06-15,17,49.75,45,34.82,69.65,2025-06-15T09:00:00+08:00,2025-06-15T21:00:00+08:00,OPERATING,26.01,20.6,16.57,1,1,0,,2026-08-31T02:21:38.422656+00:00
2025-06-15,18,49.85,44,34.9,69.8,2025-06-15T09:00:00+08:00,2025-06-15T21:00:00+08:00,OPERATING,25.78,20.6,16.98,1,1,0,,2026-08-31T02:21:38.422656+00:00
2025-06-15,19,44.24,47,30.97,61.93,2025-06-15T09:00:00+08:00,2025-06-15T21:00:00+08:00,OPERATING,25.65,20.6,16.61,1,1,0,,2026-08-31T02:21:38.422656+00:00
2025-06-15,20,30.86,46,21.6,43.2,2025-06-15T09:00:00+08:00,2025-06-15T21:00:00+08:00,OPERATING,25.37,20.6,17.21,1,1,0,,2026-08-31T02:21:38.422656+00:00
2025-06-15,21,25.01,45,17.51,35.01,2025-06-15T09:00:00+08:00,2025-06-15T21:00:00+08:00,OPERATING,24.82,20.6,15.11,1,1,0,,2026-08-31T02:21:38.422656+00:00
2025-06-16,9,30.75,45,21.52,43.04,2025-06-16T09:00:00+08:00,2025-06-16T21:00:00+08:00,OPERATING,25.61,3.6,17.96,0,0,0,,2026-08-31T02:21:38.422656+00:00
2025-06-16,10,33.89,44,23.73,47.45,2025-06-16T09:00:00+08:00,2025-06-16T21:00:00+08:00,OPERATING,25.44,3.6,16.25,0,0,0,,2026-08-31T02:21:38.422656+00:00
2025-06-16,11,41.44,43,29.01,58.02,2025-06-16T09:00:00+08:00,2025-06-16T21:00:00+08:00,OPERATING,24.77,3.6,18.38,0,0,0,,2026-08-31T02:21:38.422656+00:00
2025-06-16,12,49.83,45,34.88,69.77,2025-06-16T09:00:00+08:00,2025-06-16T21:00:00+08:00,OPERATING,25.62,3.6,18.61,0,0,0,,2026-08-31T02:21:38.422656+00:00
2025-06-16,13,48.98,43,34.29,68.57,2025-06-16T09:00:00+08:00,2025-06-16T21:00:00+08:00,OPERATING,25.81,3.6,17.71,0,0,0,,2026-08-31T02:21:38.422656+00:00
2025-06-16,14,51.26,45,35.88,71.77,2025-06-16T09:00:00+08:00,2025-06-16T21:00:00+08:00,OPERATING,25.44,3.6,16.86,0,0,0,,2026-08-31T02:21:38.422656+00:00
2025-06-16,15,54.62,43,38.23,76.47,2025-06-16T09:00:00+08:00,2025-06-16T21:00:00+08:00,OPERATING,26.06,3.6,18.31,0,0,0,,2026-08-31T02:21:38.422656+00:00
2025-06-16,16,53.23,43,37.26,74.53,2025-06-16T09:00:00+08:00,2025-06-16T21:00:00+08:00,OPERATING,24.32,3.6,16.96,0,0,0,,2026-08-31T02:21:38.422656+00:00
2025-06-16,17,46.93,45,32.85,65.7,2025-06-16T09:00:00+08:00,2025-06-16T21:00:00+08:00,OPERATING,26.35,3.6,18.2,0,0,0,,2026-08-31T02:21:38.422656+00:00
2025-06-16,18,43.29,46,30.3,60.6,2025-06-16T09:00:00+08:00,2025-06-16T21:00:00+08:00,OPERATING,26.18,3.6,18.41,0,0,0,,2026-08-31T02:21:38.422656+00:00
2025-06-16,19,39.94,43,27.96,55.92,2025-06-16T09:00:00+08:00,2025-06-16T21:00:00+08:00,OPERATING,24.83,3.6,18.0,0,0,0,,2026-08-31T02:21:38.422656+00:00
2025-06-16,20,30.87,47,21.61,43.21,2025-06-16T09:00:00+08:00,2025-06-16T21:00:00+08:00,OPERATING,25.07,3.6,16.1,0,0,0,,2026-08-31T02:21:38.422656+00:00
2025-06-16,21,22.57,47,15.8,31.59,2025-06-16T09:00:00+08:00,2025-06-16T21:00:00+08:00,OPERATING,25.32,3.6,14.72,0,0,0,,2026-08-31T02:21:38.422656+00:00
2025-06-17,9,32.9,46,23.03,46.06,2025-06-17T09:00:00+08:00,2025-06-17T21:00:00+08:00,OPERATING,27.71,0.2,10.69,0,0,0,,2026-08-31T02:21:38.422656+00:00
2025-06-17,10,39.7,43,27.79,55.58,2025-06-17T09:00:00+08:00,2025-06-17T21:00:00+08:00,OPERATING,29.0,0.2,10.36,0,0,0,,2026-08-31T02:21:38.422656+00:00
2025-06-17,11,51.69,45,36.18,72.36,2025-06-17T09:00:00+08:00,2025-06-17T21:00:00+08:00,OPERATING,27.4,0.2,11.97,0,0,0,,2026-08-31T02:21:38.422656+00:00
2025-06-17,12,57.13,46,39.99,79.98,2025-06-17T09:00:00+08:00,2025-06-17T21:00:00+08:00,OPERATING,27.24,0.2,12.32,0,0,0,,2026-08-31T02:21:38.422656+00:00
2025-06-17,13,60.65,44,42.46,84.91,2025-06-17T09:00:00+08:00,2025-06-17T21:00:00+08:00,OPERATING,28.15,0.2,13.73,0,0,0,,2026-08-31T02:21:38.422656+00:00
2025-06-17,14,58.98,44,41.29,82.57,2025-06-17T09:00:00+08:00,2025-06-17T21:00:00+08:00,OPERATING,28.61,0.2,13.44,0,0,0,,2026-08-31T02:21:38.422656+00:00
2025-06-17,15,68.27,43,47.79,95.58,2025-06-17T09:00:00+08:00,2025-06-17T21:00:00+08:00,OPERATING,27.29,0.2,11.83,0,0,0,,2026-08-31T02:21:38.422656+00:00
2025-06-17,16,65.91,45,46.14,92.28,2025-06-17T09:00:00+08:00,2025-06-17T21:00:00+08:00,OPERATING,26.96,0.2,11.91,0,0,0,,2026-08-31T02:21:38.422656+00:00
2025-06-17,17,56.31,43,39.42,78.84,2025-06-17T09:00:00+08:00,2025-06-17T21:00:00+08:00,OPERATING,27.43,0.2,11.67,0,0,0,,2026-08-31T02:21:38.422656+00:00
2025-06-17,18,51.34,47,35.94,71.88,2025-06-17T09:00:00+08:00,2025-06-17T21:00:00+08:00,OPERATING,28.07,0.2,11.48,0,0,0,,2026-08-31T02:21:38.422656+00:00
2025-06-17,19,47.73,46,33.41,66.82,2025-06-17T09:00:00+08:00,2025-06-17T21:00:00+08:00,OPERATING,27.89,0.2,12.39,0,0,0,,2026-08-31T02:21:38.422656+00:00
2025-06-17,20,38.67,46,27.07,54.14,2025-06-17T09:00:00+08:00,2025-06-17T21:00:00+08:00,OPERATING,28.12,0.2,12.07,0,0,0,,2026-08-31T02:21:38.422656+00:00
2025-06-17,21,29.73,46,20.81,41.63,2025-06-17T09:00:00+08:00,2025-06-17T21:00:00+08:00,OPERATING,28.74,0.2,10.8,0,0,0,,2026-08-31T02:21:38.422656+00:00
2025-06-18,9,20.69,46,14.48,28.96,2025-06-18T09:00:00+08:00,2025-06-18T21:00:00+08:00,OPERATING,29.15,0.0,10.12,0,0,0,,2026-08-31T02:21:38.422656+00:00
2025-06-18,10,35.89,46,25.13,50.25,2025-06-18T09:00:00+08:00,2025-06-18T21:00:00+08:00,OPERATING,26.98,0.0,10.21,0,0,0,,2026-08-31T02:21:38.422656+00:00
2025-06-18,11,43.69,46,30.58,61.16,2025-06-18T09:00:00+08:00,2025-06-18T21:00:00+08:00,OPERATING,28.04,0.0,9.72,0,0,0,,2026-08-31T02:21:38.422656+00:00
2025-06-18,12,47.9,46,33.53,67.06,2025-06-18T09:00:00+08:00,2025-06-18T21:00:00+08:00,OPERATING,28.38,0.0,11.09,0,0,0,,2026-08-31T02:21:38.422656+00:00
2025-06-18,13,53.58,47,37.5,75.01,2025-06-18T09:00:00+08:00,2025-06-18T21:00:00+08:00,OPERATING,27.53,0.0,11.87,0,0,0,,2026-08-31T02:21:38.422656+00:00
2025-06-18,14,53.18,45,37.23,74.46,2025-06-18T09:00:00+08:00,2025-06-18T21:00:00+08:00,OPERATING,26.93,0.0,10.13,0,0,0,,2026-08-31T02:21:38.422656+00:00
2025-06-18,15,56.21,46,39.35,78.69,2025-06-18T09:00:00+08:00,2025-06-18T21:00:00+08:00,OPERATING,26.64,0.0,10.67,0,0,0,,2026-08-31T02:21:38.422656+00:00
2025-06-18,16,55.85,47,39.09,78.18,2025-06-18T09:00:00+08:00,2025-06-18T21:00:00+08:00,OPERATING,28.68,0.0,9.51,0,0,0,,2026-08-31T02:21:38.422656+00:00
2025-06-18,17,47.69,45,33.39,66.77,2025-06-18T09:00:00+08:00,2025-06-18T21:00:00+08:00,OPERATING,28.37,0.0,10.83,0,0,0,,2026-08-31T02:21:38.422656+00:00
2025-06-18,18,41.37,46,28.96,57.92,2025-06-18T09:00:00+08:00,2025-06-18T21:00:00+08:00,OPERATING,27.05,0.0,8.97,0,0,0,,2026-08-31T02:21:38.422656+00:00
2025-06-18,19,39.46,46,27.62,55.25,2025-06-18T09:00:00+08:00,2025-06-18T21:00:00+08:00,OPERATING,27.8,0.0,10.93,0,0,0,,2026-08-31T02:21:38.422656+00:00
2025-06-18,20,30.15,47,21.1,42.2,2025-06-18T09:00:00+08:00,2025-06-18T21:00:00+08:00,OPERATING,26.56,0.0,10.33,0,0,0,,2026-08-31T02:21:38.422656+00:00
2025-06-18,21,19.9,44,13.93,27.86,2025-06-18T09:00:00+08:00,2025-06-18T21:00:00+08:00,OPERATING,27.41,0.0,9.53,0,0,0,,2026-08-31T02:21:38.422656+00:00
2025-06-19,9,25.83,47,18.08,36.16,2025-06-19T09:00:00+08:00,2025-06-19T21:00:00+08:00,OPERATING,27.07,3.1,13.85,0,0,0,,2026-08-31T02:21:38.422656+00:00
2025-06-19,10,38.82,44,27.18,54.35,2025-06-19T09:00:00+08:00,2025-06-19T21:00:00+08:00,OPERATING,27.84,3.1,15.14,0,0,0,,2026-08-31T02:21:38.422656+00:00
2025-06-19,11,45.1,46,31.57,63.14,2025-06-19T09:00:00+08:00,2025-06-19T21:00:00+08:00,OPERATING,28.45,3.1,12.81,0,0,0,,2026-08-31T02:21:38.422656+00:00
2025-06-19,12,50.31,44,35.22,70.44,2025-06-19T09:00:00+08:00,2025-06-19T21:00:00+08:00,OPERATING,28.31,3.1,15.67,0,0,0,,2026-08-31T02:21:38.422656+00:00
2025-06-19,13,54.52,44,38.16,76.33,2025-06-19T09:00:00+08:00,2025-06-19T21:00:00+08:00,OPERATING,27.48,3.1,13.26,0,0,0,,2026-08-31T02:21:38.422656+00:00
2025-06-19,14,56.06,45,39.24,78.48,2025-06-19T09:00:00+08:00,2025-06-19T21:00:00+08:00,OPERATING,26.21,3.1,12.64,0,0,0,,2026-08-31T02:21:38.422656+00:00
2025-06-19,15,58.75,45,41.13,82.25,2025-06-19T09:00:00+08:00,2025-06-19T21:00:00+08:00,OPERATING,26.47,3.1,13.17,0,0,0,,2026-08-31T02:21:38.422656+00:00
2025-06-19,16,54.05,44,37.83,75.66,2025-06-19T09:00:00+08:00,2025-06-19T21:00:00+08:00,OPERATING,27.37,3.1,15.02,0,0,0,,2026-08-31T02:21:38.422656+00:00
2025-06-19,17,54.25,45,37.97,75.95,2025-06-19T09:00:00+08:00,2025-06-19T21:00:00+08:00,OPERATING,27.24,3.1,13.49,0,0,0,,2026-08-31T02:21:38.422656+00:00
2025-06-19,18,44.19,46,30.93,61.86,2025-06-19T09:00:00+08:00,2025-06-19T21:00:00+08:00,OPERATING,27.41,3.1,15.26,0,0,0,,2026-08-31T02:21:38.422656+00:00
2025-06-19,19,39.92,47,27.94,55.89,2025-06-19T09:00:00+08:00,2025-06-19T21:00:00+08:00,OPERATING,26.94,3.1,13.65,0,0,0,,2026-08-31T02:21:38.422656+00:00
2025-06-19,20,33.97,47,23.78,47.56,2025-06-19T09:00:00+08:00,2025-06-19T21:00:00+08:00,OPERATING,26.95,3.1,15.54,0,0,0,,2026-08-31T02:21:38.422656+00:00
2025-06-19,21,24.58,47,17.21,34.41,2025-06-19T09:00:00+08:00,2025-06-19T21:00:00+08:00,OPERATING,28.07,3.1,15.07,0,0,0,,2026-08-31T02:21:38.422656+00:00
2025-06-20,9,30.16,43,21.11,42.22,2025-06-20T09:00:00+08:00,2025-06-20T21:00:00+08:00,OPERATING,27.8,1.0,16.41,0,0,0,,2026-08-31T02:21:38.422656+00:00
2025-06-20,10,39.33,45,27.53,55.07,2025-06-20T09:00:00+08:00,2025-06-20T21:00:00+08:00,OPERATING,27.1,1.0,18.01,0,0,0,,2026-08-31T02:21:38.422656+00:00
2025-06-20,11,50.6,46,35.42,70.85,2025-06-20T09:00:00+08:00,2025-06-20T21:00:00+08:00,OPERATING,29.51,1.0,17.37,0,0,0,,2026-08-31T02:21:38.422656+00:00
2025-06-20,12,60.05,47,42.03,84.06,2025-06-20T09:00:00+08:00,2025-06-20T21:00:00+08:00,OPERATING,27.39,1.0,17.85,0,0,0,,2026-08-31T02:21:38.422656+00:00
2025-06-20,13,58.67,47,41.07,82.14,2025-06-20T09:00:00+08:00,2025-06-20T21:00:00+08:00,OPERATING,28.01,1.0,18.35,0,0,0,,2026-08-31T02:21:38.422656+00:00
2025-06-20,14,62.39,45,43.67,87.34,2025-06-20T09:00:00+08:00,2025-06-20T21:00:00+08:00,OPERATING,28.27,1.0,17.28,0,0,0,,2026-08-31T02:21:38.422656+00:00
2025-06-20,15,65.29,44,45.71,91.41,2025-06-20T09:00:00+08:00,2025-06-20T21:00:00+08:00,OPERATING,26.81,1.0,16.42,0,0,0,,2026-08-31T02:21:38.422656+00:00
2025-06-20,16,64.84,47,45.39,90.78,2025-06-20T09:00:00+08:00,2025-06-20T21:00:00+08:00,OPERATING,28.57,1.0,17.62,0,0,0,,2026-08-31T02:21:38.422656+00:00
2025-06-20,17,58.62,45,41.04,82.07,2025-06-20T09:00:00+08:00,2025-06-20T21:00:00+08:00,OPERATING,27.99,1.0,16.18,0,0,0,,2026-08-31T02:21:38.422656+00:00
2025-06-20,18,53.35,43,37.34,74.69,2025-06-20T09:00:00+08:00,2025-06-20T21:00:00+08:00,OPERATING,28.53,1.0,18.65,0,0,0,,2026-08-31T02:21:38.422656+00:00
2025-06-20,19,49.61,47,34.73,69.45,2025-06-20T09:00:00+08:00,2025-06-20T21:00:00+08:00,OPERATING,28.55,1.0,16.22,0,0,0,,2026-08-31T02:21:38.422656+00:00
2025-06-20,20,38.48,44,26.94,53.87,2025-06-20T09:00:00+08:00,2025-06-20T21:00:00+08:00,OPERATING,28.08,1.0,16.85,0,0,0,,2026-08-31T02:21:38.422656+00:00
2025-06-20,21,25.69,45,17.98,35.96,2025-06-20T09:00:00+08:00,2025-06-20T21:00:00+08:00,OPERATING,27.69,1.0,17.49,0,0,0,,2026-08-31T02:21:38.422656+00:00
2025-06-21,9,29.02,44,20.31,40.62,2025-06-21T09:00:00+08:00,2025-06-21T21:00:00+08:00,OPERATING,26.21,8.5,18.21,1,1,0,,2026-08-31T02:21:38.422656+00:00
2025-06-21,10,36.92,47,25.84,51.68,2025-06-21T09:00:00+08:00,2025-06-21T21:00:00+08:00,OPERATING,27.63,8.5,20.84,1,1,0,,2026-08-31T02:21:38.422656+00:00
2025-06-21,11,51.99,47,36.39,72.78,2025-06-21T09:00:00+08:00,2025-06-21T21:00:00+08:00,OPERATING,26.26,8.5,18.82,1,1,0,,2026-08-31T02:21:38.422656+00:00
2025-06-21,12,55.91,46,39.14,78.28,2025-06-21T09:00:00+08:00,2025-06-21T21:00:00+08:00,OPERATING,27.54,8.5,18.77,1,1,0,,2026-08-31T02:21:38.422656+00:00
2025-06-21,13,48.96,46,40.32,80.64,2025-06-21T09:00:00+08:00,2025-06-21T21:00:00+08:00,OPERATING,27.47,8.5,20.78,1,1,0,,2026-08-31T02:21:38.422656+00:00
2025-06-21,14,47.5,43,39.12,78.24,2025-06-21T09:00:00+08:00,2025-06-21T21:00:00+08:00,OPERATING,28.13,8.5,19.96,1,1,0,,2026-08-31T02:21:38.422656+00:00
2025-06-21,15,53.86,43,44.35,88.7,2025-06-21T09:00:00+08:00,2025-06-21T21:00:00+08:00,OPERATING,27.91,8.5,18.11,1,1,0,,2026-08-31T02:21:38.422656+00:00
2025-06-21,16,51.55,46,42.45,84.9,2025-06-21T09:00:00+08:00,2025-06-21T21:00:00+08:00,OPERATING,26.41,8.5,18.8,1,1,0,,2026-08-31T02:21:38.422656+00:00
2025-06-21,17,53.78,47,37.65,75.29,2025-06-21T09:00:00+08:00,2025-06-21T21:00:00+08:00,OPERATING,27.86,8.5,18.86,1,1,0,,2026-08-31T02:21:38.422656+00:00
2025-06-21,18,46.37,46,32.46,64.91,2025-06-21T09:00:00+08:00,2025-06-21T21:00:00+08:00,OPERATING,26.64,8.5,18.17,1,1,0,,2026-08-31T02:21:38.422656+00:00
2025-06-21,19,42.98,46,30.09,60.18,2025-06-21T09:00:00+08:00,2025-06-21T21:00:00+08:00,OPERATING,27.0,8.5,20.78,1,1,0,,2026-08-31T02:21:38.422656+00:00
2025-06-21,20,31.25,47,21.87,43.75,2025-06-21T09:00:00+08:00,2025-06-21T21:00:00+08:00,OPERATING,27.6,8.5,20.13,1,1,0,,2026-08-31T02:21:38.422656+00:00
2025-06-21,21,26.08,47,18.26,36.52,2025-06-21T09:00:00+08:00,2025-06-21T21:00:00+08:00,OPERATING,27.06,8.5,17.87,1,1,0,,2026-08-31T02:21:38.422656+00:00
2025-06-22,9,32.43,46,22.7,45.4,2025-06-22T09:00:00+08:00,2025-06-22T21:00:00+08:00,OPERATING,23.12,32.4,18.2,1,1,0,,2026-08-31T02:21:38.422656+00:00
2025-06-22,10,48.8,46,34.16,68.31,2025-06-22T09:00:00+08:00,2025-06-22T21:00:00+08:00,OPERATING,21.99,32.4,16.28,1,1,0,,2026-08-31T02:21:38.422656+00:00
2025-06-22,11,58.26,45,40.78,81.56,2025-06-22T09:00:00+08:00,2025-06-22T21:00:00+08:00,OPERATING,21.42,32.4,16.9,1,1,0,,2026-08-31T02:21:38.422656+00:00
2025-06-22,12,63.54,46,44.48,88.96,2025-06-22T09:00:00+08:00,2025-06-22T21:00:00+08:00,OPERATING,22.57,32.4,16.51,1,1,0,,2026-08-31T02:21:38.422656+00:00
2025-06-22,13,56.04,43,46.15,92.31,2025-06-22T09:00:00+08:00,2025-06-22T21:00:00+08:00,OPERATING,21.16,32.4,15.33,1,1,0,,2026-08-31T02:21:38.422656+00:00
2025-06-22,14,60.38,44,49.73,99.45,2025-06-22T09:00:00+08:00,2025-06-22T21:00:00+08:00,OPERATING,22.03,32.4,15.06,1,1,0,,2026-08-31T02:21:38.422656+00:00
2025-06-22,15,62.24,43,51.26,102.51,2025-06-22T09:00:00+08:00,2025-06-22T21:00:00+08:00,OPERATING,21.04,32.4,16.57,1,1,0,,2026-08-31T02:21:38.422656+00:00
2025-06-22,16,59.66,45,49.14,98.27,2025-06-22T09:00:00+08:00,2025-06-22T21:00:00+08:00,OPERATING,21.85,32.4,15.51,1,1,0,,2026-08-31T02:21:38.422656+00:00
2025-06-22,17,63.61,47,44.53,89.05,2025-06-22T09:00:00+08:00,2025-06-22T21:00:00+08:00,OPERATING,23.92,32.4,16.72,1,1,0,,2026-08-31T02:21:38.422656+00:00
2025-06-22,18,58.96,44,41.28,82.55,2025-06-22T09:00:00+08:00,2025-06-22T21:00:00+08:00,OPERATING,22.29,32.4,16.46,1,1,0,,2026-08-31T02:21:38.422656+00:00
2025-06-22,19,50.97,44,35.68,71.35,2025-06-22T09:00:00+08:00,2025-06-22T21:00:00+08:00,OPERATING,20.64,32.4,15.8,1,1,0,,2026-08-31T02:21:38.422656+00:00
2025-06-22,20,43.4,46,30.38,60.76,2025-06-22T09:00:00+08:00,2025-06-22T21:00:00+08:00,OPERATING,22.09,32.4,17.44,1,1,0,,2026-08-31T02:21:38.422656+00:00
2025-06-22,21,26.65,43,18.66,37.31,2025-06-22T09:00:00+08:00,2025-06-22T21:00:00+08:00,OPERATING,22.17,32.4,16.89,1,1,0,,2026-08-31T02:21:38.422656+00:00
2025-06-23,9,17.33,47,12.13,24.27,2025-06-23T09:00:00+08:00,2025-06-23T21:00:00+08:00,OPERATING,20.7,61.3,18.5,0,0,0,,2026-08-31T02:21:38.422656+00:00
2025-06-23,10,23.0,45,16.1,32.19,2025-06-23T09:00:00+08:00,2025-06-23T21:00:00+08:00,OPERATING,21.45,61.3,17.26,0,0,0,,2026-08-31T02:21:38.422656+00:00
2025-06-23,11,27.96,46,19.57,39.15,2025-06-23T09:00:00+08:00,2025-06-23T21:00:00+08:00,OPERATING,20.45,61.3,17.59,0,0,0,,2026-08-31T02:21:38.422656+00:00
2025-06-23,12,28.07,45,19.65,39.29,2025-06-23T09:00:00+08:00,2025-06-23T21:00:00+08:00,OPERATING,21.98,61.3,18.45,0,0,0,,2026-08-31T02:21:38.422656+00:00
2025-06-23,13,26.5,47,21.82,43.65,2025-06-23T09:00:00+08:00,2025-06-23T21:00:00+08:00,OPERATING,23.04,61.3,17.71,0,0,0,,2026-08-31T02:21:38.422656+00:00
2025-06-23,14,27.85,44,22.94,45.87,2025-06-23T09:00:00+08:00,2025-06-23T21:00:00+08:00,OPERATING,21.05,61.3,16.15,0,0,0,,2026-08-31T02:21:38.422656+00:00
2025-06-23,15,29.09,47,23.96,47.92,2025-06-23T09:00:00+08:00,2025-06-23T21:00:00+08:00,OPERATING,22.26,61.3,17.43,0,0,0,,2026-08-31T02:21:38.422656+00:00
2025-06-23,16,26.99,45,22.23,44.45,2025-06-23T09:00:00+08:00,2025-06-23T21:00:00+08:00,OPERATING,22.38,61.3,16.32,0,0,0,,2026-08-31T02:21:38.422656+00:00
2025-06-23,17,28.67,43,20.07,40.14,2025-06-23T09:00:00+08:00,2025-06-23T21:00:00+08:00,OPERATING,23.36,61.3,17.04,0,0,0,,2026-08-31T02:21:38.422656+00:00
2025-06-23,18,23.26,44,16.28,32.56,2025-06-23T09:00:00+08:00,2025-06-23T21:00:00+08:00,OPERATING,22.52,61.3,17.29,0,0,0,,2026-08-31T02:21:38.422656+00:00
2025-06-23,19,26.84,44,18.79,37.57,2025-06-23T09:00:00+08:00,2025-06-23T21:00:00+08:00,OPERATING,22.2,61.3,15.15,0,0,0,,2026-08-31T02:21:38.422656+00:00
2025-06-23,20,17.62,44,12.34,24.67,2025-06-23T09:00:00+08:00,2025-06-23T21:00:00+08:00,OPERATING,22.14,61.3,17.14,0,0,0,,2026-08-31T02:21:38.422656+00:00
2025-06-23,21,13.31,47,9.32,18.64,2025-06-23T09:00:00+08:00,2025-06-23T21:00:00+08:00,OPERATING,21.65,61.3,19.95,0,0,0,,2026-08-31T02:21:38.422656+00:00
2025-06-24,9,22.3,44,15.61,31.22,2025-06-24T09:00:00+08:00,2025-06-24T21:00:00+08:00,OPERATING,23.39,7.2,8.69,0,0,0,,2026-08-31T02:21:38.422656+00:00
2025-06-24,10,30.53,45,21.37,42.75,2025-06-24T09:00:00+08:00,2025-06-24T21:00:00+08:00,OPERATING,22.68,7.2,10.8,0,0,0,,2026-08-31T02:21:38.422656+00:00
2025-06-24,11,40.09,44,28.06,56.13,2025-06-24T09:00:00+08:00,2025-06-24T21:00:00+08:00,OPERATING,22.33,7.2,10.06,0,0,0,,2026-08-31T02:21:38.422656+00:00
2025-06-24,12,36.68,44,25.68,51.35,2025-06-24T09:00:00+08:00,2025-06-24T21:00:00+08:00,OPERATING,22.64,7.2,9.43,0,0,0,,2026-08-31T02:21:38.422656+00:00
2025-06-24,13,38.66,43,31.84,63.68,2025-06-24T09:00:00+08:00,2025-06-24T21:00:00+08:00,OPERATING,22.44,7.2,8.76,0,0,0,,2026-08-31T02:21:38.422656+00:00
2025-06-24,14,38.19,44,31.45,62.9,2025-06-24T09:00:00+08:00,2025-06-24T21:00:00+08:00,OPERATING,23.15,7.2,9.76,0,0,0,,2026-08-31T02:21:38.422656+00:00
2025-06-24,15,42.31,44,34.84,69.68,2025-06-24T09:00:00+08:00,2025-06-24T21:00:00+08:00,OPERATING,21.68,7.2,8.75,0,0,0,,2026-08-31T02:21:38.422656+00:00
2025-06-24,16,39.33,43,32.39,64.78,2025-06-24T09:00:00+08:00,2025-06-24T21:00:00+08:00,OPERATING,22.59,7.2,10.1,0,0,0,,2026-08-31T02:21:38.422656+00:00
2025-06-24,17,42.49,43,29.74,59.49,2025-06-24T09:00:00+08:00,2025-06-24T21:00:00+08:00,OPERATING,22.67,7.2,8.71,0,0,0,,2026-08-31T02:21:38.422656+00:00
2025-06-24,18,36.36,45,25.45,50.91,2025-06-24T09:00:00+08:00,2025-06-24T21:00:00+08:00,OPERATING,21.33,7.2,8.41,0,0,0,,2026-08-31T02:21:38.422656+00:00
2025-06-24,19,31.44,43,22.01,44.01,2025-06-24T09:00:00+08:00,2025-06-24T21:00:00+08:00,OPERATING,22.77,7.2,11.92,0,0,0,,2026-08-31T02:21:38.422656+00:00
2025-06-24,20,28.95,45,20.27,40.53,2025-06-24T09:00:00+08:00,2025-06-24T21:00:00+08:00,OPERATING,22.78,7.2,11.33,0,0,0,,2026-08-31T02:21:38.422656+00:00
2025-06-24,21,18.25,44,12.78,25.55,2025-06-24T09:00:00+08:00,2025-06-24T21:00:00+08:00,OPERATING,23.09,7.2,9.73,0,0,0,,2026-08-31T02:21:38.422656+00:00
2025-06-25,9,28.47,46,19.93,39.86,2025-06-25T09:00:00+08:00,2025-06-25T21:00:00+08:00,OPERATING,24.24,1.0,8.37,0,0,0,,2026-08-31T02:21:38.422656+00:00
2025-06-25,10,35.5,47,24.85,49.7,2025-06-25T09:00:00+08:00,2025-06-25T21:00:00+08:00,OPERATING,24.13,1.0,10.38,0,0,0,,2026-08-31T02:21:38.422656+00:00
2025-06-25,11,47.17,43,33.02,66.04,2025-06-25T09:00:00+08:00,2025-06-25T21:00:00+08:00,OPERATING,24.16,1.0,8.19,0,0,0,,2026-08-31T02:21:38.422656+00:00
2025-06-25,12,50.48,45,35.34,70.68,2025-06-25T09:00:00+08:00,2025-06-25T21:00:00+08:00,OPERATING,23.2,1.0,8.75,0,0,0,,2026-08-31T02:21:38.422656+00:00
2025-06-25,13,53.83,44,37.68,75.37,2025-06-25T09:00:00+08:00,2025-06-25T21:00:00+08:00,OPERATING,23.14,1.0,8.43,0,0,0,,2026-08-31T02:21:38.422656+00:00
2025-06-25,14,58.7,43,41.09,82.18,2025-06-25T09:00:00+08:00,2025-06-25T21:00:00+08:00,OPERATING,23.91,1.0,8.53,0,0,0,,2026-08-31T02:21:38.422656+00:00
2025-06-25,15,62.68,46,43.88,87.76,2025-06-25T09:00:00+08:00,2025-06-25T21:00:00+08:00,OPERATING,22.32,1.0,8.52,0,0,0,,2026-08-31T02:21:38.422656+00:00
2025-06-25,16,54.34,47,38.04,76.08,2025-06-25T09:00:00+08:00,2025-06-25T21:00:00+08:00,OPERATING,23.97,1.0,9.57,0,0,0,,2026-08-31T02:21:38.422656+00:00
2025-06-25,17,52.27,46,36.59,73.18,2025-06-25T09:00:00+08:00,2025-06-25T21:00:00+08:00,OPERATING,22.22,1.0,8.17,0,0,0,,2026-08-31T02:21:38.422656+00:00
2025-06-25,18,45.93,47,32.15,64.31,2025-06-25T09:00:00+08:00,2025-06-25T21:00:00+08:00,OPERATING,23.74,1.0,8.81,0,0,0,,2026-08-31T02:21:38.422656+00:00
2025-06-25,19,40.26,45,28.18,56.37,2025-06-25T09:00:00+08:00,2025-06-25T21:00:00+08:00,OPERATING,25.09,1.0,9.28,0,0,0,,2026-08-31T02:21:38.422656+00:00
2025-06-25,20,33.7,44,23.59,47.18,2025-06-25T09:00:00+08:00,2025-06-25T21:00:00+08:00,OPERATING,24.61,1.0,10.87,0,0,0,,2026-08-31T02:21:38.422656+00:00
2025-06-25,21,24.24,47,16.97,33.93,2025-06-25T09:00:00+08:00,2025-06-25T21:00:00+08:00,OPERATING,24.24,1.0,7.85,0,0,0,,2026-08-31T02:21:38.422656+00:00
2025-06-26,9,25.2,46,17.64,35.27,2025-06-26T09:00:00+08:00,2025-06-26T21:00:00+08:00,OPERATING,27.53,0.8,9.24,0,0,0,,2026-08-31T02:21:38.422656+00:00
2025-06-26,10,34.71,47,24.3,48.59,2025-06-26T09:00:00+08:00,2025-06-26T21:00:00+08:00,OPERATING,27.92,0.8,10.74,0,0,0,,2026-08-31T02:21:38.422656+00:00
2025-06-26,11,38.8,43,27.16,54.32,2025-06-26T09:00:00+08:00,2025-06-26T21:00:00+08:00,OPERATING,27.57,0.8,9.95,0,0,0,,2026-08-31T02:21:38.422656+00:00
2025-06-26,12,44.23,45,30.96,61.92,2025-06-26T09:00:00+08:00,2025-06-26T21:00:00+08:00,OPERATING,26.68,0.8,9.45,0,0,0,,2026-08-31T02:21:38.422656+00:00
2025-06-26,13,44.35,47,31.05,62.09,2025-06-26T09:00:00+08:00,2025-06-26T21:00:00+08:00,OPERATING,27.56,0.8,9.1,0,0,0,,2026-08-31T02:21:38.422656+00:00
2025-06-26,14,45.64,44,31.94,63.89,2025-06-26T09:00:00+08:00,2025-06-26T21:00:00+08:00,OPERATING,27.96,0.8,9.07,0,0,0,,2026-08-31T02:21:38.422656+00:00
2025-06-26,15,49.07,47,34.35,68.7,2025-06-26T09:00:00+08:00,2025-06-26T21:00:00+08:00,OPERATING,27.79,0.8,7.92,0,0,0,,2026-08-31T02:21:38.422656+00:00
2025-06-26,16,50.65,45,35.46,70.92,2025-06-26T09:00:00+08:00,2025-06-26T21:00:00+08:00,OPERATING,27.91,0.8,9.42,0,0,0,,2026-08-31T02:21:38.422656+00:00
2025-06-26,17,42.38,46,29.66,59.33,2025-06-26T09:00:00+08:00,2025-06-26T21:00:00+08:00,OPERATING,27.1,0.8,9.93,0,0,0,,2026-08-31T02:21:38.422656+00:00
2025-06-26,18,37.99,43,26.59,53.19,2025-06-26T09:00:00+08:00,2025-06-26T21:00:00+08:00,OPERATING,26.24,0.8,11.47,0,0,0,,2026-08-31T02:21:38.422656+00:00
2025-06-26,19,35.05,45,24.54,49.08,2025-06-26T09:00:00+08:00,2025-06-26T21:00:00+08:00,OPERATING,27.77,0.8,11.81,0,0,0,,2026-08-31T02:21:38.422656+00:00
2025-06-26,20,26.95,44,18.87,37.74,2025-06-26T09:00:00+08:00,2025-06-26T21:00:00+08:00,OPERATING,27.81,0.8,9.03,0,0,0,,2026-08-31T02:21:38.422656+00:00
2025-06-26,21,21.27,47,14.89,29.78,2025-06-26T09:00:00+08:00,2025-06-26T21:00:00+08:00,OPERATING,27.9,0.8,11.07,0,0,0,,2026-08-31T02:21:38.422656+00:00
2025-06-27,9,17.37,45,12.16,24.31,2025-06-27T09:00:00+08:00,2025-06-27T21:00:00+08:00,OPERATING,29.03,11.0,8.42,0,0,0,,2026-08-31T02:21:38.422656+00:00
2025-06-27,10,27.85,46,19.5,38.99,2025-06-27T09:00:00+08:00,2025-06-27T21:00:00+08:00,OPERATING,28.37,11.0,9.44,0,0,0,,2026-08-31T02:21:38.422656+00:00
2025-06-27,11,29.04,43,20.33,40.65,2025-06-27T09:00:00+08:00,2025-06-27T21:00:00+08:00,OPERATING,28.99,11.0,10.38,0,0,0,,2026-08-31T02:21:38.422656+00:00
2025-06-27,12,36.71,43,25.69,51.39,2025-06-27T09:00:00+08:00,2025-06-27T21:00:00+08:00,OPERATING,28.82,11.0,10.86,0,0,0,,2026-08-31T02:21:38.422656+00:00
2025-06-27,13,34.85,47,28.7,57.4,2025-06-27T09:00:00+08:00,2025-06-27T21:00:00+08:00,OPERATING,29.59,11.0,11.45,0,0,0,,2026-08-31T02:21:38.422656+00:00
2025-06-27,14,34.97,43,28.8,57.6,2025-06-27T09:00:00+08:00,2025-06-27T21:00:00+08:00,OPERATING,28.27,11.0,9.6,0,0,0,,2026-08-31T02:21:38.422656+00:00
2025-06-27,15,32.62,45,26.86,53.73,2025-06-27T09:00:00+08:00,2025-06-27T21:00:00+08:00,OPERATING,30.06,11.0,10.44,0,0,0,,2026-08-31T02:21:38.422656+00:00
2025-06-27,16,35.64,45,29.35,58.69,2025-06-27T09:00:00+08:00,2025-06-27T21:00:00+08:00,OPERATING,28.23,11.0,10.69,0,0,0,,2026-08-31T02:21:38.422656+00:00
2025-06-27,17,37.1,45,25.97,51.94,2025-06-27T09:00:00+08:00,2025-06-27T21:00:00+08:00,OPERATING,27.9,11.0,7.63,0,0,0,,2026-08-31T02:21:38.422656+00:00
2025-06-27,18,31.89,45,22.32,44.65,2025-06-27T09:00:00+08:00,2025-06-27T21:00:00+08:00,OPERATING,28.93,11.0,8.82,0,0,0,,2026-08-31T02:21:38.422656+00:00
2025-06-27,19,28.54,43,19.98,39.96,2025-06-27T09:00:00+08:00,2025-06-27T21:00:00+08:00,OPERATING,28.33,11.0,10.73,0,0,0,,2026-08-31T02:21:38.422656+00:00
2025-06-27,20,23.75,44,16.63,33.25,2025-06-27T09:00:00+08:00,2025-06-27T21:00:00+08:00,OPERATING,29.59,11.0,9.49,0,0,0,,2026-08-31T02:21:38.422656+00:00
2025-06-27,21,17.55,47,12.28,24.57,2025-06-27T09:00:00+08:00,2025-06-27T21:00:00+08:00,OPERATING,29.53,11.0,10.63,0,0,0,,2026-08-31T02:21:38.422656+00:00
2025-06-28,9,35.9,43,25.13,50.25,2025-06-28T09:00:00+08:00,2025-06-28T21:00:00+08:00,OPERATING,29.37,2.7,11.89,1,1,0,,2026-08-31T02:21:38.422656+00:00
2025-06-28,10,52.07,45,36.45,72.89,2025-06-28T09:00:00+08:00,2025-06-28T21:00:00+08:00,OPERATING,28.67,2.7,10.1,1,1,0,,2026-08-31T02:21:38.422656+00:00
2025-06-28,11,63.17,43,44.22,88.44,2025-06-28T09:00:00+08:00,2025-06-28T21:00:00+08:00,OPERATING,28.28,2.7,9.75,1,1,0,,2026-08-31T02:21:38.422656+00:00
2025-06-28,12,71.5,47,50.05,100.09,2025-06-28T09:00:00+08:00,2025-06-28T21:00:00+08:00,OPERATING,29.14,2.7,10.86,1,1,0,,2026-08-31T02:21:38.422656+00:00
2025-06-28,13,75.82,47,53.07,106.15,2025-06-28T09:00:00+08:00,2025-06-28T21:00:00+08:00,OPERATING,29.05,2.7,9.72,1,1,0,,2026-08-31T02:21:38.422656+00:00
2025-06-28,14,80.74,44,56.52,113.04,2025-06-28T09:00:00+08:00,2025-06-28T21:00:00+08:00,OPERATING,28.25,2.7,12.37,1,1,0,,2026-08-31T02:21:38.422656+00:00
2025-06-28,15,83.58,44,58.5,117.01,2025-06-28T09:00:00+08:00,2025-06-28T21:00:00+08:00,OPERATING,28.31,2.7,9.72,1,1,0,,2026-08-31T02:21:38.422656+00:00
2025-06-28,16,81.27,43,56.89,113.77,2025-06-28T09:00:00+08:00,2025-06-28T21:00:00+08:00,OPERATING,28.3,2.7,12.27,1,1,0,,2026-08-31T02:21:38.422656+00:00
2025-06-28,17,72.35,44,50.65,101.3,2025-06-28T09:00:00+08:00,2025-06-28T21:00:00+08:00,OPERATING,28.38,2.7,11.87,1,1,0,,2026-08-31T02:21:38.422656+00:00
2025-06-28,18,64.3,45,45.01,90.02,2025-06-28T09:00:00+08:00,2025-06-28T21:00:00+08:00,OPERATING,28.66,2.7,10.07,1,1,0,,2026-08-31T02:21:38.422656+00:00
2025-06-28,19,59.11,43,41.38,82.76,2025-06-28T09:00:00+08:00,2025-06-28T21:00:00+08:00,OPERATING,29.78,2.7,9.47,1,1,0,,2026-08-31T02:21:38.422656+00:00
2025-06-28,20,44.95,46,31.47,62.93,2025-06-28T09:00:00+08:00,2025-06-28T21:00:00+08:00,OPERATING,29.33,2.7,10.81,1,1,0,,2026-08-31T02:21:38.422656+00:00
2025-06-28,21,38.16,44,26.71,53.43,2025-06-28T09:00:00+08:00,2025-06-28T21:00:00+08:00,OPERATING,28.14,2.7,12.1,1,1,0,,2026-08-31T02:21:38.422656+00:00
2025-06-29,9,40.29,47,28.2,56.41,2025-06-29T09:00:00+08:00,2025-06-29T21:00:00+08:00,OPERATING,29.22,0.0,14.58,1,1,0,,2026-08-31T02:21:38.422656+00:00
2025-06-29,10,54.21,45,37.95,75.89,2025-06-29T09:00:00+08:00,2025-06-29T21:00:00+08:00,OPERATING,28.7,0.0,14.99,1,1,0,,2026-08-31T02:21:38.422656+00:00
2025-06-29,11,64.19,47,44.93,89.86,2025-06-29T09:00:00+08:00,2025-06-29T21:00:00+08:00,OPERATING,29.42,0.0,15.14,1,1,0,,2026-08-31T02:21:38.422656+00:00
2025-06-29,12,77.72,44,54.41,108.81,2025-06-29T09:00:00+08:00,2025-06-29T21:00:00+08:00,OPERATING,29.35,0.0,15.38,1,1,0,,2026-08-31T02:21:38.422656+00:00
2025-06-29,13,76.22,45,53.36,106.71,2025-06-29T09:00:00+08:00,2025-06-29T21:00:00+08:00,OPERATING,28.64,0.0,14.7,1,1,0,,2026-08-31T02:21:38.422656+00:00
2025-06-29,14,82.81,45,57.97,115.93,2025-06-29T09:00:00+08:00,2025-06-29T21:00:00+08:00,OPERATING,28.38,0.0,17.2,1,1,0,,2026-08-31T02:21:38.422656+00:00
2025-06-29,15,86.68,44,60.68,121.36,2025-06-29T09:00:00+08:00,2025-06-29T21:00:00+08:00,OPERATING,26.51,0.0,13.59,1,1,0,,2026-08-31T02:21:38.422656+00:00
2025-06-29,16,83.0,44,58.1,116.2,2025-06-29T09:00:00+08:00,2025-06-29T21:00:00+08:00,OPERATING,28.06,0.0,16.57,1,1,0,,2026-08-31T02:21:38.422656+00:00
2025-06-29,17,73.53,47,51.47,102.94,2025-06-29T09:00:00+08:00,2025-06-29T21:00:00+08:00,OPERATING,29.09,0.0,15.89,1,1,0,,2026-08-31T02:21:38.422656+00:00
2025-06-29,18,68.4,44,47.88,95.76,2025-06-29T09:00:00+08:00,2025-06-29T21:00:00+08:00,OPERATING,27.02,0.0,15.59,1,1,0,,2026-08-31T02:21:38.422656+00:00
2025-06-29,19,60.04,45,42.03,84.06,2025-06-29T09:00:00+08:00,2025-06-29T21:00:00+08:00,OPERATING,29.63,0.0,14.84,1,1,0,,2026-08-31T02:21:38.422656+00:00
2025-06-29,20,49.83,44,34.88,69.76,2025-06-29T09:00:00+08:00,2025-06-29T21:00:00+08:00,OPERATING,28.28,0.0,14.0,1,1,0,,2026-08-31T02:21:38.422656+00:00
2025-06-29,21,37.84,46,26.49,52.98,2025-06-29T09:00:00+08:00,2025-06-29T21:00:00+08:00,OPERATING,28.35,0.0,14.97,1,1,0,,2026-08-31T02:21:38.422656+00:00
2025-06-30,9,26.18,47,18.32,36.65,2025-06-30T09:00:00+08:00,2025-06-30T21:00:00+08:00,OPERATING,28.44,0.9,18.03,0,0,0,,2026-08-31T02:21:38.422656+00:00
2025-06-30,10,35.14,45,24.6,49.19,2025-06-30T09:00:00+08:00,2025-06-30T21:00:00+08:00,OPERATING,29.82,0.9,17.33,0,0,0,,2026-08-31T02:21:38.422656+00:00
2025-06-30,11,37.99,45,26.59,53.18,2025-06-30T09:00:00+08:00,2025-06-30T21:00:00+08:00,OPERATING,29.23,0.9,18.27,0,0,0,,2026-08-31T02:21:38.422656+00:00
2025-06-30,12,44.56,45,31.19,62.38,2025-06-30T09:00:00+08:00,2025-06-30T21:00:00+08:00,OPERATING,29.59,0.9,17.63,0,0,0,,2026-08-31T02:21:38.422656+00:00
2025-06-30,13,48.56,43,33.99,67.98,2025-06-30T09:00:00+08:00,2025-06-30T21:00:00+08:00,OPERATING,30.21,0.9,17.43,0,0,0,,2026-08-31T02:21:38.422656+00:00
2025-06-30,14,51.45,47,36.01,72.03,2025-06-30T09:00:00+08:00,2025-06-30T21:00:00+08:00,OPERATING,28.73,0.9,16.62,0,0,0,,2026-08-31T02:21:38.422656+00:00
2025-06-30,15,54.91,44,38.43,76.87,2025-06-30T09:00:00+08:00,2025-06-30T21:00:00+08:00,OPERATING,29.42,0.9,16.9,0,0,0,,2026-08-31T02:21:38.422656+00:00
2025-06-30,16,54.45,45,38.12,76.24,2025-06-30T09:00:00+08:00,2025-06-30T21:00:00+08:00,OPERATING,30.33,0.9,15.11,0,0,0,,2026-08-31T02:21:38.422656+00:00
2025-06-30,17,43.38,46,30.37,60.74,2025-06-30T09:00:00+08:00,2025-06-30T21:00:00+08:00,OPERATING,30.57,0.9,16.29,0,0,0,,2026-08-31T02:21:38.422656+00:00
2025-06-30,18,44.01,44,30.81,61.62,2025-06-30T09:00:00+08:00,2025-06-30T21:00:00+08:00,OPERATING,28.66,0.9,16.94,0,0,0,,2026-08-31T02:21:38.422656+00:00
2025-06-30,19,39.27,44,27.49,54.98,2025-06-30T09:00:00+08:00,2025-06-30T21:00:00+08:00,OPERATING,29.35,0.9,18.28,0,0,0,,2026-08-31T02:21:38.422656+00:00
2025-06-30,20,31.04,43,21.73,43.46,2025-06-30T09:00:00+08:00,2025-06-30T21:00:00+08:00,OPERATING,28.66,0.9,16.9,0,0,0,,2026-08-31T02:21:38.422656+00:00
2025-06-30,21,24.82,44,17.37,34.74,2025-06-30T09:00:00+08:00,2025-06-30T21:00:00+08:00,OPERATING,31.33,0.9,16.16,0,0,0,,2026-08-31T02:21:38.422656+00:00
2025-07-01,9,22.81,46,15.97,31.94,2025-07-01T09:00:00+08:00,2025-07-01T21:00:00+08:00,OPERATING,31.55,0.0,19.66,0,0,1,summer,2026-08-31T02:21:38.422656+00:00
2025-07-01,10,33.02,44,23.11,46.22,2025-07-01T09:00:00+08:00,2025-07-01T21:00:00+08:00,OPERATING,30.89,0.0,18.3,0,0,1,summer,2026-08-31T02:21:38.422656+00:00
2025-07-01,11,39.13,43,27.39,54.78,2025-07-01T09:00:00+08:00,2025-07-01T21:00:00+08:00,OPERATING,29.46,0.0,17.83,0,0,1,summer,2026-08-31T02:21:38.422656+00:00
2025-07-01,12,47.89,46,33.52,67.04,2025-07-01T09:00:00+08:00,2025-07-01T21:00:00+08:00,OPERATING,29.99,0.0,16.61,0,0,1,summer,2026-08-31T02:21:38.422656+00:00
2025-07-01,13,50.35,45,35.24,70.49,2025-07-01T09:00:00+08:00,2025-07-01T21:00:00+08:00,OPERATING,30.19,0.0,18.4,0,0,1,summer,2026-08-31T02:21:38.422656+00:00
2025-07-01,14,54.08,45,37.86,75.71,2025-07-01T09:00:00+08:00,2025-07-01T21:00:00+08:00,OPERATING,29.76,0.0,17.13,0,0,1,summer,2026-08-31T02:21:38.422656+00:00
2025-07-01,15,50.82,44,35.57,71.14,2025-07-01T09:00:00+08:00,2025-07-01T21:00:00+08:00,OPERATING,30.72,0.0,17.58,0,0,1,summer,2026-08-31T02:21:38.422656+00:00
2025-07-01,16,48.45,45,33.91,67.83,2025-07-01T09:00:00+08:00,2025-07-01T21:00:00+08:00,OPERATING,31.39,0.0,18.57,0,0,1,summer,2026-08-31T02:21:38.422656+00:00
2025-07-01,17,46.4,47,32.48,64.96,2025-07-01T09:00:00+08:00,2025-07-01T21:00:00+08:00,OPERATING,30.93,0.0,16.96,0,0,1,summer,2026-08-31T02:21:38.422656+00:00
2025-07-01,18,42.15,43,29.5,59.01,2025-07-01T09:00:00+08:00,2025-07-01T21:00:00+08:00,OPERATING,30.69,0.0,17.46,0,0,1,summer,2026-08-31T02:21:38.422656+00:00
2025-07-01,19,40.05,46,28.04,56.08,2025-07-01T09:00:00+08:00,2025-07-01T21:00:00+08:00,OPERATING,29.03,0.0,18.24,0,0,1,summer,2026-08-31T02:21:38.422656+00:00
2025-07-01,20,27.37,47,19.16,38.32,2025-07-01T09:00:00+08:00,2025-07-01T21:00:00+08:00,OPERATING,30.18,0.0,16.62,0,0,1,summer,2026-08-31T02:21:38.422656+00:00
2025-07-01,21,21.89,46,15.32,30.64,2025-07-01T09:00:00+08:00,2025-07-01T21:00:00+08:00,OPERATING,29.86,0.0,18.48,0,0,1,summer,2026-08-31T02:21:38.422656+00:00
2025-07-02,9,28.47,44,19.93,39.85,2025-07-02T09:00:00+08:00,2025-07-02T21:00:00+08:00,OPERATING,30.22,0.0,14.38,0,0,1,summer,2026-08-31T02:21:38.422656+00:00
2025-07-02,10,37.52,43,26.26,52.52,2025-07-02T09:00:00+08:00,2025-07-02T21:00:00+08:00,OPERATING,29.74,0.0,16.4,0,0,1,summer,2026-08-31T02:21:38.422656+00:00
2025-07-02,11,51.95,44,36.37,72.73,2025-07-02T09:00:00+08:00,2025-07-02T21:00:00+08:00,OPERATING,30.93,0.0,15.47,0,0,1,summer,2026-08-31T02:21:38.422656+00:00
2025-07-02,12,52.99,46,37.09,74.18,2025-07-02T09:00:00+08:00,2025-07-02T21:00:00+08:00,OPERATING,31.62,0.0,14.91,0,0,1,summer,2026-08-31T02:21:38.422656+00:00
2025-07-02,13,58.23,43,40.76,81.52,2025-07-02T09:00:00+08:00,2025-07-02T21:00:00+08:00,OPERATING,31.42,0.0,17.07,0,0,1,summer,2026-08-31T02:21:38.422656+00:00
2025-07-02,14,67.12,43,46.99,93.97,2025-07-02T09:00:00+08:00,2025-07-02T21:00:00+08:00,OPERATING,29.88,0.0,17.14,0,0,1,summer,2026-08-31T02:21:38.422656+00:00
2025-07-02,15,66.98,43,46.88,93.77,2025-07-02T09:00:00+08:00,2025-07-02T21:00:00+08:00,OPERATING,29.99,0.0,14.44,0,0,1,summer,2026-08-31T02:21:38.422656+00:00
2025-07-02,16,63.1,44,44.17,88.35,2025-07-02T09:00:00+08:00,2025-07-02T21:00:00+08:00,OPERATING,30.71,0.0,15.85,0,0,1,summer,2026-08-31T02:21:38.422656+00:00
2025-07-02,17,59.26,44,41.48,82.96,2025-07-02T09:00:00+08:00,2025-07-02T21:00:00+08:00,OPERATING,31.35,0.0,14.19,0,0,1,summer,2026-08-31T02:21:38.422656+00:00
2025-07-02,18,56.15,47,39.31,78.61,2025-07-02T09:00:00+08:00,2025-07-02T21:00:00+08:00,OPERATING,30.32,0.0,16.55,0,0,1,summer,2026-08-31T02:21:38.422656+00:00
2025-07-02,19,46.28,44,32.4,64.8,2025-07-02T09:00:00+08:00,2025-07-02T21:00:00+08:00,OPERATING,31.86,0.0,17.35,0,0,1,summer,2026-08-31T02:21:38.422656+00:00
2025-07-02,20,39.79,46,27.86,55.71,2025-07-02T09:00:00+08:00,2025-07-02T21:00:00+08:00,OPERATING,30.02,0.0,14.95,0,0,1,summer,2026-08-31T02:21:38.422656+00:00
2025-07-02,21,26.28,44,18.39,36.79,2025-07-02T09:00:00+08:00,2025-07-02T21:00:00+08:00,OPERATING,30.54,0.0,16.77,0,0,1,summer,2026-08-31T02:21:38.422656+00:00
2025-07-03,9,31.51,47,22.06,44.11,2025-07-03T09:00:00+08:00,2025-07-03T21:00:00+08:00,OPERATING,30.23,0.0,15.44,0,0,1,summer,2026-08-31T02:21:38.422656+00:00
2025-07-03,10,42.43,44,29.7,59.4,2025-07-03T09:00:00+08:00,2025-07-03T21:00:00+08:00,OPERATING,29.94,0.0,18.62,0,0,1,summer,2026-08-31T02:21:38.422656+00:00
2025-07-03,11,54.61,46,38.23,76.46,2025-07-03T09:00:00+08:00,2025-07-03T21:00:00+08:00,OPERATING,28.94,0.0,17.49,0,0,1,summer,2026-08-31T02:21:38.422656+00:00
2025-07-03,12,60.45,46,42.31,84.62,2025-07-03T09:00:00+08:00,2025-07-03T21:00:00+08:00,OPERATING,28.93,0.0,17.7,0,0,1,summer,2026-08-31T02:21:38.422656+00:00
2025-07-03,13,62.27,47,43.59,87.17,2025-07-03T09:00:00+08:00,2025-07-03T21:00:00+08:00,OPERATING,29.68,0.0,18.12,0,0,1,summer,2026-08-31T02:21:38.422656+00:00
2025-07-03,14,63.33,43,44.33,88.66,2025-07-03T09:00:00+08:00,2025-07-03T21:00:00+08:00,OPERATING,30.2,0.0,16.19,0,0,1,summer,2026-08-31T02:21:38.422656+00:00
2025-07-03,15,67.1,45,46.97,93.94,2025-07-03T09:00:00+08:00,2025-07-03T21:00:00+08:00,OPERATING,31.34,0.0,18.73,0,0,1,summer,2026-08-31T02:21:38.422656+00:00
2025-07-03,16,65.08,43,45.56,91.12,2025-07-03T09:00:00+08:00,2025-07-03T21:00:00+08:00,OPERATING,31.68,0.0,16.21,0,0,1,summer,2026-08-31T02:21:38.422656+00:00
2025-07-03,17,58.96,43,41.27,82.54,2025-07-03T09:00:00+08:00,2025-07-03T21:00:00+08:00,OPERATING,30.51,0.0,16.75,0,0,1,summer,2026-08-31T02:21:38.422656+00:00
2025-07-03,18,51.41,45,35.99,71.97,2025-07-03T09:00:00+08:00,2025-07-03T21:00:00+08:00,OPERATING,29.18,0.0,18.01,0,0,1,summer,2026-08-31T02:21:38.422656+00:00
2025-07-03,19,47.56,46,33.29,66.59,2025-07-03T09:00:00+08:00,2025-07-03T21:00:00+08:00,OPERATING,30.41,0.0,18.27,0,0,1,summer,2026-08-31T02:21:38.422656+00:00
2025-07-03,20,40.42,46,28.3,56.59,2025-07-03T09:00:00+08:00,2025-07-03T21:00:00+08:00,OPERATING,29.73,0.0,17.71,0,0,1,summer,2026-08-31T02:21:38.422656+00:00
2025-07-03,21,27.85,46,19.49,38.99,2025-07-03T09:00:00+08:00,2025-07-03T21:00:00+08:00,OPERATING,30.42,0.0,18.22,0,0,1,summer,2026-08-31T02:21:38.422656+00:00
2025-07-04,9,32.72,43,22.9,45.81,2025-07-04T09:00:00+08:00,2025-07-04T21:00:00+08:00,OPERATING,30.84,0.0,17.49,0,0,1,summer,2026-08-31T02:21:38.422656+00:00
2025-07-04,10,42.82,45,29.98,59.95,2025-07-04T09:00:00+08:00,2025-07-04T21:00:00+08:00,OPERATING,29.64,0.0,17.78,0,0,1,summer,2026-08-31T02:21:38.422656+00:00
2025-07-04,11,51.72,43,36.2,72.4,2025-07-04T09:00:00+08:00,2025-07-04T21:00:00+08:00,OPERATING,30.45,0.0,16.47,0,0,1,summer,2026-08-31T02:21:38.422656+00:00
2025-07-04,12,57.11,43,39.98,79.96,2025-07-04T09:00:00+08:00,2025-07-04T21:00:00+08:00,OPERATING,29.08,0.0,17.4,0,0,1,summer,2026-08-31T02:21:38.422656+00:00
2025-07-04,13,59.85,45,41.9,83.79,2025-07-04T09:00:00+08:00,2025-07-04T21:00:00+08:00,OPERATING,30.83,0.0,16.61,0,0,1,summer,2026-08-31T02:21:38.422656+00:00
2025-07-04,14,60.99,46,42.69,85.38,2025-07-04T09:00:00+08:00,2025-07-04T21:00:00+08:00,OPERATING,30.05,0.0,17.37,0,0,1,summer,2026-08-31T02:21:38.422656+00:00
2025-07-04,15,63.62,47,44.54,89.07,2025-07-04T09:00:00+08:00,2025-07-04T21:00:00+08:00,OPERATING,31.24,0.0,17.33,0,0,1,summer,2026-08-31T02:21:38.422656+00:00
2025-07-04,16,61.14,44,42.8,85.6,2025-07-04T09:00:00+08:00,2025-07-04T21:00:00+08:00,OPERATING,29.93,0.0,15.93,0,0,1,summer,2026-08-31T02:21:38.422656+00:00
2025-07-04,17,53.5,45,37.45,74.91,2025-07-04T09:00:00+08:00,2025-07-04T21:00:00+08:00,OPERATING,29.76,0.0,16.84,0,0,1,summer,2026-08-31T02:21:38.422656+00:00
2025-07-04,18,50.71,44,35.49,70.99,2025-07-04T09:00:00+08:00,2025-07-04T21:00:00+08:00,OPERATING,31.68,0.0,18.69,0,0,1,summer,2026-08-31T02:21:38.422656+00:00
2025-07-04,19,45.86,44,32.1,64.2,2025-07-04T09:00:00+08:00,2025-07-04T21:00:00+08:00,OPERATING,30.28,0.0,14.98,0,0,1,summer,2026-08-31T02:21:38.422656+00:00
2025-07-04,20,39.68,46,27.78,55.56,2025-07-04T09:00:00+08:00,2025-07-04T21:00:00+08:00,OPERATING,31.02,0.0,15.79,0,0,1,summer,2026-08-31T02:21:38.422656+00:00
2025-07-04,21,27.93,44,19.55,39.1,2025-07-04T09:00:00+08:00,2025-07-04T21:00:00+08:00,OPERATING,30.87,0.0,18.29,0,0,1,summer,2026-08-31T02:21:38.422656+00:00
2025-07-05,9,41.88,45,29.32,58.63,2025-07-05T09:00:00+08:00,2025-07-05T21:00:00+08:00,OPERATING,32.5,0.0,15.4,1,1,1,summer,2026-08-31T02:21:38.422656+00:00
2025-07-05,10,61.3,46,42.91,85.82,2025-07-05T09:00:00+08:00,2025-07-05T21:00:00+08:00,OPERATING,32.13,0.0,16.66,1,1,1,summer,2026-08-31T02:21:38.422656+00:00
2025-07-05,11,75.46,45,52.82,105.64,2025-07-05T09:00:00+08:00,2025-07-05T21:00:00+08:00,OPERATING,31.36,0.0,18.24,1,1,1,summer,2026-08-31T02:21:38.422656+00:00
2025-07-05,12,83.06,45,58.14,116.28,2025-07-05T09:00:00+08:00,2025-07-05T21:00:00+08:00,OPERATING,30.75,0.0,15.68,1,1,1,summer,2026-08-31T02:21:38.422656+00:00
2025-07-05,13,86.17,46,60.32,120.63,2025-07-05T09:00:00+08:00,2025-07-05T21:00:00+08:00,OPERATING,32.76,0.0,15.07,1,1,1,summer,2026-08-31T02:21:38.422656+00:00
2025-07-05,14,90.22,47,63.15,126.3,2025-07-05T09:00:00+08:00,2025-07-05T21:00:00+08:00,OPERATING,30.87,0.0,18.47,1,1,1,summer,2026-08-31T02:21:38.422656+00:00
2025-07-05,15,96.51,46,67.56,135.11,2025-07-05T09:00:00+08:00,2025-07-05T21:00:00+08:00,OPERATING,31.4,0.0,16.75,1,1,1,summer,2026-08-31T02:21:38.422656+00:00
2025-07-05,16,94.14,46,65.9,131.8,2025-07-05T09:00:00+08:00,2025-07-05T21:00:00+08:00,OPERATING,32.33,0.0,16.81,1,1,1,summer,2026-08-31T02:21:38.422656+00:00
2025-07-05,17,82.86,47,58.0,116.0,2025-07-05T09:00:00+08:00,2025-07-05T21:00:00+08:00,OPERATING,32.51,0.0,16.82,1,1,1,summer,2026-08-31T02:21:38.422656+00:00
2025-07-05,18,77.24,43,54.07,108.13,2025-07-05T09:00:00+08:00,2025-07-05T21:00:00+08:00,OPERATING,31.33,0.0,16.94,1,1,1,summer,2026-08-31T02:21:38.422656+00:00
2025-07-05,19,68.53,44,47.97,95.94,2025-07-05T09:00:00+08:00,2025-07-05T21:00:00+08:00,OPERATING,31.48,0.0,17.2,1,1,1,summer,2026-08-31T02:21:38.422656+00:00
2025-07-05,20,56.26,44,39.38,78.76,2025-07-05T09:00:00+08:00,2025-07-05T21:00:00+08:00,OPERATING,31.54,0.0,16.48,1,1,1,summer,2026-08-31T02:21:38.422656+00:00
2025-07-05,21,42.92,47,30.04,60.08,2025-07-05T09:00:00+08:00,2025-07-05T21:00:00+08:00,OPERATING,31.1,0.0,18.49,1,1,1,summer,2026-08-31T02:21:38.422656+00:00
2025-07-06,9,43.88,43,30.72,61.43,2025-07-06T09:00:00+08:00,2025-07-06T21:00:00+08:00,OPERATING,31.54,0.0,14.91,1,1,1,summer,2026-08-31T02:21:38.422656+00:00
2025-07-06,10,59.12,43,41.38,82.76,2025-07-06T09:00:00+08:00,2025-07-06T21:00:00+08:00,OPERATING,31.56,0.0,16.7,1,1,1,summer,2026-08-31T02:21:38.422656+00:00
2025-07-06,11,73.06,46,51.14,102.28,2025-07-06T09:00:00+08:00,2025-07-06T21:00:00+08:00,OPERATING,32.08,0.0,16.49,1,1,1,summer,2026-08-31T02:21:38.422656+00:00
2025-07-06,12,83.24,44,58.27,116.54,2025-07-06T09:00:00+08:00,2025-07-06T21:00:00+08:00,OPERATING,32.27,0.0,16.53,1,1,1,summer,2026-08-31T02:21:38.422656+00:00
2025-07-06,13,88.22,46,61.75,123.51,2025-07-06T09:00:00+08:00,2025-07-06T21:00:00+08:00,OPERATING,32.15,0.0,15.89,1,1,1,summer,2026-08-31T02:21:38.422656+00:00
2025-07-06,14,87.02,46,60.91,121.82,2025-07-06T09:00:00+08:00,2025-07-06T21:00:00+08:00,OPERATING,32.37,0.0,17.16,1,1,1,summer,2026-08-31T02:21:38.422656+00:00
2025-07-06,15,95.28,47,66.7,133.39,2025-07-06T09:00:00+08:00,2025-07-06T21:00:00+08:00,OPERATING,31.67,0.0,15.43,1,1,1,summer,2026-08-31T02:21:38.422656+00:00
2025-07-06,16,89.51,46,62.66,125.31,2025-07-06T09:00:00+08:00,2025-07-06T21:00:00+08:00,OPERATING,33.1,0.0,15.85,1,1,1,summer,2026-08-31T02:21:38.422656+00:00
2025-07-06,17,82.1,46,57.47,114.94,2025-07-06T09:00:00+08:00,2025-07-06T21:00:00+08:00,OPERATING,31.75,0.0,14.65,1,1,1,summer,2026-08-31T02:21:38.422656+00:00
2025-07-06,18,71.82,43,50.27,100.55,2025-07-06T09:00:00+08:00,2025-07-06T21:00:00+08:00,OPERATING,32.28,0.0,15.18,1,1,1,summer,2026-08-31T02:21:38.422656+00:00
2025-07-06,19,64.63,44,45.24,90.48,2025-07-06T09:00:00+08:00,2025-07-06T21:00:00+08:00,OPERATING,31.43,0.0,15.07,1,1,1,summer,2026-08-31T02:21:38.422656+00:00
2025-07-06,20,53.83,46,37.68,75.36,2025-07-06T09:00:00+08:00,2025-07-06T21:00:00+08:00,OPERATING,30.68,0.0,15.05,1,1,1,summer,2026-08-31T02:21:38.422656+00:00
2025-07-06,21,39.35,43,27.54,55.09,2025-07-06T09:00:00+08:00,2025-07-06T21:00:00+08:00,OPERATING,31.27,0.0,15.53,1,1,1,summer,2026-08-31T02:21:38.422656+00:00
2025-07-07,9,26.87,47,18.81,37.62,2025-07-07T09:00:00+08:00,2025-07-07T21:00:00+08:00,OPERATING,29.73,0.6,18.19,0,0,1,summer,2026-08-31T02:21:38.422656+00:00
2025-07-07,10,44.09,43,30.87,61.73,2025-07-07T09:00:00+08:00,2025-07-07T21:00:00+08:00,OPERATING,29.73,0.6,17.71,0,0,1,summer,2026-08-31T02:21:38.422656+00:00
2025-07-07,11,52.98,44,37.09,74.17,2025-07-07T09:00:00+08:00,2025-07-07T21:00:00+08:00,OPERATING,30.68,0.6,17.97,0,0,1,summer,2026-08-31T02:21:38.422656+00:00
2025-07-07,12,59.6,47,41.72,83.43,2025-07-07T09:00:00+08:00,2025-07-07T21:00:00+08:00,OPERATING,30.1,0.6,18.48,0,0,1,summer,2026-08-31T02:21:38.422656+00:00
2025-07-07,13,59.91,46,41.94,83.87,2025-07-07T09:00:00+08:00,2025-07-07T21:00:00+08:00,OPERATING,29.1,0.6,19.06,0,0,1,summer,2026-08-31T02:21:38.422656+00:00
2025-07-07,14,64.13,45,44.89,89.78,2025-07-07T09:00:00+08:00,2025-07-07T21:00:00+08:00,OPERATING,29.55,0.6,17.69,0,0,1,summer,2026-08-31T02:21:38.422656+00:00
2025-07-07,15,66.65,43,46.66,93.31,2025-07-07T09:00:00+08:00,2025-07-07T21:00:00+08:00,OPERATING,30.02,0.6,18.98,0,0,1,summer,2026-08-31T02:21:38.422656+00:00
2025-07-07,16,64.1,47,44.87,89.73,2025-07-07T09:00:00+08:00,2025-07-07T21:00:00+08:00,OPERATING,29.92,0.6,17.73,0,0,1,summer,2026-08-31T02:21:38.422656+00:00
2025-07-07,17,58.11,44,40.68,81.36,2025-07-07T09:00:00+08:00,2025-07-07T21:00:00+08:00,OPERATING,30.12,0.6,19.32,0,0,1,summer,2026-08-31T02:21:38.422656+00:00
2025-07-07,18,55.24,44,38.67,77.34,2025-07-07T09:00:00+08:00,2025-07-07T21:00:00+08:00,OPERATING,29.74,0.6,16.69,0,0,1,summer,2026-08-31T02:21:38.422656+00:00
2025-07-07,19,48.23,47,33.76,67.52,2025-07-07T09:00:00+08:00,2025-07-07T21:00:00+08:00,OPERATING,30.71,0.6,17.77,0,0,1,summer,2026-08-31T02:21:38.422656+00:00
2025-07-07,20,37.49,44,26.24,52.48,2025-07-07T09:00:00+08:00,2025-07-07T21:00:00+08:00,OPERATING,29.89,0.6,17.94,0,0,1,summer,2026-08-31T02:21:38.422656+00:00
2025-07-07,21,30.25,45,21.18,42.35,2025-07-07T09:00:00+08:00,2025-07-07T21:00:00+08:00,OPERATING,29.96,0.6,17.29,0,0,1,summer,2026-08-31T02:21:38.422656+00:00
2025-07-08,9,15.79,47,11.05,22.1,2025-07-08T09:00:00+08:00,2025-07-08T21:00:00+08:00,OPERATING,28.95,21.7,22.17,0,0,1,summer,2026-08-31T02:21:38.422656+00:00
2025-07-08,10,24.78,44,17.35,34.7,2025-07-08T09:00:00+08:00,2025-07-08T21:00:00+08:00,OPERATING,27.9,21.7,23.43,0,0,1,summer,2026-08-31T02:21:38.422656+00:00
2025-07-08,11,31.83,43,22.28,44.56,2025-07-08T09:00:00+08:00,2025-07-08T21:00:00+08:00,OPERATING,28.39,21.7,24.91,0,0,1,summer,2026-08-31T02:21:38.422656+00:00
2025-07-08,12,35.83,47,25.08,50.16,2025-07-08T09:00:00+08:00,2025-07-08T21:00:00+08:00,OPERATING,27.2,21.7,21.47,0,0,1,summer,2026-08-31T02:21:38.422656+00:00
2025-07-08,13,30.18,44,24.85,49.71,2025-07-08T09:00:00+08:00,2025-07-08T21:00:00+08:00,OPERATING,28.71,21.7,23.35,0,0,1,summer,2026-08-31T02:21:38.422656+00:00
2025-07-08,14,30.93,45,25.47,50.95,2025-07-08T09:00:00+08:00,2025-07-08T21:00:00+08:00,OPERATING,27.02,21.7,21.22,0,0,1,summer,2026-08-31T02:21:38.422656+00:00
2025-07-08,15,34.91,43,28.75,57.49,2025-07-08T09:00:00+08:00,2025-07-08T21:00:00+08:00,OPERATING,28.37,21.7,23.43,0,0,1,summer,2026-08-31T02:21:38.422656+00:00
2025-07-08,16,36.18,43,29.8,59.59,2025-07-08T09:00:00+08:00,2025-07-08T21:00:00+08:00,OPERATING,27.94,21.7,21.78,0,0,1,summer,2026-08-31T02:21:38.422656+00:00
2025-07-08,17,35.36,44,24.75,49.5,2025-07-08T09:00:00+08:00,2025-07-08T21:00:00+08:00,OPERATING,28.31,21.7,22.71,0,0,1,summer,2026-08-31T02:21:38.422656+00:00
2025-07-08,18,31.35,43,21.95,43.89,2025-07-08T09:00:00+08:00,2025-07-08T21:00:00+08:00,OPERATING,27.02,21.7,22.17,0,0,1,summer,2026-08-31T02:21:38.422656+00:00
2025-07-08,19,27.83,44,19.48,38.96,2025-07-08T09:00:00+08:00,2025-07-08T21:00:00+08:00,OPERATING,28.81,21.7,23.16,0,0,1,summer,2026-08-31T02:21:38.422656+00:00
2025-07-08,20,19.85,44,13.9,27.79,2025-07-08T09:00:00+08:00,2025-07-08T21:00:00+08:00,OPERATING,27.99,21.7,22.04,0,0,1,summer,2026-08-31T02:21:38.422656+00:00
2025-07-08,21,16.74,45,11.72,23.43,2025-07-08T09:00:00+08:00,2025-07-08T21:00:00+08:00,OPERATING,28.13,21.7,23.59,0,0,1,summer,2026-08-31T02:21:38.422656+00:00
2025-07-09,9,27.03,47,18.92,37.84,2025-07-09T09:00:00+08:00,2025-07-09T21:00:00+08:00,OPERATING,29.02,3.6,24.44,0,0,1,summer,2026-08-31T02:21:38.422656+00:00
2025-07-09,10,37.66,46,26.36,52.72,2025-07-09T09:00:00+08:00,2025-07-09T21:00:00+08:00,OPERATING,27.12,3.6,24.2,0,0,1,summer,2026-08-31T02:21:38.422656+00:00
2025-07-09,11,46.26,43,32.38,64.76,2025-07-09T09:00:00+08:00,2025-07-09T21:00:00+08:00,OPERATING,27.54,3.6,24.6,0,0,1,summer,2026-08-31T02:21:38.422656+00:00
2025-07-09,12,53.53,47,37.47,74.94,2025-07-09T09:00:00+08:00,2025-07-09T21:00:00+08:00,OPERATING,28.32,3.6,24.98,0,0,1,summer,2026-08-31T02:21:38.422656+00:00
2025-07-09,13,55.15,44,38.61,77.21,2025-07-09T09:00:00+08:00,2025-07-09T21:00:00+08:00,OPERATING,29.04,3.6,24.97,0,0,1,summer,2026-08-31T02:21:38.422656+00:00
2025-07-09,14,55.9,47,39.13,78.25,2025-07-09T09:00:00+08:00,2025-07-09T21:00:00+08:00,OPERATING,28.81,3.6,26.43,0,0,1,summer,2026-08-31T02:21:38.422656+00:00
2025-07-09,15,56.87,43,39.81,79.62,2025-07-09T09:00:00+08:00,2025-07-09T21:00:00+08:00,OPERATING,27.8,3.6,24.67,0,0,1,summer,2026-08-31T02:21:38.422656+00:00
2025-07-09,16,55.75,44,39.03,78.06,2025-07-09T09:00:00+08:00,2025-07-09T21:00:00+08:00,OPERATING,27.46,3.6,25.04,0,0,1,summer,2026-08-31T02:21:38.422656+00:00
2025-07-09,17,50.59,47,35.41,70.83,2025-07-09T09:00:00+08:00,2025-07-09T21:00:00+08:00,OPERATING,28.83,3.6,23.7,0,0,1,summer,2026-08-31T02:21:38.422656+00:00
2025-07-09,18,49.77,46,34.84,69.68,2025-07-09T09:00:00+08:00,2025-07-09T21:00:00+08:00,OPERATING,27.9,3.6,23.81,0,0,1,summer,2026-08-31T02:21:38.422656+00:00
2025-07-09,19,42.39,44,29.68,59.35,2025-07-09T09:00:00+08:00,2025-07-09T21:00:00+08:00,OPERATING,27.77,3.6,24.11,0,0,1,summer,2026-08-31T02:21:38.422656+00:00
2025-07-09,20,33.24,45,23.27,46.53,2025-07-09T09:00:00+08:00,2025-07-09T21:00:00+08:00,OPERATING,29.14,3.6,26.18,0,0,1,summer,2026-08-31T02:21:38.422656+00:00
2025-07-09,21,23.65,44,16.55,33.11,2025-07-09T09:00:00+08:00,2025-07-09T21:00:00+08:00,OPERATING,27.58,3.6,25.33,0,0,1,summer,2026-08-31T02:21:38.422656+00:00
2025-07-10,9,23.78,46,16.65,33.29,2025-07-10T09:00:00+08:00,2025-07-10T21:00:00+08:00,OPERATING,27.17,4.5,22.35,0,0,1,summer,2026-08-31T02:21:38.422656+00:00
2025-07-10,10,32.52,43,22.76,45.52,2025-07-10T09:00:00+08:00,2025-07-10T21:00:00+08:00,OPERATING,27.51,4.5,21.24,0,0,1,summer,2026-08-31T02:21:38.422656+00:00
2025-07-10,11,43.31,46,30.32,60.63,2025-07-10T09:00:00+08:00,2025-07-10T21:00:00+08:00,OPERATING,28.12,4.5,22.21,0,0,1,summer,2026-08-31T02:21:38.422656+00:00
2025-07-10,12,45.91,44,32.14,64.28,2025-07-10T09:00:00+08:00,2025-07-10T21:00:00+08:00,OPERATING,27.24,4.5,22.43,0,0,1,summer,2026-08-31T02:21:38.422656+00:00
2025-07-10,13,52.01,43,36.41,72.81,2025-07-10T09:00:00+08:00,2025-07-10T21:00:00+08:00,OPERATING,27.73,4.5,21.73,0,0,1,summer,2026-08-31T02:21:38.422656+00:00
2025-07-10,14,52.69,47,36.88,73.76,2025-07-10T09:00:00+08:00,2025-07-10T21:00:00+08:00,OPERATING,28.72,4.5,22.29,0,0,1,summer,2026-08-31T02:21:38.422656+00:00
2025-07-10,15,56.95,43,39.87,79.73,2025-07-10T09:00:00+08:00,2025-07-10T21:00:00+08:00,OPERATING,27.95,4.5,21.96,0,0,1,summer,2026-08-31T02:21:38.422656+00:00
2025-07-10,16,50.97,46,35.68,71.35,2025-07-10T09:00:00+08:00,2025-07-10T21:00:00+08:00,OPERATING,27.61,4.5,22.52,0,0,1,summer,2026-08-31T02:21:38.422656+00:00
2025-07-10,17,43.88,47,30.71,61.43,2025-07-10T09:00:00+08:00,2025-07-10T21:00:00+08:00,OPERATING,29.52,4.5,22.36,0,0,1,summer,2026-08-31T02:21:38.422656+00:00
2025-07-10,18,43.05,44,30.13,60.27,2025-07-10T09:00:00+08:00,2025-07-10T21:00:00+08:00,OPERATING,26.61,4.5,23.54,0,0,1,summer,2026-08-31T02:21:38.422656+00:00
2025-07-10,19,40.7,43,28.49,56.99,2025-07-10T09:00:00+08:00,2025-07-10T21:00:00+08:00,OPERATING,28.6,4.5,22.83,0,0,1,summer,2026-08-31T02:21:38.422656+00:00
2025-07-10,20,28.98,46,20.29,40.57,2025-07-10T09:00:00+08:00,2025-07-10T21:00:00+08:00,OPERATING,28.21,4.5,20.92,0,0,1,summer,2026-08-31T02:21:38.422656+00:00
2025-07-10,21,18.22,45,12.76,25.51,2025-07-10T09:00:00+08:00,2025-07-10T21:00:00+08:00,OPERATING,27.41,4.5,19.98,0,0,1,summer,2026-08-31T02:21:38.422656+00:00
2025-07-11,9,21.81,43,15.27,30.53,2025-07-11T09:00:00+08:00,2025-07-11T21:00:00+08:00,OPERATING,27.33,17.7,19.85,0,0,1,summer,2026-08-31T02:21:38.422656+00:00
2025-07-11,10,26.94,45,18.86,37.72,2025-07-11T09:00:00+08:00,2025-07-11T21:00:00+08:00,OPERATING,25.4,17.7,22.06,0,0,1,summer,2026-08-31T02:21:38.422656+00:00
2025-07-11,11,38.89,43,27.22,54.45,2025-07-11T09:00:00+08:00,2025-07-11T21:00:00+08:00,OPERATING,26.52,17.7,19.32,0,0,1,summer,2026-08-31T02:21:38.422656+00:00
2025-07-11,12,34.59,44,24.22,48.43,2025-07-11T09:00:00+08:00,2025-07-11T21:00:00+08:00,OPERATING,26.29,17.7,19.79,0,0,1,summer,2026-08-31T02:21:38.422656+00:00
2025-07-11,13,37.88,43,31.2,62.4,2025-07-11T09:00:00+08:00,2025-07-11T21:00:00+08:00,OPERATING,27.57,17.7,20.84,0,0,1,summer,2026-08-31T02:21:38.422656+00:00
2025-07-11,14,37.71,46,31.06,62.11,2025-07-11T09:00:00+08:00,2025-07-11T21:00:00+08:00,OPERATING,26.05,17.7,21.58,0,0,1,summer,2026-08-31T02:21:38.422656+00:00
2025-07-11,15,37.85,45,31.17,62.33,2025-07-11T09:00:00+08:00,2025-07-11T21:00:00+08:00,OPERATING,25.55,17.7,22.22,0,0,1,summer,2026-08-31T02:21:38.422656+00:00
2025-07-11,16,33.81,45,27.85,55.69,2025-07-11T09:00:00+08:00,2025-07-11T21:00:00+08:00,OPERATING,26.69,17.7,20.46,0,0,1,summer,2026-08-31T02:21:38.422656+00:00
2025-07-11,17,42.58,46,29.81,59.62,2025-07-11T09:00:00+08:00,2025-07-11T21:00:00+08:00,OPERATING,26.81,17.7,21.1,0,0,1,summer,2026-08-31T02:21:38.422656+00:00
2025-07-11,18,37.67,43,26.37,52.74,2025-07-11T09:00:00+08:00,2025-07-11T21:00:00+08:00,OPERATING,25.16,17.7,18.8,0,0,1,summer,2026-08-31T02:21:38.422656+00:00
2025-07-11,19,30.12,46,21.08,42.17,2025-07-11T09:00:00+08:00,2025-07-11T21:00:00+08:00,OPERATING,26.03,17.7,22.56,0,0,1,summer,2026-08-31T02:21:38.422656+00:00
2025-07-11,20,25.77,47,18.04,36.08,2025-07-11T09:00:00+08:00,2025-07-11T21:00:00+08:00,OPERATING,26.33,17.7,20.51,0,0,1,summer,2026-08-31T02:21:38.422656+00:00
2025-07-11,21,19.12,47,13.39,26.77,2025-07-11T09:00:00+08:00,2025-07-11T21:00:00+08:00,OPERATING,27.02,17.7,21.17,0,0,1,summer,2026-08-31T02:21:38.422656+00:00
2025-07-12,9,34.93,46,24.45,48.91,2025-07-12T09:00:00+08:00,2025-07-12T21:00:00+08:00,OPERATING,26.08,17.8,19.89,1,1,1,summer,2026-08-31T02:21:38.422656+00:00
2025-07-12,10,48.39,47,33.87,67.74,2025-07-12T09:00:00+08:00,2025-07-12T21:00:00+08:00,OPERATING,27.06,17.8,21.27,1,1,1,summer,2026-08-31T02:21:38.422656+00:00
2025-07-12,11,60.92,47,42.64,85.28,2025-07-12T09:00:00+08:00,2025-07-12T21:00:00+08:00,OPERATING,26.9,17.8,19.47,1,1,1,summer,2026-08-31T02:21:38.422656+00:00
2025-07-12,12,65.19,47,45.63,91.27,2025-07-12T09:00:00+08:00,2025-07-12T21:00:00+08:00,OPERATING,26.82,17.8,19.77,1,1,1,summer,2026-08-31T02:21:38.422656+00:00
2025-07-12,13,59.16,45,48.72,97.44,2025-07-12T09:00:00+08:00,2025-07-12T21:00:00+08:00,OPERATING,25.88,17.8,20.57,1,1,1,summer,2026-08-31T02:21:38.422656+00:00
2025-07-12,14,60.56,47,49.87,99.74,2025-07-12T09:00:00+08:00,2025-07-12T21:00:00+08:00,OPERATING,27.96,17.8,19.62,1,1,1,summer,2026-08-31T02:21:38.422656+00:00
2025-07-12,15,67.02,46,55.19,110.38,2025-07-12T09:00:00+08:00,2025-07-12T21:00:00+08:00,OPERATING,25.9,17.8,18.27,1,1,1,summer,2026-08-31T02:21:38.422656+00:00
2025-07-12,16,60.53,46,49.85,99.7,2025-07-12T09:00:00+08:00,2025-07-12T21:00:00+08:00,OPERATING,26.98,17.8,20.1,1,1,1,summer,2026-08-31T02:21:38.422656+00:00
2025-07-12,17,68.25,46,47.77,95.55,2025-07-12T09:00:00+08:00,2025-07-12T21:00:00+08:00,OPERATING,25.69,17.8,20.15,1,1,1,summer,2026-08-31T02:21:38.422656+00:00
2025-07-12,18,57.62,47,40.33,80.66,2025-07-12T09:00:00+08:00,2025-07-12T21:00:00+08:00,OPERATING,26.71,17.8,19.93,1,1,1,summer,2026-08-31T02:21:38.422656+00:00
2025-07-12,19,53.02,43,37.12,74.23,2025-07-12T09:00:00+08:00,2025-07-12T21:00:00+08:00,OPERATING,25.35,17.8,17.78,1,1,1,summer,2026-08-31T02:21:38.422656+00:00
2025-07-12,20,45.23,43,31.66,63.32,2025-07-12T09:00:00+08:00,2025-07-12T21:00:00+08:00,OPERATING,26.2,17.8,18.99,1,1,1,summer,2026-08-31T02:21:38.422656+00:00
2025-07-12,21,29.2,43,20.44,40.88,2025-07-12T09:00:00+08:00,2025-07-12T21:00:00+08:00,OPERATING,27.94,17.8,19.39,1,1,1,summer,2026-08-31T02:21:38.422656+00:00
2025-07-13,9,39.2,43,27.44,54.88,2025-07-13T09:00:00+08:00,2025-07-13T21:00:00+08:00,OPERATING,27.72,0.5,12.11,1,1,1,summer,2026-08-31T02:21:38.422656+00:00
2025-07-13,10,53.64,43,37.55,75.1,2025-07-13T09:00:00+08:00,2025-07-13T21:00:00+08:00,OPERATING,28.35,0.5,13.63,1,1,1,summer,2026-08-31T02:21:38.422656+00:00
2025-07-13,11,69.76,43,48.83,97.66,2025-07-13T09:00:00+08:00,2025-07-13T21:00:00+08:00,OPERATING,26.91,0.5,14.52,1,1,1,summer,2026-08-31T02:21:38.422656+00:00
2025-07-13,12,78.89,47,55.22,110.45,2025-07-13T09:00:00+08:00,2025-07-13T21:00:00+08:00,OPERATING,25.1,0.5,13.34,1,1,1,summer,2026-08-31T02:21:38.422656+00:00
2025-07-13,13,81.1,45,56.77,113.53,2025-07-13T09:00:00+08:00,2025-07-13T21:00:00+08:00,OPERATING,28.21,0.5,13.14,1,1,1,summer,2026-08-31T02:21:38.422656+00:00
2025-07-13,14,84.5,46,59.15,118.3,2025-07-13T09:00:00+08:00,2025-07-13T21:00:00+08:00,OPERATING,28.45,0.5,12.16,1,1,1,summer,2026-08-31T02:21:38.422656+00:00
2025-07-13,15,89.61,46,62.73,125.46,2025-07-13T09:00:00+08:00,2025-07-13T21:00:00+08:00,OPERATING,27.28,0.5,13.84,1,1,1,summer,2026-08-31T02:21:38.422656+00:00
2025-07-13,16,82.78,44,57.94,115.89,2025-07-13T09:00:00+08:00,2025-07-13T21:00:00+08:00,OPERATING,27.38,0.5,12.6,1,1,1,summer,2026-08-31T02:21:38.422656+00:00
2025-07-13,17,79.13,47,55.39,110.78,2025-07-13T09:00:00+08:00,2025-07-13T21:00:00+08:00,OPERATING,27.14,0.5,14.2,1,1,1,summer,2026-08-31T02:21:38.422656+00:00
2025-07-13,18,70.65,44,49.46,98.91,2025-07-13T09:00:00+08:00,2025-07-13T21:00:00+08:00,OPERATING,26.59,0.5,13.85,1,1,1,summer,2026-08-31T02:21:38.422656+00:00
2025-07-13,19,62.45,43,43.72,87.43,2025-07-13T09:00:00+08:00,2025-07-13T21:00:00+08:00,OPERATING,26.92,0.5,12.69,1,1,1,summer,2026-08-31T02:21:38.422656+00:00
2025-07-13,20,54.08,44,37.86,75.71,2025-07-13T09:00:00+08:00,2025-07-13T21:00:00+08:00,OPERATING,27.97,0.5,13.82,1,1,1,summer,2026-08-31T02:21:38.422656+00:00
2025-07-13,21,37.34,45,26.14,52.28,2025-07-13T09:00:00+08:00,2025-07-13T21:00:00+08:00,OPERATING,28.34,0.5,12.24,1,1,1,summer,2026-08-31T02:21:38.422656+00:00
2025-07-14,9,33.88,44,23.71,47.43,2025-07-14T09:00:00+08:00,2025-07-14T21:00:00+08:00,OPERATING,29.45,1.0,14.51,0,0,1,summer,2026-08-31T02:21:38.422656+00:00
2025-07-14,10,43.98,44,30.78,61.57,2025-07-14T09:00:00+08:00,2025-07-14T21:00:00+08:00,OPERATING,27.6,1.0,15.35,0,0,1,summer,2026-08-31T02:21:38.422656+00:00
2025-07-14,11,50.96,46,35.67,71.34,2025-07-14T09:00:00+08:00,2025-07-14T21:00:00+08:00,OPERATING,27.46,1.0,13.46,0,0,1,summer,2026-08-31T02:21:38.422656+00:00
2025-07-14,12,58.08,43,40.66,81.32,2025-07-14T09:00:00+08:00,2025-07-14T21:00:00+08:00,OPERATING,27.96,1.0,15.2,0,0,1,summer,2026-08-31T02:21:38.422656+00:00
2025-07-14,13,61.21,44,42.85,85.7,2025-07-14T09:00:00+08:00,2025-07-14T21:00:00+08:00,OPERATING,26.65,1.0,15.98,0,0,1,summer,2026-08-31T02:21:38.422656+00:00
2025-07-14,14,60.76,47,42.53,85.07,2025-07-14T09:00:00+08:00,2025-07-14T21:00:00+08:00,OPERATING,28.95,1.0,14.28,0,0,1,summer,2026-08-31T02:21:38.422656+00:00
2025-07-14,15,66.59,47,46.61,93.23,2025-07-14T09:00:00+08:00,2025-07-14T21:00:00+08:00,OPERATING,29.7,1.0,15.2,0,0,1,summer,2026-08-31T02:21:38.422656+00:00
2025-07-14,16,65.25,46,45.68,91.36,2025-07-14T09:00:00+08:00,2025-07-14T21:00:00+08:00,OPERATING,28.25,1.0,12.91,0,0,1,summer,2026-08-31T02:21:38.422656+00:00
2025-07-14,17,58.05,46,40.64,81.27,2025-07-14T09:00:00+08:00,2025-07-14T21:00:00+08:00,OPERATING,28.59,1.0,15.58,0,0,1,summer,2026-08-31T02:21:38.422656+00:00
2025-07-14,18,53.31,47,37.32,74.63,2025-07-14T09:00:00+08:00,2025-07-14T21:00:00+08:00,OPERATING,29.25,1.0,14.6,0,0,1,summer,2026-08-31T02:21:38.422656+00:00
2025-07-14,19,46.39,47,32.48,64.95,2025-07-14T09:00:00+08:00,2025-07-14T21:00:00+08:00,OPERATING,29.61,1.0,15.02,0,0,1,summer,2026-08-31T02:21:38.422656+00:00
2025-07-14,20,38.19,47,26.74,53.47,2025-07-14T09:00:00+08:00,2025-07-14T21:00:00+08:00,OPERATING,29.88,1.0,13.7,0,0,1,summer,2026-08-31T02:21:38.422656+00:00
2025-07-14,21,26.44,47,18.51,37.02,2025-07-14T09:00:00+08:00,2025-07-14T21:00:00+08:00,OPERATING,27.71,1.0,14.93,0,0,1,summer,2026-08-31T02:21:38.422656+00:00
2025-07-15,9,26.68,44,18.68,37.35,2025-07-15T09:00:00+08:00,2025-07-15T21:00:00+08:00,OPERATING,28.7,0.2,12.3,0,0,1,summer,2026-08-31T02:21:38.422656+00:00
2025-07-15,10,41.06,44,28.74,57.49,2025-07-15T09:00:00+08:00,2025-07-15T21:00:00+08:00,OPERATING,29.66,0.2,12.28,0,0,1,summer,2026-08-31T02:21:38.422656+00:00
2025-07-15,11,55.14,45,38.6,77.2,2025-07-15T09:00:00+08:00,2025-07-15T21:00:00+08:00,OPERATING,27.36,0.2,14.08,0,0,1,summer,2026-08-31T02:21:38.422656+00:00
2025-07-15,12,53.35,45,37.34,74.69,2025-07-15T09:00:00+08:00,2025-07-15T21:00:00+08:00,OPERATING,29.74,0.2,15.33,0,0,1,summer,2026-08-31T02:21:38.422656+00:00
2025-07-15,13,58.13,46,40.69,81.38,2025-07-15T09:00:00+08:00,2025-07-15T21:00:00+08:00,OPERATING,29.2,0.2,14.79,0,0,1,summer,2026-08-31T02:21:38.422656+00:00
2025-07-15,14,61.79,47,43.25,86.51,2025-07-15T09:00:00+08:00,2025-07-15T21:00:00+08:00,OPERATING,26.99,0.2,13.24,0,0,1,summer,2026-08-31T02:21:38.422656+00:00
2025-07-15,15,65.93,47,46.15,92.31,2025-07-15T09:00:00+08:00,2025-07-15T21:00:00+08:00,OPERATING,28.23,0.2,14.29,0,0,1,summer,2026-08-31T02:21:38.422656+00:00
2025-07-15,16,63.64,43,44.55,89.09,2025-07-15T09:00:00+08:00,2025-07-15T21:00:00+08:00,OPERATING,27.78,0.2,10.99,0,0,1,summer,2026-08-31T02:21:38.422656+00:00
2025-07-15,17,59.24,45,41.47,82.93,2025-07-15T09:00:00+08:00,2025-07-15T21:00:00+08:00,OPERATING,29.85,0.2,13.81,0,0,1,summer,2026-08-31T02:21:38.422656+00:00
2025-07-15,18,49.85,46,34.9,69.79,2025-07-15T09:00:00+08:00,2025-07-15T21:00:00+08:00,OPERATING,28.06,0.2,12.81,0,0,1,summer,2026-08-31T02:21:38.422656+00:00
2025-07-15,19,46.41,44,32.49,64.97,2025-07-15T09:00:00+08:00,2025-07-15T21:00:00+08:00,OPERATING,29.12,0.2,12.42,0,0,1,summer,2026-08-31T02:21:38.422656+00:00
2025-07-15,20,35.17,44,24.62,49.24,2025-07-15T09:00:00+08:00,2025-07-15T21:00:00+08:00,OPERATING,29.08,0.2,11.67,0,0,1,summer,2026-08-31T02:21:38.422656+00:00
2025-07-15,21,23.8,46,16.66,33.32,2025-07-15T09:00:00+08:00,2025-07-15T21:00:00+08:00,OPERATING,29.95,0.2,14.75,0,0,1,summer,2026-08-31T02:21:38.422656+00:00
2025-07-16,9,36.35,44,25.44,50.89,2025-07-16T09:00:00+08:00,2025-07-16T21:00:00+08:00,OPERATING,33.05,0.0,13.9,0,0,1,summer,2026-08-31T02:21:38.422656+00:00
2025-07-16,10,42.2,43,29.54,59.08,2025-07-16T09:00:00+08:00,2025-07-16T21:00:00+08:00,OPERATING,30.09,0.0,14.61,0,0,1,summer,2026-08-31T02:21:38.422656+00:00
2025-07-16,11,60.5,46,42.35,84.7,2025-07-16T09:00:00+08:00,2025-07-16T21:00:00+08:00,OPERATING,31.55,0.0,15.38,0,0,1,summer,2026-08-31T02:21:38.422656+00:00
2025-07-16,12,66.26,47,46.38,92.76,2025-07-16T09:00:00+08:00,2025-07-16T21:00:00+08:00,OPERATING,31.61,0.0,17.34,0,0,1,summer,2026-08-31T02:21:38.422656+00:00
2025-07-16,13,70.35,46,49.24,98.49,2025-07-16T09:00:00+08:00,2025-07-16T21:00:00+08:00,OPERATING,30.56,0.0,15.36,0,0,1,summer,2026-08-31T02:21:38.422656+00:00
2025-07-16,14,69.18,44,48.43,96.85,2025-07-16T09:00:00+08:00,2025-07-16T21:00:00+08:00,OPERATING,30.99,0.0,15.71,0,0,1,summer,2026-08-31T02:21:38.422656+00:00
2025-07-16,15,73.95,44,51.77,103.53,2025-07-16T09:00:00+08:00,2025-07-16T21:00:00+08:00,OPERATING,30.49,0.0,14.68,0,0,1,summer,2026-08-31T02:21:38.422656+00:00
2025-07-16,16,73.15,43,51.21,102.41,2025-07-16T09:00:00+08:00,2025-07-16T21:00:00+08:00,OPERATING,30.78,0.0,14.8,0,0,1,summer,2026-08-31T02:21:38.422656+00:00
2025-07-16,17,63.71,44,44.6,89.2,2025-07-16T09:00:00+08:00,2025-07-16T21:00:00+08:00,OPERATING,32.33,0.0,16.07,0,0,1,summer,2026-08-31T02:21:38.422656+00:00
2025-07-16,18,62.35,43,43.65,87.29,2025-07-16T09:00:00+08:00,2025-07-16T21:00:00+08:00,OPERATING,31.48,0.0,16.35,0,0,1,summer,2026-08-31T02:21:38.422656+00:00
2025-07-16,19,52.87,47,37.01,74.01,2025-07-16T09:00:00+08:00,2025-07-16T21:00:00+08:00,OPERATING,30.41,0.0,14.31,0,0,1,summer,2026-08-31T02:21:38.422656+00:00
2025-07-16,20,47.76,45,33.43,66.87,2025-07-16T09:00:00+08:00,2025-07-16T21:00:00+08:00,OPERATING,31.76,0.0,16.32,0,0,1,summer,2026-08-31T02:21:38.422656+00:00
2025-07-16,21,31.24,44,21.87,43.74,2025-07-16T09:00:00+08:00,2025-07-16T21:00:00+08:00,OPERATING,31.55,0.0,16.12,0,0,1,summer,2026-08-31T02:21:38.422656+00:00
2025-07-17,9,21.44,46,15.01,30.01,2025-07-17T09:00:00+08:00,2025-07-17T21:00:00+08:00,OPERATING,29.24,13.0,14.84,0,0,1,summer,2026-08-31T02:21:38.422656+00:00
2025-07-17,10,28.31,46,19.81,39.63,2025-07-17T09:00:00+08:00,2025-07-17T21:00:00+08:00,OPERATING,29.75,13.0,11.72,0,0,1,summer,2026-08-31T02:21:38.422656+00:00
2025-07-17,11,38.42,46,26.9,53.79,2025-07-17T09:00:00+08:00,2025-07-17T21:00:00+08:00,OPERATING,30.92,13.0,12.53,0,0,1,summer,2026-08-31T02:21:38.422656+00:00
2025-07-17,12,42.41,43,29.68,59.37,2025-07-17T09:00:00+08:00,2025-07-17T21:00:00+08:00,OPERATING,30.47,13.0,12.71,0,0,1,summer,2026-08-31T02:21:38.422656+00:00
2025-07-17,13,38.01,46,31.3,62.6,2025-07-17T09:00:00+08:00,2025-07-17T21:00:00+08:00,OPERATING,29.68,13.0,13.2,0,0,1,summer,2026-08-31T02:21:38.422656+00:00
2025-07-17,14,42.57,44,35.06,70.12,2025-07-17T09:00:00+08:00,2025-07-17T21:00:00+08:00,OPERATING,30.71,13.0,14.14,0,0,1,summer,2026-08-31T02:21:38.422656+00:00
2025-07-17,15,43.34,47,35.7,71.39,2025-07-17T09:00:00+08:00,2025-07-17T21:00:00+08:00,OPERATING,29.34,13.0,14.37,0,0,1,summer,2026-08-31T02:21:38.422656+00:00
2025-07-17,16,41.79,43,34.41,68.83,2025-07-17T09:00:00+08:00,2025-07-17T21:00:00+08:00,OPERATING,28.91,13.0,13.4,0,0,1,summer,2026-08-31T02:21:38.422656+00:00
2025-07-17,17,40.35,46,28.25,56.49,2025-07-17T09:00:00+08:00,2025-07-17T21:00:00+08:00,OPERATING,29.92,13.0,12.7,0,0,1,summer,2026-08-31T02:21:38.422656+00:00
2025-07-17,18,37.44,46,26.21,52.42,2025-07-17T09:00:00+08:00,2025-07-17T21:00:00+08:00,OPERATING,30.06,13.0,14.89,0,0,1,summer,2026-08-31T02:21:38.422656+00:00
2025-07-17,19,36.78,43,25.75,51.49,2025-07-17T09:00:00+08:00,2025-07-17T21:00:00+08:00,OPERATING,29.87,13.0,15.15,0,0,1,summer,2026-08-31T02:21:38.422656+00:00
2025-07-17,20,31.16,46,21.81,43.62,2025-07-17T09:00:00+08:00,2025-07-17T21:00:00+08:00,OPERATING,28.18,13.0,13.37,0,0,1,summer,2026-08-31T02:21:38.422656+00:00
2025-07-17,21,21.51,47,15.06,30.11,2025-07-17T09:00:00+08:00,2025-07-17T21:00:00+08:00,OPERATING,29.73,13.0,12.08,0,0,1,summer,2026-08-31T02:21:38.422656+00:00
2025-07-18,9,16.4,46,11.48,22.96,2025-07-18T09:00:00+08:00,2025-07-18T21:00:00+08:00,OPERATING,26.69,25.6,11.89,0,0,1,summer,2026-08-31T02:21:38.422656+00:00
2025-07-18,10,30.83,45,21.58,43.17,2025-07-18T09:00:00+08:00,2025-07-18T21:00:00+08:00,OPERATING,27.53,25.6,10.81,0,0,1,summer,2026-08-31T02:21:38.422656+00:00
2025-07-18,11,33.58,47,23.5,47.01,2025-07-18T09:00:00+08:00,2025-07-18T21:00:00+08:00,OPERATING,27.12,25.6,9.49,0,0,1,summer,2026-08-31T02:21:38.422656+00:00
2025-07-18,12,36.06,43,25.24,50.48,2025-07-18T09:00:00+08:00,2025-07-18T21:00:00+08:00,OPERATING,26.36,25.6,11.29,0,0,1,summer,2026-08-31T02:21:38.422656+00:00
2025-07-18,13,34.56,43,28.46,56.92,2025-07-18T09:00:00+08:00,2025-07-18T21:00:00+08:00,OPERATING,27.54,25.6,11.88,0,0,1,summer,2026-08-31T02:21:38.422656+00:00
2025-07-18,14,35.45,45,29.19,58.38,2025-07-18T09:00:00+08:00,2025-07-18T21:00:00+08:00,OPERATING,26.29,25.6,10.93,0,0,1,summer,2026-08-31T02:21:38.422656+00:00
2025-07-18,15,33.42,45,27.52,55.04,2025-07-18T09:00:00+08:00,2025-07-18T21:00:00+08:00,OPERATING,27.38,25.6,9.5,0,0,1,summer,2026-08-31T02:21:38.422656+00:00
2025-07-18,16,36.1,44,29.73,59.46,2025-07-18T09:00:00+08:00,2025-07-18T21:00:00+08:00,OPERATING,27.18,25.6,11.26,0,0,1,summer,2026-08-31T02:21:38.422656+00:00
2025-07-18,17,42.78,43,29.94,59.89,2025-07-18T09:00:00+08:00,2025-07-18T21:00:00+08:00,OPERATING,26.61,25.6,11.02,0,0,1,summer,2026-08-31T02:21:38.422656+00:00
2025-07-18,18,33.99,46,23.79,47.58,2025-07-18T09:00:00+08:00,2025-07-18T21:00:00+08:00,OPERATING,26.41,25.6,11.37,0,0,1,summer,2026-08-31T02:21:38.422656+00:00
2025-07-18,19,34.92,46,24.44,48.89,2025-07-18T09:00:00+08:00,2025-07-18T21:00:00+08:00,OPERATING,25.81,25.6,10.87,0,0,1,summer,2026-08-31T02:21:38.422656+00:00
2025-07-18,20,24.4,43,17.08,34.16,2025-07-18T09:00:00+08:00,2025-07-18T21:00:00+08:00,OPERATING,27.04,25.6,12.49,0,0,1,summer,2026-08-31T02:21:38.422656+00:00
2025-07-18,21,19.76,47,13.83,27.66,2025-07-18T09:00:00+08:00,2025-07-18T21:00:00+08:00,OPERATING,27.31,25.6,11.08,0,0,1,summer,2026-08-31T02:21:38.422656+00:00
2025-07-19,9,40.01,46,28.01,56.02,2025-07-19T09:00:00+08:00,2025-07-19T21:00:00+08:00,OPERATING,29.02,1.3,23.07,1,1,1,summer,2026-08-31T02:21:38.422656+00:00
2025-07-19,10,50.53,43,35.37,70.75,2025-07-19T09:00:00+08:00,2025-07-19T21:00:00+08:00,OPERATING,29.2,1.3,20.62,1,1,1,summer,2026-08-31T02:21:38.422656+00:00
2025-07-19,11,69.24,43,48.47,96.94,2025-07-19T09:00:00+08:00,2025-07-19T21:00:00+08:00,OPERATING,28.71,1.3,25.46,1,1,1,summer,2026-08-31T02:21:38.422656+00:00
2025-07-19,12,76.64,47,53.65,107.3,2025-07-19T09:00:00+08:00,2025-07-19T21:00:00+08:00,OPERATING,28.31,1.3,23.82,1,1,1,summer,2026-08-31T02:21:38.422656+00:00
2025-07-19,13,79.1,45,55.37,110.73,2025-07-19T09:00:00+08:00,2025-07-19T21:00:00+08:00,OPERATING,28.57,1.3,23.13,1,1,1,summer,2026-08-31T02:21:38.422656+00:00
2025-07-19,14,80.09,43,56.06,112.13,2025-07-19T09:00:00+08:00,2025-07-19T21:00:00+08:00,OPERATING,29.66,1.3,20.36,1,1,1,summer,2026-08-31T02:21:38.422656+00:00
2025-07-19,15,85.36,45,59.75,119.5,2025-07-19T09:00:00+08:00,2025-07-19T21:00:00+08:00,OPERATING,29.5,1.3,20.44,1,1,1,summer,2026-08-31T02:21:38.422656+00:00
2025-07-19,16,79.99,44,55.99,111.99,2025-07-19T09:00:00+08:00,2025-07-19T21:00:00+08:00,OPERATING,27.54,1.3,20.01,1,1,1,summer,2026-08-31T02:21:38.422656+00:00
2025-07-19,17,72.64,45,50.85,101.69,2025-07-19T09:00:00+08:00,2025-07-19T21:00:00+08:00,OPERATING,28.75,1.3,23.52,1,1,1,summer,2026-08-31T02:21:38.422656+00:00
2025-07-19,18,65.75,44,46.03,92.06,2025-07-19T09:00:00+08:00,2025-07-19T21:00:00+08:00,OPERATING,28.99,1.3,21.15,1,1,1,summer,2026-08-31T02:21:38.422656+00:00
2025-07-19,19,63.4,47,44.38,88.76,2025-07-19T09:00:00+08:00,2025-07-19T21:00:00+08:00,OPERATING,27.7,1.3,22.54,1,1,1,summer,2026-08-31T02:21:38.422656+00:00
2025-07-19,20,45.87,44,32.11,64.22,2025-07-19T09:00:00+08:00,2025-07-19T21:00:00+08:00,OPERATING,28.97,1.3,21.92,1,1,1,summer,2026-08-31T02:21:38.422656+00:00
2025-07-19,21,31.95,45,22.36,44.72,2025-07-19T09:00:00+08:00,2025-07-19T21:00:00+08:00,OPERATING,29.16,1.3,22.89,1,1,1,summer,2026-08-31T02:21:38.422656+00:00
2025-07-20,9,38.85,43,27.19,54.38,2025-07-20T09:00:00+08:00,2025-07-20T21:00:00+08:00,OPERATING,30.67,0.3,23.0,1,1,1,summer,2026-08-31T02:21:38.422656+00:00
2025-07-20,10,53.39,47,37.37,74.75,2025-07-20T09:00:00+08:00,2025-07-20T21:00:00+08:00,OPERATING,29.0,0.3,23.37,1,1,1,summer,2026-08-31T02:21:38.422656+00:00
2025-07-20,11,73.01,43,51.11,102.21,2025-07-20T09:00:00+08:00,2025-07-20T21:00:00+08:00,OPERATING,30.09,0.3,26.09,1,1,1,summer,2026-08-31T02:21:38.422656+00:00
2025-07-20,12,76.36,47,53.45,106.9,2025-07-20T09:00:00+08:00,2025-07-20T21:00:00+08:00,OPERATING,29.23,0.3,23.71,1,1,1,summer,2026-08-31T02:21:38.422656+00:00
2025-07-20,13,78.19,47,54.73,109.47,2025-07-20T09:00:00+08:00,2025-07-20T21:00:00+08:00,OPERATING,28.02,0.3,23.35,1,1,1,summer,2026-08-31T02:21:38.422656+00:00
2025-07-20,14,83.35,45,58.34,116.69,2025-07-20T09:00:00+08:00,2025-07-20T21:00:00+08:00,OPERATING,29.4,0.3,23.21,1,1,1,summer,2026-08-31T02:21:38.422656+00:00
2025-07-20,15,87.0,43,60.9,121.8,2025-07-20T09:00:00+08:00,2025-07-20T21:00:00+08:00,OPERATING,29.39,0.3,23.28,1,1,1,summer,2026-08-31T02:21:38.422656+00:00
2025-07-20,16,85.31,45,59.72,119.44,2025-07-20T09:00:00+08:00,2025-07-20T21:00:00+08:00,OPERATING,28.84,0.3,24.11,1,1,1,summer,2026-08-31T02:21:38.422656+00:00
2025-07-20,17,77.35,44,54.15,108.29,2025-07-20T09:00:00+08:00,2025-07-20T21:00:00+08:00,OPERATING,29.63,0.3,24.68,1,1,1,summer,2026-08-31T02:21:38.422656+00:00
2025-07-20,18,69.16,46,48.41,96.83,2025-07-20T09:00:00+08:00,2025-07-20T21:00:00+08:00,OPERATING,29.19,0.3,23.39,1,1,1,summer,2026-08-31T02:21:38.422656+00:00
2025-07-20,19,58.87,45,41.21,82.42,2025-07-20T09:00:00+08:00,2025-07-20T21:00:00+08:00,OPERATING,27.14,0.3,23.17,1,1,1,summer,2026-08-31T02:21:38.422656+00:00
2025-07-20,20,49.49,43,34.64,69.28,2025-07-20T09:00:00+08:00,2025-07-20T21:00:00+08:00,OPERATING,29.13,0.3,24.46,1,1,1,summer,2026-08-31T02:21:38.422656+00:00
2025-07-20,21,37.28,43,26.09,52.19,2025-07-20T09:00:00+08:00,2025-07-20T21:00:00+08:00,OPERATING,28.19,0.3,22.32,1,1,1,summer,2026-08-31T02:21:38.422656+00:00
2025-07-21,9,25.22,47,17.65,35.31,2025-07-21T09:00:00+08:00,2025-07-21T21:00:00+08:00,OPERATING,30.18,2.9,23.72,0,0,1,summer,2026-08-31T02:21:38.422656+00:00
2025-07-21,10,40.95,47,28.66,57.33,2025-07-21T09:00:00+08:00,2025-07-21T21:00:00+08:00,OPERATING,27.68,2.9,25.74,0,0,1,summer,2026-08-31T02:21:38.422656+00:00
2025-07-21,11,46.06,46,32.25,64.49,2025-07-21T09:00:00+08:00,2025-07-21T21:00:00+08:00,OPERATING,28.9,2.9,22.77,0,0,1,summer,2026-08-31T02:21:38.422656+00:00
2025-07-21,12,52.71,45,36.9,73.8,2025-07-21T09:00:00+08:00,2025-07-21T21:00:00+08:00,OPERATING,28.98,2.9,26.35,0,0,1,summer,2026-08-31T02:21:38.422656+00:00
2025-07-21,13,49.44,43,34.61,69.22,2025-07-21T09:00:00+08:00,2025-07-21T21:00:00+08:00,OPERATING,28.43,2.9,24.65,0,0,1,summer,2026-08-31T02:21:38.422656+00:00
2025-07-21,14,55.96,47,39.17,78.35,2025-07-21T09:00:00+08:00,2025-07-21T21:00:00+08:00,OPERATING,28.81,2.9,25.46,0,0,1,summer,2026-08-31T02:21:38.422656+00:00
2025-07-21,15,60.14,46,42.1,84.2,2025-07-21T09:00:00+08:00,2025-07-21T21:00:00+08:00,OPERATING,28.65,2.9,24.62,0,0,1,summer,2026-08-31T02:21:38.422656+00:00
2025-07-21,16,56.56,44,39.59,79.18,2025-07-21T09:00:00+08:00,2025-07-21T21:00:00+08:00,OPERATING,29.56,2.9,24.55,0,0,1,summer,2026-08-31T02:21:38.422656+00:00
2025-07-21,17,54.9,46,38.43,76.86,2025-07-21T09:00:00+08:00,2025-07-21T21:00:00+08:00,OPERATING,29.39,2.9,26.4,0,0,1,summer,2026-08-31T02:21:38.422656+00:00
2025-07-21,18,49.27,46,34.49,68.97,2025-07-21T09:00:00+08:00,2025-07-21T21:00:00+08:00,OPERATING,29.44,2.9,25.32,0,0,1,summer,2026-08-31T02:21:38.422656+00:00
2025-07-21,19,40.93,46,28.65,57.3,2025-07-21T09:00:00+08:00,2025-07-21T21:00:00+08:00,OPERATING,28.23,2.9,24.04,0,0,1,summer,2026-08-31T02:21:38.422656+00:00
2025-07-21,20,33.34,46,23.34,46.68,2025-07-21T09:00:00+08:00,2025-07-21T21:00:00+08:00,OPERATING,28.06,2.9,23.34,0,0,1,summer,2026-08-31T02:21:38.422656+00:00
2025-07-21,21,29.3,45,20.51,41.02,2025-07-21T09:00:00+08:00,2025-07-21T21:00:00+08:00,OPERATING,29.62,2.9,25.17,0,0,1,summer,2026-08-31T02:21:38.422656+00:00
2025-07-22,9,29.73,47,20.81,41.62,2025-07-22T09:00:00+08:00,2025-07-22T21:00:00+08:00,OPERATING,28.26,1.0,18.56,0,0,1,summer,2026-08-31T02:21:38.422656+00:00
2025-07-22,10,36.78,47,25.74,51.49,2025-07-22T09:00:00+08:00,2025-07-22T21:00:00+08:00,OPERATING,29.1,1.0,19.21,0,0,1,summer,2026-08-31T02:21:38.422656+00:00
2025-07-22,11,50.78,46,35.54,71.09,2025-07-22T09:00:00+08:00,2025-07-22T21:00:00+08:00,OPERATING,30.54,1.0,21.0,0,0,1,summer,2026-08-31T02:21:38.422656+00:00
2025-07-22,12,55.51,44,38.86,77.71,2025-07-22T09:00:00+08:00,2025-07-22T21:00:00+08:00,OPERATING,28.92,1.0,22.11,0,0,1,summer,2026-08-31T02:21:38.422656+00:00
2025-07-22,13,55.83,47,39.08,78.16,2025-07-22T09:00:00+08:00,2025-07-22T21:00:00+08:00,OPERATING,28.72,1.0,20.74,0,0,1,summer,2026-08-31T02:21:38.422656+00:00
2025-07-22,14,59.32,47,41.52,83.04,2025-07-22T09:00:00+08:00,2025-07-22T21:00:00+08:00,OPERATING,27.68,1.0,20.32,0,0,1,summer,2026-08-31T02:21:38.422656+00:00
2025-07-22,15,62.13,44,43.49,86.98,2025-07-22T09:00:00+08:00,2025-07-22T21:00:00+08:00,OPERATING,28.11,1.0,18.22,0,0,1,summer,2026-08-31T02:21:38.422656+00:00
2025-07-22,16,57.23,44,40.06,80.13,2025-07-22T09:00:00+08:00,2025-07-22T21:00:00+08:00,OPERATING,28.8,1.0,21.41,0,0,1,summer,2026-08-31T02:21:38.422656+00:00
2025-07-22,17,52.94,44,37.06,74.12,2025-07-22T09:00:00+08:00,2025-07-22T21:00:00+08:00,OPERATING,27.66,1.0,20.65,0,0,1,summer,2026-08-31T02:21:38.422656+00:00
2025-07-22,18,51.74,46,36.22,72.43,2025-07-22T09:00:00+08:00,2025-07-22T21:00:00+08:00,OPERATING,28.24,1.0,19.54,0,0,1,summer,2026-08-31T02:21:38.422656+00:00
2025-07-22,19,42.26,47,29.58,59.16,2025-07-22T09:00:00+08:00,2025-07-22T21:00:00+08:00,OPERATING,28.71,1.0,20.35,0,0,1,summer,2026-08-31T02:21:38.422656+00:00
2025-07-22,20,35.09,43,24.56,49.12,2025-07-22T09:00:00+08:00,2025-07-22T21:00:00+08:00,OPERATING,28.92,1.0,20.07,0,0,1,summer,2026-08-31T02:21:38.422656+00:00
2025-07-22,21,24.28,43,17.0,33.99,2025-07-22T09:00:00+08:00,2025-07-22T21:00:00+08:00,OPERATING,29.82,1.0,21.45,0,0,1,summer,2026-08-31T02:21:38.422656+00:00
2025-07-23,9,32.63,45,22.84,45.69,2025-07-23T09:00:00+08:00,2025-07-23T21:00:00+08:00,OPERATING,28.25,0.9,18.68,0,0,1,summer,2026-08-31T02:21:38.422656+00:00
2025-07-23,10,40.2,46,28.14,56.28,2025-07-23T09:00:00+08:00,2025-07-23T21:00:00+08:00,OPERATING,28.48,0.9,18.98,0,0,1,summer,2026-08-31T02:21:38.422656+00:00
2025-07-23,11,51.43,46,36.0,72.0,2025-07-23T09:00:00+08:00,2025-07-23T21:00:00+08:00,OPERATING,29.21,0.9,18.45,0,0,1,summer,2026-08-31T02:21:38.422656+00:00
2025-07-23,12,57.0,44,39.9,79.81,2025-07-23T09:00:00+08:00,2025-07-23T21:00:00+08:00,OPERATING,29.0,0.9,19.73,0,0,1,summer,2026-08-31T02:21:38.422656+00:00
2025-07-23,13,56.86,47,39.8,79.61,2025-07-23T09:00:00+08:00,2025-07-23T21:00:00+08:00,OPERATING,28.32,0.9,18.75,0,0,1,summer,2026-08-31T02:21:38.422656+00:00
2025-07-23,14,63.24,43,44.27,88.53,2025-07-23T09:00:00+08:00,2025-07-23T21:00:00+08:00,OPERATING,29.17,0.9,19.74,0,0,1,summer,2026-08-31T02:21:38.422656+00:00
2025-07-23,15,66.18,45,46.33,92.66,2025-07-23T09:00:00+08:00,2025-07-23T21:00:00+08:00,OPERATING,27.87,0.9,18.93,0,0,1,summer,2026-08-31T02:21:38.422656+00:00
2025-07-23,16,61.08,43,42.76,85.51,2025-07-23T09:00:00+08:00,2025-07-23T21:00:00+08:00,OPERATING,28.53,0.9,18.63,0,0,1,summer,2026-08-31T02:21:38.422656+00:00
2025-07-23,17,58.4,45,40.88,81.76,2025-07-23T09:00:00+08:00,2025-07-23T21:00:00+08:00,OPERATING,28.19,0.9,19.17,0,0,1,summer,2026-08-31T02:21:38.422656+00:00
2025-07-23,18,51.57,44,36.1,72.19,2025-07-23T09:00:00+08:00,2025-07-23T21:00:00+08:00,OPERATING,28.55,0.9,19.32,0,0,1,summer,2026-08-31T02:21:38.422656+00:00
2025-07-23,19,46.51,44,32.56,65.11,2025-07-23T09:00:00+08:00,2025-07-23T21:00:00+08:00,OPERATING,29.22,0.9,19.92,0,0,1,summer,2026-08-31T02:21:38.422656+00:00
2025-07-23,20,37.56,45,26.3,52.59,2025-07-23T09:00:00+08:00,2025-07-23T21:00:00+08:00,OPERATING,28.72,0.9,19.85,0,0,1,summer,2026-08-31T02:21:38.422656+00:00
2025-07-23,21,27.49,45,19.24,38.49,2025-07-23T09:00:00+08:00,2025-07-23T21:00:00+08:00,OPERATING,28.9,0.9,20.31,0,0,1,summer,2026-08-31T02:21:38.422656+00:00
2025-07-24,9,23.97,47,16.78,33.55,2025-07-24T09:00:00+08:00,2025-07-24T21:00:00+08:00,OPERATING,28.13,2.8,20.34,0,0,1,summer,2026-08-31T02:21:38.422656+00:00
2025-07-24,10,37.54,43,26.28,52.55,2025-07-24T09:00:00+08:00,2025-07-24T21:00:00+08:00,OPERATING,29.0,2.8,19.27,0,0,1,summer,2026-08-31T02:21:38.422656+00:00
2025-07-24,11,48.16,44,33.71,67.43,2025-07-24T09:00:00+08:00,2025-07-24T21:00:00+08:00,OPERATING,29.45,2.8,19.85,0,0,1,summer,2026-08-31T02:21:38.422656+00:00
2025-07-24,12,56.01,47,39.2,78.41,2025-07-24T09:00:00+08:00,2025-07-24T21:00:00+08:00,OPERATING,28.71,2.8,21.25,0,0,1,summer,2026-08-31T02:21:38.422656+00:00
2025-07-24,13,54.11,46,37.88,75.76,2025-07-24T09:00:00+08:00,2025-07-24T21:00:00+08:00,OPERATING,29.21,2.8,19.87,0,0,1,summer,2026-08-31T02:21:38.422656+00:00
2025-07-24,14,62.85,44,44.0,88.0,2025-07-24T09:00:00+08:00,2025-07-24T21:00:00+08:00,OPERATING,27.2,2.8,20.15,0,0,1,summer,2026-08-31T02:21:38.422656+00:00
2025-07-24,15,62.8,47,43.96,87.92,2025-07-24T09:00:00+08:00,2025-07-24T21:00:00+08:00,OPERATING,28.64,2.8,20.57,0,0,1,summer,2026-08-31T02:21:38.422656+00:00
2025-07-24,16,58.49,45,40.94,81.89,2025-07-24T09:00:00+08:00,2025-07-24T21:00:00+08:00,OPERATING,29.25,2.8,20.25,0,0,1,summer,2026-08-31T02:21:38.422656+00:00
2025-07-24,17,59.24,47,41.47,82.93,2025-07-24T09:00:00+08:00,2025-07-24T21:00:00+08:00,OPERATING,29.24,2.8,20.89,0,0,1,summer,2026-08-31T02:21:38.422656+00:00
2025-07-24,18,49.05,46,34.33,68.66,2025-07-24T09:00:00+08:00,2025-07-24T21:00:00+08:00,OPERATING,28.51,2.8,19.29,0,0,1,summer,2026-08-31T02:21:38.422656+00:00
2025-07-24,19,45.04,45,31.53,63.05,2025-07-24T09:00:00+08:00,2025-07-24T21:00:00+08:00,OPERATING,29.33,2.8,20.68,0,0,1,summer,2026-08-31T02:21:38.422656+00:00
2025-07-24,20,38.73,46,27.11,54.22,2025-07-24T09:00:00+08:00,2025-07-24T21:00:00+08:00,OPERATING,28.2,2.8,20.89,0,0,1,summer,2026-08-31T02:21:38.422656+00:00
2025-07-24,21,26.05,46,18.23,36.47,2025-07-24T09:00:00+08:00,2025-07-24T21:00:00+08:00,OPERATING,29.07,2.8,21.52,0,0,1,summer,2026-08-31T02:21:38.422656+00:00
2025-07-25,9,28.78,43,20.15,40.29,2025-07-25T09:00:00+08:00,2025-07-25T21:00:00+08:00,OPERATING,28.46,2.4,26.84,0,0,1,summer,2026-08-31T02:21:38.422656+00:00
2025-07-25,10,41.54,43,29.08,58.15,2025-07-25T09:00:00+08:00,2025-07-25T21:00:00+08:00,OPERATING,29.79,2.4,28.42,0,0,1,summer,2026-08-31T02:21:38.422656+00:00
2025-07-25,11,49.43,46,34.6,69.2,2025-07-25T09:00:00+08:00,2025-07-25T21:00:00+08:00,OPERATING,27.93,2.4,25.11,0,0,1,summer,2026-08-31T02:21:38.422656+00:00
2025-07-25,12,58.33,46,40.83,81.66,2025-07-25T09:00:00+08:00,2025-07-25T21:00:00+08:00,OPERATING,27.74,2.4,26.57,0,0,1,summer,2026-08-31T02:21:38.422656+00:00
2025-07-25,13,58.18,43,40.73,81.46,2025-07-25T09:00:00+08:00,2025-07-25T21:00:00+08:00,OPERATING,29.3,2.4,28.04,0,0,1,summer,2026-08-31T02:21:38.422656+00:00
2025-07-25,14,56.48,43,39.53,79.07,2025-07-25T09:00:00+08:00,2025-07-25T21:00:00+08:00,OPERATING,28.83,2.4,26.42,0,0,1,summer,2026-08-31T02:21:38.422656+00:00
2025-07-25,15,61.98,43,43.39,86.78,2025-07-25T09:00:00+08:00,2025-07-25T21:00:00+08:00,OPERATING,28.83,2.4,26.09,0,0,1,summer,2026-08-31T02:21:38.422656+00:00
2025-07-25,16,58.25,43,40.77,81.55,2025-07-25T09:00:00+08:00,2025-07-25T21:00:00+08:00,OPERATING,29.9,2.4,24.99,0,0,1,summer,2026-08-31T02:21:38.422656+00:00
2025-07-25,17,50.55,43,35.38,70.77,2025-07-25T09:00:00+08:00,2025-07-25T21:00:00+08:00,OPERATING,30.67,2.4,26.86,0,0,1,summer,2026-08-31T02:21:38.422656+00:00
2025-07-25,18,49.26,45,34.48,68.97,2025-07-25T09:00:00+08:00,2025-07-25T21:00:00+08:00,OPERATING,29.36,2.4,26.63,0,0,1,summer,2026-08-31T02:21:38.422656+00:00
2025-07-25,19,43.45,46,30.42,60.83,2025-07-25T09:00:00+08:00,2025-07-25T21:00:00+08:00,OPERATING,27.79,2.4,28.73,0,0,1,summer,2026-08-31T02:21:38.422656+00:00
2025-07-25,20,35.16,43,24.61,49.23,2025-07-25T09:00:00+08:00,2025-07-25T21:00:00+08:00,OPERATING,28.99,2.4,26.55,0,0,1,summer,2026-08-31T02:21:38.422656+00:00
2025-07-25,21,24.6,46,17.22,34.44,2025-07-25T09:00:00+08:00,2025-07-25T21:00:00+08:00,OPERATING,29.12,2.4,26.97,0,0,1,summer,2026-08-31T02:21:38.422656+00:00
2025-07-26,9,40.61,47,28.43,56.85,2025-07-26T09:00:00+08:00,2025-07-26T21:00:00+08:00,OPERATING,27.03,6.7,23.16,1,1,1,summer,2026-08-31T02:21:38.422656+00:00
2025-07-26,10,52.79,46,36.95,73.9,2025-07-26T09:00:00+08:00,2025-07-26T21:00:00+08:00,OPERATING,29.53,6.7,23.33,1,1,1,summer,2026-08-31T02:21:38.422656+00:00
2025-07-26,11,62.05,44,43.43,86.87,2025-07-26T09:00:00+08:00,2025-07-26T21:00:00+08:00,OPERATING,28.58,6.7,22.62,1,1,1,summer,2026-08-31T02:21:38.422656+00:00
2025-07-26,12,71.07,47,49.75,99.5,2025-07-26T09:00:00+08:00,2025-07-26T21:00:00+08:00,OPERATING,29.37,6.7,23.45,1,1,1,summer,2026-08-31T02:21:38.422656+00:00
2025-07-26,13,64.33,44,52.98,105.96,2025-07-26T09:00:00+08:00,2025-07-26T21:00:00+08:00,OPERATING,27.72,6.7,22.46,1,1,1,summer,2026-08-31T02:21:38.422656+00:00
2025-07-26,14,64.39,43,53.03,106.06,2025-07-26T09:00:00+08:00,2025-07-26T21:00:00+08:00,OPERATING,27.03,6.7,23.92,1,1,1,summer,2026-08-31T02:21:38.422656+00:00
2025-07-26,15,66.08,44,54.42,108.84,2025-07-26T09:00:00+08:00,2025-07-26T21:00:00+08:00,OPERATING,28.01,6.7,24.26,1,1,1,summer,2026-08-31T02:21:38.422656+00:00
2025-07-26,16,68.54,44,56.45,112.89,2025-07-26T09:00:00+08:00,2025-07-26T21:00:00+08:00,OPERATING,28.97,6.7,24.4,1,1,1,summer,2026-08-31T02:21:38.422656+00:00
2025-07-26,17,70.83,46,49.58,99.16,2025-07-26T09:00:00+08:00,2025-07-26T21:00:00+08:00,OPERATING,26.14,6.7,24.58,1,1,1,summer,2026-08-31T02:21:38.422656+00:00
2025-07-26,18,63.49,47,44.44,88.89,2025-07-26T09:00:00+08:00,2025-07-26T21:00:00+08:00,OPERATING,28.96,6.7,21.2,1,1,1,summer,2026-08-31T02:21:38.422656+00:00
2025-07-26,19,60.05,44,42.03,84.07,2025-07-26T09:00:00+08:00,2025-07-26T21:00:00+08:00,OPERATING,26.9,6.7,25.09,1,1,1,summer,2026-08-31T02:21:38.422656+00:00
2025-07-26,20,48.7,45,34.09,68.18,2025-07-26T09:00:00+08:00,2025-07-26T21:00:00+08:00,OPERATING,26.85,6.7,24.72,1,1,1,summer,2026-08-31T02:21:38.422656+00:00
2025-07-26,21,35.18,45,24.63,49.25,2025-07-26T09:00:00+08:00,2025-07-26T21:00:00+08:00,OPERATING,27.23,6.7,20.11,1,1,1,summer,2026-08-31T02:21:38.422656+00:00
2025-07-27,9,37.77,44,26.44,52.88,2025-07-27T09:00:00+08:00,2025-07-27T21:00:00+08:00,OPERATING,29.06,5.7,21.85,1,1,1,summer,2026-08-31T02:21:38.422656+00:00
2025-07-27,10,51.64,47,36.14,72.29,2025-07-27T09:00:00+08:00,2025-07-27T21:00:00+08:00,OPERATING,27.72,5.7,22.4,1,1,1,summer,2026-08-31T02:21:38.422656+00:00
2025-07-27,11,62.21,45,43.55,87.1,2025-07-27T09:00:00+08:00,2025-07-27T21:00:00+08:00,OPERATING,27.74,5.7,21.79,1,1,1,summer,2026-08-31T02:21:38.422656+00:00
2025-07-27,12,68.43,47,47.9,95.8,2025-07-27T09:00:00+08:00,2025-07-27T21:00:00+08:00,OPERATING,28.71,5.7,22.03,1,1,1,summer,2026-08-31T02:21:38.422656+00:00
2025-07-27,13,63.03,47,51.91,103.81,2025-07-27T09:00:00+08:00,2025-07-27T21:00:00+08:00,OPERATING,28.75,5.7,22.19,1,1,1,summer,2026-08-31T02:21:38.422656+00:00
2025-07-27,14,64.42,47,53.06,106.11,2025-07-27T09:00:00+08:00,2025-07-27T21:00:00+08:00,OPERATING,28.29,5.7,22.91,1,1,1,summer,2026-08-31T02:21:38.422656+00:00
2025-07-27,15,67.67,43,55.73,111.45,2025-07-27T09:00:00+08:00,2025-07-27T21:00:00+08:00,OPERATING,27.89,5.7,21.33,1,1,1,summer,2026-08-31T02:21:38.422656+00:00
2025-07-27,16,64.09,43,52.78,105.56,2025-07-27T09:00:00+08:00,2025-07-27T21:00:00+08:00,OPERATING,27.17,5.7,22.58,1,1,1,summer,2026-08-31T02:21:38.422656+00:00
2025-07-27,17,68.07,43,47.65,95.3,2025-07-27T09:00:00+08:00,2025-07-27T21:00:00+08:00,OPERATING,28.97,5.7,21.67,1,1,1,summer,2026-08-31T02:21:38.422656+00:00
2025-07-27,18,62.87,45,44.01,88.02,2025-07-27T09:00:00+08:00,2025-07-27T21:00:00+08:00,OPERATING,28.64,5.7,21.46,1,1,1,summer,2026-08-31T02:21:38.422656+00:00
2025-07-27,19,58.45,45,40.91,81.83,2025-07-27T09:00:00+08:00,2025-07-27T21:00:00+08:00,OPERATING,28.46,5.7,20.68,1,1,1,summer,2026-08-31T02:21:38.422656+00:00
2025-07-27,20,43.18,44,30.22,60.45,2025-07-27T09:00:00+08:00,2025-07-27T21:00:00+08:00,OPERATING,28.72,5.7,21.84,1,1,1,summer,2026-08-31T02:21:38.422656+00:00
2025-07-27,21,32.7,46,22.89,45.78,2025-07-27T09:00:00+08:00,2025-07-27T21:00:00+08:00,OPERATING,28.45,5.7,22.02,1,1,1,summer,2026-08-31T02:21:38.422656+00:00
2025-07-28,9,21.08,44,14.76,29.52,2025-07-28T09:00:00+08:00,2025-07-28T21:00:00+08:00,OPERATING,28.2,7.0,20.3,0,0,1,summer,2026-08-31T02:21:38.422656+00:00
2025-07-28,10,27.41,45,19.19,38.37,2025-07-28T09:00:00+08:00,2025-07-28T21:00:00+08:00,OPERATING,26.78,7.0,23.13,0,0,1,summer,2026-08-31T02:21:38.422656+00:00
2025-07-28,11,41.12,43,28.79,57.57,2025-07-28T09:00:00+08:00,2025-07-28T21:00:00+08:00,OPERATING,27.52,7.0,19.97,0,0,1,summer,2026-08-31T02:21:38.422656+00:00
2025-07-28,12,42.73,45,29.91,59.82,2025-07-28T09:00:00+08:00,2025-07-28T21:00:00+08:00,OPERATING,28.39,7.0,22.88,0,0,1,summer,2026-08-31T02:21:38.422656+00:00
2025-07-28,13,38.08,46,31.36,62.72,2025-07-28T09:00:00+08:00,2025-07-28T21:00:00+08:00,OPERATING,26.5,7.0,21.43,0,0,1,summer,2026-08-31T02:21:38.422656+00:00
2025-07-28,14,38.99,43,32.11,64.22,2025-07-28T09:00:00+08:00,2025-07-28T21:00:00+08:00,OPERATING,27.21,7.0,20.97,0,0,1,summer,2026-08-31T02:21:38.422656+00:00
2025-07-28,15,41.47,46,34.15,68.3,2025-07-28T09:00:00+08:00,2025-07-28T21:00:00+08:00,OPERATING,27.51,7.0,19.55,0,0,1,summer,2026-08-31T02:21:38.422656+00:00
2025-07-28,16,40.57,43,33.41,66.82,2025-07-28T09:00:00+08:00,2025-07-28T21:00:00+08:00,OPERATING,27.3,7.0,22.08,0,0,1,summer,2026-08-31T02:21:38.422656+00:00
2025-07-28,17,41.87,45,29.31,58.61,2025-07-28T09:00:00+08:00,2025-07-28T21:00:00+08:00,OPERATING,30.31,7.0,20.86,0,0,1,summer,2026-08-31T02:21:38.422656+00:00
2025-07-28,18,37.11,47,25.98,51.95,2025-07-28T09:00:00+08:00,2025-07-28T21:00:00+08:00,OPERATING,27.36,7.0,20.69,0,0,1,summer,2026-08-31T02:21:38.422656+00:00
2025-07-28,19,34.05,44,23.83,47.67,2025-07-28T09:00:00+08:00,2025-07-28T21:00:00+08:00,OPERATING,28.44,7.0,20.73,0,0,1,summer,2026-08-31T02:21:38.422656+00:00
2025-07-28,20,28.75,43,20.13,40.26,2025-07-28T09:00:00+08:00,2025-07-28T21:00:00+08:00,OPERATING,29.15,7.0,24.02,0,0,1,summer,2026-08-31T02:21:38.422656+00:00
2025-07-28,21,18.3,47,12.81,25.62,2025-07-28T09:00:00+08:00,2025-07-28T21:00:00+08:00,OPERATING,29.3,7.0,21.03,0,0,1,summer,2026-08-31T02:21:38.422656+00:00
2025-07-29,9,26.11,47,18.28,36.55,2025-07-29T09:00:00+08:00,2025-07-29T21:00:00+08:00,OPERATING,27.2,17.0,24.1,0,0,1,summer,2026-08-31T02:21:38.422656+00:00
2025-07-29,10,28.41,46,19.89,39.77,2025-07-29T09:00:00+08:00,2025-07-29T21:00:00+08:00,OPERATING,28.11,17.0,23.86,0,0,1,summer,2026-08-31T02:21:38.422656+00:00
2025-07-29,11,34.55,44,24.19,48.37,2025-07-29T09:00:00+08:00,2025-07-29T21:00:00+08:00,OPERATING,27.32,17.0,21.34,0,0,1,summer,2026-08-31T02:21:38.422656+00:00
2025-07-29,12,34.38,47,24.06,48.13,2025-07-29T09:00:00+08:00,2025-07-29T21:00:00+08:00,OPERATING,28.06,17.0,22.3,0,0,1,summer,2026-08-31T02:21:38.422656+00:00
2025-07-29,13,32.09,47,26.42,52.85,2025-07-29T09:00:00+08:00,2025-07-29T21:00:00+08:00,OPERATING,27.37,17.0,22.96,0,0,1,summer,2026-08-31T02:21:38.422656+00:00
2025-07-29,14,35.31,46,29.08,58.15,2025-07-29T09:00:00+08:00,2025-07-29T21:00:00+08:00,OPERATING,26.63,17.0,22.06,0,0,1,summer,2026-08-31T02:21:38.422656+00:00
2025-07-29,15,36.88,46,30.37,60.75,2025-07-29T09:00:00+08:00,2025-07-29T21:00:00+08:00,OPERATING,27.58,17.0,22.21,0,0,1,summer,2026-08-31T02:21:38.422656+00:00
2025-07-29,16,37.79,46,31.12,62.24,2025-07-29T09:00:00+08:00,2025-07-29T21:00:00+08:00,OPERATING,26.83,17.0,24.96,0,0,1,summer,2026-08-31T02:21:38.422656+00:00
2025-07-29,17,38.25,43,26.77,53.55,2025-07-29T09:00:00+08:00,2025-07-29T21:00:00+08:00,OPERATING,26.56,17.0,22.42,0,0,1,summer,2026-08-31T02:21:38.422656+00:00
2025-07-29,18,32.87,47,23.01,46.01,2025-07-29T09:00:00+08:00,2025-07-29T21:00:00+08:00,OPERATING,26.58,17.0,24.06,0,0,1,summer,2026-08-31T02:21:38.422656+00:00
2025-07-29,19,34.32,45,24.03,48.05,2025-07-29T09:00:00+08:00,2025-07-29T21:00:00+08:00,OPERATING,26.2,17.0,23.04,0,0,1,summer,2026-08-31T02:21:38.422656+00:00
2025-07-29,20,24.63,47,17.24,34.49,2025-07-29T09:00:00+08:00,2025-07-29T21:00:00+08:00,OPERATING,27.66,17.0,23.96,0,0,1,summer,2026-08-31T02:21:38.422656+00:00
2025-07-29,21,22.86,43,16.0,32.0,2025-07-29T09:00:00+08:00,2025-07-29T21:00:00+08:00,OPERATING,27.79,17.0,23.17,0,0,1,summer,2026-08-31T02:21:38.422656+00:00
2025-07-30,9,18.15,47,12.71,25.41,2025-07-30T09:00:00+08:00,2025-07-30T21:00:00+08:00,OPERATING,26.32,61.1,39.81,0,0,1,summer,2026-08-31T02:21:38.422656+00:00
2025-07-30,10,23.11,46,16.18,32.36,2025-07-30T09:00:00+08:00,2025-07-30T21:00:00+08:00,OPERATING,26.42,61.1,39.9,0,0,1,summer,2026-08-31T02:21:38.422656+00:00
2025-07-30,11,30.49,43,21.34,42.69,2025-07-30T09:00:00+08:00,2025-07-30T21:00:00+08:00,OPERATING,26.4,61.1,41.76,0,0,1,summer,2026-08-31T02:21:38.422656+00:00
2025-07-30,12,37.3,43,26.11,52.22,2025-07-30T09:00:00+08:00,2025-07-30T21:00:00+08:00,OPERATING,26.74,61.1,39.81,0,0,1,summer,2026-08-31T02:21:38.422656+00:00
2025-07-30,13,33.76,43,27.81,55.61,2025-07-30T09:00:00+08:00,2025-07-30T21:00:00+08:00,OPERATING,25.2,61.1,39.66,0,0,1,summer,2026-08-31T02:21:38.422656+00:00
2025-07-30,14,33.59,44,27.66,55.33,2025-07-30T09:00:00+08:00,2025-07-30T21:00:00+08:00,OPERATING,26.86,61.1,40.44,0,0,1,summer,2026-08-31T02:21:38.422656+00:00
2025-07-30,15,34.44,45,28.37,56.73,2025-07-30T09:00:00+08:00,2025-07-30T21:00:00+08:00,OPERATING,27.55,61.1,39.95,0,0,1,summer,2026-08-31T02:21:38.422656+00:00
2025-07-30,16,36.84,45,30.34,60.68,2025-07-30T09:00:00+08:00,2025-07-30T21:00:00+08:00,OPERATING,26.28,61.1,39.31,0,0,1,summer,2026-08-31T02:21:38.422656+00:00
2025-07-30,17,36.41,45,25.49,50.98,2025-07-30T09:00:00+08:00,2025-07-30T21:00:00+08:00,OPERATING,25.71,61.1,40.64,0,0,1,summer,2026-08-31T02:21:38.422656+00:00
2025-07-30,18,35.86,46,25.1,50.2,2025-07-30T09:00:00+08:00,2025-07-30T21:00:00+08:00,OPERATING,25.0,61.1,39.9,0,0,1,summer,2026-08-31T02:21:38.422656+00:00
2025-07-30,19,31.86,43,22.3,44.6,2025-07-30T09:00:00+08:00,2025-07-30T21:00:00+08:00,OPERATING,26.79,61.1,39.27,0,0,1,summer,2026-08-31T02:21:38.422656+00:00
2025-07-30,20,22.66,43,15.86,31.72,2025-07-30T09:00:00+08:00,2025-07-30T21:00:00+08:00,OPERATING,25.64,61.1,39.75,0,0,1,summer,2026-08-31T02:21:38.422656+00:00
2025-07-30,21,21.07,45,14.75,29.49,2025-07-30T09:00:00+08:00,2025-07-30T21:00:00+08:00,OPERATING,27.39,61.1,41.33,0,0,1,summer,2026-08-31T02:21:38.422656+00:00
2025-07-31,9,15.45,44,10.81,21.63,2025-07-31T09:00:00+08:00,2025-07-31T21:00:00+08:00,OPERATING,28.38,14.3,22.87,0,0,1,summer,2026-08-31T02:21:38.422656+00:00
2025-07-31,10,19.74,44,13.81,27.63,2025-07-31T09:00:00+08:00,2025-07-31T21:00:00+08:00,OPERATING,26.92,14.3,22.49,0,0,1,summer,2026-08-31T02:21:38.422656+00:00
2025-07-31,11,29.51,47,20.66,41.32,2025-07-31T09:00:00+08:00,2025-07-31T21:00:00+08:00,OPERATING,26.7,14.3,23.27,0,0,1,summer,2026-08-31T02:21:38.422656+00:00
2025-07-31,12,30.65,43,21.45,42.91,2025-07-31T09:00:00+08:00,2025-07-31T21:00:00+08:00,OPERATING,28.46,14.3,24.64,0,0,1,summer,2026-08-31T02:21:38.422656+00:00
2025-07-31,13,29.9,44,24.62,49.25,2025-07-31T09:00:00+08:00,2025-07-31T21:00:00+08:00,OPERATING,27.11,14.3,24.86,0,0,1,summer,2026-08-31T02:21:38.422656+00:00
2025-07-31,14,29.87,47,24.6,49.2,2025-07-31T09:00:00+08:00,2025-07-31T21:00:00+08:00,OPERATING,28.43,14.3,24.2,0,0,1,summer,2026-08-31T02:21:38.422656+00:00
2025-07-31,15,31.72,43,26.12,52.24,2025-07-31T09:00:00+08:00,2025-07-31T21:00:00+08:00,OPERATING,27.35,14.3,24.01,0,0,1,summer,2026-08-31T02:21:38.422656+00:00
2025-07-31,16,32.03,43,26.38,52.76,2025-07-31T09:00:00+08:00,2025-07-31T21:00:00+08:00,OPERATING,29.04,14.3,22.26,0,0,1,summer,2026-08-31T02:21:38.422656+00:00
2025-07-31,17,31.18,47,21.82,43.65,2025-07-31T09:00:00+08:00,2025-07-31T21:00:00+08:00,OPERATING,26.15,14.3,23.88,0,0,1,summer,2026-08-31T02:21:38.422656+00:00
2025-07-31,18,30.1,46,21.07,42.14,2025-07-31T09:00:00+08:00,2025-07-31T21:00:00+08:00,OPERATING,27.77,14.3,22.89,0,0,1,summer,2026-08-31T02:21:38.422656+00:00
2025-07-31,19,28.06,44,19.64,39.28,2025-07-31T09:00:00+08:00,2025-07-31T21:00:00+08:00,OPERATING,26.91,14.3,22.91,0,0,1,summer,2026-08-31T02:21:38.422656+00:00
2025-07-31,20,21.24,45,14.87,29.74,2025-07-31T09:00:00+08:00,2025-07-31T21:00:00+08:00,OPERATING,27.44,14.3,24.13,0,0,1,summer,2026-08-31T02:21:38.422656+00:00
2025-07-31,21,14.66,47,10.26,20.52,2025-07-31T09:00:00+08:00,2025-07-31T21:00:00+08:00,OPERATING,28.06,14.3,23.73,0,0,1,summer,2026-08-31T02:21:38.422656+00:00
2025-08-01,9,25.1,46,17.57,35.14,2025-08-01T09:00:00+08:00,2025-08-01T21:00:00+08:00,OPERATING,29.6,3.8,20.69,0,0,1,summer,2026-08-31T02:21:38.422656+00:00
2025-08-01,10,35.81,46,25.06,50.13,2025-08-01T09:00:00+08:00,2025-08-01T21:00:00+08:00,OPERATING,29.63,3.8,19.43,0,0,1,summer,2026-08-31T02:21:38.422656+00:00
2025-08-01,11,45.39,43,31.77,63.54,2025-08-01T09:00:00+08:00,2025-08-01T21:00:00+08:00,OPERATING,27.33,3.8,18.67,0,0,1,summer,2026-08-31T02:21:38.422656+00:00
2025-08-01,12,48.97,47,34.28,68.55,2025-08-01T09:00:00+08:00,2025-08-01T21:00:00+08:00,OPERATING,28.97,3.8,19.02,0,0,1,summer,2026-08-31T02:21:38.422656+00:00
2025-08-01,13,53.48,45,37.44,74.87,2025-08-01T09:00:00+08:00,2025-08-01T21:00:00+08:00,OPERATING,28.87,3.8,18.46,0,0,1,summer,2026-08-31T02:21:38.422656+00:00
2025-08-01,14,52.72,46,36.91,73.81,2025-08-01T09:00:00+08:00,2025-08-01T21:00:00+08:00,OPERATING,27.41,3.8,18.15,0,0,1,summer,2026-08-31T02:21:38.422656+00:00
2025-08-01,15,56.57,46,39.6,79.2,2025-08-01T09:00:00+08:00,2025-08-01T21:00:00+08:00,OPERATING,28.57,3.8,19.19,0,0,1,summer,2026-08-31T02:21:38.422656+00:00
2025-08-01,16,51.28,46,35.9,71.79,2025-08-01T09:00:00+08:00,2025-08-01T21:00:00+08:00,OPERATING,28.51,3.8,19.12,0,0,1,summer,2026-08-31T02:21:38.422656+00:00
2025-08-01,17,52.53,44,36.77,73.54,2025-08-01T09:00:00+08:00,2025-08-01T21:00:00+08:00,OPERATING,29.75,3.8,18.53,0,0,1,summer,2026-08-31T02:21:38.422656+00:00
2025-08-01,18,45.14,45,31.59,63.19,2025-08-01T09:00:00+08:00,2025-08-01T21:00:00+08:00,OPERATING,27.91,3.8,17.37,0,0,1,summer,2026-08-31T02:21:38.422656+00:00
2025-08-01,19,39.36,46,27.55,55.1,2025-08-01T09:00:00+08:00,2025-08-01T21:00:00+08:00,OPERATING,28.87,3.8,18.38,0,0,1,summer,2026-08-31T02:21:38.422656+00:00
2025-08-01,20,30.53,46,21.37,42.75,2025-08-01T09:00:00+08:00,2025-08-01T21:00:00+08:00,OPERATING,28.12,3.8,20.92,0,0,1,summer,2026-08-31T02:21:38.422656+00:00
2025-08-01,21,23.91,46,16.74,33.47,2025-08-01T09:00:00+08:00,2025-08-01T21:00:00+08:00,OPERATING,28.94,3.8,18.46,0,0,1,summer,2026-08-31T02:21:38.422656+00:00
2025-08-02,9,29.83,43,20.88,41.76,2025-08-02T09:00:00+08:00,2025-08-02T21:00:00+08:00,OPERATING,30.49,7.6,12.06,1,1,1,summer,2026-08-31T02:21:38.422656+00:00
2025-08-02,10,45.64,43,31.95,63.9,2025-08-02T09:00:00+08:00,2025-08-02T21:00:00+08:00,OPERATING,27.12,7.6,12.48,1,1,1,summer,2026-08-31T02:21:38.422656+00:00
2025-08-02,11,57.09,44,39.96,79.92,2025-08-02T09:00:00+08:00,2025-08-02T21:00:00+08:00,OPERATING,30.02,7.6,12.14,1,1,1,summer,2026-08-31T02:21:38.422656+00:00
2025-08-02,12,62.51,44,43.75,87.51,2025-08-02T09:00:00+08:00,2025-08-02T21:00:00+08:00,OPERATING,29.6,7.6,12.68,1,1,1,summer,2026-08-31T02:21:38.422656+00:00
2025-08-02,13,56.28,44,46.35,92.7,2025-08-02T09:00:00+08:00,2025-08-02T21:00:00+08:00,OPERATING,31.14,7.6,13.15,1,1,1,summer,2026-08-31T02:21:38.422656+00:00
2025-08-02,14,57.99,45,47.75,95.51,2025-08-02T09:00:00+08:00,2025-08-02T21:00:00+08:00,OPERATING,26.96,7.6,12.88,1,1,1,summer,2026-08-31T02:21:38.422656+00:00
2025-08-02,15,62.1,43,51.14,102.29,2025-08-02T09:00:00+08:00,2025-08-02T21:00:00+08:00,OPERATING,28.75,7.6,15.07,1,1,1,summer,2026-08-31T02:21:38.422656+00:00
2025-08-02,16,57.34,46,47.22,94.45,2025-08-02T09:00:00+08:00,2025-08-02T21:00:00+08:00,OPERATING,27.89,7.6,12.91,1,1,1,summer,2026-08-31T02:21:38.422656+00:00
2025-08-02,17,63.54,44,44.48,88.95,2025-08-02T09:00:00+08:00,2025-08-02T21:00:00+08:00,OPERATING,27.53,7.6,11.44,1,1,1,summer,2026-08-31T02:21:38.422656+00:00
2025-08-02,18,56.77,47,39.74,79.48,2025-08-02T09:00:00+08:00,2025-08-02T21:00:00+08:00,OPERATING,28.66,7.6,13.17,1,1,1,summer,2026-08-31T02:21:38.422656+00:00
2025-08-02,19,50.22,45,35.15,70.31,2025-08-02T09:00:00+08:00,2025-08-02T21:00:00+08:00,OPERATING,28.59,7.6,11.54,1,1,1,summer,2026-08-31T02:21:38.422656+00:00
2025-08-02,20,43.0,47,30.1,60.2,2025-08-02T09:00:00+08:00,2025-08-02T21:00:00+08:00,OPERATING,28.65,7.6,14.2,1,1,1,summer,2026-08-31T02:21:38.422656+00:00
2025-08-02,21,34.55,47,24.19,48.37,2025-08-02T09:00:00+08:00,2025-08-02T21:00:00+08:00,OPERATING,29.32,7.6,12.35,1,1,1,summer,2026-08-31T02:21:38.422656+00:00
2025-08-03,9,28.35,46,19.85,39.69,2025-08-03T09:00:00+08:00,2025-08-03T21:00:00+08:00,OPERATING,29.07,6.3,17.12,1,1,1,summer,2026-08-31T02:21:38.422656+00:00
2025-08-03,10,42.34,45,29.64,59.28,2025-08-03T09:00:00+08:00,2025-08-03T21:00:00+08:00,OPERATING,30.12,6.3,15.09,1,1,1,summer,2026-08-31T02:21:38.422656+00:00
2025-08-03,11,51.41,46,35.99,71.98,2025-08-03T09:00:00+08:00,2025-08-03T21:00:00+08:00,OPERATING,28.47,6.3,15.39,1,1,1,summer,2026-08-31T02:21:38.422656+00:00
2025-08-03,12,59.73,46,41.81,83.62,2025-08-03T09:00:00+08:00,2025-08-03T21:00:00+08:00,OPERATING,27.17,6.3,15.14,1,1,1,summer,2026-08-31T02:21:38.422656+00:00
2025-08-03,13,52.45,44,43.19,86.38,2025-08-03T09:00:00+08:00,2025-08-03T21:00:00+08:00,OPERATING,29.06,6.3,15.79,1,1,1,summer,2026-08-31T02:21:38.422656+00:00
2025-08-03,14,52.71,43,43.4,86.81,2025-08-03T09:00:00+08:00,2025-08-03T21:00:00+08:00,OPERATING,28.72,6.3,13.9,1,1,1,summer,2026-08-31T02:21:38.422656+00:00
2025-08-03,15,54.61,43,44.98,89.95,2025-08-03T09:00:00+08:00,2025-08-03T21:00:00+08:00,OPERATING,29.58,6.3,14.09,1,1,1,summer,2026-08-31T02:21:38.422656+00:00
2025-08-03,16,52.45,47,43.19,86.38,2025-08-03T09:00:00+08:00,2025-08-03T21:00:00+08:00,OPERATING,28.58,6.3,16.16,1,1,1,summer,2026-08-31T02:21:38.422656+00:00
2025-08-03,17,59.92,43,41.94,83.89,2025-08-03T09:00:00+08:00,2025-08-03T21:00:00+08:00,OPERATING,28.16,6.3,15.84,1,1,1,summer,2026-08-31T02:21:38.422656+00:00
2025-08-03,18,54.34,44,38.04,76.08,2025-08-03T09:00:00+08:00,2025-08-03T21:00:00+08:00,OPERATING,28.24,6.3,16.67,1,1,1,summer,2026-08-31T02:21:38.422656+00:00
2025-08-03,19,45.17,47,31.62,63.24,2025-08-03T09:00:00+08:00,2025-08-03T21:00:00+08:00,OPERATING,29.38,6.3,16.39,1,1,1,summer,2026-08-31T02:21:38.422656+00:00
2025-08-03,20,37.2,45,26.04,52.08,2025-08-03T09:00:00+08:00,2025-08-03T21:00:00+08:00,OPERATING,29.94,6.3,15.74,1,1,1,summer,2026-08-31T02:21:38.422656+00:00
2025-08-03,21,27.27,47,19.09,38.18,2025-08-03T09:00:00+08:00,2025-08-03T21:00:00+08:00,OPERATING,29.99,6.3,15.19,1,1,1,summer,2026-08-31T02:21:38.422656+00:00
2025-08-04,9,27.84,45,19.49,38.98,2025-08-04T09:00:00+08:00,2025-08-04T21:00:00+08:00,OPERATING,29.9,0.2,10.52,0,0,1,summer,2026-08-31T02:21:38.422656+00:00
2025-08-04,10,42.12,46,29.48,58.97,2025-08-04T09:00:00+08:00,2025-08-04T21:00:00+08:00,OPERATING,28.16,0.2,10.05,0,0,1,summer,2026-08-31T02:21:38.422656+00:00
2025-08-04,11,51.87,47,36.31,72.61,2025-08-04T09:00:00+08:00,2025-08-04T21:00:00+08:00,OPERATING,28.79,0.2,10.97,0,0,1,summer,2026-08-31T02:21:38.422656+00:00
2025-08-04,12,54.58,45,38.2,76.41,2025-08-04T09:00:00+08:00,2025-08-04T21:00:00+08:00,OPERATING,29.45,0.2,10.08,0,0,1,summer,2026-08-31T02:21:38.422656+00:00
2025-08-04,13,59.01,44,41.3,82.61,2025-08-04T09:00:00+08:00,2025-08-04T21:00:00+08:00,OPERATING,29.08,0.2,9.47,0,0,1,summer,2026-08-31T02:21:38.422656+00:00
2025-08-04,14,64.08,47,44.85,89.71,2025-08-04T09:00:00+08:00,2025-08-04T21:00:00+08:00,OPERATING,29.76,0.2,11.13,0,0,1,summer,2026-08-31T02:21:38.422656+00:00
2025-08-04,15,63.51,47,44.45,88.91,2025-08-04T09:00:00+08:00,2025-08-04T21:00:00+08:00,OPERATING,28.51,0.2,9.4,0,0,1,summer,2026-08-31T02:21:38.422656+00:00
2025-08-04,16,61.86,47,43.3,86.61,2025-08-04T09:00:00+08:00,2025-08-04T21:00:00+08:00,OPERATING,27.74,0.2,10.31,0,0,1,summer,2026-08-31T02:21:38.422656+00:00
2025-08-04,17,56.28,46,39.4,78.8,2025-08-04T09:00:00+08:00,2025-08-04T21:00:00+08:00,OPERATING,28.69,0.2,12.26,0,0,1,summer,2026-08-31T02:21:38.422656+00:00
2025-08-04,18,48.85,44,34.19,68.39,2025-08-04T09:00:00+08:00,2025-08-04T21:00:00+08:00,OPERATING,29.27,0.2,9.91,0,0,1,summer,2026-08-31T02:21:38.422656+00:00
2025-08-04,19,44.32,43,31.02,62.04,2025-08-04T09:00:00+08:00,2025-08-04T21:00:00+08:00,OPERATING,30.26,0.2,11.1,0,0,1,summer,2026-08-31T02:21:38.422656+00:00
2025-08-04,20,38.26,45,26.78,53.56,2025-08-04T09:00:00+08:00,2025-08-04T21:00:00+08:00,OPERATING,29.08,0.2,11.52,0,0,1,summer,2026-08-31T02:21:38.422656+00:00
2025-08-04,21,27.52,44,19.26,38.52,2025-08-04T09:00:00+08:00,2025-08-04T21:00:00+08:00,OPERATING,29.08,0.2,10.94,0,0,1,summer,2026-08-31T02:21:38.422656+00:00
2025-08-05,9,29.85,47,20.89,41.79,2025-08-05T09:00:00+08:00,2025-08-05T21:00:00+08:00,OPERATING,29.89,0.1,20.53,0,0,1,summer,2026-08-31T02:21:38.422656+00:00
2025-08-05,10,37.99,47,26.6,53.19,2025-08-05T09:00:00+08:00,2025-08-05T21:00:00+08:00,OPERATING,29.21,0.1,21.85,0,0,1,summer,2026-08-31T02:21:38.422656+00:00
2025-08-05,11,50.94,43,35.66,71.31,2025-08-05T09:00:00+08:00,2025-08-05T21:00:00+08:00,OPERATING,30.33,0.1,18.88,0,0,1,summer,2026-08-31T02:21:38.422656+00:00
2025-08-05,12,55.36,47,38.75,77.5,2025-08-05T09:00:00+08:00,2025-08-05T21:00:00+08:00,OPERATING,28.45,0.1,22.23,0,0,1,summer,2026-08-31T02:21:38.422656+00:00
2025-08-05,13,59.68,44,41.78,83.55,2025-08-05T09:00:00+08:00,2025-08-05T21:00:00+08:00,OPERATING,29.64,0.1,20.9,0,0,1,summer,2026-08-31T02:21:38.422656+00:00
2025-08-05,14,61.11,43,42.77,85.55,2025-08-05T09:00:00+08:00,2025-08-05T21:00:00+08:00,OPERATING,30.37,0.1,21.14,0,0,1,summer,2026-08-31T02:21:38.422656+00:00
2025-08-05,15,62.99,46,44.09,88.18,2025-08-05T09:00:00+08:00,2025-08-05T21:00:00+08:00,OPERATING,31.15,0.1,22.35,0,0,1,summer,2026-08-31T02:21:38.422656+00:00
2025-08-05,16,61.4,43,42.98,85.96,2025-08-05T09:00:00+08:00,2025-08-05T21:00:00+08:00,OPERATING,27.68,0.1,21.82,0,0,1,summer,2026-08-31T02:21:38.422656+00:00
2025-08-05,17,54.1,47,37.87,75.74,2025-08-05T09:00:00+08:00,2025-08-05T21:00:00+08:00,OPERATING,30.69,0.1,21.83,0,0,1,summer,2026-08-31T02:21:38.422656+00:00
2025-08-05,18,52.32,45,36.62,73.24,2025-08-05T09:00:00+08:00,2025-08-05T21:00:00+08:00,OPERATING,28.99,0.1,20.54,0,0,1,summer,2026-08-31T02:21:38.422656+00:00
2025-08-05,19,43.42,44,30.4,60.79,2025-08-05T09:00:00+08:00,2025-08-05T21:00:00+08:00,OPERATING,29.55,0.1,22.36,0,0,1,summer,2026-08-31T02:21:38.422656+00:00
2025-08-05,20,38.03,44,26.62,53.24,2025-08-05T09:00:00+08:00,2025-08-05T21:00:00+08:00,OPERATING,29.99,0.1,20.4,0,0,1,summer,2026-08-31T02:21:38.422656+00:00
2025-08-05,21,26.55,45,18.58,37.17,2025-08-05T09:00:00+08:00,2025-08-05T21:00:00+08:00,OPERATING,30.29,0.1,21.24,0,0,1,summer,2026-08-31T02:21:38.422656+00:00
2025-08-06,9,31.22,46,21.85,43.7,2025-08-06T09:00:00+08:00,2025-08-06T21:00:00+08:00,OPERATING,30.84,1.3,12.75,0,0,1,summer,2026-08-31T02:21:38.422656+00:00
2025-08-06,10,39.74,45,27.82,55.63,2025-08-06T09:00:00+08:00,2025-08-06T21:00:00+08:00,OPERATING,30.08,1.3,12.7,0,0,1,summer,2026-08-31T02:21:38.422656+00:00
2025-08-06,11,50.2,44,35.14,70.28,2025-08-06T09:00:00+08:00,2025-08-06T21:00:00+08:00,OPERATING,29.79,1.3,14.82,0,0,1,summer,2026-08-31T02:21:38.422656+00:00
2025-08-06,12,52.65,43,36.86,73.71,2025-08-06T09:00:00+08:00,2025-08-06T21:00:00+08:00,OPERATING,30.37,1.3,12.49,0,0,1,summer,2026-08-31T02:21:38.422656+00:00
2025-08-06,13,57.27,43,40.09,80.18,2025-08-06T09:00:00+08:00,2025-08-06T21:00:00+08:00,OPERATING,31.72,1.3,12.43,0,0,1,summer,2026-08-31T02:21:38.422656+00:00
2025-08-06,14,58.43,43,40.9,81.8,2025-08-06T09:00:00+08:00,2025-08-06T21:00:00+08:00,OPERATING,31.14,1.3,14.85,0,0,1,summer,2026-08-31T02:21:38.422656+00:00
2025-08-06,15,62.55,45,43.79,87.57,2025-08-06T09:00:00+08:00,2025-08-06T21:00:00+08:00,OPERATING,30.62,1.3,14.42,0,0,1,summer,2026-08-31T02:21:38.422656+00:00
2025-08-06,16,58.73,45,41.11,82.22,2025-08-06T09:00:00+08:00,2025-08-06T21:00:00+08:00,OPERATING,30.28,1.3,14.1,0,0,1,summer,2026-08-31T02:21:38.422656+00:00
2025-08-06,17,52.13,46,36.49,72.98,2025-08-06T09:00:00+08:00,2025-08-06T21:00:00+08:00,OPERATING,30.7,1.3,13.56,0,0,1,summer,2026-08-31T02:21:38.422656+00:00
2025-08-06,18,52.15,44,36.51,73.02,2025-08-06T09:00:00+08:00,2025-08-06T21:00:00+08:00,OPERATING,30.51,1.3,12.81,0,0,1,summer,2026-08-31T02:21:38.422656+00:00
2025-08-06,19,47.92,43,33.55,67.09,2025-08-06T09:00:00+08:00,2025-08-06T21:00:00+08:00,OPERATING,31.04,1.3,14.32,0,0,1,summer,2026-08-31T02:21:38.422656+00:00
2025-08-06,20,33.34,44,23.34,46.68,2025-08-06T09:00:00+08:00,2025-08-06T21:00:00+08:00,OPERATING,29.43,1.3,13.46,0,0,1,summer,2026-08-31T02:21:38.422656+00:00
2025-08-06,21,23.48,44,16.44,32.88,2025-08-06T09:00:00+08:00,2025-08-06T21:00:00+08:00,OPERATING,31.01,1.3,13.96,0,0,1,summer,2026-08-31T02:21:38.422656+00:00
2025-08-07,9,32.8,45,22.96,45.92,2025-08-07T09:00:00+08:00,2025-08-07T21:00:00+08:00,OPERATING,31.57,0.0,15.0,0,0,1,summer,2026-08-31T02:21:38.422656+00:00
2025-08-07,10,45.93,43,32.15,64.31,2025-08-07T09:00:00+08:00,2025-08-07T21:00:00+08:00,OPERATING,31.15,0.0,14.32,0,0,1,summer,2026-08-31T02:21:38.422656+00:00
2025-08-07,11,55.47,43,38.83,77.65,2025-08-07T09:00:00+08:00,2025-08-07T21:00:00+08:00,OPERATING,31.62,0.0,12.82,0,0,1,summer,2026-08-31T02:21:38.422656+00:00
2025-08-07,12,62.43,44,43.7,87.4,2025-08-07T09:00:00+08:00,2025-08-07T21:00:00+08:00,OPERATING,30.99,0.0,12.46,0,0,1,summer,2026-08-31T02:21:38.422656+00:00
2025-08-07,13,71.93,47,50.35,100.71,2025-08-07T09:00:00+08:00,2025-08-07T21:00:00+08:00,OPERATING,29.89,0.0,13.24,0,0,1,summer,2026-08-31T02:21:38.422656+00:00
2025-08-07,14,67.81,46,47.47,94.93,2025-08-07T09:00:00+08:00,2025-08-07T21:00:00+08:00,OPERATING,31.99,0.0,14.07,0,0,1,summer,2026-08-31T02:21:38.422656+00:00
2025-08-07,15,72.32,43,50.63,101.25,2025-08-07T09:00:00+08:00,2025-08-07T21:00:00+08:00,OPERATING,32.3,0.0,14.56,0,0,1,summer,2026-08-31T02:21:38.422656+00:00
2025-08-07,16,71.27,43,49.89,99.78,2025-08-07T09:00:00+08:00,2025-08-07T21:00:00+08:00,OPERATING,31.6,0.0,11.73,0,0,1,summer,2026-08-31T02:21:38.422656+00:00
2025-08-07,17,65.1,47,45.57,91.14,2025-08-07T09:00:00+08:00,2025-08-07T21:00:00+08:00,OPERATING,31.51,0.0,12.08,0,0,1,summer,2026-08-31T02:21:38.422656+00:00
2025-08-07,18,62.26,44,43.58,87.16,2025-08-07T09:00:00+08:00,2025-08-07T21:00:00+08:00,OPERATING,31.79,0.0,13.54,0,0,1,summer,2026-08-31T02:21:38.422656+00:00
2025-08-07,19,56.23,44,39.36,78.72,2025-08-07T09:00:00+08:00,2025-08-07T21:00:00+08:00,OPERATING,31.6,0.0,14.88,0,0,1,summer,2026-08-31T02:21:38.422656+00:00
2025-08-07,20,43.75,45,30.63,61.25,2025-08-07T09:00:00+08:00,2025-08-07T21:00:00+08:00,OPERATING,31.13,0.0,13.52,0,0,1,summer,2026-08-31T02:21:38.422656+00:00
2025-08-07,21,29.26,45,20.48,40.97,2025-08-07T09:00:00+08:00,2025-08-07T21:00:00+08:00,OPERATING,31.89,0.0,13.44,0,0,1,summer,2026-08-31T02:21:38.422656+00:00
2025-08-08,9,33.14,47,23.2,46.4,2025-08-08T09:00:00+08:00,2025-08-08T21:00:00+08:00,OPERATING,31.14,0.3,16.5,0,0,1,summer,2026-08-31T02:21:38.422656+00:00
2025-08-08,10,48.63,46,34.04,68.09,2025-08-08T09:00:00+08:00,2025-08-08T21:00:00+08:00,OPERATING,32.44,0.3,20.32,0,0,1,summer,2026-08-31T02:21:38.422656+00:00
2025-08-08,11,55.49,43,38.85,77.69,2025-08-08T09:00:00+08:00,2025-08-08T21:00:00+08:00,OPERATING,31.8,0.3,17.56,0,0,1,summer,2026-08-31T02:21:38.422656+00:00
2025-08-08,12,63.87,43,44.71,89.41,2025-08-08T09:00:00+08:00,2025-08-08T21:00:00+08:00,OPERATING,32.02,0.3,17.18,0,0,1,summer,2026-08-31T02:21:38.422656+00:00
2025-08-08,13,65.91,46,46.14,92.28,2025-08-08T09:00:00+08:00,2025-08-08T21:00:00+08:00,OPERATING,31.3,0.3,17.43,0,0,1,summer,2026-08-31T02:21:38.422656+00:00
2025-08-08,14,69.41,46,48.59,97.17,2025-08-08T09:00:00+08:00,2025-08-08T21:00:00+08:00,OPERATING,31.9,0.3,17.56,0,0,1,summer,2026-08-31T02:21:38.422656+00:00
2025-08-08,15,70.59,46,49.42,98.83,2025-08-08T09:00:00+08:00,2025-08-08T21:00:00+08:00,OPERATING,32.47,0.3,19.12,0,0,1,summer,2026-08-31T02:21:38.422656+00:00
2025-08-08,16,68.82,47,48.18,96.35,2025-08-08T09:00:00+08:00,2025-08-08T21:00:00+08:00,OPERATING,32.99,0.3,17.84,0,0,1,summer,2026-08-31T02:21:38.422656+00:00
2025-08-08,17,61.76,45,43.23,86.47,2025-08-08T09:00:00+08:00,2025-08-08T21:00:00+08:00,OPERATING,32.45,0.3,17.21,0,0,1,summer,2026-08-31T02:21:38.422656+00:00
2025-08-08,18,56.94,47,39.86,79.72,2025-08-08T09:00:00+08:00,2025-08-08T21:00:00+08:00,OPERATING,31.55,0.3,18.11,0,0,1,summer,2026-08-31T02:21:38.422656+00:00
2025-08-08,19,50.7,43,35.49,70.98,2025-08-08T09:00:00+08:00,2025-08-08T21:00:00+08:00,OPERATING,32.49,0.3,18.06,0,0,1,summer,2026-08-31T02:21:38.422656+00:00
2025-08-08,20,42.45,45,29.72,59.44,2025-08-08T09:00:00+08:00,2025-08-08T21:00:00+08:00,OPERATING,29.86,0.3,18.11,0,0,1,summer,2026-08-31T02:21:38.422656+00:00
2025-08-08,21,33.86,47,23.7,47.4,2025-08-08T09:00:00+08:00,2025-08-08T21:00:00+08:00,OPERATING,31.2,0.3,17.59,0,0,1,summer,2026-08-31T02:21:38.422656+00:00
2025-08-09,9,41.6,45,29.12,58.25,2025-08-09T09:00:00+08:00,2025-08-09T21:00:00+08:00,OPERATING,32.55,0.4,19.55,1,1,1,summer,2026-08-31T02:21:38.422656+00:00
2025-08-09,10,54.37,46,38.06,76.12,2025-08-09T09:00:00+08:00,2025-08-09T21:00:00+08:00,OPERATING,33.37,0.4,19.67,1,1,1,summer,2026-08-31T02:21:38.422656+00:00
2025-08-09,11,70.51,47,49.36,98.71,2025-08-09T09:00:00+08:00,2025-08-09T21:00:00+08:00,OPERATING,32.61,0.4,18.28,1,1,1,summer,2026-08-31T02:21:38.422656+00:00
2025-08-09,12,76.09,46,53.26,106.53,2025-08-09T09:00:00+08:00,2025-08-09T21:00:00+08:00,OPERATING,33.82,0.4,19.61,1,1,1,summer,2026-08-31T02:21:38.422656+00:00
2025-08-09,13,79.73,46,55.81,111.62,2025-08-09T09:00:00+08:00,2025-08-09T21:00:00+08:00,OPERATING,33.21,0.4,19.6,1,1,1,summer,2026-08-31T02:21:38.422656+00:00
2025-08-09,14,85.36,44,59.76,119.51,2025-08-09T09:00:00+08:00,2025-08-09T21:00:00+08:00,OPERATING,32.22,0.4,18.41,1,1,1,summer,2026-08-31T02:21:38.422656+00:00
2025-08-09,15,90.1,43,63.07,126.14,2025-08-09T09:00:00+08:00,2025-08-09T21:00:00+08:00,OPERATING,33.78,0.4,20.46,1,1,1,summer,2026-08-31T02:21:38.422656+00:00
2025-08-09,16,86.07,43,60.25,120.5,2025-08-09T09:00:00+08:00,2025-08-09T21:00:00+08:00,OPERATING,33.01,0.4,18.68,1,1,1,summer,2026-08-31T02:21:38.422656+00:00
2025-08-09,17,76.76,44,53.73,107.46,2025-08-09T09:00:00+08:00,2025-08-09T21:00:00+08:00,OPERATING,33.44,0.4,20.03,1,1,1,summer,2026-08-31T02:21:38.422656+00:00
2025-08-09,18,68.82,44,48.18,96.35,2025-08-09T09:00:00+08:00,2025-08-09T21:00:00+08:00,OPERATING,31.69,0.4,18.93,1,1,1,summer,2026-08-31T02:21:38.422656+00:00
2025-08-09,19,62.75,43,43.92,87.85,2025-08-09T09:00:00+08:00,2025-08-09T21:00:00+08:00,OPERATING,34.48,0.4,19.6,1,1,1,summer,2026-08-31T02:21:38.422656+00:00
2025-08-09,20,50.16,45,35.11,70.22,2025-08-09T09:00:00+08:00,2025-08-09T21:00:00+08:00,OPERATING,32.98,0.4,19.31,1,1,1,summer,2026-08-31T02:21:38.422656+00:00
2025-08-09,21,36.79,47,25.75,51.5,2025-08-09T09:00:00+08:00,2025-08-09T21:00:00+08:00,OPERATING,33.41,0.4,18.29,1,1,1,summer,2026-08-31T02:21:38.422656+00:00
2025-08-10,9,32.4,45,22.68,45.36,2025-08-10T09:00:00+08:00,2025-08-10T21:00:00+08:00,OPERATING,32.58,4.9,16.57,1,1,1,summer,2026-08-31T02:21:38.422656+00:00
2025-08-10,10,42.92,44,30.04,60.08,2025-08-10T09:00:00+08:00,2025-08-10T21:00:00+08:00,OPERATING,32.89,4.9,18.21,1,1,1,summer,2026-08-31T02:21:38.422656+00:00
2025-08-10,11,58.72,47,41.1,82.2,2025-08-10T09:00:00+08:00,2025-08-10T21:00:00+08:00,OPERATING,32.85,4.9,17.48,1,1,1,summer,2026-08-31T02:21:38.422656+00:00
2025-08-10,12,60.34,45,42.24,84.48,2025-08-10T09:00:00+08:00,2025-08-10T21:00:00+08:00,OPERATING,32.67,4.9,17.16,1,1,1,summer,2026-08-31T02:21:38.422656+00:00
2025-08-10,13,65.82,43,46.08,92.15,2025-08-10T09:00:00+08:00,2025-08-10T21:00:00+08:00,OPERATING,32.93,4.9,20.01,1,1,1,summer,2026-08-31T02:21:38.422656+00:00
2025-08-10,14,65.78,44,46.05,92.09,2025-08-10T09:00:00+08:00,2025-08-10T21:00:00+08:00,OPERATING,32.49,4.9,16.07,1,1,1,summer,2026-08-31T02:21:38.422656+00:00
2025-08-10,15,71.9,45,50.33,100.66,2025-08-10T09:00:00+08:00,2025-08-10T21:00:00+08:00,OPERATING,32.45,4.9,16.13,1,1,1,summer,2026-08-31T02:21:38.422656+00:00
2025-08-10,16,66.52,45,46.56,93.12,2025-08-10T09:00:00+08:00,2025-08-10T21:00:00+08:00,OPERATING,33.21,4.9,19.02,1,1,1,summer,2026-08-31T02:21:38.422656+00:00
2025-08-10,17,63.0,43,44.1,88.2,2025-08-10T09:00:00+08:00,2025-08-10T21:00:00+08:00,OPERATING,31.36,4.9,16.84,1,1,1,summer,2026-08-31T02:21:38.422656+00:00
2025-08-10,18,54.18,44,37.93,75.86,2025-08-10T09:00:00+08:00,2025-08-10T21:00:00+08:00,OPERATING,33.6,4.9,17.16,1,1,1,summer,2026-08-31T02:21:38.422656+00:00
2025-08-10,19,48.52,46,33.96,67.92,2025-08-10T09:00:00+08:00,2025-08-10T21:00:00+08:00,OPERATING,32.21,4.9,16.61,1,1,1,summer,2026-08-31T02:21:38.422656+00:00
2025-08-10,20,39.63,43,27.74,55.48,2025-08-10T09:00:00+08:00,2025-08-10T21:00:00+08:00,OPERATING,30.9,4.9,17.64,1,1,1,summer,2026-08-31T02:21:38.422656+00:00
2025-08-10,21,30.71,46,21.5,43.0,2025-08-10T09:00:00+08:00,2025-08-10T21:00:00+08:00,OPERATING,32.53,4.9,17.65,1,1,1,summer,2026-08-31T02:21:38.422656+00:00
2025-08-11,9,26.49,47,18.54,37.09,2025-08-11T09:00:00+08:00,2025-08-11T21:00:00+08:00,OPERATING,30.12,3.9,12.38,0,0,1,summer,2026-08-31T02:21:38.422656+00:00
2025-08-11,10,39.16,44,27.41,54.82,2025-08-11T09:00:00+08:00,2025-08-11T21:00:00+08:00,OPERATING,30.88,3.9,12.55,0,0,1,summer,2026-08-31T02:21:38.422656+00:00
2025-08-11,11,49.32,45,34.52,69.05,2025-08-11T09:00:00+08:00,2025-08-11T21:00:00+08:00,OPERATING,30.94,3.9,12.29,0,0,1,summer,2026-08-31T02:21:38.422656+00:00
2025-08-11,12,50.49,44,35.34,70.69,2025-08-11T09:00:00+08:00,2025-08-11T21:00:00+08:00,OPERATING,30.83,3.9,11.21,0,0,1,summer,2026-08-31T02:21:38.422656+00:00
2025-08-11,13,55.3,44,38.71,77.42,2025-08-11T09:00:00+08:00,2025-08-11T21:00:00+08:00,OPERATING,29.1,3.9,11.29,0,0,1,summer,2026-08-31T02:21:38.422656+00:00
2025-08-11,14,56.49,44,39.54,79.08,2025-08-11T09:00:00+08:00,2025-08-11T21:00:00+08:00,OPERATING,30.17,3.9,11.56,0,0,1,summer,2026-08-31T02:21:38.422656+00:00
2025-08-11,15,60.55,44,42.38,84.77,2025-08-11T09:00:00+08:00,2025-08-11T21:00:00+08:00,OPERATING,30.25,3.9,11.47,0,0,1,summer,2026-08-31T02:21:38.422656+00:00
2025-08-11,16,57.6,44,40.32,80.65,2025-08-11T09:00:00+08:00,2025-08-11T21:00:00+08:00,OPERATING,30.12,3.9,13.15,0,0,1,summer,2026-08-31T02:21:38.422656+00:00
2025-08-11,17,51.96,46,36.37,72.75,2025-08-11T09:00:00+08:00,2025-08-11T21:00:00+08:00,OPERATING,30.93,3.9,12.23,0,0,1,summer,2026-08-31T02:21:38.422656+00:00
2025-08-11,18,47.05,43,32.94,65.88,2025-08-11T09:00:00+08:00,2025-08-11T21:00:00+08:00,OPERATING,31.06,3.9,13.18,0,0,1,summer,2026-08-31T02:21:38.422656+00:00
2025-08-11,19,42.63,44,29.84,59.68,2025-08-11T09:00:00+08:00,2025-08-11T21:00:00+08:00,OPERATING,29.52,3.9,11.13,0,0,1,summer,2026-08-31T02:21:38.422656+00:00
2025-08-11,20,39.61,47,27.73,55.46,2025-08-11T09:00:00+08:00,2025-08-11T21:00:00+08:00,OPERATING,29.75,3.9,13.28,0,0,1,summer,2026-08-31T02:21:38.422656+00:00
2025-08-11,21,23.57,45,16.5,32.99,2025-08-11T09:00:00+08:00,2025-08-11T21:00:00+08:00,OPERATING,28.46,3.9,13.7,0,0,1,summer,2026-08-31T02:21:38.422656+00:00
2025-08-12,9,27.6,43,19.32,38.63,2025-08-12T09:00:00+08:00,2025-08-12T21:00:00+08:00,OPERATING,31.16,3.9,18.12,0,0,1,summer,2026-08-31T02:21:38.422656+00:00
2025-08-12,10,30.58,45,21.41,42.81,2025-08-12T09:00:00+08:00,2025-08-12T21:00:00+08:00,OPERATING,31.2,3.9,17.27,0,0,1,summer,2026-08-31T02:21:38.422656+00:00
2025-08-12,11,43.52,46,30.46,60.93,2025-08-12T09:00:00+08:00,2025-08-12T21:00:00+08:00,OPERATING,31.43,3.9,16.71,0,0,1,summer,2026-08-31T02:21:38.422656+00:00
2025-08-12,12,50.2,46,35.14,70.28,2025-08-12T09:00:00+08:00,2025-08-12T21:00:00+08:00,OPERATING,29.46,3.9,18.11,0,0,1,summer,2026-08-31T02:21:38.422656+00:00
2025-08-12,13,46.14,45,32.3,64.6,2025-08-12T09:00:00+08:00,2025-08-12T21:00:00+08:00,OPERATING,29.98,3.9,18.14,0,0,1,summer,2026-08-31T02:21:38.422656+00:00
2025-08-12,14,52.39,43,36.67,73.35,2025-08-12T09:00:00+08:00,2025-08-12T21:00:00+08:00,OPERATING,29.68,3.9,17.14,0,0,1,summer,2026-08-31T02:21:38.422656+00:00
2025-08-12,15,52.63,45,36.84,73.68,2025-08-12T09:00:00+08:00,2025-08-12T21:00:00+08:00,OPERATING,31.09,3.9,18.61,0,0,1,summer,2026-08-31T02:21:38.422656+00:00
2025-08-12,16,54.69,46,38.28,76.57,2025-08-12T09:00:00+08:00,2025-08-12T21:00:00+08:00,OPERATING,31.66,3.9,18.36,0,0,1,summer,2026-08-31T02:21:38.422656+00:00
2025-08-12,17,49.28,45,34.49,68.99,2025-08-12T09:00:00+08:00,2025-08-12T21:00:00+08:00,OPERATING,31.73,3.9,16.5,0,0,1,summer,2026-08-31T02:21:38.422656+00:00
2025-08-12,18,45.51,43,31.85,63.71,2025-08-12T09:00:00+08:00,2025-08-12T21:00:00+08:00,OPERATING,30.36,3.9,18.94,0,0,1,summer,2026-08-31T02:21:38.422656+00:00
2025-08-12,19,40.25,44,28.18,56.35,2025-08-12T09:00:00+08:00,2025-08-12T21:00:00+08:00,OPERATING,31.21,3.9,18.67,0,0,1,summer,2026-08-31T02:21:38.422656+00:00
2025-08-12,20,30.72,47,21.5,43.01,2025-08-12T09:00:00+08:00,2025-08-12T21:00:00+08:00,OPERATING,30.96,3.9,17.75,0,0,1,summer,2026-08-31T02:21:38.422656+00:00
2025-08-12,21,23.9,45,16.73,33.46,2025-08-12T09:00:00+08:00,2025-08-12T21:00:00+08:00,OPERATING,29.76,3.9,18.06,0,0,1,summer,2026-08-31T02:21:38.422656+00:00
2025-08-13,9,24.37,43,17.06,34.12,2025-08-13T09:00:00+08:00,2025-08-13T21:00:00+08:00,OPERATING,30.97,0.1,20.38,0,0,1,summer,2026-08-31T02:21:38.422656+00:00
2025-08-13,10,35.08,44,24.56,49.11,2025-08-13T09:00:00+08:00,2025-08-13T21:00:00+08:00,OPERATING,32.34,0.1,21.03,0,0,1,summer,2026-08-31T02:21:38.422656+00:00
2025-08-13,11,46.43,45,32.5,65.0,2025-08-13T09:00:00+08:00,2025-08-13T21:00:00+08:00,OPERATING,30.4,0.1,21.06,0,0,1,summer,2026-08-31T02:21:38.422656+00:00
2025-08-13,12,53.1,47,37.17,74.35,2025-08-13T09:00:00+08:00,2025-08-13T21:00:00+08:00,OPERATING,31.22,0.1,20.45,0,0,1,summer,2026-08-31T02:21:38.422656+00:00
2025-08-13,13,55.89,47,39.12,78.24,2025-08-13T09:00:00+08:00,2025-08-13T21:00:00+08:00,OPERATING,30.22,0.1,21.34,0,0,1,summer,2026-08-31T02:21:38.422656+00:00
2025-08-13,14,55.59,43,38.91,77.82,2025-08-13T09:00:00+08:00,2025-08-13T21:00:00+08:00,OPERATING,31.32,0.1,20.95,0,0,1,summer,2026-08-31T02:21:38.422656+00:00
2025-08-13,15,59.71,44,41.8,83.6,2025-08-13T09:00:00+08:00,2025-08-13T21:00:00+08:00,OPERATING,33.66,0.1,20.5,0,0,1,summer,2026-08-31T02:21:38.422656+00:00
2025-08-13,16,55.21,44,38.65,77.29,2025-08-13T09:00:00+08:00,2025-08-13T21:00:00+08:00,OPERATING,30.77,0.1,19.07,0,0,1,summer,2026-08-31T02:21:38.422656+00:00
2025-08-13,17,50.87,45,35.61,71.22,2025-08-13T09:00:00+08:00,2025-08-13T21:00:00+08:00,OPERATING,30.69,0.1,20.69,0,0,1,summer,2026-08-31T02:21:38.422656+00:00
2025-08-13,18,46.96,46,32.88,65.75,2025-08-13T09:00:00+08:00,2025-08-13T21:00:00+08:00,OPERATING,30.84,0.1,22.17,0,0,1,summer,2026-08-31T02:21:38.422656+00:00
2025-08-13,19,41.53,46,29.07,58.14,2025-08-13T09:00:00+08:00,2025-08-13T21:00:00+08:00,OPERATING,30.26,0.1,22.31,0,0,1,summer,2026-08-31T02:21:38.422656+00:00
2025-08-13,20,32.7,45,22.89,45.77,2025-08-13T09:00:00+08:00,2025-08-13T21:00:00+08:00,OPERATING,31.3,0.1,20.58,0,0,1,summer,2026-08-31T02:21:38.422656+00:00
2025-08-13,21,21.52,47,15.06,30.13,2025-08-13T09:00:00+08:00,2025-08-13T21:00:00+08:00,OPERATING,31.13,0.1,20.1,0,0,1,summer,2026-08-31T02:21:38.422656+00:00
2025-08-14,9,30.73,46,21.51,43.02,2025-08-14T09:00:00+08:00,2025-08-14T21:00:00+08:00,OPERATING,31.81,0.4,19.36,0,0,1,summer,2026-08-31T02:21:38.422656+00:00
2025-08-14,10,38.38,43,26.87,53.73,2025-08-14T09:00:00+08:00,2025-08-14T21:00:00+08:00,OPERATING,30.24,0.4,20.67,0,0,1,summer,2026-08-31T02:21:38.422656+00:00
2025-08-14,11,50.65,44,35.46,70.91,2025-08-14T09:00:00+08:00,2025-08-14T21:00:00+08:00,OPERATING,31.92,0.4,17.21,0,0,1,summer,2026-08-31T02:21:38.422656+00:00
2025-08-14,12,54.17,47,37.92,75.84,2025-08-14T09:00:00+08:00,2025-08-14T21:00:00+08:00,OPERATING,30.4,0.4,18.35,0,0,1,summer,2026-08-31T02:21:38.422656+00:00
2025-08-14,13,55.8,46,39.06,78.12,2025-08-14T09:00:00+08:00,2025-08-14T21:00:00+08:00,OPERATING,30.57,0.4,20.74,0,0,1,summer,2026-08-31T02:21:38.422656+00:00
2025-08-14,14,58.88,45,41.21,82.43,2025-08-14T09:00:00+08:00,2025-08-14T21:00:00+08:00,OPERATING,31.47,0.4,18.82,0,0,1,summer,2026-08-31T02:21:38.422656+00:00
2025-08-14,15,61.46,47,43.02,86.04,2025-08-14T09:00:00+08:00,2025-08-14T21:00:00+08:00,OPERATING,29.51,0.4,20.21,0,0,1,summer,2026-08-31T02:21:38.422656+00:00
2025-08-14,16,61.01,44,42.71,85.42,2025-08-14T09:00:00+08:00,2025-08-14T21:00:00+08:00,OPERATING,30.98,0.4,16.47,0,0,1,summer,2026-08-31T02:21:38.422656+00:00
2025-08-14,17,50.44,47,35.31,70.61,2025-08-14T09:00:00+08:00,2025-08-14T21:00:00+08:00,OPERATING,31.29,0.4,18.68,0,0,1,summer,2026-08-31T02:21:38.422656+00:00
2025-08-14,18,50.73,45,35.51,71.02,2025-08-14T09:00:00+08:00,2025-08-14T21:00:00+08:00,OPERATING,32.03,0.4,18.55,0,0,1,summer,2026-08-31T02:21:38.422656+00:00
2025-08-14,19,43.81,43,30.67,61.34,2025-08-14T09:00:00+08:00,2025-08-14T21:00:00+08:00,OPERATING,29.94,0.4,19.88,0,0,1,summer,2026-08-31T02:21:38.422656+00:00
2025-08-14,20,35.59,43,24.91,49.82,2025-08-14T09:00:00+08:00,2025-08-14T21:00:00+08:00,OPERATING,29.27,0.4,18.17,0,0,1,summer,2026-08-31T02:21:38.422656+00:00
2025-08-14,21,25.71,44,18.0,35.99,2025-08-14T09:00:00+08:00,2025-08-14T21:00:00+08:00,OPERATING,31.02,0.4,19.53,0,0,1,summer,2026-08-31T02:21:38.422656+00:00
2025-08-15,9,19.32,47,13.52,27.05,2025-08-15T09:00:00+08:00,2025-08-15T21:00:00+08:00,OPERATING,30.64,0.1,16.3,0,0,1,summer,2026-08-31T02:21:38.422656+00:00
2025-08-15,10,31.75,43,22.23,44.45,2025-08-15T09:00:00+08:00,2025-08-15T21:00:00+08:00,OPERATING,30.58,0.1,18.12,0,0,1,summer,2026-08-31T02:21:38.422656+00:00
2025-08-15,11,37.35,45,26.14,52.29,2025-08-15T09:00:00+08:00,2025-08-15T21:00:00+08:00,OPERATING,30.03,0.1,16.4,0,0,1,summer,2026-08-31T02:21:38.422656+00:00
2025-08-15,12,43.66,46,30.56,61.12,2025-08-15T09:00:00+08:00,2025-08-15T21:00:00+08:00,OPERATING,31.09,0.1,15.76,0,0,1,summer,2026-08-31T02:21:38.422656+00:00
2025-08-15,13,44.14,47,30.9,61.8,2025-08-15T09:00:00+08:00,2025-08-15T21:00:00+08:00,OPERATING,29.56,0.1,18.73,0,0,1,summer,2026-08-31T02:21:38.422656+00:00
2025-08-15,14,45.77,46,32.04,64.07,2025-08-15T09:00:00+08:00,2025-08-15T21:00:00+08:00,OPERATING,31.53,0.1,18.33,0,0,1,summer,2026-08-31T02:21:38.422656+00:00
2025-08-15,15,43.49,45,30.44,60.89,2025-08-15T09:00:00+08:00,2025-08-15T21:00:00+08:00,OPERATING,30.41,0.1,17.46,0,0,1,summer,2026-08-31T02:21:38.422656+00:00
2025-08-15,16,47.18,43,33.03,66.05,2025-08-15T09:00:00+08:00,2025-08-15T21:00:00+08:00,OPERATING,30.82,0.1,17.58,0,0,1,summer,2026-08-31T02:21:38.422656+00:00
2025-08-15,17,40.5,46,28.35,56.7,2025-08-15T09:00:00+08:00,2025-08-15T21:00:00+08:00,OPERATING,29.96,0.1,17.02,0,0,1,summer,2026-08-31T02:21:38.422656+00:00
2025-08-15,18,41.11,47,28.78,57.56,2025-08-15T09:00:00+08:00,2025-08-15T21:00:00+08:00,OPERATING,29.95,0.1,17.28,0,0,1,summer,2026-08-31T02:21:38.422656+00:00
2025-08-15,19,34.3,46,24.01,48.02,2025-08-15T09:00:00+08:00,2025-08-15T21:00:00+08:00,OPERATING,31.02,0.1,17.77,0,0,1,summer,2026-08-31T02:21:38.422656+00:00
2025-08-15,20,24.49,44,17.14,34.29,2025-08-15T09:00:00+08:00,2025-08-15T21:00:00+08:00,OPERATING,29.74,0.1,15.88,0,0,1,summer,2026-08-31T02:21:38.422656+00:00
2025-08-15,21,20.1,45,14.07,28.14,2025-08-15T09:00:00+08:00,2025-08-15T21:00:00+08:00,OPERATING,31.52,0.1,17.7,0,0,1,summer,2026-08-31T02:21:38.422656+00:00
2025-08-16,9,42.63,47,29.84,59.69,2025-08-16T09:00:00+08:00,2025-08-16T21:00:00+08:00,OPERATING,30.2,0.0,15.48,1,1,1,summer,2026-08-31T02:21:38.422656+00:00
2025-08-16,10,59.52,43,41.66,83.33,2025-08-16T09:00:00+08:00,2025-08-16T21:00:00+08:00,OPERATING,30.27,0.0,16.04,1,1,1,summer,2026-08-31T02:21:38.422656+00:00
2025-08-16,11,71.77,43,50.24,100.48,2025-08-16T09:00:00+08:00,2025-08-16T21:00:00+08:00,OPERATING,29.64,0.0,15.83,1,1,1,summer,2026-08-31T02:21:38.422656+00:00
2025-08-16,12,78.11,47,54.67,109.35,2025-08-16T09:00:00+08:00,2025-08-16T21:00:00+08:00,OPERATING,29.09,0.0,15.36,1,1,1,summer,2026-08-31T02:21:38.422656+00:00
2025-08-16,13,84.0,47,58.8,117.59,2025-08-16T09:00:00+08:00,2025-08-16T21:00:00+08:00,OPERATING,30.64,0.0,16.05,1,1,1,summer,2026-08-31T02:21:38.422656+00:00
2025-08-16,14,89.9,43,62.93,125.86,2025-08-16T09:00:00+08:00,2025-08-16T21:00:00+08:00,OPERATING,31.32,0.0,16.3,1,1,1,summer,2026-08-31T02:21:38.422656+00:00
2025-08-16,15,92.03,44,64.42,128.84,2025-08-16T09:00:00+08:00,2025-08-16T21:00:00+08:00,OPERATING,31.96,0.0,15.39,1,1,1,summer,2026-08-31T02:21:38.422656+00:00
2025-08-16,16,90.22,43,63.15,126.31,2025-08-16T09:00:00+08:00,2025-08-16T21:00:00+08:00,OPERATING,30.66,0.0,17.27,1,1,1,summer,2026-08-31T02:21:38.422656+00:00
2025-08-16,17,79.87,46,55.91,111.82,2025-08-16T09:00:00+08:00,2025-08-16T21:00:00+08:00,OPERATING,31.55,0.0,16.36,1,1,1,summer,2026-08-31T02:21:38.422656+00:00
2025-08-16,18,73.56,45,51.49,102.98,2025-08-16T09:00:00+08:00,2025-08-16T21:00:00+08:00,OPERATING,30.58,0.0,15.17,1,1,1,summer,2026-08-31T02:21:38.422656+00:00
2025-08-16,19,67.78,44,47.45,94.9,2025-08-16T09:00:00+08:00,2025-08-16T21:00:00+08:00,OPERATING,31.86,0.0,15.51,1,1,1,summer,2026-08-31T02:21:38.422656+00:00
2025-08-16,20,50.47,46,35.33,70.66,2025-08-16T09:00:00+08:00,2025-08-16T21:00:00+08:00,OPERATING,30.29,0.0,15.61,1,1,1,summer,2026-08-31T02:21:38.422656+00:00
2025-08-16,21,40.71,43,28.5,56.99,2025-08-16T09:00:00+08:00,2025-08-16T21:00:00+08:00,OPERATING,29.87,0.0,15.36,1,1,1,summer,2026-08-31T02:21:38.422656+00:00
2025-08-17,9,45.2,43,31.64,63.28,2025-08-17T09:00:00+08:00,2025-08-17T21:00:00+08:00,OPERATING,32.13,0.3,16.58,1,1,1,summer,2026-08-31T02:21:38.422656+00:00
2025-08-17,10,63.07,43,44.15,88.3,2025-08-17T09:00:00+08:00,2025-08-17T21:00:00+08:00,OPERATING,29.19,0.3,17.84,1,1,1,summer,2026-08-31T02:21:38.422656+00:00
2025-08-17,11,75.79,46,53.05,106.11,2025-08-17T09:00:00+08:00,2025-08-17T21:00:00+08:00,OPERATING,31.23,0.3,15.37,1,1,1,summer,2026-08-31T02:21:38.422656+00:00
2025-08-17,12,85.53,43,59.87,119.75,2025-08-17T09:00:00+08:00,2025-08-17T21:00:00+08:00,OPERATING,31.0,0.3,17.12,1,1,1,summer,2026-08-31T02:21:38.422656+00:00
2025-08-17,13,89.52,46,62.67,125.33,2025-08-17T09:00:00+08:00,2025-08-17T21:00:00+08:00,OPERATING,30.83,0.3,16.76,1,1,1,summer,2026-08-31T02:21:38.422656+00:00
2025-08-17,14,95.07,47,66.55,133.1,2025-08-17T09:00:00+08:00,2025-08-17T21:00:00+08:00,OPERATING,32.22,0.3,16.27,1,1,1,summer,2026-08-31T02:21:38.422656+00:00
2025-08-17,15,97.77,46,68.44,136.88,2025-08-17T09:00:00+08:00,2025-08-17T21:00:00+08:00,OPERATING,31.07,0.3,15.69,1,1,1,summer,2026-08-31T02:21:38.422656+00:00
2025-08-17,16,93.22,43,65.26,130.51,2025-08-17T09:00:00+08:00,2025-08-17T21:00:00+08:00,OPERATING,30.79,0.3,18.43,1,1,1,summer,2026-08-31T02:21:38.422656+00:00
2025-08-17,17,87.59,46,61.32,122.63,2025-08-17T09:00:00+08:00,2025-08-17T21:00:00+08:00,OPERATING,31.49,0.3,16.69,1,1,1,summer,2026-08-31T02:21:38.422656+00:00
2025-08-17,18,79.87,47,55.91,111.82,2025-08-17T09:00:00+08:00,2025-08-17T21:00:00+08:00,OPERATING,31.3,0.3,17.37,1,1,1,summer,2026-08-31T02:21:38.422656+00:00
2025-08-17,19,70.01,44,49.01,98.02,2025-08-17T09:00:00+08:00,2025-08-17T21:00:00+08:00,OPERATING,32.12,0.3,17.58,1,1,1,summer,2026-08-31T02:21:38.422656+00:00
2025-08-17,20,58.14,44,40.7,81.39,2025-08-17T09:00:00+08:00,2025-08-17T21:00:00+08:00,OPERATING,29.81,0.3,16.85,1,1,1,summer,2026-08-31T02:21:38.422656+00:00
2025-08-17,21,42.19,44,29.53,59.06,2025-08-17T09:00:00+08:00,2025-08-17T21:00:00+08:00,OPERATING,31.3,0.3,15.34,1,1,1,summer,2026-08-31T02:21:38.422656+00:00
2025-08-18,9,24.13,45,16.89,33.79,2025-08-18T09:00:00+08:00,2025-08-18T21:00:00+08:00,OPERATING,31.12,0.1,18.27,0,0,1,summer,2026-08-31T02:21:38.422656+00:00
2025-08-18,10,29.48,46,20.64,41.27,2025-08-18T09:00:00+08:00,2025-08-18T21:00:00+08:00,OPERATING,31.24,0.1,16.9,0,0,1,summer,2026-08-31T02:21:38.422656+00:00
2025-08-18,11,40.2,45,28.14,56.28,2025-08-18T09:00:00+08:00,2025-08-18T21:00:00+08:00,OPERATING,30.27,0.1,15.5,0,0,1,summer,2026-08-31T02:21:38.422656+00:00
2025-08-18,12,41.81,46,29.26,58.53,2025-08-18T09:00:00+08:00,2025-08-18T21:00:00+08:00,OPERATING,30.93,0.1,17.86,0,0,1,summer,2026-08-31T02:21:38.422656+00:00
2025-08-18,13,45.72,46,32.0,64.0,2025-08-18T09:00:00+08:00,2025-08-18T21:00:00+08:00,OPERATING,31.07,0.1,15.96,0,0,1,summer,2026-08-31T02:21:38.422656+00:00
2025-08-18,14,43.28,47,30.3,60.59,2025-08-18T09:00:00+08:00,2025-08-18T21:00:00+08:00,OPERATING,30.34,0.1,17.43,0,0,1,summer,2026-08-31T02:21:38.422656+00:00
2025-08-18,15,46.83,46,32.78,65.56,2025-08-18T09:00:00+08:00,2025-08-18T21:00:00+08:00,OPERATING,31.34,0.1,15.65,0,0,1,summer,2026-08-31T02:21:38.422656+00:00
2025-08-18,16,45.67,44,31.97,63.94,2025-08-18T09:00:00+08:00,2025-08-18T21:00:00+08:00,OPERATING,30.31,0.1,17.58,0,0,1,summer,2026-08-31T02:21:38.422656+00:00
2025-08-18,17,39.38,47,27.57,55.13,2025-08-18T09:00:00+08:00,2025-08-18T21:00:00+08:00,OPERATING,31.87,0.1,18.74,0,0,1,summer,2026-08-31T02:21:38.422656+00:00
2025-08-18,18,34.86,45,24.4,48.81,2025-08-18T09:00:00+08:00,2025-08-18T21:00:00+08:00,OPERATING,31.68,0.1,17.0,0,0,1,summer,2026-08-31T02:21:38.422656+00:00
2025-08-18,19,36.04,47,25.23,50.46,2025-08-18T09:00:00+08:00,2025-08-18T21:00:00+08:00,OPERATING,31.73,0.1,17.69,0,0,1,summer,2026-08-31T02:21:38.422656+00:00
2025-08-18,20,28.63,45,20.04,40.08,2025-08-18T09:00:00+08:00,2025-08-18T21:00:00+08:00,OPERATING,32.25,0.1,16.44,0,0,1,summer,2026-08-31T02:21:38.422656+00:00
2025-08-18,21,20.79,45,14.55,29.11,2025-08-18T09:00:00+08:00,2025-08-18T21:00:00+08:00,OPERATING,30.68,0.1,16.7,0,0,1,summer,2026-08-31T02:21:38.422656+00:00
2025-08-19,9,29.28,47,20.5,41.0,2025-08-19T09:00:00+08:00,2025-08-19T21:00:00+08:00,OPERATING,30.9,1.2,16.07,0,0,1,summer,2026-08-31T02:21:38.422656+00:00
2025-08-19,10,42.15,45,29.5,59.01,2025-08-19T09:00:00+08:00,2025-08-19T21:00:00+08:00,OPERATING,32.49,1.2,16.65,0,0,1,summer,2026-08-31T02:21:38.422656+00:00
2025-08-19,11,54.29,45,38.01,76.01,2025-08-19T09:00:00+08:00,2025-08-19T21:00:00+08:00,OPERATING,31.82,1.2,15.55,0,0,1,summer,2026-08-31T02:21:38.422656+00:00
2025-08-19,12,62.55,43,43.78,87.57,2025-08-19T09:00:00+08:00,2025-08-19T21:00:00+08:00,OPERATING,30.14,1.2,16.79,0,0,1,summer,2026-08-31T02:21:38.422656+00:00
2025-08-19,13,61.77,44,43.24,86.48,2025-08-19T09:00:00+08:00,2025-08-19T21:00:00+08:00,OPERATING,31.24,1.2,16.63,0,0,1,summer,2026-08-31T02:21:38.422656+00:00
2025-08-19,14,70.3,46,49.21,98.43,2025-08-19T09:00:00+08:00,2025-08-19T21:00:00+08:00,OPERATING,31.27,1.2,16.68,0,0,1,summer,2026-08-31T02:21:38.422656+00:00
2025-08-19,15,66.21,43,46.35,92.69,2025-08-19T09:00:00+08:00,2025-08-19T21:00:00+08:00,OPERATING,31.94,1.2,16.36,0,0,1,summer,2026-08-31T02:21:38.422656+00:00
2025-08-19,16,64.69,46,45.28,90.56,2025-08-19T09:00:00+08:00,2025-08-19T21:00:00+08:00,OPERATING,31.78,1.2,16.86,0,0,1,summer,2026-08-31T02:21:38.422656+00:00
2025-08-19,17,63.78,46,44.64,89.29,2025-08-19T09:00:00+08:00,2025-08-19T21:00:00+08:00,OPERATING,31.37,1.2,16.14,0,0,1,summer,2026-08-31T02:21:38.422656+00:00
2025-08-19,18,56.21,46,39.35,78.69,2025-08-19T09:00:00+08:00,2025-08-19T21:00:00+08:00,OPERATING,32.19,1.2,15.84,0,0,1,summer,2026-08-31T02:21:38.422656+00:00
2025-08-19,19,49.4,47,34.58,69.16,2025-08-19T09:00:00+08:00,2025-08-19T21:00:00+08:00,OPERATING,32.39,1.2,14.51,0,0,1,summer,2026-08-31T02:21:38.422656+00:00
2025-08-19,20,42.19,45,29.53,59.07,2025-08-19T09:00:00+08:00,2025-08-19T21:00:00+08:00,OPERATING,32.33,1.2,17.36,0,0,1,summer,2026-08-31T02:21:38.422656+00:00
2025-08-19,21,27.34,47,19.14,38.28,2025-08-19T09:00:00+08:00,2025-08-19T21:00:00+08:00,OPERATING,31.14,1.2,18.1,0,0,1,summer,2026-08-31T02:21:38.422656+00:00
2025-08-20,9,29.35,43,20.54,41.09,2025-08-20T09:00:00+08:00,2025-08-20T21:00:00+08:00,OPERATING,31.19,0.4,11.23,0,0,1,summer,2026-08-31T02:21:38.422656+00:00
2025-08-20,10,34.01,43,23.81,47.62,2025-08-20T09:00:00+08:00,2025-08-20T21:00:00+08:00,OPERATING,31.5,0.4,16.11,0,0,1,summer,2026-08-31T02:21:38.422656+00:00
2025-08-20,11,46.71,45,32.7,65.39,2025-08-20T09:00:00+08:00,2025-08-20T21:00:00+08:00,OPERATING,31.24,0.4,13.69,0,0,1,summer,2026-08-31T02:21:38.422656+00:00
2025-08-20,12,50.85,43,35.6,71.19,2025-08-20T09:00:00+08:00,2025-08-20T21:00:00+08:00,OPERATING,31.41,0.4,14.25,0,0,1,summer,2026-08-31T02:21:38.422656+00:00
2025-08-20,13,53.85,45,37.69,75.39,2025-08-20T09:00:00+08:00,2025-08-20T21:00:00+08:00,OPERATING,31.34,0.4,12.6,0,0,1,summer,2026-08-31T02:21:38.422656+00:00
2025-08-20,14,54.1,43,37.87,75.73,2025-08-20T09:00:00+08:00,2025-08-20T21:00:00+08:00,OPERATING,30.76,0.4,10.61,0,0,1,summer,2026-08-31T02:21:38.422656+00:00
2025-08-20,15,58.83,44,41.18,82.36,2025-08-20T09:00:00+08:00,2025-08-20T21:00:00+08:00,OPERATING,31.28,0.4,13.52,0,0,1,summer,2026-08-31T02:21:38.422656+00:00
2025-08-20,16,55.05,43,38.54,77.08,2025-08-20T09:00:00+08:00,2025-08-20T21:00:00+08:00,OPERATING,31.95,0.4,12.51,0,0,1,summer,2026-08-31T02:21:38.422656+00:00
2025-08-20,17,49.43,43,34.6,69.2,2025-08-20T09:00:00+08:00,2025-08-20T21:00:00+08:00,OPERATING,32.39,0.4,13.11,0,0,1,summer,2026-08-31T02:21:38.422656+00:00
2025-08-20,18,41.09,45,28.76,57.52,2025-08-20T09:00:00+08:00,2025-08-20T21:00:00+08:00,OPERATING,31.1,0.4,14.58,0,0,1,summer,2026-08-31T02:21:38.422656+00:00
2025-08-20,19,38.32,43,26.82,53.64,2025-08-20T09:00:00+08:00,2025-08-20T21:00:00+08:00,OPERATING,32.22,0.4,11.59,0,0,1,summer,2026-08-31T02:21:38.422656+00:00
2025-08-20,20,32.92,47,23.04,46.09,2025-08-20T09:00:00+08:00,2025-08-20T21:00:00+08:00,OPERATING,30.65,0.4,14.58,0,0,1,summer,2026-08-31T02:21:38.422656+00:00
2025-08-20,21,23.91,47,16.74,33.48,2025-08-20T09:00:00+08:00,2025-08-20T21:00:00+08:00,OPERATING,31.36,0.4,12.86,0,0,1,summer,2026-08-31T02:21:38.422656+00:00
2025-08-21,9,25.28,43,17.69,35.39,2025-08-21T09:00:00+08:00,2025-08-21T21:00:00+08:00,OPERATING,32.27,0.0,14.77,0,0,1,summer,2026-08-31T02:21:38.422656+00:00
2025-08-21,10,34.83,44,24.38,48.76,2025-08-21T09:00:00+08:00,2025-08-21T21:00:00+08:00,OPERATING,32.16,0.0,14.57,0,0,1,summer,2026-08-31T02:21:38.422656+00:00
2025-08-21,11,46.49,44,32.54,65.09,2025-08-21T09:00:00+08:00,2025-08-21T21:00:00+08:00,OPERATING,32.6,0.0,12.82,0,0,1,summer,2026-08-31T02:21:38.422656+00:00
2025-08-21,12,49.67,46,34.77,69.54,2025-08-21T09:00:00+08:00,2025-08-21T21:00:00+08:00,OPERATING,33.34,0.0,13.98,0,0,1,summer,2026-08-31T02:21:38.422656+00:00
2025-08-21,13,52.39,46,36.67,73.34,2025-08-21T09:00:00+08:00,2025-08-21T21:00:00+08:00,OPERATING,32.8,0.0,16.19,0,0,1,summer,2026-08-31T02:21:38.422656+00:00
2025-08-21,14,56.77,46,39.74,79.47,2025-08-21T09:00:00+08:00,2025-08-21T21:00:00+08:00,OPERATING,31.5,0.0,13.6,0,0,1,summer,2026-08-31T02:21:38.422656+00:00
2025-08-21,15,57.67,44,40.37,80.73,2025-08-21T09:00:00+08:00,2025-08-21T21:00:00+08:00,OPERATING,32.78,0.0,13.51,0,0,1,summer,2026-08-31T02:21:38.422656+00:00
2025-08-21,16,58.79,44,41.15,82.3,2025-08-21T09:00:00+08:00,2025-08-21T21:00:00+08:00,OPERATING,33.25,0.0,16.29,0,0,1,summer,2026-08-31T02:21:38.422656+00:00
2025-08-21,17,50.55,43,35.38,70.77,2025-08-21T09:00:00+08:00,2025-08-21T21:00:00+08:00,OPERATING,32.54,0.0,13.26,0,0,1,summer,2026-08-31T02:21:38.422656+00:00
2025-08-21,18,46.09,46,32.26,64.52,2025-08-21T09:00:00+08:00,2025-08-21T21:00:00+08:00,OPERATING,32.11,0.0,13.82,0,0,1,summer,2026-08-31T02:21:38.422656+00:00
2025-08-21,19,40.92,45,28.64,57.28,2025-08-21T09:00:00+08:00,2025-08-21T21:00:00+08:00,OPERATING,32.84,0.0,13.82,0,0,1,summer,2026-08-31T02:21:38.422656+00:00
2025-08-21,20,34.03,46,23.82,47.64,2025-08-21T09:00:00+08:00,2025-08-21T21:00:00+08:00,OPERATING,31.82,0.0,15.16,0,0,1,summer,2026-08-31T02:21:38.422656+00:00
2025-08-21,21,21.67,45,15.17,30.34,2025-08-21T09:00:00+08:00,2025-08-21T21:00:00+08:00,OPERATING,32.47,0.0,12.0,0,0,1,summer,2026-08-31T02:21:38.422656+00:00
2025-08-22,9,30.82,47,21.58,43.15,2025-08-22T09:00:00+08:00,2025-08-22T21:00:00+08:00,OPERATING,33.32,0.2,13.75,0,0,1,summer,2026-08-31T02:21:38.422656+00:00
2025-08-22,10,40.85,46,28.6,57.19,2025-08-22T09:00:00+08:00,2025-08-22T21:00:00+08:00,OPERATING,34.62,0.2,13.72,0,0,1,summer,2026-08-31T02:21:38.422656+00:00
2025-08-22,11,55.89,46,39.12,78.25,2025-08-22T09:00:00+08:00,2025-08-22T21:00:00+08:00,OPERATING,31.05,0.2,12.5,0,0,1,summer,2026-08-31T02:21:38.422656+00:00
2025-08-22,12,61.45,47,43.01,86.03,2025-08-22T09:00:00+08:00,2025-08-22T21:00:00+08:00,OPERATING,32.28,0.2,12.51,0,0,1,summer,2026-08-31T02:21:38.422656+00:00
2025-08-22,13,65.0,46,45.5,91.0,2025-08-22T09:00:00+08:00,2025-08-22T21:00:00+08:00,OPERATING,33.55,0.2,12.4,0,0,1,summer,2026-08-31T02:21:38.422656+00:00
2025-08-22,14,62.15,43,43.5,87.01,2025-08-22T09:00:00+08:00,2025-08-22T21:00:00+08:00,OPERATING,33.0,0.2,12.85,0,0,1,summer,2026-08-31T02:21:38.422656+00:00
2025-08-22,15,69.22,47,48.45,96.91,2025-08-22T09:00:00+08:00,2025-08-22T21:00:00+08:00,OPERATING,32.99,0.2,13.08,0,0,1,summer,2026-08-31T02:21:38.422656+00:00
2025-08-22,16,64.53,47,45.17,90.35,2025-08-22T09:00:00+08:00,2025-08-22T21:00:00+08:00,OPERATING,31.91,0.2,14.83,0,0,1,summer,2026-08-31T02:21:38.422656+00:00
2025-08-22,17,59.24,46,41.47,82.93,2025-08-22T09:00:00+08:00,2025-08-22T21:00:00+08:00,OPERATING,33.02,0.2,13.53,0,0,1,summer,2026-08-31T02:21:38.422656+00:00
2025-08-22,18,52.19,44,36.53,73.06,2025-08-22T09:00:00+08:00,2025-08-22T21:00:00+08:00,OPERATING,32.44,0.2,14.1,0,0,1,summer,2026-08-31T02:21:38.422656+00:00
2025-08-22,19,48.23,47,33.76,67.52,2025-08-22T09:00:00+08:00,2025-08-22T21:00:00+08:00,OPERATING,33.05,0.2,13.36,0,0,1,summer,2026-08-31T02:21:38.422656+00:00
2025-08-22,20,35.85,43,25.09,50.19,2025-08-22T09:00:00+08:00,2025-08-22T21:00:00+08:00,OPERATING,32.01,0.2,12.3,0,0,1,summer,2026-08-31T02:21:38.422656+00:00
2025-08-22,21,28.95,45,20.26,40.52,2025-08-22T09:00:00+08:00,2025-08-22T21:00:00+08:00,OPERATING,33.68,0.2,12.32,0,0,1,summer,2026-08-31T02:21:38.422656+00:00
2025-08-23,9,42.63,46,29.84,59.68,2025-08-23T09:00:00+08:00,2025-08-23T21:00:00+08:00,OPERATING,32.46,1.0,16.35,1,1,1,summer,2026-08-31T02:21:38.422656+00:00
2025-08-23,10,56.27,44,39.39,78.78,2025-08-23T09:00:00+08:00,2025-08-23T21:00:00+08:00,OPERATING,33.22,1.0,15.53,1,1,1,summer,2026-08-31T02:21:38.422656+00:00
2025-08-23,11,69.52,43,48.66,97.33,2025-08-23T09:00:00+08:00,2025-08-23T21:00:00+08:00,OPERATING,32.88,1.0,14.83,1,1,1,summer,2026-08-31T02:21:38.422656+00:00
2025-08-23,12,82.26,45,57.58,115.17,2025-08-23T09:00:00+08:00,2025-08-23T21:00:00+08:00,OPERATING,31.24,1.0,15.26,1,1,1,summer,2026-08-31T02:21:38.422656+00:00
2025-08-23,13,80.14,43,56.1,112.2,2025-08-23T09:00:00+08:00,2025-08-23T21:00:00+08:00,OPERATING,32.64,1.0,14.3,1,1,1,summer,2026-08-31T02:21:38.422656+00:00
2025-08-23,14,85.21,47,59.64,119.29,2025-08-23T09:00:00+08:00,2025-08-23T21:00:00+08:00,OPERATING,31.79,1.0,17.41,1,1,1,summer,2026-08-31T02:21:38.422656+00:00
2025-08-23,15,90.32,45,63.23,126.45,2025-08-23T09:00:00+08:00,2025-08-23T21:00:00+08:00,OPERATING,33.22,1.0,15.66,1,1,1,summer,2026-08-31T02:21:38.422656+00:00
2025-08-23,16,84.77,46,59.34,118.67,2025-08-23T09:00:00+08:00,2025-08-23T21:00:00+08:00,OPERATING,33.43,1.0,15.94,1,1,1,summer,2026-08-31T02:21:38.422656+00:00
2025-08-23,17,79.66,45,55.76,111.52,2025-08-23T09:00:00+08:00,2025-08-23T21:00:00+08:00,OPERATING,32.32,1.0,16.61,1,1,1,summer,2026-08-31T02:21:38.422656+00:00
2025-08-23,18,70.32,45,49.23,98.45,2025-08-23T09:00:00+08:00,2025-08-23T21:00:00+08:00,OPERATING,33.33,1.0,16.83,1,1,1,summer,2026-08-31T02:21:38.422656+00:00
2025-08-23,19,62.37,44,43.66,87.31,2025-08-23T09:00:00+08:00,2025-08-23T21:00:00+08:00,OPERATING,33.67,1.0,16.2,1,1,1,summer,2026-08-31T02:21:38.422656+00:00
2025-08-23,20,52.13,43,36.49,72.98,2025-08-23T09:00:00+08:00,2025-08-23T21:00:00+08:00,OPERATING,33.02,1.0,14.51,1,1,1,summer,2026-08-31T02:21:38.422656+00:00
2025-08-23,21,34.37,46,24.06,48.12,2025-08-23T09:00:00+08:00,2025-08-23T21:00:00+08:00,OPERATING,33.68,1.0,16.43,1,1,1,summer,2026-08-31T02:21:38.422656+00:00
2025-08-24,9,37.91,47,26.54,53.07,2025-08-24T09:00:00+08:00,2025-08-24T21:00:00+08:00,OPERATING,32.9,2.2,10.99,1,1,1,summer,2026-08-31T02:21:38.422656+00:00
2025-08-24,10,52.56,46,36.79,73.58,2025-08-24T09:00:00+08:00,2025-08-24T21:00:00+08:00,OPERATING,31.86,2.2,11.78,1,1,1,summer,2026-08-31T02:21:38.422656+00:00
2025-08-24,11,62.14,47,43.5,87.0,2025-08-24T09:00:00+08:00,2025-08-24T21:00:00+08:00,OPERATING,34.35,2.2,10.79,1,1,1,summer,2026-08-31T02:21:38.422656+00:00
2025-08-24,12,66.22,44,46.35,92.7,2025-08-24T09:00:00+08:00,2025-08-24T21:00:00+08:00,OPERATING,34.11,2.2,12.09,1,1,1,summer,2026-08-31T02:21:38.422656+00:00
2025-08-24,13,74.11,43,51.87,103.75,2025-08-24T09:00:00+08:00,2025-08-24T21:00:00+08:00,OPERATING,33.33,2.2,12.79,1,1,1,summer,2026-08-31T02:21:38.422656+00:00
2025-08-24,14,76.71,44,53.7,107.39,2025-08-24T09:00:00+08:00,2025-08-24T21:00:00+08:00,OPERATING,33.79,2.2,11.31,1,1,1,summer,2026-08-31T02:21:38.422656+00:00
2025-08-24,15,83.58,46,58.51,117.01,2025-08-24T09:00:00+08:00,2025-08-24T21:00:00+08:00,OPERATING,34.27,2.2,9.77,1,1,1,summer,2026-08-31T02:21:38.422656+00:00
2025-08-24,16,77.12,44,53.98,107.97,2025-08-24T09:00:00+08:00,2025-08-24T21:00:00+08:00,OPERATING,33.59,2.2,12.96,1,1,1,summer,2026-08-31T02:21:38.422656+00:00
2025-08-24,17,71.69,44,50.18,100.36,2025-08-24T09:00:00+08:00,2025-08-24T21:00:00+08:00,OPERATING,34.13,2.2,10.29,1,1,1,summer,2026-08-31T02:21:38.422656+00:00
2025-08-24,18,65.66,46,45.96,91.92,2025-08-24T09:00:00+08:00,2025-08-24T21:00:00+08:00,OPERATING,32.36,2.2,11.24,1,1,1,summer,2026-08-31T02:21:38.422656+00:00
2025-08-24,19,57.96,46,40.57,81.15,2025-08-24T09:00:00+08:00,2025-08-24T21:00:00+08:00,OPERATING,34.0,2.2,12.05,1,1,1,summer,2026-08-31T02:21:38.422656+00:00
2025-08-24,20,45.39,43,31.77,63.54,2025-08-24T09:00:00+08:00,2025-08-24T21:00:00+08:00,OPERATING,33.64,2.2,12.11,1,1,1,summer,2026-08-31T02:21:38.422656+00:00
2025-08-24,21,32.38,47,22.67,45.34,2025-08-24T09:00:00+08:00,2025-08-24T21:00:00+08:00,OPERATING,32.04,2.2,11.48,1,1,1,summer,2026-08-31T02:21:38.422656+00:00
2025-08-25,9,23.17,44,16.22,32.44,2025-08-25T09:00:00+08:00,2025-08-25T21:00:00+08:00,OPERATING,33.54,2.4,11.82,0,0,1,summer,2026-08-31T02:21:38.422656+00:00
2025-08-25,10,31.88,43,22.32,44.63,2025-08-25T09:00:00+08:00,2025-08-25T21:00:00+08:00,OPERATING,32.6,2.4,12.78,0,0,1,summer,2026-08-31T02:21:38.422656+00:00
2025-08-25,11,45.58,46,31.91,63.81,2025-08-25T09:00:00+08:00,2025-08-25T21:00:00+08:00,OPERATING,32.69,2.4,13.65,0,0,1,summer,2026-08-31T02:21:38.422656+00:00
2025-08-25,12,44.86,44,31.4,62.8,2025-08-25T09:00:00+08:00,2025-08-25T21:00:00+08:00,OPERATING,33.14,2.4,13.89,0,0,1,summer,2026-08-31T02:21:38.422656+00:00
2025-08-25,13,49.94,44,34.96,69.92,2025-08-25T09:00:00+08:00,2025-08-25T21:00:00+08:00,OPERATING,32.46,2.4,13.01,0,0,1,summer,2026-08-31T02:21:38.422656+00:00
2025-08-25,14,51.21,43,35.85,71.69,2025-08-25T09:00:00+08:00,2025-08-25T21:00:00+08:00,OPERATING,30.56,2.4,13.35,0,0,1,summer,2026-08-31T02:21:38.422656+00:00
2025-08-25,15,50.04,45,35.03,70.06,2025-08-25T09:00:00+08:00,2025-08-25T21:00:00+08:00,OPERATING,33.19,2.4,13.28,0,0,1,summer,2026-08-31T02:21:38.422656+00:00
2025-08-25,16,52.24,45,36.57,73.14,2025-08-25T09:00:00+08:00,2025-08-25T21:00:00+08:00,OPERATING,32.73,2.4,11.23,0,0,1,summer,2026-08-31T02:21:38.422656+00:00
2025-08-25,17,44.6,44,31.22,62.44,2025-08-25T09:00:00+08:00,2025-08-25T21:00:00+08:00,OPERATING,31.64,2.4,11.97,0,0,1,summer,2026-08-31T02:21:38.422656+00:00
2025-08-25,18,44.42,45,31.09,62.18,2025-08-25T09:00:00+08:00,2025-08-25T21:00:00+08:00,OPERATING,32.25,2.4,13.71,0,0,1,summer,2026-08-31T02:21:38.422656+00:00
2025-08-25,19,37.51,45,26.26,52.51,2025-08-25T09:00:00+08:00,2025-08-25T21:00:00+08:00,OPERATING,32.86,2.4,14.4,0,0,1,summer,2026-08-31T02:21:38.422656+00:00
2025-08-25,20,30.04,45,21.02,42.05,2025-08-25T09:00:00+08:00,2025-08-25T21:00:00+08:00,OPERATING,31.13,2.4,12.19,0,0,1,summer,2026-08-31T02:21:38.422656+00:00
2025-08-25,21,20.67,45,14.47,28.93,2025-08-25T09:00:00+08:00,2025-08-25T21:00:00+08:00,OPERATING,33.14,2.4,14.02,0,0,1,summer,2026-08-31T02:21:38.422656+00:00
2025-08-26,9,22.06,43,15.44,30.88,2025-08-26T09:00:00+08:00,2025-08-26T21:00:00+08:00,OPERATING,31.32,8.7,8.0,0,0,1,summer,2026-08-31T02:21:38.422656+00:00
2025-08-26,10,29.65,43,20.76,41.51,2025-08-26T09:00:00+08:00,2025-08-26T21:00:00+08:00,OPERATING,31.21,8.7,9.47,0,0,1,summer,2026-08-31T02:21:38.422656+00:00
2025-08-26,11,40.03,46,28.02,56.04,2025-08-26T09:00:00+08:00,2025-08-26T21:00:00+08:00,OPERATING,28.92,8.7,8.89,0,0,1,summer,2026-08-31T02:21:38.422656+00:00
2025-08-26,12,43.9,45,30.73,61.46,2025-08-26T09:00:00+08:00,2025-08-26T21:00:00+08:00,OPERATING,28.64,8.7,7.48,0,0,1,summer,2026-08-31T02:21:38.422656+00:00
2025-08-26,13,37.06,45,30.52,61.04,2025-08-26T09:00:00+08:00,2025-08-26T21:00:00+08:00,OPERATING,29.46,8.7,8.65,0,0,1,summer,2026-08-31T02:21:38.422656+00:00
2025-08-26,14,35.77,43,29.46,58.92,2025-08-26T09:00:00+08:00,2025-08-26T21:00:00+08:00,OPERATING,29.59,8.7,9.13,0,0,1,summer,2026-08-31T02:21:38.422656+00:00
2025-08-26,15,42.34,44,34.87,69.73,2025-08-26T09:00:00+08:00,2025-08-26T21:00:00+08:00,OPERATING,27.96,8.7,8.79,0,0,1,summer,2026-08-31T02:21:38.422656+00:00
2025-08-26,16,38.68,45,31.86,63.71,2025-08-26T09:00:00+08:00,2025-08-26T21:00:00+08:00,OPERATING,28.59,8.7,10.1,0,0,1,summer,2026-08-31T02:21:38.422656+00:00
2025-08-26,17,41.06,46,28.74,57.49,2025-08-26T09:00:00+08:00,2025-08-26T21:00:00+08:00,OPERATING,30.74,8.7,9.48,0,0,1,summer,2026-08-31T02:21:38.422656+00:00
2025-08-26,18,37.37,45,26.16,52.32,2025-08-26T09:00:00+08:00,2025-08-26T21:00:00+08:00,OPERATING,28.94,8.7,10.25,0,0,1,summer,2026-08-31T02:21:38.422656+00:00
2025-08-26,19,35.45,46,24.81,49.63,2025-08-26T09:00:00+08:00,2025-08-26T21:00:00+08:00,OPERATING,29.33,8.7,7.74,0,0,1,summer,2026-08-31T02:21:38.422656+00:00
2025-08-26,20,31.22,46,21.85,43.71,2025-08-26T09:00:00+08:00,2025-08-26T21:00:00+08:00,OPERATING,29.58,8.7,9.09,0,0,1,summer,2026-08-31T02:21:38.422656+00:00
2025-08-26,21,20.34,45,14.24,28.47,2025-08-26T09:00:00+08:00,2025-08-26T21:00:00+08:00,OPERATING,30.27,8.7,9.7,0,0,1,summer,2026-08-31T02:21:38.422656+00:00
2025-08-27,9,23.39,47,16.38,32.75,2025-08-27T09:00:00+08:00,2025-08-27T21:00:00+08:00,OPERATING,29.29,0.0,14.26,0,0,1,summer,2026-08-31T02:21:38.422656+00:00
2025-08-27,10,35.13,47,24.59,49.18,2025-08-27T09:00:00+08:00,2025-08-27T21:00:00+08:00,OPERATING,28.99,0.0,15.1,0,0,1,summer,2026-08-31T02:21:38.422656+00:00
2025-08-27,11,41.58,45,29.11,58.21,2025-08-27T09:00:00+08:00,2025-08-27T21:00:00+08:00,OPERATING,29.25,0.0,14.9,0,0,1,summer,2026-08-31T02:21:38.422656+00:00
2025-08-27,12,52.21,45,36.54,73.09,2025-08-27T09:00:00+08:00,2025-08-27T21:00:00+08:00,OPERATING,30.38,0.0,14.02,0,0,1,summer,2026-08-31T02:21:38.422656+00:00
2025-08-27,13,48.13,46,33.69,67.38,2025-08-27T09:00:00+08:00,2025-08-27T21:00:00+08:00,OPERATING,30.3,0.0,15.14,0,0,1,summer,2026-08-31T02:21:38.422656+00:00
2025-08-27,14,49.47,46,34.63,69.25,2025-08-27T09:00:00+08:00,2025-08-27T21:00:00+08:00,OPERATING,29.57,0.0,12.36,0,0,1,summer,2026-08-31T02:21:38.422656+00:00
2025-08-27,15,51.63,44,36.14,72.28,2025-08-27T09:00:00+08:00,2025-08-27T21:00:00+08:00,OPERATING,30.04,0.0,14.13,0,0,1,summer,2026-08-31T02:21:38.422656+00:00
2025-08-27,16,47.79,46,33.45,66.9,2025-08-27T09:00:00+08:00,2025-08-27T21:00:00+08:00,OPERATING,29.5,0.0,13.15,0,0,1,summer,2026-08-31T02:21:38.422656+00:00
2025-08-27,17,48.09,45,33.66,67.32,2025-08-27T09:00:00+08:00,2025-08-27T21:00:00+08:00,OPERATING,29.97,0.0,15.69,0,0,1,summer,2026-08-31T02:21:38.422656+00:00
2025-08-27,18,41.78,44,29.25,58.5,2025-08-27T09:00:00+08:00,2025-08-27T21:00:00+08:00,OPERATING,28.75,0.0,15.35,0,0,1,summer,2026-08-31T02:21:38.422656+00:00
2025-08-27,19,36.24,43,25.37,50.74,2025-08-27T09:00:00+08:00,2025-08-27T21:00:00+08:00,OPERATING,29.17,0.0,15.76,0,0,1,summer,2026-08-31T02:21:38.422656+00:00
2025-08-27,20,28.83,47,20.18,40.37,2025-08-27T09:00:00+08:00,2025-08-27T21:00:00+08:00,OPERATING,29.24,0.0,15.01,0,0,1,summer,2026-08-31T02:21:38.422656+00:00
2025-08-27,21,22.34,47,15.64,31.28,2025-08-27T09:00:00+08:00,2025-08-27T21:00:00+08:00,OPERATING,29.43,0.0,14.48,0,0,1,summer,2026-08-31T02:21:38.422656+00:00
2025-08-28,9,29.1,45,20.37,40.74,2025-08-28T09:00:00+08:00,2025-08-28T21:00:00+08:00,OPERATING,29.8,0.0,14.83,0,0,1,summer,2026-08-31T02:21:38.422656+00:00
2025-08-28,10,36.7,43,25.69,51.38,2025-08-28T09:00:00+08:00,2025-08-28T21:00:00+08:00,OPERATING,30.9,0.0,17.5,0,0,1,summer,2026-08-31T02:21:38.422656+00:00
2025-08-28,11,48.64,46,34.05,68.1,2025-08-28T09:00:00+08:00,2025-08-28T21:00:00+08:00,OPERATING,28.71,0.0,16.47,0,0,1,summer,2026-08-31T02:21:38.422656+00:00
2025-08-28,12,54.22,43,37.95,75.91,2025-08-28T09:00:00+08:00,2025-08-28T21:00:00+08:00,OPERATING,29.38,0.0,15.86,0,0,1,summer,2026-08-31T02:21:38.422656+00:00
2025-08-28,13,54.53,45,38.17,76.34,2025-08-28T09:00:00+08:00,2025-08-28T21:00:00+08:00,OPERATING,30.85,0.0,17.4,0,0,1,summer,2026-08-31T02:21:38.422656+00:00
2025-08-28,14,58.14,46,40.7,81.4,2025-08-28T09:00:00+08:00,2025-08-28T21:00:00+08:00,OPERATING,30.2,0.0,15.14,0,0,1,summer,2026-08-31T02:21:38.422656+00:00
2025-08-28,15,62.57,44,43.8,87.59,2025-08-28T09:00:00+08:00,2025-08-28T21:00:00+08:00,OPERATING,29.48,0.0,15.06,0,0,1,summer,2026-08-31T02:21:38.422656+00:00
2025-08-28,16,60.75,46,42.52,85.04,2025-08-28T09:00:00+08:00,2025-08-28T21:00:00+08:00,OPERATING,30.25,0.0,15.15,0,0,1,summer,2026-08-31T02:21:38.422656+00:00
2025-08-28,17,51.07,45,35.75,71.5,2025-08-28T09:00:00+08:00,2025-08-28T21:00:00+08:00,OPERATING,29.7,0.0,15.77,0,0,1,summer,2026-08-31T02:21:38.422656+00:00
2025-08-28,18,47.95,44,33.56,67.12,2025-08-28T09:00:00+08:00,2025-08-28T21:00:00+08:00,OPERATING,28.91,0.0,14.59,0,0,1,summer,2026-08-31T02:21:38.422656+00:00
2025-08-28,19,43.96,47,30.77,61.54,2025-08-28T09:00:00+08:00,2025-08-28T21:00:00+08:00,OPERATING,29.31,0.0,15.91,0,0,1,summer,2026-08-31T02:21:38.422656+00:00
2025-08-28,20,37.6,43,26.32,52.64,2025-08-28T09:00:00+08:00,2025-08-28T21:00:00+08:00,OPERATING,28.3,0.0,17.46,0,0,1,summer,2026-08-31T02:21:38.422656+00:00
2025-08-28,21,26.53,44,18.57,37.15,2025-08-28T09:00:00+08:00,2025-08-28T21:00:00+08:00,OPERATING,30.22,0.0,15.37,0,0,1,summer,2026-08-31T02:21:38.422656+00:00
2025-08-29,9,30.89,43,21.62,43.25,2025-08-29T09:00:00+08:00,2025-08-29T21:00:00+08:00,OPERATING,30.67,0.0,16.19,0,0,1,summer,2026-08-31T02:21:38.422656+00:00
2025-08-29,10,43.81,44,30.67,61.33,2025-08-29T09:00:00+08:00,2025-08-29T21:00:00+08:00,OPERATING,29.9,0.0,16.84,0,0,1,summer,2026-08-31T02:21:38.422656+00:00
2025-08-29,11,51.98,44,36.39,72.78,2025-08-29T09:00:00+08:00,2025-08-29T21:00:00+08:00,OPERATING,29.38,0.0,16.48,0,0,1,summer,2026-08-31T02:21:38.422656+00:00
2025-08-29,12,50.77,43,35.54,71.08,2025-08-29T09:00:00+08:00,2025-08-29T21:00:00+08:00,OPERATING,29.56,0.0,17.12,0,0,1,summer,2026-08-31T02:21:38.422656+00:00
2025-08-29,13,60.13,47,42.09,84.19,2025-08-29T09:00:00+08:00,2025-08-29T21:00:00+08:00,OPERATING,30.25,0.0,17.09,0,0,1,summer,2026-08-31T02:21:38.422656+00:00
2025-08-29,14,61.31,43,42.92,85.84,2025-08-29T09:00:00+08:00,2025-08-29T21:00:00+08:00,OPERATING,30.27,0.0,16.78,0,0,1,summer,2026-08-31T02:21:38.422656+00:00
2025-08-29,15,66.62,47,46.63,93.27,2025-08-29T09:00:00+08:00,2025-08-29T21:00:00+08:00,OPERATING,30.88,0.0,15.98,0,0,1,summer,2026-08-31T02:21:38.422656+00:00
2025-08-29,16,64.34,44,45.04,90.07,2025-08-29T09:00:00+08:00,2025-08-29T21:00:00+08:00,OPERATING,31.75,0.0,17.8,0,0,1,summer,2026-08-31T02:21:38.422656+00:00
2025-08-29,17,59.31,44,41.52,83.04,2025-08-29T09:00:00+08:00,2025-08-29T21:00:00+08:00,OPERATING,30.97,0.0,15.7,0,0,1,summer,2026-08-31T02:21:38.422656+00:00
2025-08-29,18,49.92,44,34.95,69.89,2025-08-29T09:00:00+08:00,2025-08-29T21:00:00+08:00,OPERATING,30.64,0.0,17.72,0,0,1,summer,2026-08-31T02:21:38.422656+00:00
2025-08-29,19,45.29,43,31.71,63.41,2025-08-29T09:00:00+08:00,2025-08-29T21:00:00+08:00,OPERATING,30.2,0.0,16.4,0,0,1,summer,2026-08-31T02:21:38.422656+00:00
2025-08-29,20,37.71,45,26.39,52.79,2025-08-29T09:00:00+08:00,2025-08-29T21:00:00+08:00,OPERATING,29.74,0.0,16.15,0,0,1,summer,2026-08-31T02:21:38.422656+00:00
2025-08-29,21,27.18,47,19.02,38.05,2025-08-29T09:00:00+08:00,2025-08-29T21:00:00+08:00,OPERATING,29.07,0.0,16.58,0,0,1,summer,2026-08-31T02:21:38.422656+00:00
2025-08-30,9,47.25,46,33.08,66.16,2025-08-30T09:00:00+08:00,2025-08-30T21:00:00+08:00,OPERATING,29.47,0.3,16.56,1,1,1,summer,2026-08-31T02:21:38.422656+00:00
2025-08-30,10,62.24,43,43.57,87.14,2025-08-30T09:00:00+08:00,2025-08-30T21:00:00+08:00,OPERATING,31.04,0.3,17.51,1,1,1,summer,2026-08-31T02:21:38.422656+00:00
2025-08-30,11,74.45,44,52.12,104.23,2025-08-30T09:00:00+08:00,2025-08-30T21:00:00+08:00,OPERATING,31.07,0.3,17.72,1,1,1,summer,2026-08-31T02:21:38.422656+00:00
2025-08-30,12,84.23,46,58.96,117.92,2025-08-30T09:00:00+08:00,2025-08-30T21:00:00+08:00,OPERATING,30.45,0.3,17.48,1,1,1,summer,2026-08-31T02:21:38.422656+00:00
2025-08-30,13,87.7,47,61.39,122.78,2025-08-30T09:00:00+08:00,2025-08-30T21:00:00+08:00,OPERATING,31.62,0.3,15.01,1,1,1,summer,2026-08-31T02:21:38.422656+00:00
2025-08-30,14,93.76,47,65.63,131.26,2025-08-30T09:00:00+08:00,2025-08-30T21:00:00+08:00,OPERATING,29.71,0.3,15.5,1,1,1,summer,2026-08-31T02:21:38.422656+00:00
2025-08-30,15,99.11,43,69.38,138.75,2025-08-30T09:00:00+08:00,2025-08-30T21:00:00+08:00,OPERATING,30.68,0.3,16.59,1,1,1,summer,2026-08-31T02:21:38.422656+00:00
2025-08-30,16,92.44,47,64.71,129.41,2025-08-30T09:00:00+08:00,2025-08-30T21:00:00+08:00,OPERATING,30.08,0.3,18.86,1,1,1,summer,2026-08-31T02:21:38.422656+00:00
2025-08-30,17,84.83,45,59.38,118.76,2025-08-30T09:00:00+08:00,2025-08-30T21:00:00+08:00,OPERATING,30.56,0.3,15.83,1,1,1,summer,2026-08-31T02:21:38.422656+00:00
2025-08-30,18,77.35,43,54.15,108.3,2025-08-30T09:00:00+08:00,2025-08-30T21:00:00+08:00,OPERATING,29.59,0.3,15.03,1,1,1,summer,2026-08-31T02:21:38.422656+00:00
2025-08-30,19,67.45,46,47.21,94.43,2025-08-30T09:00:00+08:00,2025-08-30T21:00:00+08:00,OPERATING,31.66,0.3,17.84,1,1,1,summer,2026-08-31T02:21:38.422656+00:00
2025-08-30,20,53.52,44,37.46,74.93,2025-08-30T09:00:00+08:00,2025-08-30T21:00:00+08:00,OPERATING,29.63,0.3,15.47,1,1,1,summer,2026-08-31T02:21:38.422656+00:00
2025-08-30,21,38.9,44,27.23,54.46,2025-08-30T09:00:00+08:00,2025-08-30T21:00:00+08:00,OPERATING,30.86,0.3,18.38,1,1,1,summer,2026-08-31T02:21:38.422656+00:00
2025-08-31,9,36.1,44,25.27,50.54,2025-08-31T09:00:00+08:00,2025-08-31T21:00:00+08:00,OPERATING,29.33,6.2,9.1,1,1,1,summer,2026-08-31T02:21:38.422656+00:00
2025-08-31,10,48.87,44,34.21,68.42,2025-08-31T09:00:00+08:00,2025-08-31T21:00:00+08:00,OPERATING,32.02,6.2,11.16,1,1,1,summer,2026-08-31T02:21:38.422656+00:00
2025-08-31,11,61.81,45,43.27,86.54,2025-08-31T09:00:00+08:00,2025-08-31T21:00:00+08:00,OPERATING,30.51,6.2,8.54,1,1,1,summer,2026-08-31T02:21:38.422656+00:00
2025-08-31,12,67.8,45,47.46,94.92,2025-08-31T09:00:00+08:00,2025-08-31T21:00:00+08:00,OPERATING,29.86,6.2,11.07,1,1,1,summer,2026-08-31T02:21:38.422656+00:00
2025-08-31,13,61.28,43,50.46,100.93,2025-08-31T09:00:00+08:00,2025-08-31T21:00:00+08:00,OPERATING,30.28,6.2,11.38,1,1,1,summer,2026-08-31T02:21:38.422656+00:00
2025-08-31,14,63.04,44,51.91,103.82,2025-08-31T09:00:00+08:00,2025-08-31T21:00:00+08:00,OPERATING,29.89,6.2,9.27,1,1,1,summer,2026-08-31T02:21:38.422656+00:00
2025-08-31,15,69.73,43,57.42,114.85,2025-08-31T09:00:00+08:00,2025-08-31T21:00:00+08:00,OPERATING,29.52,6.2,9.83,1,1,1,summer,2026-08-31T02:21:38.422656+00:00
2025-08-31,16,66.16,43,54.48,108.97,2025-08-31T09:00:00+08:00,2025-08-31T21:00:00+08:00,OPERATING,31.51,6.2,10.24,1,1,1,summer,2026-08-31T02:21:38.422656+00:00
2025-08-31,17,73.38,45,51.37,102.73,2025-08-31T09:00:00+08:00,2025-08-31T21:00:00+08:00,OPERATING,30.11,6.2,9.9,1,1,1,summer,2026-08-31T02:21:38.422656+00:00
2025-08-31,18,62.59,45,43.82,87.63,2025-08-31T09:00:00+08:00,2025-08-31T21:00:00+08:00,OPERATING,30.27,6.2,10.42,1,1,1,summer,2026-08-31T02:21:38.422656+00:00
2025-08-31,19,56.29,43,39.4,78.8,2025-08-31T09:00:00+08:00,2025-08-31T21:00:00+08:00,OPERATING,28.28,6.2,11.44,1,1,1,summer,2026-08-31T02:21:38.422656+00:00
2025-08-31,20,44.93,43,31.45,62.9,2025-08-31T09:00:00+08:00,2025-08-31T21:00:00+08:00,OPERATING,28.45,6.2,11.1,1,1,1,summer,2026-08-31T02:21:38.422656+00:00
2025-08-31,21,33.88,43,23.72,47.43,2025-08-31T09:00:00+08:00,2025-08-31T21:00:00+08:00,OPERATING,30.64,6.2,9.47,1,1,1,summer,2026-08-31T02:21:38.422656+00:00
2025-09-01,9,15.49,45,10.84,21.69,2025-09-01T09:00:00+08:00,2025-09-01T21:00:00+08:00,OPERATING,28.48,8.4,11.1,0,0,0,,2026-08-31T02:21:38.422656+00:00
2025-09-01,10,18.25,46,12.77,25.54,2025-09-01T09:00:00+08:00,2025-09-01T21:00:00+08:00,OPERATING,28.71,8.4,9.9,0,0,0,,2026-08-31T02:21:38.422656+00:00
2025-09-01,11,25.4,47,17.78,35.55,2025-09-01T09:00:00+08:00,2025-09-01T21:00:00+08:00,OPERATING,28.92,8.4,10.75,0,0,0,,2026-08-31T02:21:38.422656+00:00
2025-09-01,12,23.55,45,16.48,32.97,2025-09-01T09:00:00+08:00,2025-09-01T21:00:00+08:00,OPERATING,29.36,8.4,11.69,0,0,0,,2026-08-31T02:21:38.422656+00:00
2025-09-01,13,21.23,46,17.48,34.97,2025-09-01T09:00:00+08:00,2025-09-01T21:00:00+08:00,OPERATING,28.85,8.4,12.13,0,0,0,,2026-08-31T02:21:38.422656+00:00
2025-09-01,14,25.66,47,21.13,42.26,2025-09-01T09:00:00+08:00,2025-09-01T21:00:00+08:00,OPERATING,28.21,8.4,10.9,0,0,0,,2026-08-31T02:21:38.422656+00:00
2025-09-01,15,26.84,44,22.11,44.21,2025-09-01T09:00:00+08:00,2025-09-01T21:00:00+08:00,OPERATING,28.38,8.4,12.24,0,0,0,,2026-08-31T02:21:38.422656+00:00
2025-09-01,16,22.24,46,18.32,36.64,2025-09-01T09:00:00+08:00,2025-09-01T21:00:00+08:00,OPERATING,27.8,8.4,12.77,0,0,0,,2026-08-31T02:21:38.422656+00:00
2025-09-01,17,25.14,46,17.6,35.19,2025-09-01T09:00:00+08:00,2025-09-01T21:00:00+08:00,OPERATING,29.13,8.4,13.25,0,0,0,,2026-08-31T02:21:38.422656+00:00
2025-09-01,18,22.31,45,15.62,31.24,2025-09-01T09:00:00+08:00,2025-09-01T21:00:00+08:00,OPERATING,28.54,8.4,12.42,0,0,0,,2026-08-31T02:21:38.422656+00:00
2025-09-01,19,20.95,47,14.67,29.33,2025-09-01T09:00:00+08:00,2025-09-01T21:00:00+08:00,OPERATING,28.96,8.4,10.8,0,0,0,,2026-08-31T02:21:38.422656+00:00
2025-09-01,20,18.54,45,12.98,25.96,2025-09-01T09:00:00+08:00,2025-09-01T21:00:00+08:00,OPERATING,27.97,8.4,11.13,0,0,0,,2026-08-31T02:21:38.422656+00:00
2025-09-01,21,9.61,45,6.73,13.46,2025-09-01T09:00:00+08:00,2025-09-01T21:00:00+08:00,OPERATING,28.54,8.4,13.25,0,0,0,,2026-08-31T02:21:38.422656+00:00
2025-09-02,9,19.95,47,13.97,27.93,2025-09-02T09:00:00+08:00,2025-09-02T21:00:00+08:00,OPERATING,27.38,5.9,5.19,0,0,0,,2026-08-31T02:21:38.422656+00:00
2025-09-02,10,23.69,45,16.58,33.17,2025-09-02T09:00:00+08:00,2025-09-02T21:00:00+08:00,OPERATING,28.5,5.9,7.33,0,0,0,,2026-08-31T02:21:38.422656+00:00
2025-09-02,11,28.83,47,20.18,40.37,2025-09-02T09:00:00+08:00,2025-09-02T21:00:00+08:00,OPERATING,27.13,5.9,8.48,0,0,0,,2026-08-31T02:21:38.422656+00:00
2025-09-02,12,28.05,43,19.64,39.27,2025-09-02T09:00:00+08:00,2025-09-02T21:00:00+08:00,OPERATING,28.36,5.9,6.3,0,0,0,,2026-08-31T02:21:38.422656+00:00
2025-09-02,13,29.47,43,24.27,48.54,2025-09-02T09:00:00+08:00,2025-09-02T21:00:00+08:00,OPERATING,27.07,5.9,5.66,0,0,0,,2026-08-31T02:21:38.422656+00:00
2025-09-02,14,30.46,43,25.08,50.16,2025-09-02T09:00:00+08:00,2025-09-02T21:00:00+08:00,OPERATING,28.54,5.9,6.43,0,0,0,,2026-08-31T02:21:38.422656+00:00
2025-09-02,15,29.68,44,24.44,48.88,2025-09-02T09:00:00+08:00,2025-09-02T21:00:00+08:00,OPERATING,29.67,5.9,6.42,0,0,0,,2026-08-31T02:21:38.422656+00:00
2025-09-02,16,30.5,43,25.12,50.24,2025-09-02T09:00:00+08:00,2025-09-02T21:00:00+08:00,OPERATING,27.31,5.9,8.88,0,0,0,,2026-08-31T02:21:38.422656+00:00
2025-09-02,17,35.48,43,24.83,49.67,2025-09-02T09:00:00+08:00,2025-09-02T21:00:00+08:00,OPERATING,26.95,5.9,8.33,0,0,0,,2026-08-31T02:21:38.422656+00:00
2025-09-02,18,30.32,45,21.22,42.45,2025-09-02T09:00:00+08:00,2025-09-02T21:00:00+08:00,OPERATING,28.07,5.9,6.16,0,0,0,,2026-08-31T02:21:38.422656+00:00
2025-09-02,19,31.68,46,22.18,44.36,2025-09-02T09:00:00+08:00,2025-09-02T21:00:00+08:00,OPERATING,27.34,5.9,6.59,0,0,0,,2026-08-31T02:21:38.422656+00:00
2025-09-02,20,24.14,43,16.9,33.8,2025-09-02T09:00:00+08:00,2025-09-02T21:00:00+08:00,OPERATING,28.07,5.9,8.94,0,0,0,,2026-08-31T02:21:38.422656+00:00
2025-09-02,21,16.48,44,11.54,23.08,2025-09-02T09:00:00+08:00,2025-09-02T21:00:00+08:00,OPERATING,28.05,5.9,7.8,0,0,0,,2026-08-31T02:21:38.422656+00:00
2025-09-03,9,14.48,47,10.14,20.28,2025-09-03T09:00:00+08:00,2025-09-03T21:00:00+08:00,OPERATING,30.1,2.2,10.27,0,0,0,,2026-08-31T02:21:38.422656+00:00
2025-09-03,10,27.0,46,18.9,37.8,2025-09-03T09:00:00+08:00,2025-09-03T21:00:00+08:00,OPERATING,28.28,2.2,11.02,0,0,0,,2026-08-31T02:21:38.422656+00:00
2025-09-03,11,30.06,44,21.04,42.08,2025-09-03T09:00:00+08:00,2025-09-03T21:00:00+08:00,OPERATING,27.59,2.2,9.65,0,0,0,,2026-08-31T02:21:38.422656+00:00
2025-09-03,12,34.78,47,24.35,48.69,2025-09-03T09:00:00+08:00,2025-09-03T21:00:00+08:00,OPERATING,28.52,2.2,11.3,0,0,0,,2026-08-31T02:21:38.422656+00:00
2025-09-03,13,39.34,44,27.54,55.08,2025-09-03T09:00:00+08:00,2025-09-03T21:00:00+08:00,OPERATING,28.94,2.2,10.22,0,0,0,,2026-08-31T02:21:38.422656+00:00
2025-09-03,14,38.74,47,27.12,54.24,2025-09-03T09:00:00+08:00,2025-09-03T21:00:00+08:00,OPERATING,28.17,2.2,11.11,0,0,0,,2026-08-31T02:21:38.422656+00:00
2025-09-03,15,40.95,47,28.66,57.33,2025-09-03T09:00:00+08:00,2025-09-03T21:00:00+08:00,OPERATING,28.74,2.2,10.32,0,0,0,,2026-08-31T02:21:38.422656+00:00
2025-09-03,16,36.11,46,25.28,50.55,2025-09-03T09:00:00+08:00,2025-09-03T21:00:00+08:00,OPERATING,27.09,2.2,10.74,0,0,0,,2026-08-31T02:21:38.422656+00:00
2025-09-03,17,36.54,44,25.58,51.16,2025-09-03T09:00:00+08:00,2025-09-03T21:00:00+08:00,OPERATING,29.17,2.2,10.58,0,0,0,,2026-08-31T02:21:38.422656+00:00
2025-09-03,18,33.43,45,23.4,46.81,2025-09-03T09:00:00+08:00,2025-09-03T21:00:00+08:00,OPERATING,29.93,2.2,11.55,0,0,0,,2026-08-31T02:21:38.422656+00:00
2025-09-03,19,30.22,44,21.15,42.3,2025-09-03T09:00:00+08:00,2025-09-03T21:00:00+08:00,OPERATING,28.99,2.2,9.65,0,0,0,,2026-08-31T02:21:38.422656+00:00
2025-09-03,20,24.17,44,16.92,33.84,2025-09-03T09:00:00+08:00,2025-09-03T21:00:00+08:00,OPERATING,28.89,2.2,11.79,0,0,0,,2026-08-31T02:21:38.422656+00:00
2025-09-03,21,18.35,45,12.84,25.68,2025-09-03T09:00:00+08:00,2025-09-03T21:00:00+08:00,OPERATING,28.08,2.2,9.8,0,0,0,,2026-08-31T02:21:38.422656+00:00
2025-09-04,9,16.71,43,11.7,23.39,2025-09-04T09:00:00+08:00,2025-09-04T21:00:00+08:00,OPERATING,28.04,3.0,11.03,0,0,0,,2026-08-31T02:21:38.422656+00:00
2025-09-04,10,20.86,44,14.6,29.2,2025-09-04T09:00:00+08:00,2025-09-04T21:00:00+08:00,OPERATING,28.5,3.0,10.93,0,0,0,,2026-08-31T02:21:38.422656+00:00
2025-09-04,11,33.38,47,23.36,46.73,2025-09-04T09:00:00+08:00,2025-09-04T21:00:00+08:00,OPERATING,27.19,3.0,10.76,0,0,0,,2026-08-31T02:21:38.422656+00:00
2025-09-04,12,36.54,44,25.58,51.16,2025-09-04T09:00:00+08:00,2025-09-04T21:00:00+08:00,OPERATING,29.12,3.0,10.52,0,0,0,,2026-08-31T02:21:38.422656+00:00
2025-09-04,13,38.86,47,27.2,54.41,2025-09-04T09:00:00+08:00,2025-09-04T21:00:00+08:00,OPERATING,27.62,3.0,9.34,0,0,0,,2026-08-31T02:21:38.422656+00:00
2025-09-04,14,37.46,47,26.22,52.44,2025-09-04T09:00:00+08:00,2025-09-04T21:00:00+08:00,OPERATING,29.26,3.0,11.08,0,0,0,,2026-08-31T02:21:38.422656+00:00
2025-09-04,15,39.85,44,27.89,55.78,2025-09-04T09:00:00+08:00,2025-09-04T21:00:00+08:00,OPERATING,28.44,3.0,11.06,0,0,0,,2026-08-31T02:21:38.422656+00:00
2025-09-04,16,34.03,47,23.82,47.65,2025-09-04T09:00:00+08:00,2025-09-04T21:00:00+08:00,OPERATING,29.07,3.0,10.66,0,0,0,,2026-08-31T02:21:38.422656+00:00
2025-09-04,17,33.49,46,23.44,46.89,2025-09-04T09:00:00+08:00,2025-09-04T21:00:00+08:00,OPERATING,28.2,3.0,9.18,0,0,0,,2026-08-31T02:21:38.422656+00:00
2025-09-04,18,29.76,44,20.84,41.67,2025-09-04T09:00:00+08:00,2025-09-04T21:00:00+08:00,OPERATING,28.26,3.0,9.48,0,0,0,,2026-08-31T02:21:38.422656+00:00
2025-09-04,19,27.21,45,19.05,38.1,2025-09-04T09:00:00+08:00,2025-09-04T21:00:00+08:00,OPERATING,28.43,3.0,11.54,0,0,0,,2026-08-31T02:21:38.422656+00:00
2025-09-04,20,23.97,47,16.78,33.56,2025-09-04T09:00:00+08:00,2025-09-04T21:00:00+08:00,OPERATING,29.1,3.0,10.93,0,0,0,,2026-08-31T02:21:38.422656+00:00
2025-09-04,21,15.86,43,11.1,22.21,2025-09-04T09:00:00+08:00,2025-09-04T21:00:00+08:00,OPERATING,28.52,3.0,11.19,0,0,0,,2026-08-31T02:21:38.422656+00:00
2025-09-05,9,18.9,44,13.23,26.47,2025-09-05T09:00:00+08:00,2025-09-05T21:00:00+08:00,OPERATING,29.87,0.3,10.97,0,0,0,,2026-08-31T02:21:38.422656+00:00
2025-09-05,10,30.63,45,21.44,42.88,2025-09-05T09:00:00+08:00,2025-09-05T21:00:00+08:00,OPERATING,29.83,0.3,13.3,0,0,0,,2026-08-31T02:21:38.422656+00:00
2025-09-05,11,35.71,47,25.0,50.0,2025-09-05T09:00:00+08:00,2025-09-05T21:00:00+08:00,OPERATING,29.8,0.3,11.15,0,0,0,,2026-08-31T02:21:38.422656+00:00
2025-09-05,12,41.24,43,28.87,57.74,2025-09-05T09:00:00+08:00,2025-09-05T21:00:00+08:00,OPERATING,29.86,0.3,12.76,0,0,0,,2026-08-31T02:21:38.422656+00:00
2025-09-05,13,41.45,47,29.01,58.03,2025-09-05T09:00:00+08:00,2025-09-05T21:00:00+08:00,OPERATING,30.43,0.3,10.98,0,0,0,,2026-08-31T02:21:38.422656+00:00
2025-09-05,14,43.18,47,30.23,60.45,2025-09-05T09:00:00+08:00,2025-09-05T21:00:00+08:00,OPERATING,30.04,0.3,12.74,0,0,0,,2026-08-31T02:21:38.422656+00:00
2025-09-05,15,48.74,44,34.12,68.23,2025-09-05T09:00:00+08:00,2025-09-05T21:00:00+08:00,OPERATING,30.74,0.3,11.13,0,0,0,,2026-08-31T02:21:38.422656+00:00
2025-09-05,16,46.92,47,32.84,65.69,2025-09-05T09:00:00+08:00,2025-09-05T21:00:00+08:00,OPERATING,30.19,0.3,11.46,0,0,0,,2026-08-31T02:21:38.422656+00:00
2025-09-05,17,42.87,45,30.01,60.02,2025-09-05T09:00:00+08:00,2025-09-05T21:00:00+08:00,OPERATING,29.98,0.3,14.05,0,0,0,,2026-08-31T02:21:38.422656+00:00
2025-09-05,18,36.01,47,25.21,50.42,2025-09-05T09:00:00+08:00,2025-09-05T21:00:00+08:00,OPERATING,28.41,0.3,13.48,0,0,0,,2026-08-31T02:21:38.422656+00:00
2025-09-05,19,31.3,45,21.91,43.82,2025-09-05T09:00:00+08:00,2025-09-05T21:00:00+08:00,OPERATING,30.04,0.3,12.05,0,0,0,,2026-08-31T02:21:38.422656+00:00
2025-09-05,20,29.01,44,20.31,40.61,2025-09-05T09:00:00+08:00,2025-09-05T21:00:00+08:00,OPERATING,29.1,0.3,11.27,0,0,0,,2026-08-31T02:21:38.422656+00:00
2025-09-05,21,21.32,47,14.92,29.85,2025-09-05T09:00:00+08:00,2025-09-05T21:00:00+08:00,OPERATING,30.2,0.3,12.99,0,0,0,,2026-08-31T02:21:38.422656+00:00
2025-09-06,9,29.97,46,20.98,41.96,2025-09-06T09:00:00+08:00,2025-09-06T21:00:00+08:00,OPERATING,29.91,0.6,13.99,1,1,0,,2026-08-31T02:21:38.422656+00:00
2025-09-06,10,43.56,47,30.49,60.99,2025-09-06T09:00:00+08:00,2025-09-06T21:00:00+08:00,OPERATING,29.65,0.6,13.24,1,1,0,,2026-08-31T02:21:38.422656+00:00
2025-09-06,11,58.06,45,40.64,81.28,2025-09-06T09:00:00+08:00,2025-09-06T21:00:00+08:00,OPERATING,30.5,0.6,15.54,1,1,0,,2026-08-31T02:21:38.422656+00:00
2025-09-06,12,61.08,45,42.75,85.51,2025-09-06T09:00:00+08:00,2025-09-06T21:00:00+08:00,OPERATING,30.11,0.6,13.02,1,1,0,,2026-08-31T02:21:38.422656+00:00
2025-09-06,13,65.32,45,45.73,91.45,2025-09-06T09:00:00+08:00,2025-09-06T21:00:00+08:00,OPERATING,29.78,0.6,14.99,1,1,0,,2026-08-31T02:21:38.422656+00:00
2025-09-06,14,69.59,45,48.71,97.42,2025-09-06T09:00:00+08:00,2025-09-06T21:00:00+08:00,OPERATING,30.04,0.6,13.59,1,1,0,,2026-08-31T02:21:38.422656+00:00
2025-09-06,15,72.46,44,50.72,101.44,2025-09-06T09:00:00+08:00,2025-09-06T21:00:00+08:00,OPERATING,29.33,0.6,12.56,1,1,0,,2026-08-31T02:21:38.422656+00:00
2025-09-06,16,70.77,43,49.54,99.08,2025-09-06T09:00:00+08:00,2025-09-06T21:00:00+08:00,OPERATING,29.57,0.6,13.25,1,1,0,,2026-08-31T02:21:38.422656+00:00
2025-09-06,17,66.07,45,46.25,92.49,2025-09-06T09:00:00+08:00,2025-09-06T21:00:00+08:00,OPERATING,29.1,0.6,12.35,1,1,0,,2026-08-31T02:21:38.422656+00:00
2025-09-06,18,56.69,47,39.68,79.37,2025-09-06T09:00:00+08:00,2025-09-06T21:00:00+08:00,OPERATING,30.44,0.6,15.07,1,1,0,,2026-08-31T02:21:38.422656+00:00
2025-09-06,19,51.95,45,36.36,72.72,2025-09-06T09:00:00+08:00,2025-09-06T21:00:00+08:00,OPERATING,30.55,0.6,14.35,1,1,0,,2026-08-31T02:21:38.422656+00:00
2025-09-06,20,42.29,46,29.6,59.2,2025-09-06T09:00:00+08:00,2025-09-06T21:00:00+08:00,OPERATING,30.45,0.6,13.32,1,1,0,,2026-08-31T02:21:38.422656+00:00
2025-09-06,21,30.43,45,21.3,42.61,2025-09-06T09:00:00+08:00,2025-09-06T21:00:00+08:00,OPERATING,29.85,0.6,13.33,1,1,0,,2026-08-31T02:21:38.422656+00:00
2025-09-07,9,29.77,46,20.84,41.68,2025-09-07T09:00:00+08:00,2025-09-07T21:00:00+08:00,OPERATING,28.48,4.5,8.64,1,1,0,,2026-08-31T02:21:38.422656+00:00
2025-09-07,10,41.45,46,29.02,58.03,2025-09-07T09:00:00+08:00,2025-09-07T21:00:00+08:00,OPERATING,28.83,4.5,7.86,1,1,0,,2026-08-31T02:21:38.422656+00:00
2025-09-07,11,51.13,45,35.79,71.59,2025-09-07T09:00:00+08:00,2025-09-07T21:00:00+08:00,OPERATING,28.79,4.5,9.1,1,1,0,,2026-08-31T02:21:38.422656+00:00
2025-09-07,12,62.28,47,43.59,87.19,2025-09-07T09:00:00+08:00,2025-09-07T21:00:00+08:00,OPERATING,29.63,4.5,8.25,1,1,0,,2026-08-31T02:21:38.422656+00:00
2025-09-07,13,60.91,44,42.64,85.28,2025-09-07T09:00:00+08:00,2025-09-07T21:00:00+08:00,OPERATING,30.79,4.5,9.2,1,1,0,,2026-08-31T02:21:38.422656+00:00
2025-09-07,14,63.43,44,44.4,88.81,2025-09-07T09:00:00+08:00,2025-09-07T21:00:00+08:00,OPERATING,29.0,4.5,7.62,1,1,0,,2026-08-31T02:21:38.422656+00:00
2025-09-07,15,67.64,44,47.35,94.7,2025-09-07T09:00:00+08:00,2025-09-07T21:00:00+08:00,OPERATING,31.31,4.5,7.97,1,1,0,,2026-08-31T02:21:38.422656+00:00
2025-09-07,16,62.48,43,43.74,87.47,2025-09-07T09:00:00+08:00,2025-09-07T21:00:00+08:00,OPERATING,29.51,4.5,9.48,1,1,0,,2026-08-31T02:21:38.422656+00:00
2025-09-07,17,59.2,45,41.44,82.87,2025-09-07T09:00:00+08:00,2025-09-07T21:00:00+08:00,OPERATING,30.26,4.5,8.53,1,1,0,,2026-08-31T02:21:38.422656+00:00
2025-09-07,18,51.51,44,36.06,72.12,2025-09-07T09:00:00+08:00,2025-09-07T21:00:00+08:00,OPERATING,29.45,4.5,6.64,1,1,0,,2026-08-31T02:21:38.422656+00:00
2025-09-07,19,42.96,46,30.07,60.14,2025-09-07T09:00:00+08:00,2025-09-07T21:00:00+08:00,OPERATING,29.09,4.5,7.4,1,1,0,,2026-08-31T02:21:38.422656+00:00
2025-09-07,20,39.27,47,27.49,54.97,2025-09-07T09:00:00+08:00,2025-09-07T21:00:00+08:00,OPERATING,30.22,4.5,9.21,1,1,0,,2026-08-31T02:21:38.422656+00:00
2025-09-07,21,25.26,43,17.68,35.37,2025-09-07T09:00:00+08:00,2025-09-07T21:00:00+08:00,OPERATING,28.6,4.5,10.06,1,1,0,,2026-08-31T02:21:38.422656+00:00
2025-09-08,9,15.83,46,11.08,22.16,2025-09-08T09:00:00+08:00,2025-09-08T21:00:00+08:00,OPERATING,31.06,2.9,11.84,0,0,0,,2026-08-31T02:21:38.422656+00:00
2025-09-08,10,22.96,43,16.07,32.15,2025-09-08T09:00:00+08:00,2025-09-08T21:00:00+08:00,OPERATING,32.07,2.9,12.02,0,0,0,,2026-08-31T02:21:38.422656+00:00
2025-09-08,11,30.74,46,21.52,43.04,2025-09-08T09:00:00+08:00,2025-09-08T21:00:00+08:00,OPERATING,31.27,2.9,12.1,0,0,0,,2026-08-31T02:21:38.422656+00:00
2025-09-08,12,34.46,46,24.12,48.24,2025-09-08T09:00:00+08:00,2025-09-08T21:00:00+08:00,OPERATING,30.8,2.9,10.6,0,0,0,,2026-08-31T02:21:38.422656+00:00
2025-09-08,13,35.47,45,24.83,49.66,2025-09-08T09:00:00+08:00,2025-09-08T21:00:00+08:00,OPERATING,31.33,2.9,11.72,0,0,0,,2026-08-31T02:21:38.422656+00:00
2025-09-08,14,39.58,44,27.7,55.41,2025-09-08T09:00:00+08:00,2025-09-08T21:00:00+08:00,OPERATING,30.21,2.9,9.89,0,0,0,,2026-08-31T02:21:38.422656+00:00
2025-09-08,15,45.59,44,31.91,63.83,2025-09-08T09:00:00+08:00,2025-09-08T21:00:00+08:00,OPERATING,30.24,2.9,11.98,0,0,0,,2026-08-31T02:21:38.422656+00:00
2025-09-08,16,36.43,47,25.5,51.0,2025-09-08T09:00:00+08:00,2025-09-08T21:00:00+08:00,OPERATING,31.51,2.9,11.92,0,0,0,,2026-08-31T02:21:38.422656+00:00
2025-09-08,17,37.73,44,26.41,52.82,2025-09-08T09:00:00+08:00,2025-09-08T21:00:00+08:00,OPERATING,30.58,2.9,11.17,0,0,0,,2026-08-31T02:21:38.422656+00:00
2025-09-08,18,35.07,46,24.55,49.09,2025-09-08T09:00:00+08:00,2025-09-08T21:00:00+08:00,OPERATING,29.68,2.9,11.05,0,0,0,,2026-08-31T02:21:38.422656+00:00
2025-09-08,19,27.46,46,19.22,38.44,2025-09-08T09:00:00+08:00,2025-09-08T21:00:00+08:00,OPERATING,30.6,2.9,11.92,0,0,0,,2026-08-31T02:21:38.422656+00:00
2025-09-08,20,20.59,44,14.41,28.83,2025-09-08T09:00:00+08:00,2025-09-08T21:00:00+08:00,OPERATING,31.13,2.9,12.64,0,0,0,,2026-08-31T02:21:38.422656+00:00
2025-09-08,21,17.03,47,11.92,23.84,2025-09-08T09:00:00+08:00,2025-09-08T21:00:00+08:00,OPERATING,31.83,2.9,10.25,0,0,0,,2026-08-31T02:21:38.422656+00:00
2025-09-09,9,19.2,46,13.44,26.88,2025-09-09T09:00:00+08:00,2025-09-09T21:00:00+08:00,OPERATING,28.77,7.9,15.15,0,0,0,,2026-08-31T02:21:38.422656+00:00
2025-09-09,10,17.81,44,12.47,24.93,2025-09-09T09:00:00+08:00,2025-09-09T21:00:00+08:00,OPERATING,27.06,7.9,14.53,0,0,0,,2026-08-31T02:21:38.422656+00:00
2025-09-09,11,23.2,43,16.24,32.48,2025-09-09T09:00:00+08:00,2025-09-09T21:00:00+08:00,OPERATING,27.23,7.9,13.95,0,0,0,,2026-08-31T02:21:38.422656+00:00
2025-09-09,12,22.58,46,15.81,31.61,2025-09-09T09:00:00+08:00,2025-09-09T21:00:00+08:00,OPERATING,27.62,7.9,17.4,0,0,0,,2026-08-31T02:21:38.422656+00:00
2025-09-09,13,24.01,45,19.77,39.54,2025-09-09T09:00:00+08:00,2025-09-09T21:00:00+08:00,OPERATING,29.09,7.9,14.78,0,0,0,,2026-08-31T02:21:38.422656+00:00
2025-09-09,14,23.7,44,19.52,39.04,2025-09-09T09:00:00+08:00,2025-09-09T21:00:00+08:00,OPERATING,29.13,7.9,14.71,0,0,0,,2026-08-31T02:21:38.422656+00:00
2025-09-09,15,25.55,43,21.04,42.08,2025-09-09T09:00:00+08:00,2025-09-09T21:00:00+08:00,OPERATING,28.2,7.9,14.94,0,0,0,,2026-08-31T02:21:38.422656+00:00
2025-09-09,16,24.52,47,20.19,40.39,2025-09-09T09:00:00+08:00,2025-09-09T21:00:00+08:00,OPERATING,26.22,7.9,14.8,0,0,0,,2026-08-31T02:21:38.422656+00:00
2025-09-09,17,27.17,45,19.02,38.04,2025-09-09T09:00:00+08:00,2025-09-09T21:00:00+08:00,OPERATING,27.16,7.9,13.81,0,0,0,,2026-08-31T02:21:38.422656+00:00
2025-09-09,18,25.81,45,18.06,36.13,2025-09-09T09:00:00+08:00,2025-09-09T21:00:00+08:00,OPERATING,27.25,7.9,15.31,0,0,0,,2026-08-31T02:21:38.422656+00:00
2025-09-09,19,24.06,47,16.84,33.69,2025-09-09T09:00:00+08:00,2025-09-09T21:00:00+08:00,OPERATING,28.37,7.9,13.6,0,0,0,,2026-08-31T02:21:38.422656+00:00
2025-09-09,20,16.08,44,11.25,22.51,2025-09-09T09:00:00+08:00,2025-09-09T21:00:00+08:00,OPERATING,27.09,7.9,14.56,0,0,0,,2026-08-31T02:21:38.422656+00:00
2025-09-09,21,11.54,47,8.08,16.15,2025-09-09T09:00:00+08:00,2025-09-09T21:00:00+08:00,OPERATING,27.64,7.9,16.24,0,0,0,,2026-08-31T02:21:38.422656+00:00
2025-09-10,9,21.58,47,15.1,30.21,2025-09-10T09:00:00+08:00,2025-09-10T21:00:00+08:00,OPERATING,26.41,0.2,12.86,0,0,0,,2026-08-31T02:21:38.422656+00:00
2025-09-10,10,30.62,46,21.44,42.87,2025-09-10T09:00:00+08:00,2025-09-10T21:00:00+08:00,OPERATING,24.93,0.2,12.77,0,0,0,,2026-08-31T02:21:38.422656+00:00
2025-09-10,11,42.48,47,29.74,59.47,2025-09-10T09:00:00+08:00,2025-09-10T21:00:00+08:00,OPERATING,25.97,0.2,10.74,0,0,0,,2026-08-31T02:21:38.422656+00:00
2025-09-10,12,41.92,43,29.34,58.69,2025-09-10T09:00:00+08:00,2025-09-10T21:00:00+08:00,OPERATING,26.79,0.2,13.0,0,0,0,,2026-08-31T02:21:38.422656+00:00
2025-09-10,13,45.53,44,31.87,63.74,2025-09-10T09:00:00+08:00,2025-09-10T21:00:00+08:00,OPERATING,28.08,0.2,12.17,0,0,0,,2026-08-31T02:21:38.422656+00:00
2025-09-10,14,47.32,43,33.12,66.24,2025-09-10T09:00:00+08:00,2025-09-10T21:00:00+08:00,OPERATING,26.19,0.2,13.34,0,0,0,,2026-08-31T02:21:38.422656+00:00
2025-09-10,15,46.98,45,32.89,65.77,2025-09-10T09:00:00+08:00,2025-09-10T21:00:00+08:00,OPERATING,26.35,0.2,11.99,0,0,0,,2026-08-31T02:21:38.422656+00:00
2025-09-10,16,49.16,45,34.41,68.82,2025-09-10T09:00:00+08:00,2025-09-10T21:00:00+08:00,OPERATING,26.46,0.2,12.63,0,0,0,,2026-08-31T02:21:38.422656+00:00
2025-09-10,17,42.33,45,29.63,59.26,2025-09-10T09:00:00+08:00,2025-09-10T21:00:00+08:00,OPERATING,26.82,0.2,12.57,0,0,0,,2026-08-31T02:21:38.422656+00:00
2025-09-10,18,36.97,43,25.88,51.76,2025-09-10T09:00:00+08:00,2025-09-10T21:00:00+08:00,OPERATING,25.79,0.2,12.88,0,0,0,,2026-08-31T02:21:38.422656+00:00
2025-09-10,19,35.31,43,24.71,49.43,2025-09-10T09:00:00+08:00,2025-09-10T21:00:00+08:00,OPERATING,28.33,0.2,13.06,0,0,0,,2026-08-31T02:21:38.422656+00:00
2025-09-10,20,32.32,43,22.63,45.25,2025-09-10T09:00:00+08:00,2025-09-10T21:00:00+08:00,OPERATING,27.99,0.2,11.99,0,0,0,,2026-08-31T02:21:38.422656+00:00
2025-09-10,21,23.07,44,16.15,32.3,2025-09-10T09:00:00+08:00,2025-09-10T21:00:00+08:00,OPERATING,26.77,0.2,13.53,0,0,0,,2026-08-31T02:21:38.422656+00:00
2025-09-11,9,22.82,46,15.97,31.94,2025-09-11T09:00:00+08:00,2025-09-11T21:00:00+08:00,OPERATING,26.42,0.2,10.89,0,0,0,,2026-08-31T02:21:38.422656+00:00
2025-09-11,10,28.35,46,19.85,39.69,2025-09-11T09:00:00+08:00,2025-09-11T21:00:00+08:00,OPERATING,27.83,0.2,9.55,0,0,0,,2026-08-31T02:21:38.422656+00:00
2025-09-11,11,36.99,46,25.89,51.78,2025-09-11T09:00:00+08:00,2025-09-11T21:00:00+08:00,OPERATING,28.73,0.2,10.61,0,0,0,,2026-08-31T02:21:38.422656+00:00
2025-09-11,12,39.55,46,27.69,55.37,2025-09-11T09:00:00+08:00,2025-09-11T21:00:00+08:00,OPERATING,27.27,0.2,9.61,0,0,0,,2026-08-31T02:21:38.422656+00:00
2025-09-11,13,45.97,44,32.18,64.35,2025-09-11T09:00:00+08:00,2025-09-11T21:00:00+08:00,OPERATING,27.48,0.2,9.65,0,0,0,,2026-08-31T02:21:38.422656+00:00
2025-09-11,14,45.54,47,31.87,63.75,2025-09-11T09:00:00+08:00,2025-09-11T21:00:00+08:00,OPERATING,26.54,0.2,11.99,0,0,0,,2026-08-31T02:21:38.422656+00:00
2025-09-11,15,47.03,43,32.92,65.84,2025-09-11T09:00:00+08:00,2025-09-11T21:00:00+08:00,OPERATING,26.52,0.2,12.37,0,0,0,,2026-08-31T02:21:38.422656+00:00
2025-09-11,16,47.73,44,33.41,66.82,2025-09-11T09:00:00+08:00,2025-09-11T21:00:00+08:00,OPERATING,27.19,0.2,13.92,0,0,0,,2026-08-31T02:21:38.422656+00:00
2025-09-11,17,40.97,47,28.68,57.36,2025-09-11T09:00:00+08:00,2025-09-11T21:00:00+08:00,OPERATING,25.29,0.2,9.6,0,0,0,,2026-08-31T02:21:38.422656+00:00
2025-09-11,18,39.67,44,27.77,55.54,2025-09-11T09:00:00+08:00,2025-09-11T21:00:00+08:00,OPERATING,27.37,0.2,11.78,0,0,0,,2026-08-31T02:21:38.422656+00:00
2025-09-11,19,37.13,45,25.99,51.98,2025-09-11T09:00:00+08:00,2025-09-11T21:00:00+08:00,OPERATING,25.76,0.2,11.2,0,0,0,,2026-08-31T02:21:38.422656+00:00
2025-09-11,20,29.57,44,20.7,41.39,2025-09-11T09:00:00+08:00,2025-09-11T21:00:00+08:00,OPERATING,26.31,0.2,11.37,0,0,0,,2026-08-31T02:21:38.422656+00:00
2025-09-11,21,19.89,45,13.92,27.84,2025-09-11T09:00:00+08:00,2025-09-11T21:00:00+08:00,OPERATING,26.92,0.2,11.18,0,0,0,,2026-08-31T02:21:38.422656+00:00
2025-09-12,9,16.64,43,11.65,23.3,2025-09-12T09:00:00+08:00,2025-09-12T21:00:00+08:00,OPERATING,28.41,4.3,11.66,0,0,0,,2026-08-31T02:21:38.422656+00:00
2025-09-12,10,23.55,45,16.49,32.97,2025-09-12T09:00:00+08:00,2025-09-12T21:00:00+08:00,OPERATING,28.89,4.3,12.0,0,0,0,,2026-08-31T02:21:38.422656+00:00
2025-09-12,11,30.71,46,21.5,42.99,2025-09-12T09:00:00+08:00,2025-09-12T21:00:00+08:00,OPERATING,29.72,4.3,13.93,0,0,0,,2026-08-31T02:21:38.422656+00:00
2025-09-12,12,30.78,45,21.55,43.1,2025-09-12T09:00:00+08:00,2025-09-12T21:00:00+08:00,OPERATING,28.4,4.3,13.58,0,0,0,,2026-08-31T02:21:38.422656+00:00
2025-09-12,13,35.88,43,25.12,50.23,2025-09-12T09:00:00+08:00,2025-09-12T21:00:00+08:00,OPERATING,28.49,4.3,12.09,0,0,0,,2026-08-31T02:21:38.422656+00:00
2025-09-12,14,35.5,46,24.85,49.7,2025-09-12T09:00:00+08:00,2025-09-12T21:00:00+08:00,OPERATING,29.0,4.3,13.4,0,0,0,,2026-08-31T02:21:38.422656+00:00
2025-09-12,15,37.85,46,26.5,53.0,2025-09-12T09:00:00+08:00,2025-09-12T21:00:00+08:00,OPERATING,29.48,4.3,10.63,0,0,0,,2026-08-31T02:21:38.422656+00:00
2025-09-12,16,35.81,44,25.07,50.13,2025-09-12T09:00:00+08:00,2025-09-12T21:00:00+08:00,OPERATING,28.18,4.3,11.36,0,0,0,,2026-08-31T02:21:38.422656+00:00
2025-09-12,17,29.76,45,20.83,41.67,2025-09-12T09:00:00+08:00,2025-09-12T21:00:00+08:00,OPERATING,30.1,4.3,11.56,0,0,0,,2026-08-31T02:21:38.422656+00:00
2025-09-12,18,28.01,47,19.61,39.21,2025-09-12T09:00:00+08:00,2025-09-12T21:00:00+08:00,OPERATING,27.37,4.3,13.38,0,0,0,,2026-08-31T02:21:38.422656+00:00
2025-09-12,19,28.15,44,19.71,39.41,2025-09-12T09:00:00+08:00,2025-09-12T21:00:00+08:00,OPERATING,31.17,4.3,14.35,0,0,0,,2026-08-31T02:21:38.422656+00:00
2025-09-12,20,22.66,46,15.86,31.72,2025-09-12T09:00:00+08:00,2025-09-12T21:00:00+08:00,OPERATING,30.48,4.3,11.82,0,0,0,,2026-08-31T02:21:38.422656+00:00
2025-09-12,21,16.65,44,11.65,23.31,2025-09-12T09:00:00+08:00,2025-09-12T21:00:00+08:00,OPERATING,29.44,4.3,14.22,0,0,0,,2026-08-31T02:21:38.422656+00:00
2025-09-13,9,23.09,47,16.17,32.33,2025-09-13T09:00:00+08:00,2025-09-13T21:00:00+08:00,OPERATING,28.58,11.6,9.68,1,1,0,,2026-08-31T02:21:38.422656+00:00
2025-09-13,10,30.76,45,21.53,43.06,2025-09-13T09:00:00+08:00,2025-09-13T21:00:00+08:00,OPERATING,28.56,11.6,8.89,1,1,0,,2026-08-31T02:21:38.422656+00:00
2025-09-13,11,41.4,44,28.98,57.95,2025-09-13T09:00:00+08:00,2025-09-13T21:00:00+08:00,OPERATING,28.88,11.6,10.13,1,1,0,,2026-08-31T02:21:38.422656+00:00
2025-09-13,12,45.25,43,31.68,63.36,2025-09-13T09:00:00+08:00,2025-09-13T21:00:00+08:00,OPERATING,28.5,11.6,9.78,1,1,0,,2026-08-31T02:21:38.422656+00:00
2025-09-13,13,42.9,43,35.33,70.67,2025-09-13T09:00:00+08:00,2025-09-13T21:00:00+08:00,OPERATING,27.69,11.6,11.07,1,1,0,,2026-08-31T02:21:38.422656+00:00
2025-09-13,14,42.4,47,34.92,69.84,2025-09-13T09:00:00+08:00,2025-09-13T21:00:00+08:00,OPERATING,28.26,11.6,7.13,1,1,0,,2026-08-31T02:21:38.422656+00:00
2025-09-13,15,40.91,47,33.69,67.39,2025-09-13T09:00:00+08:00,2025-09-13T21:00:00+08:00,OPERATING,27.83,11.6,10.8,1,1,0,,2026-08-31T02:21:38.422656+00:00
2025-09-13,16,44.18,46,36.39,72.77,2025-09-13T09:00:00+08:00,2025-09-13T21:00:00+08:00,OPERATING,27.2,11.6,9.18,1,1,0,,2026-08-31T02:21:38.422656+00:00
2025-09-13,17,42.51,47,29.76,59.51,2025-09-13T09:00:00+08:00,2025-09-13T21:00:00+08:00,OPERATING,29.31,11.6,10.41,1,1,0,,2026-08-31T02:21:38.422656+00:00
2025-09-13,18,37.99,46,26.59,53.19,2025-09-13T09:00:00+08:00,2025-09-13T21:00:00+08:00,OPERATING,29.01,11.6,9.44,1,1,0,,2026-08-31T02:21:38.422656+00:00
2025-09-13,19,34.7,45,24.29,48.57,2025-09-13T09:00:00+08:00,2025-09-13T21:00:00+08:00,OPERATING,27.96,11.6,10.72,1,1,0,,2026-08-31T02:21:38.422656+00:00
2025-09-13,20,30.87,45,21.61,43.22,2025-09-13T09:00:00+08:00,2025-09-13T21:00:00+08:00,OPERATING,27.06,11.6,10.34,1,1,0,,2026-08-31T02:21:38.422656+00:00
2025-09-13,21,20.65,44,14.45,28.91,2025-09-13T09:00:00+08:00,2025-09-13T21:00:00+08:00,OPERATING,26.9,11.6,10.66,1,1,0,,2026-08-31T02:21:38.422656+00:00
2025-09-14,9,29.31,44,20.52,41.04,2025-09-14T09:00:00+08:00,2025-09-14T21:00:00+08:00,OPERATING,27.21,19.7,9.61,1,1,0,,2026-08-31T02:21:38.422656+00:00
2025-09-14,10,36.52,44,25.56,51.13,2025-09-14T09:00:00+08:00,2025-09-14T21:00:00+08:00,OPERATING,26.79,19.7,9.21,1,1,0,,2026-08-31T02:21:38.422656+00:00
2025-09-14,11,50.23,46,35.16,70.32,2025-09-14T09:00:00+08:00,2025-09-14T21:00:00+08:00,OPERATING,27.83,19.7,8.6,1,1,0,,2026-08-31T02:21:38.422656+00:00
2025-09-14,12,50.88,43,35.61,71.23,2025-09-14T09:00:00+08:00,2025-09-14T21:00:00+08:00,OPERATING,25.66,19.7,9.0,1,1,0,,2026-08-31T02:21:38.422656+00:00
2025-09-14,13,45.69,45,37.63,75.26,2025-09-14T09:00:00+08:00,2025-09-14T21:00:00+08:00,OPERATING,27.04,19.7,8.84,1,1,0,,2026-08-31T02:21:38.422656+00:00
2025-09-14,14,47.46,43,39.09,78.17,2025-09-14T09:00:00+08:00,2025-09-14T21:00:00+08:00,OPERATING,26.45,19.7,8.36,1,1,0,,2026-08-31T02:21:38.422656+00:00
2025-09-14,15,47.8,47,39.37,78.73,2025-09-14T09:00:00+08:00,2025-09-14T21:00:00+08:00,OPERATING,26.7,19.7,9.73,1,1,0,,2026-08-31T02:21:38.422656+00:00
2025-09-14,16,50.12,46,41.27,82.55,2025-09-14T09:00:00+08:00,2025-09-14T21:00:00+08:00,OPERATING,26.98,19.7,9.51,1,1,0,,2026-08-31T02:21:38.422656+00:00
2025-09-14,17,52.57,46,36.8,73.6,2025-09-14T09:00:00+08:00,2025-09-14T21:00:00+08:00,OPERATING,27.63,19.7,8.41,1,1,0,,2026-08-31T02:21:38.422656+00:00
2025-09-14,18,45.55,45,31.88,63.77,2025-09-14T09:00:00+08:00,2025-09-14T21:00:00+08:00,OPERATING,27.89,19.7,7.59,1,1,0,,2026-08-31T02:21:38.422656+00:00
2025-09-14,19,39.49,43,27.65,55.29,2025-09-14T09:00:00+08:00,2025-09-14T21:00:00+08:00,OPERATING,27.85,19.7,9.67,1,1,0,,2026-08-31T02:21:38.422656+00:00
2025-09-14,20,35.87,46,25.11,50.22,2025-09-14T09:00:00+08:00,2025-09-14T21:00:00+08:00,OPERATING,26.81,19.7,8.31,1,1,0,,2026-08-31T02:21:38.422656+00:00
2025-09-14,21,25.76,45,18.03,36.06,2025-09-14T09:00:00+08:00,2025-09-14T21:00:00+08:00,OPERATING,28.21,19.7,9.5,1,1,0,,2026-08-31T02:21:38.422656+00:00
2025-09-15,9,14.12,47,9.88,19.77,2025-09-15T09:00:00+08:00,2025-09-15T21:00:00+08:00,OPERATING,29.83,1.1,11.61,0,0,0,,2026-08-31T02:21:38.422656+00:00
2025-09-15,10,21.87,46,15.31,30.61,2025-09-15T09:00:00+08:00,2025-09-15T21:00:00+08:00,OPERATING,28.52,1.1,10.07,0,0,0,,2026-08-31T02:21:38.422656+00:00
2025-09-15,11,23.01,45,16.11,32.21,2025-09-15T09:00:00+08:00,2025-09-15T21:00:00+08:00,OPERATING,29.79,1.1,9.35,0,0,0,,2026-08-31T02:21:38.422656+00:00
2025-09-15,12,28.66,46,20.06,40.13,2025-09-15T09:00:00+08:00,2025-09-15T21:00:00+08:00,OPERATING,28.21,1.1,10.81,0,0,0,,2026-08-31T02:21:38.422656+00:00
2025-09-15,13,30.55,47,21.39,42.78,2025-09-15T09:00:00+08:00,2025-09-15T21:00:00+08:00,OPERATING,28.09,1.1,12.49,0,0,0,,2026-08-31T02:21:38.422656+00:00
2025-09-15,14,29.36,44,20.55,41.11,2025-09-15T09:00:00+08:00,2025-09-15T21:00:00+08:00,OPERATING,29.95,1.1,11.45,0,0,0,,2026-08-31T02:21:38.422656+00:00
2025-09-15,15,32.94,47,23.06,46.11,2025-09-15T09:00:00+08:00,2025-09-15T21:00:00+08:00,OPERATING,27.64,1.1,11.16,0,0,0,,2026-08-31T02:21:38.422656+00:00
2025-09-15,16,30.48,44,21.34,42.68,2025-09-15T09:00:00+08:00,2025-09-15T21:00:00+08:00,OPERATING,29.98,1.1,11.69,0,0,0,,2026-08-31T02:21:38.422656+00:00
2025-09-15,17,27.85,43,19.49,38.99,2025-09-15T09:00:00+08:00,2025-09-15T21:00:00+08:00,OPERATING,28.43,1.1,11.78,0,0,0,,2026-08-31T02:21:38.422656+00:00
2025-09-15,18,21.13,45,14.79,29.58,2025-09-15T09:00:00+08:00,2025-09-15T21:00:00+08:00,OPERATING,29.63,1.1,12.59,0,0,0,,2026-08-31T02:21:38.422656+00:00
2025-09-15,19,21.71,44,15.19,30.39,2025-09-15T09:00:00+08:00,2025-09-15T21:00:00+08:00,OPERATING,29.27,1.1,9.7,0,0,0,,2026-08-31T02:21:38.422656+00:00
2025-09-15,20,19.35,43,13.55,27.09,2025-09-15T09:00:00+08:00,2025-09-15T21:00:00+08:00,OPERATING,29.33,1.1,11.45,0,0,0,,2026-08-31T02:21:38.422656+00:00
2025-09-15,21,12.92,45,9.04,18.09,2025-09-15T09:00:00+08:00,2025-09-15T21:00:00+08:00,OPERATING,29.49,1.1,11.06,0,0,0,,2026-08-31T02:21:38.422656+00:00
2025-09-16,9,20.73,44,14.51,29.03,2025-09-16T09:00:00+08:00,2025-09-16T21:00:00+08:00,OPERATING,30.04,1.6,11.71,0,0,0,,2026-08-31T02:21:38.422656+00:00
2025-09-16,10,29.92,44,20.95,41.89,2025-09-16T09:00:00+08:00,2025-09-16T21:00:00+08:00,OPERATING,28.93,1.6,11.0,0,0,0,,2026-08-31T02:21:38.422656+00:00
2025-09-16,11,33.61,43,23.53,47.06,2025-09-16T09:00:00+08:00,2025-09-16T21:00:00+08:00,OPERATING,29.41,1.6,13.4,0,0,0,,2026-08-31T02:21:38.422656+00:00
2025-09-16,12,41.41,46,28.99,57.98,2025-09-16T09:00:00+08:00,2025-09-16T21:00:00+08:00,OPERATING,30.08,1.6,12.39,0,0,0,,2026-08-31T02:21:38.422656+00:00
2025-09-16,13,44.66,46,31.26,62.52,2025-09-16T09:00:00+08:00,2025-09-16T21:00:00+08:00,OPERATING,31.17,1.6,13.33,0,0,0,,2026-08-31T02:21:38.422656+00:00
2025-09-16,14,42.16,45,29.51,59.03,2025-09-16T09:00:00+08:00,2025-09-16T21:00:00+08:00,OPERATING,30.86,1.6,11.43,0,0,0,,2026-08-31T02:21:38.422656+00:00
2025-09-16,15,41.35,44,28.94,57.88,2025-09-16T09:00:00+08:00,2025-09-16T21:00:00+08:00,OPERATING,29.4,1.6,12.31,0,0,0,,2026-08-31T02:21:38.422656+00:00
2025-09-16,16,44.68,46,31.28,62.55,2025-09-16T09:00:00+08:00,2025-09-16T21:00:00+08:00,OPERATING,29.17,1.6,12.73,0,0,0,,2026-08-31T02:21:38.422656+00:00
2025-09-16,17,42.49,47,29.74,59.48,2025-09-16T09:00:00+08:00,2025-09-16T21:00:00+08:00,OPERATING,30.54,1.6,12.95,0,0,0,,2026-08-31T02:21:38.422656+00:00
2025-09-16,18,38.43,46,26.9,53.8,2025-09-16T09:00:00+08:00,2025-09-16T21:00:00+08:00,OPERATING,29.6,1.6,10.49,0,0,0,,2026-08-31T02:21:38.422656+00:00
2025-09-16,19,30.19,43,21.13,42.27,2025-09-16T09:00:00+08:00,2025-09-16T21:00:00+08:00,OPERATING,29.84,1.6,10.96,0,0,0,,2026-08-31T02:21:38.422656+00:00
2025-09-16,20,26.71,44,18.7,37.39,2025-09-16T09:00:00+08:00,2025-09-16T21:00:00+08:00,OPERATING,31.65,1.6,10.75,0,0,0,,2026-08-31T02:21:38.422656+00:00
2025-09-16,21,19.91,45,13.94,27.88,2025-09-16T09:00:00+08:00,2025-09-16T21:00:00+08:00,OPERATING,30.42,1.6,14.05,0,0,0,,2026-08-31T02:21:38.422656+00:00
2025-09-17,9,12.96,43,9.07,18.14,2025-09-17T09:00:00+08:00,2025-09-17T21:00:00+08:00,OPERATING,29.05,12.0,14.25,0,0,0,,2026-08-31T02:21:38.422656+00:00
2025-09-17,10,17.48,47,12.24,24.47,2025-09-17T09:00:00+08:00,2025-09-17T21:00:00+08:00,OPERATING,29.82,12.0,14.56,0,0,0,,2026-08-31T02:21:38.422656+00:00
2025-09-17,11,23.29,43,16.3,32.61,2025-09-17T09:00:00+08:00,2025-09-17T21:00:00+08:00,OPERATING,29.44,12.0,11.69,0,0,0,,2026-08-31T02:21:38.422656+00:00
2025-09-17,12,24.65,46,17.25,34.51,2025-09-17T09:00:00+08:00,2025-09-17T21:00:00+08:00,OPERATING,29.38,12.0,14.58,0,0,0,,2026-08-31T02:21:38.422656+00:00
2025-09-17,13,20.6,47,16.96,33.93,2025-09-17T09:00:00+08:00,2025-09-17T21:00:00+08:00,OPERATING,28.66,12.0,15.08,0,0,0,,2026-08-31T02:21:38.422656+00:00
2025-09-17,14,22.01,45,18.12,36.25,2025-09-17T09:00:00+08:00,2025-09-17T21:00:00+08:00,OPERATING,29.47,12.0,14.22,0,0,0,,2026-08-31T02:21:38.422656+00:00
2025-09-17,15,22.82,44,18.8,37.59,2025-09-17T09:00:00+08:00,2025-09-17T21:00:00+08:00,OPERATING,28.67,12.0,12.9,0,0,0,,2026-08-31T02:21:38.422656+00:00
2025-09-17,16,24.06,46,19.81,39.62,2025-09-17T09:00:00+08:00,2025-09-17T21:00:00+08:00,OPERATING,29.15,12.0,16.01,0,0,0,,2026-08-31T02:21:38.422656+00:00
2025-09-17,17,23.78,44,16.65,33.29,2025-09-17T09:00:00+08:00,2025-09-17T21:00:00+08:00,OPERATING,30.41,12.0,14.37,0,0,0,,2026-08-31T02:21:38.422656+00:00
2025-09-17,18,24.17,45,16.92,33.84,2025-09-17T09:00:00+08:00,2025-09-17T21:00:00+08:00,OPERATING,28.15,12.0,13.09,0,0,0,,2026-08-31T02:21:38.422656+00:00
2025-09-17,19,19.56,43,13.69,27.39,2025-09-17T09:00:00+08:00,2025-09-17T21:00:00+08:00,OPERATING,29.85,12.0,15.14,0,0,0,,2026-08-31T02:21:38.422656+00:00
2025-09-17,20,12.66,44,8.86,17.72,2025-09-17T09:00:00+08:00,2025-09-17T21:00:00+08:00,OPERATING,29.77,12.0,14.69,0,0,0,,2026-08-31T02:21:38.422656+00:00
2025-09-17,21,11.89,45,8.32,16.64,2025-09-17T09:00:00+08:00,2025-09-17T21:00:00+08:00,OPERATING,29.05,12.0,14.38,0,0,0,,2026-08-31T02:21:38.422656+00:00
2025-09-18,9,24.03,45,16.82,33.64,2025-09-18T09:00:00+08:00,2025-09-18T21:00:00+08:00,OPERATING,27.79,1.3,17.63,0,0,0,,2026-08-31T02:21:38.422656+00:00
2025-09-18,10,26.58,47,18.61,37.22,2025-09-18T09:00:00+08:00,2025-09-18T21:00:00+08:00,OPERATING,26.22,1.3,18.01,0,0,0,,2026-08-31T02:21:38.422656+00:00
2025-09-18,11,37.38,45,26.17,52.34,2025-09-18T09:00:00+08:00,2025-09-18T21:00:00+08:00,OPERATING,26.46,1.3,17.68,0,0,0,,2026-08-31T02:21:38.422656+00:00
2025-09-18,12,38.62,43,27.04,54.07,2025-09-18T09:00:00+08:00,2025-09-18T21:00:00+08:00,OPERATING,24.11,1.3,17.34,0,0,0,,2026-08-31T02:21:38.422656+00:00
2025-09-18,13,43.1,47,30.17,60.34,2025-09-18T09:00:00+08:00,2025-09-18T21:00:00+08:00,OPERATING,27.04,1.3,17.3,0,0,0,,2026-08-31T02:21:38.422656+00:00
2025-09-18,14,41.98,44,29.38,58.77,2025-09-18T09:00:00+08:00,2025-09-18T21:00:00+08:00,OPERATING,27.93,1.3,18.14,0,0,0,,2026-08-31T02:21:38.422656+00:00
2025-09-18,15,48.27,46,33.79,67.57,2025-09-18T09:00:00+08:00,2025-09-18T21:00:00+08:00,OPERATING,26.57,1.3,17.23,0,0,0,,2026-08-31T02:21:38.422656+00:00
2025-09-18,16,46.6,46,32.62,65.24,2025-09-18T09:00:00+08:00,2025-09-18T21:00:00+08:00,OPERATING,25.85,1.3,20.85,0,0,0,,2026-08-31T02:21:38.422656+00:00
2025-09-18,17,43.87,44,30.71,61.42,2025-09-18T09:00:00+08:00,2025-09-18T21:00:00+08:00,OPERATING,25.75,1.3,19.01,0,0,0,,2026-08-31T02:21:38.422656+00:00
2025-09-18,18,39.63,45,27.74,55.49,2025-09-18T09:00:00+08:00,2025-09-18T21:00:00+08:00,OPERATING,27.64,1.3,17.18,0,0,0,,2026-08-31T02:21:38.422656+00:00
2025-09-18,19,32.5,44,22.75,45.5,2025-09-18T09:00:00+08:00,2025-09-18T21:00:00+08:00,OPERATING,26.68,1.3,18.41,0,0,0,,2026-08-31T02:21:38.422656+00:00
2025-09-18,20,26.86,47,18.81,37.61,2025-09-18T09:00:00+08:00,2025-09-18T21:00:00+08:00,OPERATING,26.38,1.3,18.09,0,0,0,,2026-08-31T02:21:38.422656+00:00
2025-09-18,21,17.23,43,12.06,24.12,2025-09-18T09:00:00+08:00,2025-09-18T21:00:00+08:00,OPERATING,26.88,1.3,19.17,0,0,0,,2026-08-31T02:21:38.422656+00:00
2025-09-19,9,20.83,44,14.58,29.16,2025-09-19T09:00:00+08:00,2025-09-19T21:00:00+08:00,OPERATING,27.38,1.0,15.05,0,0,0,,2026-08-31T02:21:38.422656+00:00
2025-09-19,10,28.85,44,20.19,40.39,2025-09-19T09:00:00+08:00,2025-09-19T21:00:00+08:00,OPERATING,28.94,1.0,14.51,0,0,0,,2026-08-31T02:21:38.422656+00:00
2025-09-19,11,36.91,45,25.83,51.67,2025-09-19T09:00:00+08:00,2025-09-19T21:00:00+08:00,OPERATING,28.07,1.0,17.31,0,0,0,,2026-08-31T02:21:38.422656+00:00
2025-09-19,12,42.75,46,29.92,59.85,2025-09-19T09:00:00+08:00,2025-09-19T21:00:00+08:00,OPERATING,28.13,1.0,16.71,0,0,0,,2026-08-31T02:21:38.422656+00:00
2025-09-19,13,46.53,46,32.57,65.15,2025-09-19T09:00:00+08:00,2025-09-19T21:00:00+08:00,OPERATING,26.77,1.0,13.27,0,0,0,,2026-08-31T02:21:38.422656+00:00
2025-09-19,14,49.48,43,34.64,69.27,2025-09-19T09:00:00+08:00,2025-09-19T21:00:00+08:00,OPERATING,27.17,1.0,14.11,0,0,0,,2026-08-31T02:21:38.422656+00:00
2025-09-19,15,47.5,47,33.25,66.51,2025-09-19T09:00:00+08:00,2025-09-19T21:00:00+08:00,OPERATING,27.32,1.0,17.65,0,0,0,,2026-08-31T02:21:38.422656+00:00
2025-09-19,16,48.17,43,33.72,67.44,2025-09-19T09:00:00+08:00,2025-09-19T21:00:00+08:00,OPERATING,27.9,1.0,15.61,0,0,0,,2026-08-31T02:21:38.422656+00:00
2025-09-19,17,44.39,43,31.07,62.14,2025-09-19T09:00:00+08:00,2025-09-19T21:00:00+08:00,OPERATING,27.49,1.0,16.37,0,0,0,,2026-08-31T02:21:38.422656+00:00
2025-09-19,18,40.66,43,28.46,56.93,2025-09-19T09:00:00+08:00,2025-09-19T21:00:00+08:00,OPERATING,27.2,1.0,17.13,0,0,0,,2026-08-31T02:21:38.422656+00:00
2025-09-19,19,35.16,46,24.61,49.22,2025-09-19T09:00:00+08:00,2025-09-19T21:00:00+08:00,OPERATING,27.2,1.0,15.65,0,0,0,,2026-08-31T02:21:38.422656+00:00
2025-09-19,20,29.99,46,20.99,41.98,2025-09-19T09:00:00+08:00,2025-09-19T21:00:00+08:00,OPERATING,27.18,1.0,14.39,0,0,0,,2026-08-31T02:21:38.422656+00:00
2025-09-19,21,20.99,45,14.69,29.39,2025-09-19T09:00:00+08:00,2025-09-19T21:00:00+08:00,OPERATING,27.28,1.0,16.86,0,0,0,,2026-08-31T02:21:38.422656+00:00
2025-09-20,9,36.62,47,25.64,51.27,2025-09-20T09:00:00+08:00,2025-09-20T21:00:00+08:00,OPERATING,24.66,4.2,14.03,1,1,0,,2026-08-31T02:21:38.422656+00:00
2025-09-20,10,47.96,45,33.57,67.14,2025-09-20T09:00:00+08:00,2025-09-20T21:00:00+08:00,OPERATING,23.69,4.2,16.26,1,1,0,,2026-08-31T02:21:38.422656+00:00
2025-09-20,11,63.43,46,44.4,88.8,2025-09-20T09:00:00+08:00,2025-09-20T21:00:00+08:00,OPERATING,25.53,4.2,15.4,1,1,0,,2026-08-31T02:21:38.422656+00:00
2025-09-20,12,68.67,43,48.07,96.14,2025-09-20T09:00:00+08:00,2025-09-20T21:00:00+08:00,OPERATING,25.72,4.2,14.16,1,1,0,,2026-08-31T02:21:38.422656+00:00
2025-09-20,13,70.82,47,49.58,99.15,2025-09-20T09:00:00+08:00,2025-09-20T21:00:00+08:00,OPERATING,25.41,4.2,17.07,1,1,0,,2026-08-31T02:21:38.422656+00:00
2025-09-20,14,78.38,44,54.87,109.74,2025-09-20T09:00:00+08:00,2025-09-20T21:00:00+08:00,OPERATING,24.62,4.2,15.76,1,1,0,,2026-08-31T02:21:38.422656+00:00
2025-09-20,15,75.2,45,52.64,105.28,2025-09-20T09:00:00+08:00,2025-09-20T21:00:00+08:00,OPERATING,24.2,4.2,16.57,1,1,0,,2026-08-31T02:21:38.422656+00:00
2025-09-20,16,73.14,45,51.2,102.4,2025-09-20T09:00:00+08:00,2025-09-20T21:00:00+08:00,OPERATING,25.43,4.2,16.71,1,1,0,,2026-08-31T02:21:38.422656+00:00
2025-09-20,17,70.28,44,49.2,98.39,2025-09-20T09:00:00+08:00,2025-09-20T21:00:00+08:00,OPERATING,23.49,4.2,16.59,1,1,0,,2026-08-31T02:21:38.422656+00:00
2025-09-20,18,64.47,43,45.13,90.25,2025-09-20T09:00:00+08:00,2025-09-20T21:00:00+08:00,OPERATING,24.89,4.2,15.26,1,1,0,,2026-08-31T02:21:38.422656+00:00
2025-09-20,19,49.5,46,34.65,69.3,2025-09-20T09:00:00+08:00,2025-09-20T21:00:00+08:00,OPERATING,25.0,4.2,14.2,1,1,0,,2026-08-31T02:21:38.422656+00:00
2025-09-20,20,48.91,45,34.24,68.47,2025-09-20T09:00:00+08:00,2025-09-20T21:00:00+08:00,OPERATING,23.48,4.2,15.94,1,1,0,,2026-08-31T02:21:38.422656+00:00
2025-09-20,21,31.34,45,21.94,43.87,2025-09-20T09:00:00+08:00,2025-09-20T21:00:00+08:00,OPERATING,24.95,4.2,14.51,1,1,0,,2026-08-31T02:21:38.422656+00:00
2025-09-21,9,35.41,45,24.79,49.58,2025-09-21T09:00:00+08:00,2025-09-21T21:00:00+08:00,OPERATING,26.19,0.2,17.03,1,1,0,,2026-08-31T02:21:38.422656+00:00
2025-09-21,10,46.42,46,32.49,64.99,2025-09-21T09:00:00+08:00,2025-09-21T21:00:00+08:00,OPERATING,25.99,0.2,18.4,1,1,0,,2026-08-31T02:21:38.422656+00:00
2025-09-21,11,61.27,43,42.89,85.78,2025-09-21T09:00:00+08:00,2025-09-21T21:00:00+08:00,OPERATING,26.28,0.2,17.27,1,1,0,,2026-08-31T02:21:38.422656+00:00
2025-09-21,12,71.17,46,49.82,99.64,2025-09-21T09:00:00+08:00,2025-09-21T21:00:00+08:00,OPERATING,26.13,0.2,19.72,1,1,0,,2026-08-31T02:21:38.422656+00:00
2025-09-21,13,72.88,46,51.02,102.03,2025-09-21T09:00:00+08:00,2025-09-21T21:00:00+08:00,OPERATING,24.5,0.2,16.02,1,1,0,,2026-08-31T02:21:38.422656+00:00
2025-09-21,14,73.81,46,51.67,103.34,2025-09-21T09:00:00+08:00,2025-09-21T21:00:00+08:00,OPERATING,25.79,0.2,20.38,1,1,0,,2026-08-31T02:21:38.422656+00:00
2025-09-21,15,82.28,46,57.6,115.2,2025-09-21T09:00:00+08:00,2025-09-21T21:00:00+08:00,OPERATING,25.48,0.2,18.09,1,1,0,,2026-08-31T02:21:38.422656+00:00
2025-09-21,16,77.48,47,54.23,108.47,2025-09-21T09:00:00+08:00,2025-09-21T21:00:00+08:00,OPERATING,25.82,0.2,18.32,1,1,0,,2026-08-31T02:21:38.422656+00:00
2025-09-21,17,69.05,44,48.33,96.67,2025-09-21T09:00:00+08:00,2025-09-21T21:00:00+08:00,OPERATING,25.65,0.2,20.53,1,1,0,,2026-08-31T02:21:38.422656+00:00
2025-09-21,18,61.51,45,43.06,86.12,2025-09-21T09:00:00+08:00,2025-09-21T21:00:00+08:00,OPERATING,24.42,0.2,17.98,1,1,0,,2026-08-31T02:21:38.422656+00:00
2025-09-21,19,57.57,43,40.3,80.59,2025-09-21T09:00:00+08:00,2025-09-21T21:00:00+08:00,OPERATING,26.06,0.2,19.05,1,1,0,,2026-08-31T02:21:38.422656+00:00
2025-09-21,20,48.16,45,33.71,67.42,2025-09-21T09:00:00+08:00,2025-09-21T21:00:00+08:00,OPERATING,25.31,0.2,17.94,1,1,0,,2026-08-31T02:21:38.422656+00:00
2025-09-21,21,33.37,47,23.36,46.72,2025-09-21T09:00:00+08:00,2025-09-21T21:00:00+08:00,OPERATING,26.59,0.2,19.32,1,1,0,,2026-08-31T02:21:38.422656+00:00
2025-09-22,9,21.84,46,15.29,30.58,2025-09-22T09:00:00+08:00,2025-09-22T21:00:00+08:00,OPERATING,27.59,0.0,14.89,0,0,0,,2026-08-31T02:21:38.422656+00:00
2025-09-22,10,30.82,47,21.57,43.15,2025-09-22T09:00:00+08:00,2025-09-22T21:00:00+08:00,OPERATING,25.76,0.0,15.31,0,0,0,,2026-08-31T02:21:38.422656+00:00
2025-09-22,11,42.95,47,30.06,60.12,2025-09-22T09:00:00+08:00,2025-09-22T21:00:00+08:00,OPERATING,26.36,0.0,15.54,0,0,0,,2026-08-31T02:21:38.422656+00:00
2025-09-22,12,42.44,43,29.71,59.42,2025-09-22T09:00:00+08:00,2025-09-22T21:00:00+08:00,OPERATING,26.76,0.0,14.58,0,0,0,,2026-08-31T02:21:38.422656+00:00
2025-09-22,13,44.84,46,31.39,62.78,2025-09-22T09:00:00+08:00,2025-09-22T21:00:00+08:00,OPERATING,28.16,0.0,16.75,0,0,0,,2026-08-31T02:21:38.422656+00:00
2025-09-22,14,48.68,47,34.07,68.15,2025-09-22T09:00:00+08:00,2025-09-22T21:00:00+08:00,OPERATING,25.99,0.0,17.22,0,0,0,,2026-08-31T02:21:38.422656+00:00
2025-09-22,15,49.16,47,34.41,68.83,2025-09-22T09:00:00+08:00,2025-09-22T21:00:00+08:00,OPERATING,27.49,0.0,16.12,0,0,0,,2026-08-31T02:21:38.422656+00:00
2025-09-22,16,41.46,46,29.02,58.04,2025-09-22T09:00:00+08:00,2025-09-22T21:00:00+08:00,OPERATING,26.39,0.0,13.68,0,0,0,,2026-08-31T02:21:38.422656+00:00
2025-09-22,17,44.58,46,31.21,62.41,2025-09-22T09:00:00+08:00,2025-09-22T21:00:00+08:00,OPERATING,28.18,0.0,15.87,0,0,0,,2026-08-31T02:21:38.422656+00:00
2025-09-22,18,40.02,46,28.01,56.03,2025-09-22T09:00:00+08:00,2025-09-22T21:00:00+08:00,OPERATING,27.1,0.0,14.27,0,0,0,,2026-08-31T02:21:38.422656+00:00
2025-09-22,19,34.51,47,24.16,48.32,2025-09-22T09:00:00+08:00,2025-09-22T21:00:00+08:00,OPERATING,26.01,0.0,15.58,0,0,0,,2026-08-31T02:21:38.422656+00:00
2025-09-22,20,28.01,45,19.61,39.21,2025-09-22T09:00:00+08:00,2025-09-22T21:00:00+08:00,OPERATING,26.72,0.0,14.24,0,0,0,,2026-08-31T02:21:38.422656+00:00
2025-09-22,21,20.34,44,14.24,28.48,2025-09-22T09:00:00+08:00,2025-09-22T21:00:00+08:00,OPERATING,26.9,0.0,15.02,0,0,0,,2026-08-31T02:21:38.422656+00:00
2025-09-23,9,20.5,44,14.35,28.69,2025-09-23T09:00:00+08:00,2025-09-23T21:00:00+08:00,OPERATING,28.3,2.9,19.41,0,0,0,,2026-08-31T02:21:38.422656+00:00
2025-09-23,10,21.82,46,15.27,30.54,2025-09-23T09:00:00+08:00,2025-09-23T21:00:00+08:00,OPERATING,28.24,2.9,20.05,0,0,0,,2026-08-31T02:21:38.422656+00:00
2025-09-23,11,27.28,47,19.09,38.19,2025-09-23T09:00:00+08:00,2025-09-23T21:00:00+08:00,OPERATING,28.12,2.9,20.86,0,0,0,,2026-08-31T02:21:38.422656+00:00
2025-09-23,12,35.47,47,24.83,49.65,2025-09-23T09:00:00+08:00,2025-09-23T21:00:00+08:00,OPERATING,27.5,2.9,20.34,0,0,0,,2026-08-31T02:21:38.422656+00:00
2025-09-23,13,38.19,45,26.73,53.46,2025-09-23T09:00:00+08:00,2025-09-23T21:00:00+08:00,OPERATING,28.02,2.9,19.45,0,0,0,,2026-08-31T02:21:38.422656+00:00
2025-09-23,14,37.15,45,26.0,52.0,2025-09-23T09:00:00+08:00,2025-09-23T21:00:00+08:00,OPERATING,28.55,2.9,20.02,0,0,0,,2026-08-31T02:21:38.422656+00:00
2025-09-23,15,39.18,45,27.43,54.86,2025-09-23T09:00:00+08:00,2025-09-23T21:00:00+08:00,OPERATING,27.4,2.9,20.42,0,0,0,,2026-08-31T02:21:38.422656+00:00
2025-09-23,16,36.74,45,25.72,51.43,2025-09-23T09:00:00+08:00,2025-09-23T21:00:00+08:00,OPERATING,28.58,2.9,19.46,0,0,0,,2026-08-31T02:21:38.422656+00:00
2025-09-23,17,34.46,47,24.12,48.24,2025-09-23T09:00:00+08:00,2025-09-23T21:00:00+08:00,OPERATING,27.79,2.9,18.95,0,0,0,,2026-08-31T02:21:38.422656+00:00
2025-09-23,18,30.0,43,21.0,42.0,2025-09-23T09:00:00+08:00,2025-09-23T21:00:00+08:00,OPERATING,27.73,2.9,19.59,0,0,0,,2026-08-31T02:21:38.422656+00:00
2025-09-23,19,30.75,47,21.53,43.06,2025-09-23T09:00:00+08:00,2025-09-23T21:00:00+08:00,OPERATING,28.44,2.9,19.89,0,0,0,,2026-08-31T02:21:38.422656+00:00
2025-09-23,20,22.73,47,15.91,31.83,2025-09-23T09:00:00+08:00,2025-09-23T21:00:00+08:00,OPERATING,29.12,2.9,19.53,0,0,0,,2026-08-31T02:21:38.422656+00:00
2025-09-23,21,17.9,44,12.53,25.06,2025-09-23T09:00:00+08:00,2025-09-23T21:00:00+08:00,OPERATING,29.07,2.9,20.64,0,0,0,,2026-08-31T02:21:38.422656+00:00
2025-09-24,9,25.07,47,17.55,35.1,2025-09-24T09:00:00+08:00,2025-09-24T21:00:00+08:00,OPERATING,28.39,0.0,16.97,0,0,0,,2026-08-31T02:21:38.422656+00:00
2025-09-24,10,33.35,43,23.35,46.69,2025-09-24T09:00:00+08:00,2025-09-24T21:00:00+08:00,OPERATING,27.78,0.0,14.74,0,0,0,,2026-08-31T02:21:38.422656+00:00
2025-09-24,11,44.75,44,31.32,62.64,2025-09-24T09:00:00+08:00,2025-09-24T21:00:00+08:00,OPERATING,28.53,0.0,14.22,0,0,0,,2026-08-31T02:21:38.422656+00:00
2025-09-24,12,48.39,46,33.87,67.74,2025-09-24T09:00:00+08:00,2025-09-24T21:00:00+08:00,OPERATING,29.36,0.0,16.43,0,0,0,,2026-08-31T02:21:38.422656+00:00
2025-09-24,13,52.6,47,36.82,73.64,2025-09-24T09:00:00+08:00,2025-09-24T21:00:00+08:00,OPERATING,29.32,0.0,17.44,0,0,0,,2026-08-31T02:21:38.422656+00:00
2025-09-24,14,52.91,46,37.04,74.08,2025-09-24T09:00:00+08:00,2025-09-24T21:00:00+08:00,OPERATING,30.26,0.0,14.27,0,0,0,,2026-08-31T02:21:38.422656+00:00
2025-09-24,15,52.68,46,36.87,73.75,2025-09-24T09:00:00+08:00,2025-09-24T21:00:00+08:00,OPERATING,28.32,0.0,13.91,0,0,0,,2026-08-31T02:21:38.422656+00:00
2025-09-24,16,53.82,43,37.67,75.34,2025-09-24T09:00:00+08:00,2025-09-24T21:00:00+08:00,OPERATING,29.16,0.0,16.85,0,0,0,,2026-08-31T02:21:38.422656+00:00
2025-09-24,17,48.26,43,33.79,67.57,2025-09-24T09:00:00+08:00,2025-09-24T21:00:00+08:00,OPERATING,28.83,0.0,17.49,0,0,0,,2026-08-31T02:21:38.422656+00:00
2025-09-24,18,44.09,46,30.87,61.73,2025-09-24T09:00:00+08:00,2025-09-24T21:00:00+08:00,OPERATING,27.46,0.0,15.66,0,0,0,,2026-08-31T02:21:38.422656+00:00
2025-09-24,19,40.03,47,28.02,56.04,2025-09-24T09:00:00+08:00,2025-09-24T21:00:00+08:00,OPERATING,28.28,0.0,17.79,0,0,0,,2026-08-31T02:21:38.422656+00:00
2025-09-24,20,30.29,45,21.2,42.4,2025-09-24T09:00:00+08:00,2025-09-24T21:00:00+08:00,OPERATING,28.9,0.0,15.25,0,0,0,,2026-08-31T02:21:38.422656+00:00
2025-09-24,21,22.6,46,15.82,31.64,2025-09-24T09:00:00+08:00,2025-09-24T21:00:00+08:00,OPERATING,29.8,0.0,15.56,0,0,0,,2026-08-31T02:21:38.422656+00:00
2025-09-25,9,21.5,43,15.05,30.09,2025-09-25T09:00:00+08:00,2025-09-25T21:00:00+08:00,OPERATING,29.06,1.2,14.85,0,0,0,,2026-08-31T02:21:38.422656+00:00
2025-09-25,10,25.62,47,17.93,35.86,2025-09-25T09:00:00+08:00,2025-09-25T21:00:00+08:00,OPERATING,29.57,1.2,11.72,0,0,0,,2026-08-31T02:21:38.422656+00:00
2025-09-25,11,42.49,47,29.75,59.49,2025-09-25T09:00:00+08:00,2025-09-25T21:00:00+08:00,OPERATING,29.99,1.2,12.44,0,0,0,,2026-08-31T02:21:38.422656+00:00
2025-09-25,12,40.63,45,28.44,56.88,2025-09-25T09:00:00+08:00,2025-09-25T21:00:00+08:00,OPERATING,28.84,1.2,14.51,0,0,0,,2026-08-31T02:21:38.422656+00:00
2025-09-25,13,42.21,44,29.55,59.09,2025-09-25T09:00:00+08:00,2025-09-25T21:00:00+08:00,OPERATING,28.49,1.2,14.17,0,0,0,,2026-08-31T02:21:38.422656+00:00
2025-09-25,14,44.4,47,31.08,62.16,2025-09-25T09:00:00+08:00,2025-09-25T21:00:00+08:00,OPERATING,30.13,1.2,12.81,0,0,0,,2026-08-31T02:21:38.422656+00:00
2025-09-25,15,47.69,44,33.38,66.76,2025-09-25T09:00:00+08:00,2025-09-25T21:00:00+08:00,OPERATING,30.4,1.2,12.67,0,0,0,,2026-08-31T02:21:38.422656+00:00
2025-09-25,16,47.62,46,33.33,66.67,2025-09-25T09:00:00+08:00,2025-09-25T21:00:00+08:00,OPERATING,30.63,1.2,12.24,0,0,0,,2026-08-31T02:21:38.422656+00:00
2025-09-25,17,42.29,44,29.6,59.2,2025-09-25T09:00:00+08:00,2025-09-25T21:00:00+08:00,OPERATING,29.14,1.2,12.13,0,0,0,,2026-08-31T02:21:38.422656+00:00
2025-09-25,18,35.17,47,24.62,49.23,2025-09-25T09:00:00+08:00,2025-09-25T21:00:00+08:00,OPERATING,29.92,1.2,12.72,0,0,0,,2026-08-31T02:21:38.422656+00:00
2025-09-25,19,33.34,43,23.34,46.68,2025-09-25T09:00:00+08:00,2025-09-25T21:00:00+08:00,OPERATING,30.12,1.2,12.7,0,0,0,,2026-08-31T02:21:38.422656+00:00
2025-09-25,20,26.03,43,18.22,36.44,2025-09-25T09:00:00+08:00,2025-09-25T21:00:00+08:00,OPERATING,29.01,1.2,11.94,0,0,0,,2026-08-31T02:21:38.422656+00:00
2025-09-25,21,21.65,43,15.15,30.31,2025-09-25T09:00:00+08:00,2025-09-25T21:00:00+08:00,OPERATING,31.36,1.2,12.49,0,0,0,,2026-08-31T02:21:38.422656+00:00
2025-09-26,9,21.11,45,14.77,29.55,2025-09-26T09:00:00+08:00,2025-09-26T21:00:00+08:00,OPERATING,27.87,0.4,10.08,0,0,0,,2026-08-31T02:21:38.422656+00:00
2025-09-26,10,29.52,44,20.66,41.32,2025-09-26T09:00:00+08:00,2025-09-26T21:00:00+08:00,OPERATING,29.35,0.4,9.85,0,0,0,,2026-08-31T02:21:38.422656+00:00
2025-09-26,11,37.19,44,26.04,52.07,2025-09-26T09:00:00+08:00,2025-09-26T21:00:00+08:00,OPERATING,29.21,0.4,10.6,0,0,0,,2026-08-31T02:21:38.422656+00:00
2025-09-26,12,44.77,45,31.34,62.67,2025-09-26T09:00:00+08:00,2025-09-26T21:00:00+08:00,OPERATING,28.92,0.4,11.16,0,0,0,,2026-08-31T02:21:38.422656+00:00
2025-09-26,13,44.94,45,31.46,62.92,2025-09-26T09:00:00+08:00,2025-09-26T21:00:00+08:00,OPERATING,29.76,0.4,10.5,0,0,0,,2026-08-31T02:21:38.422656+00:00
2025-09-26,14,49.86,43,34.9,69.81,2025-09-26T09:00:00+08:00,2025-09-26T21:00:00+08:00,OPERATING,30.68,0.4,8.16,0,0,0,,2026-08-31T02:21:38.422656+00:00
2025-09-26,15,47.19,44,33.03,66.06,2025-09-26T09:00:00+08:00,2025-09-26T21:00:00+08:00,OPERATING,27.89,0.4,10.62,0,0,0,,2026-08-31T02:21:38.422656+00:00
2025-09-26,16,44.81,43,31.37,62.74,2025-09-26T09:00:00+08:00,2025-09-26T21:00:00+08:00,OPERATING,29.76,0.4,7.72,0,0,0,,2026-08-31T02:21:38.422656+00:00
2025-09-26,17,43.94,45,30.76,61.52,2025-09-26T09:00:00+08:00,2025-09-26T21:00:00+08:00,OPERATING,29.48,0.4,9.21,0,0,0,,2026-08-31T02:21:38.422656+00:00
2025-09-26,18,39.92,43,27.94,55.88,2025-09-26T09:00:00+08:00,2025-09-26T21:00:00+08:00,OPERATING,28.15,0.4,9.89,0,0,0,,2026-08-31T02:21:38.422656+00:00
2025-09-26,19,38.18,44,26.73,53.46,2025-09-26T09:00:00+08:00,2025-09-26T21:00:00+08:00,OPERATING,31.01,0.4,10.19,0,0,0,,2026-08-31T02:21:38.422656+00:00
2025-09-26,20,33.07,47,23.15,46.29,2025-09-26T09:00:00+08:00,2025-09-26T21:00:00+08:00,OPERATING,28.63,0.4,11.62,0,0,0,,2026-08-31T02:21:38.422656+00:00
2025-09-26,21,22.22,47,15.56,31.11,2025-09-26T09:00:00+08:00,2025-09-26T21:00:00+08:00,OPERATING,30.6,0.4,9.76,0,0,0,,2026-08-31T02:21:38.422656+00:00
2025-09-27,9,28.37,46,19.86,39.72,2025-09-27T09:00:00+08:00,2025-09-27T21:00:00+08:00,OPERATING,27.86,4.1,8.68,1,1,0,,2026-08-31T02:21:38.422656+00:00
2025-09-27,10,43.12,46,30.18,60.36,2025-09-27T09:00:00+08:00,2025-09-27T21:00:00+08:00,OPERATING,28.9,4.1,10.01,1,1,0,,2026-08-31T02:21:38.422656+00:00
2025-09-27,11,56.35,44,39.44,78.89,2025-09-27T09:00:00+08:00,2025-09-27T21:00:00+08:00,OPERATING,29.27,4.1,9.96,1,1,0,,2026-08-31T02:21:38.422656+00:00
2025-09-27,12,57.33,46,40.13,80.26,2025-09-27T09:00:00+08:00,2025-09-27T21:00:00+08:00,OPERATING,28.7,4.1,10.25,1,1,0,,2026-08-31T02:21:38.422656+00:00
2025-09-27,13,57.7,44,40.39,80.79,2025-09-27T09:00:00+08:00,2025-09-27T21:00:00+08:00,OPERATING,28.83,4.1,8.09,1,1,0,,2026-08-31T02:21:38.422656+00:00
2025-09-27,14,67.72,45,47.41,94.81,2025-09-27T09:00:00+08:00,2025-09-27T21:00:00+08:00,OPERATING,28.93,4.1,9.61,1,1,0,,2026-08-31T02:21:38.422656+00:00
2025-09-27,15,70.57,46,49.4,98.8,2025-09-27T09:00:00+08:00,2025-09-27T21:00:00+08:00,OPERATING,27.62,4.1,9.52,1,1,0,,2026-08-31T02:21:38.422656+00:00
2025-09-27,16,65.24,46,45.67,91.33,2025-09-27T09:00:00+08:00,2025-09-27T21:00:00+08:00,OPERATING,28.09,4.1,11.07,1,1,0,,2026-08-31T02:21:38.422656+00:00
2025-09-27,17,60.51,44,42.36,84.72,2025-09-27T09:00:00+08:00,2025-09-27T21:00:00+08:00,OPERATING,28.66,4.1,10.8,1,1,0,,2026-08-31T02:21:38.422656+00:00
2025-09-27,18,55.24,46,38.67,77.34,2025-09-27T09:00:00+08:00,2025-09-27T21:00:00+08:00,OPERATING,29.24,4.1,9.83,1,1,0,,2026-08-31T02:21:38.422656+00:00
2025-09-27,19,49.13,44,34.39,68.78,2025-09-27T09:00:00+08:00,2025-09-27T21:00:00+08:00,OPERATING,28.91,4.1,8.93,1,1,0,,2026-08-31T02:21:38.422656+00:00
2025-09-27,20,36.55,45,25.58,51.17,2025-09-27T09:00:00+08:00,2025-09-27T21:00:00+08:00,OPERATING,29.14,4.1,9.57,1,1,0,,2026-08-31T02:21:38.422656+00:00
2025-09-27,21,25.85,44,18.1,36.2,2025-09-27T09:00:00+08:00,2025-09-27T21:00:00+08:00,OPERATING,28.48,4.1,9.85,1,1,0,,2026-08-31T02:21:38.422656+00:00
2025-09-28,9,21.42,45,14.99,29.98,2025-09-28T09:00:00+08:00,2025-09-28T21:00:00+08:00,OPERATING,28.71,5.4,13.19,0,1,0,,2026-08-31T02:21:38.422656+00:00
2025-09-28,10,27.26,43,19.08,38.17,2025-09-28T09:00:00+08:00,2025-09-28T21:00:00+08:00,OPERATING,27.7,5.4,12.43,0,1,0,,2026-08-31T02:21:38.422656+00:00
2025-09-28,11,37.06,43,25.94,51.88,2025-09-28T09:00:00+08:00,2025-09-28T21:00:00+08:00,OPERATING,27.93,5.4,12.47,0,1,0,,2026-08-31T02:21:38.422656+00:00
2025-09-28,12,38.27,45,26.79,53.58,2025-09-28T09:00:00+08:00,2025-09-28T21:00:00+08:00,OPERATING,28.45,5.4,9.83,0,1,0,,2026-08-31T02:21:38.422656+00:00
2025-09-28,13,33.31,43,27.43,54.86,2025-09-28T09:00:00+08:00,2025-09-28T21:00:00+08:00,OPERATING,28.12,5.4,13.38,0,1,0,,2026-08-31T02:21:38.422656+00:00
2025-09-28,14,35.55,45,29.28,58.56,2025-09-28T09:00:00+08:00,2025-09-28T21:00:00+08:00,OPERATING,27.3,5.4,13.6,0,1,0,,2026-08-31T02:21:38.422656+00:00
2025-09-28,15,41.33,44,34.04,68.07,2025-09-28T09:00:00+08:00,2025-09-28T21:00:00+08:00,OPERATING,26.93,5.4,13.17,0,1,0,,2026-08-31T02:21:38.422656+00:00
2025-09-28,16,37.68,44,31.03,62.06,2025-09-28T09:00:00+08:00,2025-09-28T21:00:00+08:00,OPERATING,27.85,5.4,12.54,0,1,0,,2026-08-31T02:21:38.422656+00:00
2025-09-28,17,39.04,45,27.33,54.65,2025-09-28T09:00:00+08:00,2025-09-28T21:00:00+08:00,OPERATING,26.73,5.4,13.17,0,1,0,,2026-08-31T02:21:38.422656+00:00
2025-09-28,18,34.35,44,24.04,48.09,2025-09-28T09:00:00+08:00,2025-09-28T21:00:00+08:00,OPERATING,28.52,5.4,13.72,0,1,0,,2026-08-31T02:21:38.422656+00:00
2025-09-28,19,28.1,46,19.67,39.33,2025-09-28T09:00:00+08:00,2025-09-28T21:00:00+08:00,OPERATING,28.7,5.4,12.0,0,1,0,,2026-08-31T02:21:38.422656+00:00
2025-09-28,20,27.92,45,19.54,39.09,2025-09-28T09:00:00+08:00,2025-09-28T21:00:00+08:00,OPERATING,29.21,5.4,13.22,0,1,0,,2026-08-31T02:21:38.422656+00:00
2025-09-28,21,18.57,43,13.0,26.0,2025-09-28T09:00:00+08:00,2025-09-28T21:00:00+08:00,OPERATING,27.57,5.4,13.03,0,1,0,,2026-08-31T02:21:38.422656+00:00
2025-09-29,9,23.98,45,16.78,33.57,2025-09-29T09:00:00+08:00,2025-09-29T21:00:00+08:00,OPERATING,24.99,2.9,10.54,0,0,0,,2026-08-31T02:21:38.422656+00:00
2025-09-29,10,37.29,43,26.1,52.21,2025-09-29T09:00:00+08:00,2025-09-29T21:00:00+08:00,OPERATING,26.35,2.9,11.41,0,0,0,,2026-08-31T02:21:38.422656+00:00
2025-09-29,11,43.56,45,30.49,60.99,2025-09-29T09:00:00+08:00,2025-09-29T21:00:00+08:00,OPERATING,26.05,2.9,10.92,0,0,0,,2026-08-31T02:21:38.422656+00:00
2025-09-29,12,47.59,43,33.31,66.62,2025-09-29T09:00:00+08:00,2025-09-29T21:00:00+08:00,OPERATING,25.69,2.9,12.92,0,0,0,,2026-08-31T02:21:38.422656+00:00
2025-09-29,13,48.84,47,34.19,68.37,2025-09-29T09:00:00+08:00,2025-09-29T21:00:00+08:00,OPERATING,25.2,2.9,12.94,0,0,0,,2026-08-31T02:21:38.422656+00:00
2025-09-29,14,48.58,44,34.01,68.02,2025-09-29T09:00:00+08:00,2025-09-29T21:00:00+08:00,OPERATING,25.77,2.9,13.47,0,0,0,,2026-08-31T02:21:38.422656+00:00
2025-09-29,15,52.28,46,36.6,73.2,2025-09-29T09:00:00+08:00,2025-09-29T21:00:00+08:00,OPERATING,26.02,2.9,12.39,0,0,0,,2026-08-31T02:21:38.422656+00:00
2025-09-29,16,54.72,43,38.3,76.6,2025-09-29T09:00:00+08:00,2025-09-29T21:00:00+08:00,OPERATING,26.01,2.9,10.28,0,0,0,,2026-08-31T02:21:38.422656+00:00
2025-09-29,17,49.46,47,34.62,69.24,2025-09-29T09:00:00+08:00,2025-09-29T21:00:00+08:00,OPERATING,26.16,2.9,12.86,0,0,0,,2026-08-31T02:21:38.422656+00:00
2025-09-29,18,40.76,44,28.53,57.07,2025-09-29T09:00:00+08:00,2025-09-29T21:00:00+08:00,OPERATING,26.09,2.9,12.65,0,0,0,,2026-08-31T02:21:38.422656+00:00
2025-09-29,19,41.6,44,29.12,58.24,2025-09-29T09:00:00+08:00,2025-09-29T21:00:00+08:00,OPERATING,26.82,2.9,10.27,0,0,0,,2026-08-31T02:21:38.422656+00:00
2025-09-29,20,32.68,45,22.88,45.76,2025-09-29T09:00:00+08:00,2025-09-29T21:00:00+08:00,OPERATING,24.78,2.9,12.92,0,0,0,,2026-08-31T02:21:38.422656+00:00
2025-09-29,21,21.53,44,15.07,30.14,2025-09-29T09:00:00+08:00,2025-09-29T21:00:00+08:00,OPERATING,25.24,2.9,11.67,0,0,0,,2026-08-31T02:21:38.422656+00:00
2025-09-30,9,13.16,44,9.22,18.43,2025-09-30T09:00:00+08:00,2025-09-30T21:00:00+08:00,OPERATING,23.2,17.4,15.32,0,0,0,,2026-08-31T02:21:38.422656+00:00
2025-09-30,10,11.76,47,8.23,16.46,2025-09-30T09:00:00+08:00,2025-09-30T21:00:00+08:00,OPERATING,23.04,17.4,16.89,0,0,0,,2026-08-31T02:21:38.422656+00:00
2025-09-30,11,24.02,43,16.81,33.62,2025-09-30T09:00:00+08:00,2025-09-30T21:00:00+08:00,OPERATING,24.76,17.4,14.97,0,0,0,,2026-08-31T02:21:38.422656+00:00
2025-09-30,12,26.99,45,18.89,37.79,2025-09-30T09:00:00+08:00,2025-09-30T21:00:00+08:00,OPERATING,24.02,17.4,15.11,0,0,0,,2026-08-31T02:21:38.422656+00:00
2025-09-30,13,24.51,43,20.18,40.37,2025-09-30T09:00:00+08:00,2025-09-30T21:00:00+08:00,OPERATING,25.43,17.4,17.65,0,0,0,,2026-08-31T02:21:38.422656+00:00
2025-09-30,14,23.49,43,19.35,38.7,2025-09-30T09:00:00+08:00,2025-09-30T21:00:00+08:00,OPERATING,23.64,17.4,16.34,0,0,0,,2026-08-31T02:21:38.422656+00:00
2025-09-30,15,25.69,47,21.16,42.32,2025-09-30T09:00:00+08:00,2025-09-30T21:00:00+08:00,OPERATING,23.03,17.4,16.39,0,0,0,,2026-08-31T02:21:38.422656+00:00
2025-09-30,16,23.69,43,19.51,39.01,2025-09-30T09:00:00+08:00,2025-09-30T21:00:00+08:00,OPERATING,23.89,17.4,16.39,0,0,0,,2026-08-31T02:21:38.422656+00:00
2025-09-30,17,23.03,43,16.12,32.24,2025-09-30T09:00:00+08:00,2025-09-30T21:00:00+08:00,OPERATING,23.5,17.4,16.46,0,0,0,,2026-08-31T02:21:38.422656+00:00
2025-09-30,18,25.58,46,17.9,35.81,2025-09-30T09:00:00+08:00,2025-09-30T21:00:00+08:00,OPERATING,23.96,17.4,17.49,0,0,0,,2026-08-31T02:21:38.422656+00:00
2025-09-30,19,21.65,44,15.15,30.31,2025-09-30T09:00:00+08:00,2025-09-30T21:00:00+08:00,OPERATING,23.51,17.4,15.8,0,0,0,,2026-08-31T02:21:38.422656+00:00
2025-09-30,20,15.89,46,11.12,22.24,2025-09-30T09:00:00+08:00,2025-09-30T21:00:00+08:00,OPERATING,24.53,17.4,15.25,0,0,0,,2026-08-31T02:21:38.422656+00:00
2025-09-30,21,7.31,46,5.12,10.24,2025-09-30T09:00:00+08:00,2025-09-30T21:00:00+08:00,OPERATING,24.74,17.4,16.45,0,0,0,,2026-08-31T02:21:38.422656+00:00
2025-10-01,9,30.6,44,21.42,42.84,2025-10-01T09:00:00+08:00,2025-10-01T21:00:00+08:00,OPERATING,23.82,1.9,8.25,1,0,0,,2026-08-31T02:21:38.422656+00:00
2025-10-01,10,42.83,47,29.98,59.97,2025-10-01T09:00:00+08:00,2025-10-01T21:00:00+08:00,OPERATING,24.64,1.9,8.39,1,0,0,,2026-08-31T02:21:38.422656+00:00
2025-10-01,11,60.75,45,42.53,85.05,2025-10-01T09:00:00+08:00,2025-10-01T21:00:00+08:00,OPERATING,24.03,1.9,7.92,1,0,0,,2026-08-31T02:21:38.422656+00:00
2025-10-01,12,67.53,43,47.27,94.54,2025-10-01T09:00:00+08:00,2025-10-01T21:00:00+08:00,OPERATING,24.05,1.9,6.12,1,0,0,,2026-08-31T02:21:38.422656+00:00
2025-10-01,13,68.97,44,48.28,96.56,2025-10-01T09:00:00+08:00,2025-10-01T21:00:00+08:00,OPERATING,24.09,1.9,8.04,1,0,0,,2026-08-31T02:21:38.422656+00:00
2025-10-01,14,74.2,46,51.94,103.88,2025-10-01T09:00:00+08:00,2025-10-01T21:00:00+08:00,OPERATING,23.23,1.9,7.39,1,0,0,,2026-08-31T02:21:38.422656+00:00
2025-10-01,15,76.87,46,53.81,107.62,2025-10-01T09:00:00+08:00,2025-10-01T21:00:00+08:00,OPERATING,25.33,1.9,7.83,1,0,0,,2026-08-31T02:21:38.422656+00:00
2025-10-01,16,70.48,47,49.33,98.67,2025-10-01T09:00:00+08:00,2025-10-01T21:00:00+08:00,OPERATING,24.01,1.9,8.94,1,0,0,,2026-08-31T02:21:38.422656+00:00
2025-10-01,17,62.02,45,43.42,86.83,2025-10-01T09:00:00+08:00,2025-10-01T21:00:00+08:00,OPERATING,23.93,1.9,6.59,1,0,0,,2026-08-31T02:21:38.422656+00:00
2025-10-01,18,59.35,44,41.54,83.09,2025-10-01T09:00:00+08:00,2025-10-01T21:00:00+08:00,OPERATING,23.91,1.9,7.85,1,0,0,,2026-08-31T02:21:38.422656+00:00
2025-10-01,19,52.39,45,36.67,73.35,2025-10-01T09:00:00+08:00,2025-10-01T21:00:00+08:00,OPERATING,23.0,1.9,5.98,1,0,0,,2026-08-31T02:21:38.422656+00:00
2025-10-01,20,44.07,44,30.85,61.7,2025-10-01T09:00:00+08:00,2025-10-01T21:00:00+08:00,OPERATING,24.75,1.9,6.72,1,0,0,,2026-08-31T02:21:38.422656+00:00
2025-10-01,21,32.13,47,22.49,44.98,2025-10-01T09:00:00+08:00,2025-10-01T21:00:00+08:00,OPERATING,25.68,1.9,8.22,1,0,0,,2026-08-31T02:21:38.422656+00:00
2025-10-02,9,31.92,47,22.34,44.68,2025-10-02T09:00:00+08:00,2025-10-02T21:00:00+08:00,OPERATING,29.43,1.3,17.37,1,0,0,,2026-08-31T02:21:38.422656+00:00
2025-10-02,10,51.38,43,35.97,71.93,2025-10-02T09:00:00+08:00,2025-10-02T21:00:00+08:00,OPERATING,27.31,1.3,17.37,1,0,0,,2026-08-31T02:21:38.422656+00:00
2025-10-02,11,61.24,45,42.87,85.74,2025-10-02T09:00:00+08:00,2025-10-02T21:00:00+08:00,OPERATING,27.62,1.3,18.66,1,0,0,,2026-08-31T02:21:38.422656+00:00
2025-10-02,12,66.06,45,46.24,92.49,2025-10-02T09:00:00+08:00,2025-10-02T21:00:00+08:00,OPERATING,26.77,1.3,18.23,1,0,0,,2026-08-31T02:21:38.422656+00:00
2025-10-02,13,69.43,47,48.6,97.21,2025-10-02T09:00:00+08:00,2025-10-02T21:00:00+08:00,OPERATING,26.6,1.3,18.57,1,0,0,,2026-08-31T02:21:38.422656+00:00
2025-10-02,14,70.12,46,49.09,98.17,2025-10-02T09:00:00+08:00,2025-10-02T21:00:00+08:00,OPERATING,27.04,1.3,19.45,1,0,0,,2026-08-31T02:21:38.422656+00:00
2025-10-02,15,73.82,44,51.67,103.35,2025-10-02T09:00:00+08:00,2025-10-02T21:00:00+08:00,OPERATING,26.74,1.3,17.18,1,0,0,,2026-08-31T02:21:38.422656+00:00
2025-10-02,16,70.25,43,49.18,98.35,2025-10-02T09:00:00+08:00,2025-10-02T21:00:00+08:00,OPERATING,25.45,1.3,18.34,1,0,0,,2026-08-31T02:21:38.422656+00:00
2025-10-02,17,65.96,47,46.17,92.35,2025-10-02T09:00:00+08:00,2025-10-02T21:00:00+08:00,OPERATING,27.5,1.3,17.16,1,0,0,,2026-08-31T02:21:38.422656+00:00
2025-10-02,18,61.4,46,42.98,85.96,2025-10-02T09:00:00+08:00,2025-10-02T21:00:00+08:00,OPERATING,27.06,1.3,17.22,1,0,0,,2026-08-31T02:21:38.422656+00:00
2025-10-02,19,53.07,46,37.15,74.29,2025-10-02T09:00:00+08:00,2025-10-02T21:00:00+08:00,OPERATING,29.26,1.3,17.66,1,0,0,,2026-08-31T02:21:38.422656+00:00
2025-10-02,20,42.6,45,29.82,59.64,2025-10-02T09:00:00+08:00,2025-10-02T21:00:00+08:00,OPERATING,27.69,1.3,17.71,1,0,0,,2026-08-31T02:21:38.422656+00:00
2025-10-02,21,30.42,47,21.29,42.58,2025-10-02T09:00:00+08:00,2025-10-02T21:00:00+08:00,OPERATING,27.35,1.3,17.33,1,0,0,,2026-08-31T02:21:38.422656+00:00
2025-10-03,9,35.82,47,25.08,50.15,2025-10-03T09:00:00+08:00,2025-10-03T21:00:00+08:00,OPERATING,27.27,0.0,16.76,1,0,0,,2026-08-31T02:21:38.422656+00:00
2025-10-03,10,49.01,47,34.31,68.62,2025-10-03T09:00:00+08:00,2025-10-03T21:00:00+08:00,OPERATING,29.2,0.0,14.8,1,0,0,,2026-08-31T02:21:38.422656+00:00
2025-10-03,11,64.0,43,44.8,89.6,2025-10-03T09:00:00+08:00,2025-10-03T21:00:00+08:00,OPERATING,29.61,0.0,13.75,1,0,0,,2026-08-31T02:21:38.422656+00:00
2025-10-03,12,68.9,46,48.23,96.47,2025-10-03T09:00:00+08:00,2025-10-03T21:00:00+08:00,OPERATING,28.51,0.0,16.38,1,0,0,,2026-08-31T02:21:38.422656+00:00
2025-10-03,13,70.44,44,49.31,98.62,2025-10-03T09:00:00+08:00,2025-10-03T21:00:00+08:00,OPERATING,27.03,0.0,15.27,1,0,0,,2026-08-31T02:21:38.422656+00:00
2025-10-03,14,79.9,45,55.93,111.86,2025-10-03T09:00:00+08:00,2025-10-03T21:00:00+08:00,OPERATING,28.64,0.0,15.57,1,0,0,,2026-08-31T02:21:38.422656+00:00
2025-10-03,15,80.65,46,56.45,112.9,2025-10-03T09:00:00+08:00,2025-10-03T21:00:00+08:00,OPERATING,29.4,0.0,16.74,1,0,0,,2026-08-31T02:21:38.422656+00:00
2025-10-03,16,77.48,43,54.23,108.47,2025-10-03T09:00:00+08:00,2025-10-03T21:00:00+08:00,OPERATING,28.43,0.0,16.03,1,0,0,,2026-08-31T02:21:38.422656+00:00
2025-10-03,17,67.78,47,47.44,94.89,2025-10-03T09:00:00+08:00,2025-10-03T21:00:00+08:00,OPERATING,27.37,0.0,14.32,1,0,0,,2026-08-31T02:21:38.422656+00:00
2025-10-03,18,63.08,45,44.16,88.32,2025-10-03T09:00:00+08:00,2025-10-03T21:00:00+08:00,OPERATING,27.66,0.0,15.46,1,0,0,,2026-08-31T02:21:38.422656+00:00
2025-10-03,19,58.67,43,41.07,82.14,2025-10-03T09:00:00+08:00,2025-10-03T21:00:00+08:00,OPERATING,28.24,0.0,14.5,1,0,0,,2026-08-31T02:21:38.422656+00:00
2025-10-03,20,45.65,43,31.95,63.91,2025-10-03T09:00:00+08:00,2025-10-03T21:00:00+08:00,OPERATING,28.6,0.0,14.02,1,0,0,,2026-08-31T02:21:38.422656+00:00
2025-10-03,21,37.35,43,26.14,52.29,2025-10-03T09:00:00+08:00,2025-10-03T21:00:00+08:00,OPERATING,28.56,0.0,15.44,1,0,0,,2026-08-31T02:21:38.422656+00:00
2025-10-04,9,36.78,45,25.75,51.5,2025-10-04T09:00:00+08:00,2025-10-04T21:00:00+08:00,OPERATING,27.73,0.4,10.75,1,1,0,,2026-08-31T02:21:38.422656+00:00
2025-10-04,10,43.07,44,30.15,60.29,2025-10-04T09:00:00+08:00,2025-10-04T21:00:00+08:00,OPERATING,24.98,0.4,8.92,1,1,0,,2026-08-31T02:21:38.422656+00:00
2025-10-04,11,57.81,44,40.47,80.93,2025-10-04T09:00:00+08:00,2025-10-04T21:00:00+08:00,OPERATING,26.56,0.4,9.27,1,1,0,,2026-08-31T02:21:38.422656+00:00
2025-10-04,12,67.7,47,47.39,94.77,2025-10-04T09:00:00+08:00,2025-10-04T21:00:00+08:00,OPERATING,26.45,0.4,9.4,1,1,0,,2026-08-31T02:21:38.422656+00:00
2025-10-04,13,66.58,43,46.61,93.21,2025-10-04T09:00:00+08:00,2025-10-04T21:00:00+08:00,OPERATING,24.36,0.4,9.01,1,1,0,,2026-08-31T02:21:38.422656+00:00
2025-10-04,14,68.77,43,48.14,96.28,2025-10-04T09:00:00+08:00,2025-10-04T21:00:00+08:00,OPERATING,25.0,0.4,9.38,1,1,0,,2026-08-31T02:21:38.422656+00:00
2025-10-04,15,69.33,47,48.53,97.06,2025-10-04T09:00:00+08:00,2025-10-04T21:00:00+08:00,OPERATING,25.51,0.4,8.55,1,1,0,,2026-08-31T02:21:38.422656+00:00
2025-10-04,16,70.17,44,49.12,98.24,2025-10-04T09:00:00+08:00,2025-10-04T21:00:00+08:00,OPERATING,26.23,0.4,9.88,1,1,0,,2026-08-31T02:21:38.422656+00:00
2025-10-04,17,66.03,46,46.22,92.44,2025-10-04T09:00:00+08:00,2025-10-04T21:00:00+08:00,OPERATING,25.44,0.4,11.18,1,1,0,,2026-08-31T02:21:38.422656+00:00
2025-10-04,18,60.09,46,42.07,84.13,2025-10-04T09:00:00+08:00,2025-10-04T21:00:00+08:00,OPERATING,25.74,0.4,9.77,1,1,0,,2026-08-31T02:21:38.422656+00:00
2025-10-04,19,53.64,45,37.55,75.09,2025-10-04T09:00:00+08:00,2025-10-04T21:00:00+08:00,OPERATING,26.79,0.4,8.01,1,1,0,,2026-08-31T02:21:38.422656+00:00
2025-10-04,20,39.47,46,27.63,55.26,2025-10-04T09:00:00+08:00,2025-10-04T21:00:00+08:00,OPERATING,25.95,0.4,10.59,1,1,0,,2026-08-31T02:21:38.422656+00:00
2025-10-04,21,30.37,43,21.26,42.51,2025-10-04T09:00:00+08:00,2025-10-04T21:00:00+08:00,OPERATING,26.44,0.4,11.04,1,1,0,,2026-08-31T02:21:38.422656+00:00
2025-10-05,9,34.85,47,24.4,48.79,2025-10-05T09:00:00+08:00,2025-10-05T21:00:00+08:00,OPERATING,27.95,1.5,7.42,1,1,0,,2026-08-31T02:21:38.422656+00:00
2025-10-05,10,45.01,46,31.51,63.02,2025-10-05T09:00:00+08:00,2025-10-05T21:00:00+08:00,OPERATING,29.6,1.5,7.72,1,1,0,,2026-08-31T02:21:38.422656+00:00
2025-10-05,11,58.43,45,40.9,81.8,2025-10-05T09:00:00+08:00,2025-10-05T21:00:00+08:00,OPERATING,27.76,1.5,6.37,1,1,0,,2026-08-31T02:21:38.422656+00:00
2025-10-05,12,63.26,43,44.28,88.56,2025-10-05T09:00:00+08:00,2025-10-05T21:00:00+08:00,OPERATING,28.11,1.5,9.38,1,1,0,,2026-08-31T02:21:38.422656+00:00
2025-10-05,13,66.6,47,46.62,93.24,2025-10-05T09:00:00+08:00,2025-10-05T21:00:00+08:00,OPERATING,28.12,1.5,9.49,1,1,0,,2026-08-31T02:21:38.422656+00:00
2025-10-05,14,66.47,45,46.53,93.05,2025-10-05T09:00:00+08:00,2025-10-05T21:00:00+08:00,OPERATING,27.71,1.5,8.25,1,1,0,,2026-08-31T02:21:38.422656+00:00
2025-10-05,15,71.48,47,50.04,100.08,2025-10-05T09:00:00+08:00,2025-10-05T21:00:00+08:00,OPERATING,27.9,1.5,7.1,1,1,0,,2026-08-31T02:21:38.422656+00:00
2025-10-05,16,66.98,44,46.89,93.77,2025-10-05T09:00:00+08:00,2025-10-05T21:00:00+08:00,OPERATING,28.22,1.5,8.91,1,1,0,,2026-08-31T02:21:38.422656+00:00
2025-10-05,17,61.37,43,42.96,85.92,2025-10-05T09:00:00+08:00,2025-10-05T21:00:00+08:00,OPERATING,28.2,1.5,7.86,1,1,0,,2026-08-31T02:21:38.422656+00:00
2025-10-05,18,56.81,47,39.77,79.54,2025-10-05T09:00:00+08:00,2025-10-05T21:00:00+08:00,OPERATING,28.76,1.5,7.36,1,1,0,,2026-08-31T02:21:38.422656+00:00
2025-10-05,19,45.21,43,31.65,63.3,2025-10-05T09:00:00+08:00,2025-10-05T21:00:00+08:00,OPERATING,29.9,1.5,8.86,1,1,0,,2026-08-31T02:21:38.422656+00:00
2025-10-05,20,45.13,45,31.59,63.18,2025-10-05T09:00:00+08:00,2025-10-05T21:00:00+08:00,OPERATING,27.68,1.5,8.64,1,1,0,,2026-08-31T02:21:38.422656+00:00
2025-10-05,21,32.11,43,22.47,44.95,2025-10-05T09:00:00+08:00,2025-10-05T21:00:00+08:00,OPERATING,29.74,1.5,7.16,1,1,0,,2026-08-31T02:21:38.422656+00:00
2025-10-06,9,31.67,44,22.17,44.33,2025-10-06T09:00:00+08:00,2025-10-06T21:00:00+08:00,OPERATING,30.05,0.9,7.1,1,0,0,,2026-08-31T02:21:38.422656+00:00
2025-10-06,10,43.75,44,30.63,61.25,2025-10-06T09:00:00+08:00,2025-10-06T21:00:00+08:00,OPERATING,30.42,0.9,7.49,1,0,0,,2026-08-31T02:21:38.422656+00:00
2025-10-06,11,52.95,43,37.07,74.13,2025-10-06T09:00:00+08:00,2025-10-06T21:00:00+08:00,OPERATING,30.75,0.9,6.61,1,0,0,,2026-08-31T02:21:38.422656+00:00
2025-10-06,12,59.57,43,41.7,83.4,2025-10-06T09:00:00+08:00,2025-10-06T21:00:00+08:00,OPERATING,29.72,0.9,4.02,1,0,0,,2026-08-31T02:21:38.422656+00:00
2025-10-06,13,62.87,47,44.01,88.01,2025-10-06T09:00:00+08:00,2025-10-06T21:00:00+08:00,OPERATING,29.12,0.9,7.03,1,0,0,,2026-08-31T02:21:38.422656+00:00
2025-10-06,14,65.48,43,45.84,91.67,2025-10-06T09:00:00+08:00,2025-10-06T21:00:00+08:00,OPERATING,28.9,0.9,8.67,1,0,0,,2026-08-31T02:21:38.422656+00:00
2025-10-06,15,68.57,47,48.0,96.0,2025-10-06T09:00:00+08:00,2025-10-06T21:00:00+08:00,OPERATING,29.31,0.9,6.29,1,0,0,,2026-08-31T02:21:38.422656+00:00
2025-10-06,16,66.87,44,46.81,93.62,2025-10-06T09:00:00+08:00,2025-10-06T21:00:00+08:00,OPERATING,29.37,0.9,7.92,1,0,0,,2026-08-31T02:21:38.422656+00:00
2025-10-06,17,56.8,46,39.76,79.53,2025-10-06T09:00:00+08:00,2025-10-06T21:00:00+08:00,OPERATING,29.44,0.9,7.49,1,0,0,,2026-08-31T02:21:38.422656+00:00
2025-10-06,18,50.89,43,35.62,71.25,2025-10-06T09:00:00+08:00,2025-10-06T21:00:00+08:00,OPERATING,28.96,0.9,6.33,1,0,0,,2026-08-31T02:21:38.422656+00:00
2025-10-06,19,49.51,44,34.66,69.32,2025-10-06T09:00:00+08:00,2025-10-06T21:00:00+08:00,OPERATING,29.9,0.9,7.33,1,0,0,,2026-08-31T02:21:38.422656+00:00
2025-10-06,20,44.37,45,31.06,62.12,2025-10-06T09:00:00+08:00,2025-10-06T21:00:00+08:00,OPERATING,28.41,0.9,6.7,1,0,0,,2026-08-31T02:21:38.422656+00:00
2025-10-06,21,32.95,45,23.07,46.13,2025-10-06T09:00:00+08:00,2025-10-06T21:00:00+08:00,OPERATING,30.54,0.9,5.98,1,0,0,,2026-08-31T02:21:38.422656+00:00
2025-10-07,9,36.1,47,25.27,50.54,2025-10-07T09:00:00+08:00,2025-10-07T21:00:00+08:00,OPERATING,28.5,0.0,12.01,1,0,0,,2026-08-31T02:21:38.422656+00:00
2025-10-07,10,49.32,46,34.52,69.04,2025-10-07T09:00:00+08:00,2025-10-07T21:00:00+08:00,OPERATING,29.23,0.0,13.62,1,0,0,,2026-08-31T02:21:38.422656+00:00
2025-10-07,11,58.95,44,41.26,82.53,2025-10-07T09:00:00+08:00,2025-10-07T21:00:00+08:00,OPERATING,28.42,0.0,12.08,1,0,0,,2026-08-31T02:21:38.422656+00:00
2025-10-07,12,71.0,43,49.7,99.4,2025-10-07T09:00:00+08:00,2025-10-07T21:00:00+08:00,OPERATING,26.79,0.0,12.57,1,0,0,,2026-08-31T02:21:38.422656+00:00
2025-10-07,13,73.39,46,51.37,102.75,2025-10-07T09:00:00+08:00,2025-10-07T21:00:00+08:00,OPERATING,27.96,0.0,11.61,1,0,0,,2026-08-31T02:21:38.422656+00:00
2025-10-07,14,72.79,45,50.96,101.91,2025-10-07T09:00:00+08:00,2025-10-07T21:00:00+08:00,OPERATING,25.69,0.0,12.57,1,0,0,,2026-08-31T02:21:38.422656+00:00
2025-10-07,15,78.73,43,55.11,110.23,2025-10-07T09:00:00+08:00,2025-10-07T21:00:00+08:00,OPERATING,28.0,0.0,12.25,1,0,0,,2026-08-31T02:21:38.422656+00:00
2025-10-07,16,78.16,46,54.71,109.42,2025-10-07T09:00:00+08:00,2025-10-07T21:00:00+08:00,OPERATING,27.35,0.0,11.62,1,0,0,,2026-08-31T02:21:38.422656+00:00
2025-10-07,17,68.78,45,48.15,96.29,2025-10-07T09:00:00+08:00,2025-10-07T21:00:00+08:00,OPERATING,28.02,0.0,11.71,1,0,0,,2026-08-31T02:21:38.422656+00:00
2025-10-07,18,62.1,43,43.47,86.94,2025-10-07T09:00:00+08:00,2025-10-07T21:00:00+08:00,OPERATING,27.84,0.0,13.83,1,0,0,,2026-08-31T02:21:38.422656+00:00
2025-10-07,19,60.89,47,42.62,85.24,2025-10-07T09:00:00+08:00,2025-10-07T21:00:00+08:00,OPERATING,27.27,0.0,12.89,1,0,0,,2026-08-31T02:21:38.422656+00:00
2025-10-07,20,46.43,46,32.5,65.0,2025-10-07T09:00:00+08:00,2025-10-07T21:00:00+08:00,OPERATING,27.77,0.0,13.58,1,0,0,,2026-08-31T02:21:38.422656+00:00
2025-10-07,21,28.89,46,20.22,40.44,2025-10-07T09:00:00+08:00,2025-10-07T21:00:00+08:00,OPERATING,27.16,0.0,11.97,1,0,0,,2026-08-31T02:21:38.422656+00:00
2025-10-08,9,28.94,43,20.26,40.52,2025-10-08T09:00:00+08:00,2025-10-08T21:00:00+08:00,OPERATING,25.76,0.0,13.62,1,0,0,,2026-08-31T02:21:38.422656+00:00
2025-10-08,10,47.09,46,32.97,65.93,2025-10-08T09:00:00+08:00,2025-10-08T21:00:00+08:00,OPERATING,26.04,0.0,15.88,1,0,0,,2026-08-31T02:21:38.422656+00:00
2025-10-08,11,51.74,44,36.22,72.43,2025-10-08T09:00:00+08:00,2025-10-08T21:00:00+08:00,OPERATING,25.36,0.0,13.81,1,0,0,,2026-08-31T02:21:38.422656+00:00
2025-10-08,12,57.38,46,40.16,80.33,2025-10-08T09:00:00+08:00,2025-10-08T21:00:00+08:00,OPERATING,27.15,0.0,14.57,1,0,0,,2026-08-31T02:21:38.422656+00:00
2025-10-08,13,57.18,46,40.03,80.06,2025-10-08T09:00:00+08:00,2025-10-08T21:00:00+08:00,OPERATING,25.77,0.0,14.43,1,0,0,,2026-08-31T02:21:38.422656+00:00
2025-10-08,14,66.75,47,46.73,93.45,2025-10-08T09:00:00+08:00,2025-10-08T21:00:00+08:00,OPERATING,25.11,0.0,15.34,1,0,0,,2026-08-31T02:21:38.422656+00:00
2025-10-08,15,70.54,46,49.38,98.75,2025-10-08T09:00:00+08:00,2025-10-08T21:00:00+08:00,OPERATING,25.24,0.0,14.52,1,0,0,,2026-08-31T02:21:38.422656+00:00
2025-10-08,16,64.16,45,44.91,89.83,2025-10-08T09:00:00+08:00,2025-10-08T21:00:00+08:00,OPERATING,25.88,0.0,15.02,1,0,0,,2026-08-31T02:21:38.422656+00:00
2025-10-08,17,55.73,43,39.01,78.02,2025-10-08T09:00:00+08:00,2025-10-08T21:00:00+08:00,OPERATING,23.52,0.0,16.19,1,0,0,,2026-08-31T02:21:38.422656+00:00
2025-10-08,18,51.9,45,36.33,72.67,2025-10-08T09:00:00+08:00,2025-10-08T21:00:00+08:00,OPERATING,23.38,0.0,16.16,1,0,0,,2026-08-31T02:21:38.422656+00:00
2025-10-08,19,47.88,44,33.52,67.03,2025-10-08T09:00:00+08:00,2025-10-08T21:00:00+08:00,OPERATING,23.78,0.0,14.96,1,0,0,,2026-08-31T02:21:38.422656+00:00
2025-10-08,20,41.41,45,28.99,57.98,2025-10-08T09:00:00+08:00,2025-10-08T21:00:00+08:00,OPERATING,24.85,0.0,13.65,1,0,0,,2026-08-31T02:21:38.422656+00:00
2025-10-08,21,28.06,45,19.64,39.28,2025-10-08T09:00:00+08:00,2025-10-08T21:00:00+08:00,OPERATING,24.92,0.0,15.03,1,0,0,,2026-08-31T02:21:38.422656+00:00
2025-10-09,9,24.54,45,17.18,34.35,2025-10-09T09:00:00+08:00,2025-10-09T21:00:00+08:00,OPERATING,26.84,0.0,10.23,0,0,0,,2026-08-31T02:21:38.422656+00:00
2025-10-09,10,30.76,46,21.53,43.07,2025-10-09T09:00:00+08:00,2025-10-09T21:00:00+08:00,OPERATING,24.69,0.0,10.05,0,0,0,,2026-08-31T02:21:38.422656+00:00
2025-10-09,11,41.25,43,28.87,57.74,2025-10-09T09:00:00+08:00,2025-10-09T21:00:00+08:00,OPERATING,23.81,0.0,10.64,0,0,0,,2026-08-31T02:21:38.422656+00:00
2025-10-09,12,44.48,47,31.13,62.27,2025-10-09T09:00:00+08:00,2025-10-09T21:00:00+08:00,OPERATING,24.15,0.0,9.82,0,0,0,,2026-08-31T02:21:38.422656+00:00
2025-10-09,13,46.95,47,32.86,65.73,2025-10-09T09:00:00+08:00,2025-10-09T21:00:00+08:00,OPERATING,26.8,0.0,9.63,0,0,0,,2026-08-31T02:21:38.422656+00:00
2025-10-09,14,55.0,43,38.5,77.01,2025-10-09T09:00:00+08:00,2025-10-09T21:00:00+08:00,OPERATING,25.13,0.0,11.33,0,0,0,,2026-08-31T02:21:38.422656+00:00
2025-10-09,15,54.43,47,38.1,76.21,2025-10-09T09:00:00+08:00,2025-10-09T21:00:00+08:00,OPERATING,25.54,0.0,11.0,0,0,0,,2026-08-31T02:21:38.422656+00:00
2025-10-09,16,51.28,45,35.89,71.79,2025-10-09T09:00:00+08:00,2025-10-09T21:00:00+08:00,OPERATING,25.28,0.0,8.86,0,0,0,,2026-08-31T02:21:38.422656+00:00
2025-10-09,17,50.0,43,35.0,70.0,2025-10-09T09:00:00+08:00,2025-10-09T21:00:00+08:00,OPERATING,25.47,0.0,9.32,0,0,0,,2026-08-31T02:21:38.422656+00:00
2025-10-09,18,41.04,46,28.73,57.45,2025-10-09T09:00:00+08:00,2025-10-09T21:00:00+08:00,OPERATING,26.27,0.0,10.71,0,0,0,,2026-08-31T02:21:38.422656+00:00
2025-10-09,19,35.32,43,24.72,49.45,2025-10-09T09:00:00+08:00,2025-10-09T21:00:00+08:00,OPERATING,25.56,0.0,11.26,0,0,0,,2026-08-31T02:21:38.422656+00:00
2025-10-09,20,30.41,44,21.29,42.58,2025-10-09T09:00:00+08:00,2025-10-09T21:00:00+08:00,OPERATING,27.53,0.0,10.03,0,0,0,,2026-08-31T02:21:38.422656+00:00
2025-10-09,21,20.07,43,14.05,28.09,2025-10-09T09:00:00+08:00,2025-10-09T21:00:00+08:00,OPERATING,26.44,0.0,8.96,0,0,0,,2026-08-31T02:21:38.422656+00:00
2025-10-10,9,19.16,45,13.41,26.83,2025-10-10T09:00:00+08:00,2025-10-10T21:00:00+08:00,OPERATING,27.3,0.0,11.56,0,0,0,,2026-08-31T02:21:38.422656+00:00
2025-10-10,10,28.98,44,20.29,40.57,2025-10-10T09:00:00+08:00,2025-10-10T21:00:00+08:00,OPERATING,26.78,0.0,13.44,0,0,0,,2026-08-31T02:21:38.422656+00:00
2025-10-10,11,33.01,44,23.1,46.21,2025-10-10T09:00:00+08:00,2025-10-10T21:00:00+08:00,OPERATING,27.71,0.0,11.88,0,0,0,,2026-08-31T02:21:38.422656+00:00
2025-10-10,12,40.49,43,28.34,56.69,2025-10-10T09:00:00+08:00,2025-10-10T21:00:00+08:00,OPERATING,27.07,0.0,11.71,0,0,0,,2026-08-31T02:21:38.422656+00:00
2025-10-10,13,38.8,46,27.16,54.32,2025-10-10T09:00:00+08:00,2025-10-10T21:00:00+08:00,OPERATING,27.86,0.0,13.09,0,0,0,,2026-08-31T02:21:38.422656+00:00
2025-10-10,14,41.21,43,28.85,57.7,2025-10-10T09:00:00+08:00,2025-10-10T21:00:00+08:00,OPERATING,25.89,0.0,13.04,0,0,0,,2026-08-31T02:21:38.422656+00:00
2025-10-10,15,43.68,44,30.57,61.15,2025-10-10T09:00:00+08:00,2025-10-10T21:00:00+08:00,OPERATING,26.83,0.0,11.34,0,0,0,,2026-08-31T02:21:38.422656+00:00
2025-10-10,16,43.06,45,30.14,60.28,2025-10-10T09:00:00+08:00,2025-10-10T21:00:00+08:00,OPERATING,26.24,0.0,12.15,0,0,0,,2026-08-31T02:21:38.422656+00:00
2025-10-10,17,38.96,45,27.27,54.54,2025-10-10T09:00:00+08:00,2025-10-10T21:00:00+08:00,OPERATING,28.45,0.0,13.54,0,0,0,,2026-08-31T02:21:38.422656+00:00
2025-10-10,18,35.24,46,24.67,49.33,2025-10-10T09:00:00+08:00,2025-10-10T21:00:00+08:00,OPERATING,26.0,0.0,11.87,0,0,0,,2026-08-31T02:21:38.422656+00:00
2025-10-10,19,30.39,46,21.28,42.55,2025-10-10T09:00:00+08:00,2025-10-10T21:00:00+08:00,OPERATING,26.71,0.0,13.41,0,0,0,,2026-08-31T02:21:38.422656+00:00
2025-10-10,20,24.38,43,17.07,34.14,2025-10-10T09:00:00+08:00,2025-10-10T21:00:00+08:00,OPERATING,26.35,0.0,12.06,0,0,0,,2026-08-31T02:21:38.422656+00:00
2025-10-10,21,18.36,43,12.85,25.71,2025-10-10T09:00:00+08:00,2025-10-10T21:00:00+08:00,OPERATING,27.41,0.0,11.65,0,0,0,,2026-08-31T02:21:38.422656+00:00
2025-10-11,9,29.53,45,20.67,41.34,2025-10-11T09:00:00+08:00,2025-10-11T21:00:00+08:00,OPERATING,26.84,0.0,10.63,0,1,0,,2026-08-31T02:21:38.422656+00:00
2025-10-11,10,36.64,45,25.65,51.3,2025-10-11T09:00:00+08:00,2025-10-11T21:00:00+08:00,OPERATING,26.95,0.0,11.91,0,1,0,,2026-08-31T02:21:38.422656+00:00
2025-10-11,11,48.03,47,33.62,67.24,2025-10-11T09:00:00+08:00,2025-10-11T21:00:00+08:00,OPERATING,26.65,0.0,10.26,0,1,0,,2026-08-31T02:21:38.422656+00:00
2025-10-11,12,56.69,43,39.68,79.37,2025-10-11T09:00:00+08:00,2025-10-11T21:00:00+08:00,OPERATING,26.66,0.0,12.12,0,1,0,,2026-08-31T02:21:38.422656+00:00
2025-10-11,13,58.07,44,40.65,81.3,2025-10-11T09:00:00+08:00,2025-10-11T21:00:00+08:00,OPERATING,27.97,0.0,10.33,0,1,0,,2026-08-31T02:21:38.422656+00:00
2025-10-11,14,63.23,43,44.26,88.53,2025-10-11T09:00:00+08:00,2025-10-11T21:00:00+08:00,OPERATING,27.6,0.0,10.92,0,1,0,,2026-08-31T02:21:38.422656+00:00
2025-10-11,15,64.6,44,45.22,90.44,2025-10-11T09:00:00+08:00,2025-10-11T21:00:00+08:00,OPERATING,28.48,0.0,10.19,0,1,0,,2026-08-31T02:21:38.422656+00:00
2025-10-11,16,58.94,43,41.26,82.52,2025-10-11T09:00:00+08:00,2025-10-11T21:00:00+08:00,OPERATING,27.32,0.0,10.68,0,1,0,,2026-08-31T02:21:38.422656+00:00
2025-10-11,17,56.33,46,39.43,78.86,2025-10-11T09:00:00+08:00,2025-10-11T21:00:00+08:00,OPERATING,27.44,0.0,10.61,0,1,0,,2026-08-31T02:21:38.422656+00:00
2025-10-11,18,48.61,46,34.02,68.05,2025-10-11T09:00:00+08:00,2025-10-11T21:00:00+08:00,OPERATING,27.29,0.0,12.84,0,1,0,,2026-08-31T02:21:38.422656+00:00
2025-10-11,19,45.33,45,31.73,63.47,2025-10-11T09:00:00+08:00,2025-10-11T21:00:00+08:00,OPERATING,27.42,0.0,10.07,0,1,0,,2026-08-31T02:21:38.422656+00:00
2025-10-11,20,38.77,43,27.14,54.28,2025-10-11T09:00:00+08:00,2025-10-11T21:00:00+08:00,OPERATING,28.58,0.0,12.14,0,1,0,,2026-08-31T02:21:38.422656+00:00
2025-10-11,21,23.73,46,16.61,33.22,2025-10-11T09:00:00+08:00,2025-10-11T21:00:00+08:00,OPERATING,28.91,0.0,12.66,0,1,0,,2026-08-31T02:21:38.422656+00:00
2025-10-12,9,32.85,45,23.0,45.99,2025-10-12T09:00:00+08:00,2025-10-12T21:00:00+08:00,OPERATING,26.96,0.0,12.88,1,1,0,,2026-08-31T02:21:38.422656+00:00
2025-10-12,10,42.72,45,29.9,59.81,2025-10-12T09:00:00+08:00,2025-10-12T21:00:00+08:00,OPERATING,27.69,0.0,13.66,1,1,0,,2026-08-31T02:21:38.422656+00:00
2025-10-12,11,56.25,47,39.37,78.75,2025-10-12T09:00:00+08:00,2025-10-12T21:00:00+08:00,OPERATING,26.78,0.0,13.39,1,1,0,,2026-08-31T02:21:38.422656+00:00
2025-10-12,12,61.28,47,42.9,85.79,2025-10-12T09:00:00+08:00,2025-10-12T21:00:00+08:00,OPERATING,27.31,0.0,12.37,1,1,0,,2026-08-31T02:21:38.422656+00:00
2025-10-12,13,68.04,47,47.62,95.25,2025-10-12T09:00:00+08:00,2025-10-12T21:00:00+08:00,OPERATING,28.45,0.0,14.44,1,1,0,,2026-08-31T02:21:38.422656+00:00
2025-10-12,14,69.27,45,48.49,96.98,2025-10-12T09:00:00+08:00,2025-10-12T21:00:00+08:00,OPERATING,26.14,0.0,12.62,1,1,0,,2026-08-31T02:21:38.422656+00:00
2025-10-12,15,72.98,44,51.09,102.18,2025-10-12T09:00:00+08:00,2025-10-12T21:00:00+08:00,OPERATING,27.65,0.0,14.54,1,1,0,,2026-08-31T02:21:38.422656+00:00
2025-10-12,16,66.62,47,46.63,93.26,2025-10-12T09:00:00+08:00,2025-10-12T21:00:00+08:00,OPERATING,27.77,0.0,14.66,1,1,0,,2026-08-31T02:21:38.422656+00:00
2025-10-12,17,60.55,44,42.38,84.77,2025-10-12T09:00:00+08:00,2025-10-12T21:00:00+08:00,OPERATING,28.17,0.0,14.56,1,1,0,,2026-08-31T02:21:38.422656+00:00
2025-10-12,18,55.18,43,38.62,77.25,2025-10-12T09:00:00+08:00,2025-10-12T21:00:00+08:00,OPERATING,26.71,0.0,13.06,1,1,0,,2026-08-31T02:21:38.422656+00:00
2025-10-12,19,52.51,44,36.76,73.51,2025-10-12T09:00:00+08:00,2025-10-12T21:00:00+08:00,OPERATING,29.93,0.0,13.27,1,1,0,,2026-08-31T02:21:38.422656+00:00
2025-10-12,20,41.05,43,28.73,57.47,2025-10-12T09:00:00+08:00,2025-10-12T21:00:00+08:00,OPERATING,26.19,0.0,13.72,1,1,0,,2026-08-31T02:21:38.422656+00:00
2025-10-12,21,28.59,44,20.01,40.02,2025-10-12T09:00:00+08:00,2025-10-12T21:00:00+08:00,OPERATING,27.4,0.0,15.18,1,1,0,,2026-08-31T02:21:38.422656+00:00
2025-10-13,9,19.14,47,13.4,26.8,2025-10-13T09:00:00+08:00,2025-10-13T21:00:00+08:00,OPERATING,27.77,5.0,10.53,0,0,0,,2026-08-31T02:21:38.422656+00:00
2025-10-13,10,21.86,46,15.3,30.6,2025-10-13T09:00:00+08:00,2025-10-13T21:00:00+08:00,OPERATING,25.69,5.0,11.24,0,0,0,,2026-08-31T02:21:38.422656+00:00
2025-10-13,11,29.3,43,20.51,41.02,2025-10-13T09:00:00+08:00,2025-10-13T21:00:00+08:00,OPERATING,27.42,5.0,8.85,0,0,0,,2026-08-31T02:21:38.422656+00:00
2025-10-13,12,29.86,43,20.9,41.81,2025-10-13T09:00:00+08:00,2025-10-13T21:00:00+08:00,OPERATING,25.64,5.0,9.22,0,0,0,,2026-08-31T02:21:38.422656+00:00
2025-10-13,13,29.42,45,24.22,48.45,2025-10-13T09:00:00+08:00,2025-10-13T21:00:00+08:00,OPERATING,27.37,5.0,10.18,0,0,0,,2026-08-31T02:21:38.422656+00:00
2025-10-13,14,31.02,46,25.55,51.1,2025-10-13T09:00:00+08:00,2025-10-13T21:00:00+08:00,OPERATING,26.23,5.0,10.04,0,0,0,,2026-08-31T02:21:38.422656+00:00
2025-10-13,15,29.8,44,24.54,49.09,2025-10-13T09:00:00+08:00,2025-10-13T21:00:00+08:00,OPERATING,26.36,5.0,10.48,0,0,0,,2026-08-31T02:21:38.422656+00:00
2025-10-13,16,31.35,43,25.82,51.63,2025-10-13T09:00:00+08:00,2025-10-13T21:00:00+08:00,OPERATING,26.65,5.0,8.48,0,0,0,,2026-08-31T02:21:38.422656+00:00
2025-10-13,17,34.08,46,23.86,47.71,2025-10-13T09:00:00+08:00,2025-10-13T21:00:00+08:00,OPERATING,24.73,5.0,8.37,0,0,0,,2026-08-31T02:21:38.422656+00:00
2025-10-13,18,29.49,46,20.65,41.29,2025-10-13T09:00:00+08:00,2025-10-13T21:00:00+08:00,OPERATING,27.42,5.0,11.0,0,0,0,,2026-08-31T02:21:38.422656+00:00
2025-10-13,19,25.95,46,18.16,36.32,2025-10-13T09:00:00+08:00,2025-10-13T21:00:00+08:00,OPERATING,26.08,5.0,11.87,0,0,0,,2026-08-31T02:21:38.422656+00:00
2025-10-13,20,22.06,46,15.44,30.89,2025-10-13T09:00:00+08:00,2025-10-13T21:00:00+08:00,OPERATING,25.91,5.0,11.23,0,0,0,,2026-08-31T02:21:38.422656+00:00
2025-10-13,21,17.44,45,12.21,24.41,2025-10-13T09:00:00+08:00,2025-10-13T21:00:00+08:00,OPERATING,27.42,5.0,9.73,0,0,0,,2026-08-31T02:21:38.422656+00:00
2025-10-14,9,7.54,46,5.28,10.56,2025-10-14T09:00:00+08:00,2025-10-14T21:00:00+08:00,OPERATING,23.78,15.3,13.72,0,0,0,,2026-08-31T02:21:38.422656+00:00
2025-10-14,10,13.23,46,9.26,18.52,2025-10-14T09:00:00+08:00,2025-10-14T21:00:00+08:00,OPERATING,23.19,15.3,14.83,0,0,0,,2026-08-31T02:21:38.422656+00:00
2025-10-14,11,17.96,47,12.58,25.15,2025-10-14T09:00:00+08:00,2025-10-14T21:00:00+08:00,OPERATING,23.55,15.3,13.6,0,0,0,,2026-08-31T02:21:38.422656+00:00
2025-10-14,12,21.69,47,15.18,30.37,2025-10-14T09:00:00+08:00,2025-10-14T21:00:00+08:00,OPERATING,23.45,15.3,13.03,0,0,0,,2026-08-31T02:21:38.422656+00:00
2025-10-14,13,16.0,45,13.17,26.35,2025-10-14T09:00:00+08:00,2025-10-14T21:00:00+08:00,OPERATING,25.12,15.3,13.39,0,0,0,,2026-08-31T02:21:38.422656+00:00
2025-10-14,14,14.87,43,12.24,24.49,2025-10-14T09:00:00+08:00,2025-10-14T21:00:00+08:00,OPERATING,23.71,15.3,14.56,0,0,0,,2026-08-31T02:21:38.422656+00:00
2025-10-14,15,16.77,45,13.81,27.61,2025-10-14T09:00:00+08:00,2025-10-14T21:00:00+08:00,OPERATING,23.12,15.3,14.25,0,0,0,,2026-08-31T02:21:38.422656+00:00
2025-10-14,16,17.91,43,14.75,29.5,2025-10-14T09:00:00+08:00,2025-10-14T21:00:00+08:00,OPERATING,24.56,15.3,14.67,0,0,0,,2026-08-31T02:21:38.422656+00:00
2025-10-14,17,19.47,45,13.63,27.26,2025-10-14T09:00:00+08:00,2025-10-14T21:00:00+08:00,OPERATING,23.1,15.3,13.39,0,0,0,,2026-08-31T02:21:38.422656+00:00
2025-10-14,18,16.35,45,11.45,22.9,2025-10-14T09:00:00+08:00,2025-10-14T21:00:00+08:00,OPERATING,24.4,15.3,12.4,0,0,0,,2026-08-31T02:21:38.422656+00:00
2025-10-14,19,13.75,46,9.62,19.25,2025-10-14T09:00:00+08:00,2025-10-14T21:00:00+08:00,OPERATING,24.18,15.3,13.67,0,0,0,,2026-08-31T02:21:38.422656+00:00
2025-10-14,20,11.77,46,8.24,16.47,2025-10-14T09:00:00+08:00,2025-10-14T21:00:00+08:00,OPERATING,22.47,15.3,11.48,0,0,0,,2026-08-31T02:21:38.422656+00:00
2025-10-14,21,8.12,47,5.68,11.37,2025-10-14T09:00:00+08:00,2025-10-14T21:00:00+08:00,OPERATING,24.98,15.3,13.24,0,0,0,,2026-08-31T02:21:38.422656+00:00
2025-10-15,9,12.8,44,8.96,17.92,2025-10-15T09:00:00+08:00,2025-10-15T21:00:00+08:00,OPERATING,26.09,10.0,12.87,0,0,0,,2026-08-31T02:21:38.422656+00:00
2025-10-15,10,18.51,43,12.96,25.91,2025-10-15T09:00:00+08:00,2025-10-15T21:00:00+08:00,OPERATING,24.58,10.0,10.51,0,0,0,,2026-08-31T02:21:38.422656+00:00
2025-10-15,11,25.21,44,17.65,35.29,2025-10-15T09:00:00+08:00,2025-10-15T21:00:00+08:00,OPERATING,25.73,10.0,10.34,0,0,0,,2026-08-31T02:21:38.422656+00:00
2025-10-15,12,23.28,46,16.3,32.59,2025-10-15T09:00:00+08:00,2025-10-15T21:00:00+08:00,OPERATING,26.86,10.0,9.78,0,0,0,,2026-08-31T02:21:38.422656+00:00
2025-10-15,13,21.19,44,17.45,34.9,2025-10-15T09:00:00+08:00,2025-10-15T21:00:00+08:00,OPERATING,26.25,10.0,12.2,0,0,0,,2026-08-31T02:21:38.422656+00:00
2025-10-15,14,23.2,44,19.1,38.21,2025-10-15T09:00:00+08:00,2025-10-15T21:00:00+08:00,OPERATING,25.1,10.0,12.44,0,0,0,,2026-08-31T02:21:38.422656+00:00
2025-10-15,15,22.34,44,18.39,36.79,2025-10-15T09:00:00+08:00,2025-10-15T21:00:00+08:00,OPERATING,25.91,10.0,10.6,0,0,0,,2026-08-31T02:21:38.422656+00:00
2025-10-15,16,23.19,47,19.1,38.2,2025-10-15T09:00:00+08:00,2025-10-15T21:00:00+08:00,OPERATING,26.1,10.0,12.31,0,0,0,,2026-08-31T02:21:38.422656+00:00
2025-10-15,17,23.79,47,16.65,33.31,2025-10-15T09:00:00+08:00,2025-10-15T21:00:00+08:00,OPERATING,24.83,10.0,11.0,0,0,0,,2026-08-31T02:21:38.422656+00:00
2025-10-15,18,21.55,45,15.09,30.18,2025-10-15T09:00:00+08:00,2025-10-15T21:00:00+08:00,OPERATING,26.37,10.0,11.34,0,0,0,,2026-08-31T02:21:38.422656+00:00
2025-10-15,19,18.22,43,12.76,25.51,2025-10-15T09:00:00+08:00,2025-10-15T21:00:00+08:00,OPERATING,26.86,10.0,11.3,0,0,0,,2026-08-31T02:21:38.422656+00:00
2025-10-15,20,13.91,43,9.73,19.47,2025-10-15T09:00:00+08:00,2025-10-15T21:00:00+08:00,OPERATING,24.79,10.0,9.82,0,0,0,,2026-08-31T02:21:38.422656+00:00
2025-10-15,21,10.86,43,7.6,15.21,2025-10-15T09:00:00+08:00,2025-10-15T21:00:00+08:00,OPERATING,26.3,10.0,9.74,0,0,0,,2026-08-31T02:21:38.422656+00:00
2025-10-16,9,18.01,43,12.6,25.21,2025-10-16T09:00:00+08:00,2025-10-16T21:00:00+08:00,OPERATING,25.95,5.1,16.39,0,0,0,,2026-08-31T02:21:38.422656+00:00
2025-10-16,10,22.41,46,15.69,31.38,2025-10-16T09:00:00+08:00,2025-10-16T21:00:00+08:00,OPERATING,26.06,5.1,15.57,0,0,0,,2026-08-31T02:21:38.422656+00:00
2025-10-16,11,32.53,47,22.77,45.54,2025-10-16T09:00:00+08:00,2025-10-16T21:00:00+08:00,OPERATING,25.65,5.1,16.47,0,0,0,,2026-08-31T02:21:38.422656+00:00
2025-10-16,12,31.04,47,21.73,43.46,2025-10-16T09:00:00+08:00,2025-10-16T21:00:00+08:00,OPERATING,24.86,5.1,16.04,0,0,0,,2026-08-31T02:21:38.422656+00:00
2025-10-16,13,30.56,43,25.16,50.33,2025-10-16T09:00:00+08:00,2025-10-16T21:00:00+08:00,OPERATING,23.4,5.1,17.08,0,0,0,,2026-08-31T02:21:38.422656+00:00
2025-10-16,14,31.37,44,25.84,51.68,2025-10-16T09:00:00+08:00,2025-10-16T21:00:00+08:00,OPERATING,23.89,5.1,15.7,0,0,0,,2026-08-31T02:21:38.422656+00:00
2025-10-16,15,35.27,46,29.04,58.09,2025-10-16T09:00:00+08:00,2025-10-16T21:00:00+08:00,OPERATING,25.38,5.1,15.87,0,0,0,,2026-08-31T02:21:38.422656+00:00
2025-10-16,16,32.59,43,26.84,53.68,2025-10-16T09:00:00+08:00,2025-10-16T21:00:00+08:00,OPERATING,24.6,5.1,15.08,0,0,0,,2026-08-31T02:21:38.422656+00:00
2025-10-16,17,32.44,44,22.71,45.42,2025-10-16T09:00:00+08:00,2025-10-16T21:00:00+08:00,OPERATING,23.62,5.1,16.71,0,0,0,,2026-08-31T02:21:38.422656+00:00
2025-10-16,18,26.19,44,18.34,36.67,2025-10-16T09:00:00+08:00,2025-10-16T21:00:00+08:00,OPERATING,24.04,5.1,16.38,0,0,0,,2026-08-31T02:21:38.422656+00:00
2025-10-16,19,29.15,44,20.41,40.81,2025-10-16T09:00:00+08:00,2025-10-16T21:00:00+08:00,OPERATING,24.8,5.1,15.37,0,0,0,,2026-08-31T02:21:38.422656+00:00
2025-10-16,20,26.06,44,18.24,36.49,2025-10-16T09:00:00+08:00,2025-10-16T21:00:00+08:00,OPERATING,24.1,5.1,15.84,0,0,0,,2026-08-31T02:21:38.422656+00:00
2025-10-16,21,14.81,45,10.37,20.73,2025-10-16T09:00:00+08:00,2025-10-16T21:00:00+08:00,OPERATING,23.58,5.1,14.6,0,0,0,,2026-08-31T02:21:38.422656+00:00
2025-10-17,9,23.16,46,16.21,32.43,2025-10-17T09:00:00+08:00,2025-10-17T21:00:00+08:00,OPERATING,26.14,0.5,9.81,0,0,0,,2026-08-31T02:21:38.422656+00:00
2025-10-17,10,32.21,45,22.55,45.1,2025-10-17T09:00:00+08:00,2025-10-17T21:00:00+08:00,OPERATING,23.79,0.5,8.67,0,0,0,,2026-08-31T02:21:38.422656+00:00
2025-10-17,11,39.81,43,27.87,55.74,2025-10-17T09:00:00+08:00,2025-10-17T21:00:00+08:00,OPERATING,26.14,0.5,9.41,0,0,0,,2026-08-31T02:21:38.422656+00:00
2025-10-17,12,45.34,47,31.74,63.48,2025-10-17T09:00:00+08:00,2025-10-17T21:00:00+08:00,OPERATING,25.6,0.5,8.85,0,0,0,,2026-08-31T02:21:38.422656+00:00
2025-10-17,13,45.39,45,31.77,63.55,2025-10-17T09:00:00+08:00,2025-10-17T21:00:00+08:00,OPERATING,24.52,0.5,8.4,0,0,0,,2026-08-31T02:21:38.422656+00:00
2025-10-17,14,46.62,43,32.64,65.27,2025-10-17T09:00:00+08:00,2025-10-17T21:00:00+08:00,OPERATING,24.27,0.5,7.98,0,0,0,,2026-08-31T02:21:38.422656+00:00
2025-10-17,15,50.78,44,35.55,71.09,2025-10-17T09:00:00+08:00,2025-10-17T21:00:00+08:00,OPERATING,26.17,0.5,8.39,0,0,0,,2026-08-31T02:21:38.422656+00:00
2025-10-17,16,46.81,45,32.77,65.53,2025-10-17T09:00:00+08:00,2025-10-17T21:00:00+08:00,OPERATING,25.87,0.5,10.54,0,0,0,,2026-08-31T02:21:38.422656+00:00
2025-10-17,17,42.34,45,29.64,59.27,2025-10-17T09:00:00+08:00,2025-10-17T21:00:00+08:00,OPERATING,23.92,0.5,8.26,0,0,0,,2026-08-31T02:21:38.422656+00:00
2025-10-17,18,37.39,44,26.17,52.34,2025-10-17T09:00:00+08:00,2025-10-17T21:00:00+08:00,OPERATING,25.85,0.5,9.19,0,0,0,,2026-08-31T02:21:38.422656+00:00
2025-10-17,19,36.55,44,25.58,51.17,2025-10-17T09:00:00+08:00,2025-10-17T21:00:00+08:00,OPERATING,26.21,0.5,10.22,0,0,0,,2026-08-31T02:21:38.422656+00:00
2025-10-17,20,30.47,45,21.33,42.66,2025-10-17T09:00:00+08:00,2025-10-17T21:00:00+08:00,OPERATING,24.18,0.5,10.17,0,0,0,,2026-08-31T02:21:38.422656+00:00
2025-10-17,21,18.92,44,13.25,26.49,2025-10-17T09:00:00+08:00,2025-10-17T21:00:00+08:00,OPERATING,26.97,0.5,8.61,0,0,0,,2026-08-31T02:21:38.422656+00:00
2025-10-18,9,27.77,47,19.44,38.87,2025-10-18T09:00:00+08:00,2025-10-18T21:00:00+08:00,OPERATING,22.27,14.3,23.07,1,1,0,,2026-08-31T02:21:38.422656+00:00
2025-10-18,10,36.04,46,25.23,50.46,2025-10-18T09:00:00+08:00,2025-10-18T21:00:00+08:00,OPERATING,22.51,14.3,24.19,1,1,0,,2026-08-31T02:21:38.422656+00:00
2025-10-18,11,46.66,44,32.66,65.33,2025-10-18T09:00:00+08:00,2025-10-18T21:00:00+08:00,OPERATING,21.97,14.3,23.76,1,1,0,,2026-08-31T02:21:38.422656+00:00
2025-10-18,12,50.78,43,35.55,71.09,2025-10-18T09:00:00+08:00,2025-10-18T21:00:00+08:00,OPERATING,22.14,14.3,23.42,1,1,0,,2026-08-31T02:21:38.422656+00:00
2025-10-18,13,42.83,43,35.27,70.55,2025-10-18T09:00:00+08:00,2025-10-18T21:00:00+08:00,OPERATING,22.08,14.3,25.37,1,1,0,,2026-08-31T02:21:38.422656+00:00
2025-10-18,14,48.59,45,40.02,80.04,2025-10-18T09:00:00+08:00,2025-10-18T21:00:00+08:00,OPERATING,21.41,14.3,24.66,1,1,0,,2026-08-31T02:21:38.422656+00:00
2025-10-18,15,49.81,47,41.02,82.04,2025-10-18T09:00:00+08:00,2025-10-18T21:00:00+08:00,OPERATING,20.56,14.3,24.32,1,1,0,,2026-08-31T02:21:38.422656+00:00
2025-10-18,16,48.29,44,39.77,79.54,2025-10-18T09:00:00+08:00,2025-10-18T21:00:00+08:00,OPERATING,22.3,14.3,23.23,1,1,0,,2026-08-31T02:21:38.422656+00:00
2025-10-18,17,51.17,43,35.82,71.64,2025-10-18T09:00:00+08:00,2025-10-18T21:00:00+08:00,OPERATING,21.61,14.3,23.26,1,1,0,,2026-08-31T02:21:38.422656+00:00
2025-10-18,18,48.32,47,33.83,67.65,2025-10-18T09:00:00+08:00,2025-10-18T21:00:00+08:00,OPERATING,21.66,14.3,25.58,1,1,0,,2026-08-31T02:21:38.422656+00:00
2025-10-18,19,38.82,44,27.17,54.34,2025-10-18T09:00:00+08:00,2025-10-18T21:00:00+08:00,OPERATING,22.57,14.3,25.89,1,1,0,,2026-08-31T02:21:38.422656+00:00
2025-10-18,20,36.58,45,25.61,51.22,2025-10-18T09:00:00+08:00,2025-10-18T21:00:00+08:00,OPERATING,22.3,14.3,24.68,1,1,0,,2026-08-31T02:21:38.422656+00:00
2025-10-18,21,25.08,43,17.56,35.12,2025-10-18T09:00:00+08:00,2025-10-18T21:00:00+08:00,OPERATING,22.06,14.3,23.75,1,1,0,,2026-08-31T02:21:38.422656+00:00
2025-10-19,9,33.4,45,23.38,46.76,2025-10-19T09:00:00+08:00,2025-10-19T21:00:00+08:00,OPERATING,21.02,0.3,19.49,1,1,0,,2026-08-31T02:21:38.422656+00:00
2025-10-19,10,46.74,43,32.72,65.43,2025-10-19T09:00:00+08:00,2025-10-19T21:00:00+08:00,OPERATING,18.98,0.3,20.41,1,1,0,,2026-08-31T02:21:38.422656+00:00
2025-10-19,11,58.89,43,41.22,82.45,2025-10-19T09:00:00+08:00,2025-10-19T21:00:00+08:00,OPERATING,20.34,0.3,19.36,1,1,0,,2026-08-31T02:21:38.422656+00:00
2025-10-19,12,64.81,46,45.37,90.73,2025-10-19T09:00:00+08:00,2025-10-19T21:00:00+08:00,OPERATING,21.09,0.3,20.23,1,1,0,,2026-08-31T02:21:38.422656+00:00
2025-10-19,13,67.99,45,47.59,95.19,2025-10-19T09:00:00+08:00,2025-10-19T21:00:00+08:00,OPERATING,18.94,0.3,19.56,1,1,0,,2026-08-31T02:21:38.422656+00:00
2025-10-19,14,75.17,45,52.62,105.24,2025-10-19T09:00:00+08:00,2025-10-19T21:00:00+08:00,OPERATING,20.66,0.3,19.79,1,1,0,,2026-08-31T02:21:38.422656+00:00
2025-10-19,15,75.32,47,52.73,105.45,2025-10-19T09:00:00+08:00,2025-10-19T21:00:00+08:00,OPERATING,19.96,0.3,19.1,1,1,0,,2026-08-31T02:21:38.422656+00:00
2025-10-19,16,72.18,46,50.53,101.06,2025-10-19T09:00:00+08:00,2025-10-19T21:00:00+08:00,OPERATING,19.11,0.3,18.93,1,1,0,,2026-08-31T02:21:38.422656+00:00
2025-10-19,17,65.64,45,45.94,91.89,2025-10-19T09:00:00+08:00,2025-10-19T21:00:00+08:00,OPERATING,20.38,0.3,19.28,1,1,0,,2026-08-31T02:21:38.422656+00:00
2025-10-19,18,56.39,45,39.47,78.95,2025-10-19T09:00:00+08:00,2025-10-19T21:00:00+08:00,OPERATING,20.22,0.3,19.1,1,1,0,,2026-08-31T02:21:38.422656+00:00
2025-10-19,19,54.04,47,37.83,75.66,2025-10-19T09:00:00+08:00,2025-10-19T21:00:00+08:00,OPERATING,18.89,0.3,19.3,1,1,0,,2026-08-31T02:21:38.422656+00:00
2025-10-19,20,45.4,44,31.78,63.55,2025-10-19T09:00:00+08:00,2025-10-19T21:00:00+08:00,OPERATING,19.73,0.3,20.01,1,1,0,,2026-08-31T02:21:38.422656+00:00
2025-10-19,21,32.02,43,22.42,44.83,2025-10-19T09:00:00+08:00,2025-10-19T21:00:00+08:00,OPERATING,20.32,0.3,20.2,1,1,0,,2026-08-31T02:21:38.422656+00:00
2025-10-20,9,21.09,46,14.77,29.53,2025-10-20T09:00:00+08:00,2025-10-20T21:00:00+08:00,OPERATING,18.32,0.0,25.82,0,0,0,,2026-08-31T02:21:38.422656+00:00
2025-10-20,10,31.89,45,22.32,44.64,2025-10-20T09:00:00+08:00,2025-10-20T21:00:00+08:00,OPERATING,18.25,0.0,27.54,0,0,0,,2026-08-31T02:21:38.422656+00:00
2025-10-20,11,37.21,44,26.05,52.09,2025-10-20T09:00:00+08:00,2025-10-20T21:00:00+08:00,OPERATING,17.7,0.0,24.92,0,0,0,,2026-08-31T02:21:38.422656+00:00
2025-10-20,12,40.04,46,28.03,56.05,2025-10-20T09:00:00+08:00,2025-10-20T21:00:00+08:00,OPERATING,17.78,0.0,25.43,0,0,0,,2026-08-31T02:21:38.422656+00:00
2025-10-20,13,43.1,47,30.17,60.34,2025-10-20T09:00:00+08:00,2025-10-20T21:00:00+08:00,OPERATING,18.26,0.0,25.04,0,0,0,,2026-08-31T02:21:38.422656+00:00
2025-10-20,14,43.25,45,30.28,60.55,2025-10-20T09:00:00+08:00,2025-10-20T21:00:00+08:00,OPERATING,16.8,0.0,25.99,0,0,0,,2026-08-31T02:21:38.422656+00:00
2025-10-20,15,46.45,47,32.51,65.03,2025-10-20T09:00:00+08:00,2025-10-20T21:00:00+08:00,OPERATING,18.19,0.0,25.12,0,0,0,,2026-08-31T02:21:38.422656+00:00
2025-10-20,16,44.48,45,31.14,62.27,2025-10-20T09:00:00+08:00,2025-10-20T21:00:00+08:00,OPERATING,17.91,0.0,24.01,0,0,0,,2026-08-31T02:21:38.422656+00:00
2025-10-20,17,41.26,43,28.88,57.76,2025-10-20T09:00:00+08:00,2025-10-20T21:00:00+08:00,OPERATING,18.04,0.0,24.83,0,0,0,,2026-08-31T02:21:38.422656+00:00
2025-10-20,18,33.0,43,23.1,46.2,2025-10-20T09:00:00+08:00,2025-10-20T21:00:00+08:00,OPERATING,17.94,0.0,25.23,0,0,0,,2026-08-31T02:21:38.422656+00:00
2025-10-20,19,35.02,43,24.52,49.03,2025-10-20T09:00:00+08:00,2025-10-20T21:00:00+08:00,OPERATING,16.77,0.0,26.29,0,0,0,,2026-08-31T02:21:38.422656+00:00
2025-10-20,20,28.67,43,20.07,40.14,2025-10-20T09:00:00+08:00,2025-10-20T21:00:00+08:00,OPERATING,18.2,0.0,24.57,0,0,0,,2026-08-31T02:21:38.422656+00:00
2025-10-20,21,18.83,43,13.18,26.36,2025-10-20T09:00:00+08:00,2025-10-20T21:00:00+08:00,OPERATING,17.96,0.0,24.68,0,0,0,,2026-08-31T02:21:38.422656+00:00
2025-10-21,9,19.14,46,13.4,26.8,2025-10-21T09:00:00+08:00,2025-10-21T21:00:00+08:00,OPERATING,17.91,0.0,25.15,0,0,0,,2026-08-31T02:21:38.422656+00:00
2025-10-21,10,28.22,45,19.75,39.51,2025-10-21T09:00:00+08:00,2025-10-21T21:00:00+08:00,OPERATING,17.94,0.0,25.4,0,0,0,,2026-08-31T02:21:38.422656+00:00
2025-10-21,11,36.12,43,25.28,50.56,2025-10-21T09:00:00+08:00,2025-10-21T21:00:00+08:00,OPERATING,16.31,0.0,25.73,0,0,0,,2026-08-31T02:21:38.422656+00:00
2025-10-21,12,43.62,46,30.53,61.07,2025-10-21T09:00:00+08:00,2025-10-21T21:00:00+08:00,OPERATING,17.63,0.0,27.12,0,0,0,,2026-08-31T02:21:38.422656+00:00
2025-10-21,13,44.72,46,31.3,62.61,2025-10-21T09:00:00+08:00,2025-10-21T21:00:00+08:00,OPERATING,17.0,0.0,26.92,0,0,0,,2026-08-31T02:21:38.422656+00:00
2025-10-21,14,43.57,43,30.5,61.0,2025-10-21T09:00:00+08:00,2025-10-21T21:00:00+08:00,OPERATING,16.82,0.0,26.3,0,0,0,,2026-08-31T02:21:38.422656+00:00
2025-10-21,15,42.53,46,29.77,59.55,2025-10-21T09:00:00+08:00,2025-10-21T21:00:00+08:00,OPERATING,16.54,0.0,25.28,0,0,0,,2026-08-31T02:21:38.422656+00:00
2025-10-21,16,41.07,44,28.75,57.5,2025-10-21T09:00:00+08:00,2025-10-21T21:00:00+08:00,OPERATING,16.7,0.0,25.47,0,0,0,,2026-08-31T02:21:38.422656+00:00
2025-10-21,17,39.12,45,27.39,54.77,2025-10-21T09:00:00+08:00,2025-10-21T21:00:00+08:00,OPERATING,16.4,0.0,26.68,0,0,0,,2026-08-31T02:21:38.422656+00:00
2025-10-21,18,35.63,44,24.94,49.88,2025-10-21T09:00:00+08:00,2025-10-21T21:00:00+08:00,OPERATING,16.58,0.0,25.87,0,0,0,,2026-08-31T02:21:38.422656+00:00
2025-10-21,19,30.26,47,21.18,42.37,2025-10-21T09:00:00+08:00,2025-10-21T21:00:00+08:00,OPERATING,16.37,0.0,25.0,0,0,0,,2026-08-31T02:21:38.422656+00:00
2025-10-21,20,26.86,43,18.8,37.61,2025-10-21T09:00:00+08:00,2025-10-21T21:00:00+08:00,OPERATING,16.51,0.0,23.95,0,0,0,,2026-08-31T02:21:38.422656+00:00
2025-10-21,21,19.7,47,13.79,27.57,2025-10-21T09:00:00+08:00,2025-10-21T21:00:00+08:00,OPERATING,17.79,0.0,25.66,0,0,0,,2026-08-31T02:21:38.422656+00:00
2025-10-22,9,30.0,47,21.0,41.99,2025-10-22T09:00:00+08:00,2025-10-22T21:00:00+08:00,OPERATING,18.13,0.0,24.37,0,0,0,,2026-08-31T02:21:38.422656+00:00
2025-10-22,10,37.99,43,26.59,53.18,2025-10-22T09:00:00+08:00,2025-10-22T21:00:00+08:00,OPERATING,17.58,0.0,23.04,0,0,0,,2026-08-31T02:21:38.422656+00:00
2025-10-22,11,48.98,46,34.29,68.57,2025-10-22T09:00:00+08:00,2025-10-22T21:00:00+08:00,OPERATING,18.14,0.0,22.2,0,0,0,,2026-08-31T02:21:38.422656+00:00
2025-10-22,12,54.38,46,38.07,76.13,2025-10-22T09:00:00+08:00,2025-10-22T21:00:00+08:00,OPERATING,17.58,0.0,22.39,0,0,0,,2026-08-31T02:21:38.422656+00:00
2025-10-22,13,55.52,43,38.87,77.73,2025-10-22T09:00:00+08:00,2025-10-22T21:00:00+08:00,OPERATING,18.03,0.0,21.71,0,0,0,,2026-08-31T02:21:38.422656+00:00
2025-10-22,14,59.75,46,41.82,83.65,2025-10-22T09:00:00+08:00,2025-10-22T21:00:00+08:00,OPERATING,17.51,0.0,23.12,0,0,0,,2026-08-31T02:21:38.422656+00:00
2025-10-22,15,58.01,43,40.61,81.22,2025-10-22T09:00:00+08:00,2025-10-22T21:00:00+08:00,OPERATING,19.06,0.0,22.36,0,0,0,,2026-08-31T02:21:38.422656+00:00
2025-10-22,16,57.18,43,40.03,80.06,2025-10-22T09:00:00+08:00,2025-10-22T21:00:00+08:00,OPERATING,17.94,0.0,24.84,0,0,0,,2026-08-31T02:21:38.422656+00:00
2025-10-22,17,57.68,45,40.38,80.76,2025-10-22T09:00:00+08:00,2025-10-22T21:00:00+08:00,OPERATING,17.95,0.0,21.7,0,0,0,,2026-08-31T02:21:38.422656+00:00
2025-10-22,18,45.77,43,32.04,64.08,2025-10-22T09:00:00+08:00,2025-10-22T21:00:00+08:00,OPERATING,17.57,0.0,21.43,0,0,0,,2026-08-31T02:21:38.422656+00:00
2025-10-22,19,41.01,47,28.7,57.41,2025-10-22T09:00:00+08:00,2025-10-22T21:00:00+08:00,OPERATING,15.82,0.0,21.91,0,0,0,,2026-08-31T02:21:38.422656+00:00
2025-10-22,20,31.85,44,22.29,44.59,2025-10-22T09:00:00+08:00,2025-10-22T21:00:00+08:00,OPERATING,18.02,0.0,22.59,0,0,0,,2026-08-31T02:21:38.422656+00:00
2025-10-22,21,29.41,47,20.59,41.18,2025-10-22T09:00:00+08:00,2025-10-22T21:00:00+08:00,OPERATING,17.07,0.0,24.06,0,0,0,,2026-08-31T02:21:38.422656+00:00
2025-10-23,9,26.9,47,18.83,37.65,2025-10-23T09:00:00+08:00,2025-10-23T21:00:00+08:00,OPERATING,18.58,0.0,21.28,0,0,0,,2026-08-31T02:21:38.422656+00:00
2025-10-23,10,34.44,45,24.11,48.22,2025-10-23T09:00:00+08:00,2025-10-23T21:00:00+08:00,OPERATING,18.25,0.0,19.81,0,0,0,,2026-08-31T02:21:38.422656+00:00
2025-10-23,11,48.77,44,34.14,68.27,2025-10-23T09:00:00+08:00,2025-10-23T21:00:00+08:00,OPERATING,16.56,0.0,21.57,0,0,0,,2026-08-31T02:21:38.422656+00:00
2025-10-23,12,49.72,44,34.81,69.61,2025-10-23T09:00:00+08:00,2025-10-23T21:00:00+08:00,OPERATING,17.33,0.0,18.89,0,0,0,,2026-08-31T02:21:38.422656+00:00
2025-10-23,13,54.52,44,38.16,76.33,2025-10-23T09:00:00+08:00,2025-10-23T21:00:00+08:00,OPERATING,17.49,0.0,19.43,0,0,0,,2026-08-31T02:21:38.422656+00:00
2025-10-23,14,54.16,44,37.91,75.82,2025-10-23T09:00:00+08:00,2025-10-23T21:00:00+08:00,OPERATING,17.28,0.0,19.62,0,0,0,,2026-08-31T02:21:38.422656+00:00
2025-10-23,15,55.53,45,38.87,77.75,2025-10-23T09:00:00+08:00,2025-10-23T21:00:00+08:00,OPERATING,18.35,0.0,20.32,0,0,0,,2026-08-31T02:21:38.422656+00:00
2025-10-23,16,56.05,43,39.24,78.48,2025-10-23T09:00:00+08:00,2025-10-23T21:00:00+08:00,OPERATING,17.11,0.0,19.19,0,0,0,,2026-08-31T02:21:38.422656+00:00
2025-10-23,17,52.7,45,36.89,73.79,2025-10-23T09:00:00+08:00,2025-10-23T21:00:00+08:00,OPERATING,17.01,0.0,19.81,0,0,0,,2026-08-31T02:21:38.422656+00:00
2025-10-23,18,47.83,45,33.48,66.96,2025-10-23T09:00:00+08:00,2025-10-23T21:00:00+08:00,OPERATING,16.45,0.0,20.71,0,0,0,,2026-08-31T02:21:38.422656+00:00
2025-10-23,19,44.17,44,30.92,61.83,2025-10-23T09:00:00+08:00,2025-10-23T21:00:00+08:00,OPERATING,17.36,0.0,21.59,0,0,0,,2026-08-31T02:21:38.422656+00:00
2025-10-23,20,36.45,43,25.52,51.03,2025-10-23T09:00:00+08:00,2025-10-23T21:00:00+08:00,OPERATING,16.54,0.0,20.37,0,0,0,,2026-08-31T02:21:38.422656+00:00
2025-10-23,21,23.86,45,16.7,33.4,2025-10-23T09:00:00+08:00,2025-10-23T21:00:00+08:00,OPERATING,16.62,0.0,18.21,0,0,0,,2026-08-31T02:21:38.422656+00:00
2025-10-24,9,20.85,47,14.59,29.19,2025-10-24T09:00:00+08:00,2025-10-24T21:00:00+08:00,OPERATING,17.76,0.0,18.32,0,0,0,,2026-08-31T02:21:38.422656+00:00
2025-10-24,10,31.61,45,22.13,44.25,2025-10-24T09:00:00+08:00,2025-10-24T21:00:00+08:00,OPERATING,17.93,0.0,19.79,0,0,0,,2026-08-31T02:21:38.422656+00:00
2025-10-24,11,36.19,46,25.33,50.67,2025-10-24T09:00:00+08:00,2025-10-24T21:00:00+08:00,OPERATING,18.32,0.0,18.24,0,0,0,,2026-08-31T02:21:38.422656+00:00
2025-10-24,12,39.02,45,27.32,54.63,2025-10-24T09:00:00+08:00,2025-10-24T21:00:00+08:00,OPERATING,16.92,0.0,17.73,0,0,0,,2026-08-31T02:21:38.422656+00:00
2025-10-24,13,46.04,45,32.23,64.46,2025-10-24T09:00:00+08:00,2025-10-24T21:00:00+08:00,OPERATING,17.12,0.0,17.72,0,0,0,,2026-08-31T02:21:38.422656+00:00
2025-10-24,14,44.81,44,31.37,62.73,2025-10-24T09:00:00+08:00,2025-10-24T21:00:00+08:00,OPERATING,17.89,0.0,17.69,0,0,0,,2026-08-31T02:21:38.422656+00:00
2025-10-24,15,45.25,47,31.68,63.35,2025-10-24T09:00:00+08:00,2025-10-24T21:00:00+08:00,OPERATING,19.3,0.0,18.63,0,0,0,,2026-08-31T02:21:38.422656+00:00
2025-10-24,16,46.07,46,32.25,64.5,2025-10-24T09:00:00+08:00,2025-10-24T21:00:00+08:00,OPERATING,18.41,0.0,19.59,0,0,0,,2026-08-31T02:21:38.422656+00:00
2025-10-24,17,43.02,47,30.11,60.22,2025-10-24T09:00:00+08:00,2025-10-24T21:00:00+08:00,OPERATING,17.89,0.0,18.62,0,0,0,,2026-08-31T02:21:38.422656+00:00
2025-10-24,18,36.8,46,25.76,51.52,2025-10-24T09:00:00+08:00,2025-10-24T21:00:00+08:00,OPERATING,18.4,0.0,19.42,0,0,0,,2026-08-31T02:21:38.422656+00:00
2025-10-24,19,31.84,44,22.29,44.58,2025-10-24T09:00:00+08:00,2025-10-24T21:00:00+08:00,OPERATING,18.55,0.0,19.21,0,0,0,,2026-08-31T02:21:38.422656+00:00
2025-10-24,20,26.47,46,18.53,37.05,2025-10-24T09:00:00+08:00,2025-10-24T21:00:00+08:00,OPERATING,18.09,0.0,18.42,0,0,0,,2026-08-31T02:21:38.422656+00:00
2025-10-24,21,19.84,46,13.89,27.78,2025-10-24T09:00:00+08:00,2025-10-24T21:00:00+08:00,OPERATING,16.73,0.0,17.42,0,0,0,,2026-08-31T02:21:38.422656+00:00
2025-10-25,9,38.53,45,26.97,53.95,2025-10-25T09:00:00+08:00,2025-10-25T21:00:00+08:00,OPERATING,18.5,0.0,14.84,1,1,0,,2026-08-31T02:21:38.422656+00:00
2025-10-25,10,44.68,46,31.28,62.56,2025-10-25T09:00:00+08:00,2025-10-25T21:00:00+08:00,OPERATING,17.19,0.0,14.2,1,1,0,,2026-08-31T02:21:38.422656+00:00
2025-10-25,11,56.54,47,39.58,79.15,2025-10-25T09:00:00+08:00,2025-10-25T21:00:00+08:00,OPERATING,16.59,0.0,15.66,1,1,0,,2026-08-31T02:21:38.422656+00:00
2025-10-25,12,65.84,43,46.09,92.18,2025-10-25T09:00:00+08:00,2025-10-25T21:00:00+08:00,OPERATING,17.74,0.0,16.39,1,1,0,,2026-08-31T02:21:38.422656+00:00
2025-10-25,13,65.5,47,45.85,91.7,2025-10-25T09:00:00+08:00,2025-10-25T21:00:00+08:00,OPERATING,17.71,0.0,14.96,1,1,0,,2026-08-31T02:21:38.422656+00:00
2025-10-25,14,69.36,45,48.55,97.1,2025-10-25T09:00:00+08:00,2025-10-25T21:00:00+08:00,OPERATING,17.56,0.0,15.36,1,1,0,,2026-08-31T02:21:38.422656+00:00
2025-10-25,15,72.11,47,50.47,100.95,2025-10-25T09:00:00+08:00,2025-10-25T21:00:00+08:00,OPERATING,18.49,0.0,14.65,1,1,0,,2026-08-31T02:21:38.422656+00:00
2025-10-25,16,71.92,43,50.34,100.69,2025-10-25T09:00:00+08:00,2025-10-25T21:00:00+08:00,OPERATING,18.29,0.0,14.74,1,1,0,,2026-08-31T02:21:38.422656+00:00
2025-10-25,17,63.1,46,44.17,88.35,2025-10-25T09:00:00+08:00,2025-10-25T21:00:00+08:00,OPERATING,17.85,0.0,15.55,1,1,0,,2026-08-31T02:21:38.422656+00:00
2025-10-25,18,56.85,45,39.8,79.59,2025-10-25T09:00:00+08:00,2025-10-25T21:00:00+08:00,OPERATING,18.32,0.0,15.48,1,1,0,,2026-08-31T02:21:38.422656+00:00
2025-10-25,19,50.5,44,35.35,70.7,2025-10-25T09:00:00+08:00,2025-10-25T21:00:00+08:00,OPERATING,17.8,0.0,16.72,1,1,0,,2026-08-31T02:21:38.422656+00:00
2025-10-25,20,41.18,44,28.82,57.65,2025-10-25T09:00:00+08:00,2025-10-25T21:00:00+08:00,OPERATING,18.24,0.0,14.21,1,1,0,,2026-08-31T02:21:38.422656+00:00
2025-10-25,21,28.97,47,20.28,40.55,2025-10-25T09:00:00+08:00,2025-10-25T21:00:00+08:00,OPERATING,16.25,0.0,15.76,1,1,0,,2026-08-31T02:21:38.422656+00:00
2025-10-26,9,36.63,47,25.64,51.28,2025-10-26T09:00:00+08:00,2025-10-26T21:00:00+08:00,OPERATING,16.51,0.6,14.26,1,1,0,,2026-08-31T02:21:38.422656+00:00
2025-10-26,10,44.87,46,31.41,62.82,2025-10-26T09:00:00+08:00,2025-10-26T21:00:00+08:00,OPERATING,16.95,0.6,14.11,1,1,0,,2026-08-31T02:21:38.422656+00:00
2025-10-26,11,57.77,44,40.44,80.88,2025-10-26T09:00:00+08:00,2025-10-26T21:00:00+08:00,OPERATING,16.56,0.6,15.48,1,1,0,,2026-08-31T02:21:38.422656+00:00
2025-10-26,12,64.79,44,45.35,90.7,2025-10-26T09:00:00+08:00,2025-10-26T21:00:00+08:00,OPERATING,18.1,0.6,13.96,1,1,0,,2026-08-31T02:21:38.422656+00:00
2025-10-26,13,69.66,43,48.76,97.53,2025-10-26T09:00:00+08:00,2025-10-26T21:00:00+08:00,OPERATING,16.62,0.6,13.84,1,1,0,,2026-08-31T02:21:38.422656+00:00
2025-10-26,14,72.87,44,51.01,102.02,2025-10-26T09:00:00+08:00,2025-10-26T21:00:00+08:00,OPERATING,18.24,0.6,15.74,1,1,0,,2026-08-31T02:21:38.422656+00:00
2025-10-26,15,74.3,47,52.01,104.02,2025-10-26T09:00:00+08:00,2025-10-26T21:00:00+08:00,OPERATING,17.26,0.6,12.37,1,1,0,,2026-08-31T02:21:38.422656+00:00
2025-10-26,16,74.05,45,51.84,103.67,2025-10-26T09:00:00+08:00,2025-10-26T21:00:00+08:00,OPERATING,17.22,0.6,14.94,1,1,0,,2026-08-31T02:21:38.422656+00:00
2025-10-26,17,63.91,45,44.74,89.47,2025-10-26T09:00:00+08:00,2025-10-26T21:00:00+08:00,OPERATING,15.35,0.6,15.51,1,1,0,,2026-08-31T02:21:38.422656+00:00
2025-10-26,18,58.63,46,41.04,82.08,2025-10-26T09:00:00+08:00,2025-10-26T21:00:00+08:00,OPERATING,15.9,0.6,13.41,1,1,0,,2026-08-31T02:21:38.422656+00:00
2025-10-26,19,55.13,45,38.59,77.18,2025-10-26T09:00:00+08:00,2025-10-26T21:00:00+08:00,OPERATING,15.4,0.6,12.9,1,1,0,,2026-08-31T02:21:38.422656+00:00
2025-10-26,20,44.53,43,31.17,62.35,2025-10-26T09:00:00+08:00,2025-10-26T21:00:00+08:00,OPERATING,16.08,0.6,14.91,1,1,0,,2026-08-31T02:21:38.422656+00:00
2025-10-26,21,34.51,46,24.16,48.31,2025-10-26T09:00:00+08:00,2025-10-26T21:00:00+08:00,OPERATING,16.52,0.6,14.94,1,1,0,,2026-08-31T02:21:38.422656+00:00
2025-10-27,9,25.22,43,17.66,35.31,2025-10-27T09:00:00+08:00,2025-10-27T21:00:00+08:00,OPERATING,16.48,0.1,15.66,0,0,0,,2026-08-31T02:21:38.422656+00:00
2025-10-27,10,28.87,47,20.21,40.42,2025-10-27T09:00:00+08:00,2025-10-27T21:00:00+08:00,OPERATING,14.91,0.1,16.67,0,0,0,,2026-08-31T02:21:38.422656+00:00
2025-10-27,11,38.27,47,26.79,53.58,2025-10-27T09:00:00+08:00,2025-10-27T21:00:00+08:00,OPERATING,16.7,0.1,15.49,0,0,0,,2026-08-31T02:21:38.422656+00:00
2025-10-27,12,41.09,44,28.77,57.53,2025-10-27T09:00:00+08:00,2025-10-27T21:00:00+08:00,OPERATING,17.1,0.1,15.02,0,0,0,,2026-08-31T02:21:38.422656+00:00
2025-10-27,13,43.52,43,30.46,60.92,2025-10-27T09:00:00+08:00,2025-10-27T21:00:00+08:00,OPERATING,15.03,0.1,15.33,0,0,0,,2026-08-31T02:21:38.422656+00:00
2025-10-27,14,46.26,43,32.38,64.76,2025-10-27T09:00:00+08:00,2025-10-27T21:00:00+08:00,OPERATING,16.87,0.1,15.5,0,0,0,,2026-08-31T02:21:38.422656+00:00
2025-10-27,15,49.6,47,34.72,69.44,2025-10-27T09:00:00+08:00,2025-10-27T21:00:00+08:00,OPERATING,14.16,0.1,15.44,0,0,0,,2026-08-31T02:21:38.422656+00:00
2025-10-27,16,42.44,44,29.71,59.42,2025-10-27T09:00:00+08:00,2025-10-27T21:00:00+08:00,OPERATING,14.07,0.1,16.36,0,0,0,,2026-08-31T02:21:38.422656+00:00
2025-10-27,17,41.68,47,29.18,58.35,2025-10-27T09:00:00+08:00,2025-10-27T21:00:00+08:00,OPERATING,14.88,0.1,16.53,0,0,0,,2026-08-31T02:21:38.422656+00:00
2025-10-27,18,35.69,45,24.98,49.96,2025-10-27T09:00:00+08:00,2025-10-27T21:00:00+08:00,OPERATING,15.12,0.1,16.48,0,0,0,,2026-08-31T02:21:38.422656+00:00
2025-10-27,19,37.57,43,26.3,52.6,2025-10-27T09:00:00+08:00,2025-10-27T21:00:00+08:00,OPERATING,16.01,0.1,15.36,0,0,0,,2026-08-31T02:21:38.422656+00:00
2025-10-27,20,26.57,44,18.6,37.2,2025-10-27T09:00:00+08:00,2025-10-27T21:00:00+08:00,OPERATING,14.58,0.1,16.25,0,0,0,,2026-08-31T02:21:38.422656+00:00
2025-10-27,21,21.9,46,15.33,30.66,2025-10-27T09:00:00+08:00,2025-10-27T21:00:00+08:00,OPERATING,15.8,0.1,16.15,0,0,0,,2026-08-31T02:21:38.422656+00:00
2025-10-28,9,20.5,45,14.35,28.7,2025-10-28T09:00:00+08:00,2025-10-28T21:00:00+08:00,OPERATING,14.95,0.0,15.07,0,0,0,,2026-08-31T02:21:38.422656+00:00
2025-10-28,10,34.8,43,24.36,48.72,2025-10-28T09:00:00+08:00,2025-10-28T21:00:00+08:00,OPERATING,16.1,0.0,13.96,0,0,0,,2026-08-31T02:21:38.422656+00:00
2025-10-28,11,40.29,43,28.2,56.41,2025-10-28T09:00:00+08:00,2025-10-28T21:00:00+08:00,OPERATING,16.8,0.0,14.19,0,0,0,,2026-08-31T02:21:38.422656+00:00
2025-10-28,12,42.65,43,29.86,59.71,2025-10-28T09:00:00+08:00,2025-10-28T21:00:00+08:00,OPERATING,14.39,0.0,15.16,0,0,0,,2026-08-31T02:21:38.422656+00:00
2025-10-28,13,45.9,44,32.13,64.27,2025-10-28T09:00:00+08:00,2025-10-28T21:00:00+08:00,OPERATING,16.53,0.0,16.83,0,0,0,,2026-08-31T02:21:38.422656+00:00
2025-10-28,14,47.88,46,33.51,67.03,2025-10-28T09:00:00+08:00,2025-10-28T21:00:00+08:00,OPERATING,14.2,0.0,16.75,0,0,0,,2026-08-31T02:21:38.422656+00:00
2025-10-28,15,54.6,45,38.22,76.44,2025-10-28T09:00:00+08:00,2025-10-28T21:00:00+08:00,OPERATING,16.88,0.0,15.28,0,0,0,,2026-08-31T02:21:38.422656+00:00
2025-10-28,16,48.34,46,33.84,67.67,2025-10-28T09:00:00+08:00,2025-10-28T21:00:00+08:00,OPERATING,15.58,0.0,15.46,0,0,0,,2026-08-31T02:21:38.422656+00:00
2025-10-28,17,48.84,45,34.19,68.37,2025-10-28T09:00:00+08:00,2025-10-28T21:00:00+08:00,OPERATING,16.09,0.0,15.58,0,0,0,,2026-08-31T02:21:38.422656+00:00
2025-10-28,18,42.1,43,29.47,58.94,2025-10-28T09:00:00+08:00,2025-10-28T21:00:00+08:00,OPERATING,15.77,0.0,14.62,0,0,0,,2026-08-31T02:21:38.422656+00:00
2025-10-28,19,38.99,43,27.29,54.58,2025-10-28T09:00:00+08:00,2025-10-28T21:00:00+08:00,OPERATING,14.84,0.0,14.47,0,0,0,,2026-08-31T02:21:38.422656+00:00
2025-10-28,20,31.54,46,22.08,44.16,2025-10-28T09:00:00+08:00,2025-10-28T21:00:00+08:00,OPERATING,15.57,0.0,14.47,0,0,0,,2026-08-31T02:21:38.422656+00:00
2025-10-28,21,21.55,47,15.08,30.16,2025-10-28T09:00:00+08:00,2025-10-28T21:00:00+08:00,OPERATING,15.3,0.0,15.76,0,0,0,,2026-08-31T02:21:38.422656+00:00
2025-10-29,9,23.67,45,16.57,33.14,2025-10-29T09:00:00+08:00,2025-10-29T21:00:00+08:00,OPERATING,15.41,0.0,18.16,0,0,0,,2026-08-31T02:21:38.422656+00:00
2025-10-29,10,31.71,44,22.2,44.4,2025-10-29T09:00:00+08:00,2025-10-29T21:00:00+08:00,OPERATING,16.42,0.0,16.88,0,0,0,,2026-08-31T02:21:38.422656+00:00
2025-10-29,11,39.87,46,27.91,55.82,2025-10-29T09:00:00+08:00,2025-10-29T21:00:00+08:00,OPERATING,17.1,0.0,15.72,0,0,0,,2026-08-31T02:21:38.422656+00:00
2025-10-29,12,44.33,43,31.03,62.06,2025-10-29T09:00:00+08:00,2025-10-29T21:00:00+08:00,OPERATING,17.19,0.0,16.52,0,0,0,,2026-08-31T02:21:38.422656+00:00
2025-10-29,13,46.87,45,32.81,65.62,2025-10-29T09:00:00+08:00,2025-10-29T21:00:00+08:00,OPERATING,17.22,0.0,15.52,0,0,0,,2026-08-31T02:21:38.422656+00:00
2025-10-29,14,47.03,46,32.92,65.84,2025-10-29T09:00:00+08:00,2025-10-29T21:00:00+08:00,OPERATING,17.12,0.0,17.53,0,0,0,,2026-08-31T02:21:38.422656+00:00
2025-10-29,15,51.11,46,35.78,71.55,2025-10-29T09:00:00+08:00,2025-10-29T21:00:00+08:00,OPERATING,16.65,0.0,16.14,0,0,0,,2026-08-31T02:21:38.422656+00:00
2025-10-29,16,48.11,47,33.68,67.35,2025-10-29T09:00:00+08:00,2025-10-29T21:00:00+08:00,OPERATING,16.52,0.0,15.7,0,0,0,,2026-08-31T02:21:38.422656+00:00
2025-10-29,17,44.7,47,31.29,62.58,2025-10-29T09:00:00+08:00,2025-10-29T21:00:00+08:00,OPERATING,18.17,0.0,17.39,0,0,0,,2026-08-31T02:21:38.422656+00:00
2025-10-29,18,40.41,43,28.29,56.58,2025-10-29T09:00:00+08:00,2025-10-29T21:00:00+08:00,OPERATING,16.81,0.0,17.74,0,0,0,,2026-08-31T02:21:38.422656+00:00
2025-10-29,19,31.83,47,22.28,44.56,2025-10-29T09:00:00+08:00,2025-10-29T21:00:00+08:00,OPERATING,17.56,0.0,17.43,0,0,0,,2026-08-31T02:21:38.422656+00:00
2025-10-29,20,30.55,44,21.39,42.78,2025-10-29T09:00:00+08:00,2025-10-29T21:00:00+08:00,OPERATING,17.66,0.0,17.45,0,0,0,,2026-08-31T02:21:38.422656+00:00
2025-10-29,21,22.98,47,16.09,32.18,2025-10-29T09:00:00+08:00,2025-10-29T21:00:00+08:00,OPERATING,18.04,0.0,19.57,0,0,0,,2026-08-31T02:21:38.422656+00:00
2025-10-30,9,24.86,43,17.41,34.81,2025-10-30T09:00:00+08:00,2025-10-30T21:00:00+08:00,OPERATING,18.12,3.4,12.75,0,0,0,,2026-08-31T02:21:38.422656+00:00
2025-10-30,10,26.27,47,18.39,36.77,2025-10-30T09:00:00+08:00,2025-10-30T21:00:00+08:00,OPERATING,18.85,3.4,13.07,0,0,0,,2026-08-31T02:21:38.422656+00:00
2025-10-30,11,35.76,44,25.04,50.07,2025-10-30T09:00:00+08:00,2025-10-30T21:00:00+08:00,OPERATING,17.88,3.4,11.64,0,0,0,,2026-08-31T02:21:38.422656+00:00
2025-10-30,12,45.85,45,32.1,64.19,2025-10-30T09:00:00+08:00,2025-10-30T21:00:00+08:00,OPERATING,17.82,3.4,14.54,0,0,0,,2026-08-31T02:21:38.422656+00:00
2025-10-30,13,41.74,44,29.22,58.43,2025-10-30T09:00:00+08:00,2025-10-30T21:00:00+08:00,OPERATING,19.77,3.4,12.84,0,0,0,,2026-08-31T02:21:38.422656+00:00
2025-10-30,14,47.62,44,33.33,66.67,2025-10-30T09:00:00+08:00,2025-10-30T21:00:00+08:00,OPERATING,19.48,3.4,11.05,0,0,0,,2026-08-31T02:21:38.422656+00:00
2025-10-30,15,53.2,44,37.24,74.48,2025-10-30T09:00:00+08:00,2025-10-30T21:00:00+08:00,OPERATING,19.92,3.4,13.17,0,0,0,,2026-08-31T02:21:38.422656+00:00
2025-10-30,16,49.57,44,34.7,69.4,2025-10-30T09:00:00+08:00,2025-10-30T21:00:00+08:00,OPERATING,19.85,3.4,12.83,0,0,0,,2026-08-31T02:21:38.422656+00:00
2025-10-30,17,44.34,43,31.03,62.07,2025-10-30T09:00:00+08:00,2025-10-30T21:00:00+08:00,OPERATING,18.44,3.4,10.96,0,0,0,,2026-08-31T02:21:38.422656+00:00
2025-10-30,18,38.42,47,26.89,53.78,2025-10-30T09:00:00+08:00,2025-10-30T21:00:00+08:00,OPERATING,19.6,3.4,11.83,0,0,0,,2026-08-31T02:21:38.422656+00:00
2025-10-30,19,32.72,43,22.91,45.81,2025-10-30T09:00:00+08:00,2025-10-30T21:00:00+08:00,OPERATING,18.75,3.4,12.78,0,0,0,,2026-08-31T02:21:38.422656+00:00
2025-10-30,20,28.6,47,20.02,40.04,2025-10-30T09:00:00+08:00,2025-10-30T21:00:00+08:00,OPERATING,17.56,3.4,13.59,0,0,0,,2026-08-31T02:21:38.422656+00:00
2025-10-30,21,19.59,47,13.71,27.43,2025-10-30T09:00:00+08:00,2025-10-30T21:00:00+08:00,OPERATING,18.49,3.4,14.89,0,0,0,,2026-08-31T02:21:38.422656+00:00
2025-10-31,9,21.59,44,15.11,30.22,2025-10-31T09:00:00+08:00,2025-10-31T21:00:00+08:00,OPERATING,18.79,0.5,12.57,0,0,0,,2026-08-31T02:21:38.422656+00:00
2025-10-31,10,26.8,47,18.76,37.52,2025-10-31T09:00:00+08:00,2025-10-31T21:00:00+08:00,OPERATING,18.42,0.5,13.24,0,0,0,,2026-08-31T02:21:38.422656+00:00
2025-10-31,11,37.44,44,26.2,52.41,2025-10-31T09:00:00+08:00,2025-10-31T21:00:00+08:00,OPERATING,17.6,0.5,13.4,0,0,0,,2026-08-31T02:21:38.422656+00:00
2025-10-31,12,37.83,45,26.48,52.96,2025-10-31T09:00:00+08:00,2025-10-31T21:00:00+08:00,OPERATING,19.25,0.5,13.82,0,0,0,,2026-08-31T02:21:38.422656+00:00
2025-10-31,13,43.64,43,30.55,61.09,2025-10-31T09:00:00+08:00,2025-10-31T21:00:00+08:00,OPERATING,18.42,0.5,12.56,0,0,0,,2026-08-31T02:21:38.422656+00:00
2025-10-31,14,44.14,46,30.9,61.79,2025-10-31T09:00:00+08:00,2025-10-31T21:00:00+08:00,OPERATING,19.82,0.5,12.66,0,0,0,,2026-08-31T02:21:38.422656+00:00
2025-10-31,15,47.56,47,33.29,66.58,2025-10-31T09:00:00+08:00,2025-10-31T21:00:00+08:00,OPERATING,17.06,0.5,12.21,0,0,0,,2026-08-31T02:21:38.422656+00:00
2025-10-31,16,46.39,43,32.47,64.95,2025-10-31T09:00:00+08:00,2025-10-31T21:00:00+08:00,OPERATING,17.61,0.5,12.42,0,0,0,,2026-08-31T02:21:38.422656+00:00
2025-10-31,17,39.65,45,27.76,55.51,2025-10-31T09:00:00+08:00,2025-10-31T21:00:00+08:00,OPERATING,19.23,0.5,13.67,0,0,0,,2026-08-31T02:21:38.422656+00:00
2025-10-31,18,38.61,46,27.03,54.06,2025-10-31T09:00:00+08:00,2025-10-31T21:00:00+08:00,OPERATING,18.7,0.5,12.08,0,0,0,,2026-08-31T02:21:38.422656+00:00
2025-10-31,19,27.93,46,19.55,39.11,2025-10-31T09:00:00+08:00,2025-10-31T21:00:00+08:00,OPERATING,18.15,0.5,13.31,0,0,0,,2026-08-31T02:21:38.422656+00:00
2025-10-31,20,25.8,43,18.06,36.13,2025-10-31T09:00:00+08:00,2025-10-31T21:00:00+08:00,OPERATING,16.49,0.5,13.57,0,0,0,,2026-08-31T02:21:38.422656+00:00
2025-10-31,21,18.56,43,12.99,25.98,2025-10-31T09:00:00+08:00,2025-10-31T21:00:00+08:00,OPERATING,18.67,0.5,14.23,0,0,0,,2026-08-31T02:21:38.422656+00:00
2025-11-01,9,38.55,44,26.98,53.97,2025-11-01T09:00:00+08:00,2025-11-01T21:00:00+08:00,OPERATING,16.93,0.1,11.84,1,1,0,,2026-08-31T02:21:38.422656+00:00
2025-11-01,10,52.27,44,36.59,73.17,2025-11-01T09:00:00+08:00,2025-11-01T21:00:00+08:00,OPERATING,18.04,0.1,10.68,1,1,0,,2026-08-31T02:21:38.422656+00:00
2025-11-01,11,68.04,43,47.63,95.26,2025-11-01T09:00:00+08:00,2025-11-01T21:00:00+08:00,OPERATING,18.28,0.1,12.03,1,1,0,,2026-08-31T02:21:38.422656+00:00
2025-11-01,12,75.0,46,52.5,105.0,2025-11-01T09:00:00+08:00,2025-11-01T21:00:00+08:00,OPERATING,17.39,0.1,11.59,1,1,0,,2026-08-31T02:21:38.422656+00:00
2025-11-01,13,79.15,43,55.4,110.8,2025-11-01T09:00:00+08:00,2025-11-01T21:00:00+08:00,OPERATING,17.88,0.1,13.26,1,1,0,,2026-08-31T02:21:38.422656+00:00
2025-11-01,14,82.91,45,58.04,116.07,2025-11-01T09:00:00+08:00,2025-11-01T21:00:00+08:00,OPERATING,18.17,0.1,11.05,1,1,0,,2026-08-31T02:21:38.422656+00:00
2025-11-01,15,87.11,47,60.97,121.95,2025-11-01T09:00:00+08:00,2025-11-01T21:00:00+08:00,OPERATING,17.88,0.1,13.14,1,1,0,,2026-08-31T02:21:38.422656+00:00
2025-11-01,16,78.38,45,54.86,109.73,2025-11-01T09:00:00+08:00,2025-11-01T21:00:00+08:00,OPERATING,16.91,0.1,13.08,1,1,0,,2026-08-31T02:21:38.422656+00:00
2025-11-01,17,73.73,47,51.61,103.22,2025-11-01T09:00:00+08:00,2025-11-01T21:00:00+08:00,OPERATING,16.57,0.1,12.07,1,1,0,,2026-08-31T02:21:38.422656+00:00
2025-11-01,18,66.57,47,46.6,93.2,2025-11-01T09:00:00+08:00,2025-11-01T21:00:00+08:00,OPERATING,18.36,0.1,11.8,1,1,0,,2026-08-31T02:21:38.422656+00:00
2025-11-01,19,59.36,47,41.55,83.11,2025-11-01T09:00:00+08:00,2025-11-01T21:00:00+08:00,OPERATING,18.24,0.1,11.11,1,1,0,,2026-08-31T02:21:38.422656+00:00
2025-11-01,20,50.61,45,35.42,70.85,2025-11-01T09:00:00+08:00,2025-11-01T21:00:00+08:00,OPERATING,17.82,0.1,11.54,1,1,0,,2026-08-31T02:21:38.422656+00:00
2025-11-01,21,36.84,44,25.79,51.58,2025-11-01T09:00:00+08:00,2025-11-01T21:00:00+08:00,OPERATING,16.57,0.1,11.92,1,1,0,,2026-08-31T02:21:38.422656+00:00
2025-11-02,9,24.55,47,17.19,34.38,2025-11-02T09:00:00+08:00,2025-11-02T21:00:00+08:00,OPERATING,17.06,0.0,16.16,1,1,0,,2026-08-31T02:21:38.422656+00:00
2025-11-02,10,38.25,43,26.78,53.56,2025-11-02T09:00:00+08:00,2025-11-02T21:00:00+08:00,OPERATING,15.77,0.0,15.41,1,1,0,,2026-08-31T02:21:38.422656+00:00
2025-11-02,11,51.75,46,36.22,72.45,2025-11-02T09:00:00+08:00,2025-11-02T21:00:00+08:00,OPERATING,16.81,0.0,14.27,1,1,0,,2026-08-31T02:21:38.422656+00:00
2025-11-02,12,53.72,45,37.61,75.21,2025-11-02T09:00:00+08:00,2025-11-02T21:00:00+08:00,OPERATING,16.71,0.0,13.72,1,1,0,,2026-08-31T02:21:38.422656+00:00
2025-11-02,13,59.85,45,41.89,83.78,2025-11-02T09:00:00+08:00,2025-11-02T21:00:00+08:00,OPERATING,16.04,0.0,15.9,1,1,0,,2026-08-31T02:21:38.422656+00:00
2025-11-02,14,65.06,47,45.54,91.08,2025-11-02T09:00:00+08:00,2025-11-02T21:00:00+08:00,OPERATING,17.18,0.0,14.78,1,1,0,,2026-08-31T02:21:38.422656+00:00
2025-11-02,15,66.67,46,46.67,93.34,2025-11-02T09:00:00+08:00,2025-11-02T21:00:00+08:00,OPERATING,16.17,0.0,16.75,1,1,0,,2026-08-31T02:21:38.422656+00:00
2025-11-02,16,60.48,46,42.33,84.67,2025-11-02T09:00:00+08:00,2025-11-02T21:00:00+08:00,OPERATING,15.13,0.0,15.89,1,1,0,,2026-08-31T02:21:38.422656+00:00
2025-11-02,17,58.78,44,41.15,82.3,2025-11-02T09:00:00+08:00,2025-11-02T21:00:00+08:00,OPERATING,15.83,0.0,15.58,1,1,0,,2026-08-31T02:21:38.422656+00:00
2025-11-02,18,50.79,47,35.55,71.1,2025-11-02T09:00:00+08:00,2025-11-02T21:00:00+08:00,OPERATING,16.86,0.0,15.41,1,1,0,,2026-08-31T02:21:38.422656+00:00
2025-11-02,19,46.27,45,32.39,64.78,2025-11-02T09:00:00+08:00,2025-11-02T21:00:00+08:00,OPERATING,15.92,0.0,14.88,1,1,0,,2026-08-31T02:21:38.422656+00:00
2025-11-02,20,38.45,43,26.91,53.83,2025-11-02T09:00:00+08:00,2025-11-02T21:00:00+08:00,OPERATING,17.12,0.0,15.14,1,1,0,,2026-08-31T02:21:38.422656+00:00
2025-11-02,21,28.33,44,19.83,39.66,2025-11-02T09:00:00+08:00,2025-11-02T21:00:00+08:00,OPERATING,16.63,0.0,16.21,1,1,0,,2026-08-31T02:21:38.422656+00:00
2025-11-03,9,21.4,45,14.98,29.96,2025-11-03T09:00:00+08:00,2025-11-03T21:00:00+08:00,OPERATING,15.28,0.0,14.65,0,0,0,,2026-08-31T02:21:38.422656+00:00
2025-11-03,10,29.61,46,20.73,41.46,2025-11-03T09:00:00+08:00,2025-11-03T21:00:00+08:00,OPERATING,14.42,0.0,13.44,0,0,0,,2026-08-31T02:21:38.422656+00:00
2025-11-03,11,38.43,43,26.9,53.8,2025-11-03T09:00:00+08:00,2025-11-03T21:00:00+08:00,OPERATING,15.14,0.0,14.12,0,0,0,,2026-08-31T02:21:38.422656+00:00
2025-11-03,12,42.58,45,29.8,59.61,2025-11-03T09:00:00+08:00,2025-11-03T21:00:00+08:00,OPERATING,12.7,0.0,15.86,0,0,0,,2026-08-31T02:21:38.422656+00:00
2025-11-03,13,42.59,47,29.81,59.63,2025-11-03T09:00:00+08:00,2025-11-03T21:00:00+08:00,OPERATING,15.28,0.0,12.84,0,0,0,,2026-08-31T02:21:38.422656+00:00
2025-11-03,14,47.77,44,33.44,66.88,2025-11-03T09:00:00+08:00,2025-11-03T21:00:00+08:00,OPERATING,14.19,0.0,14.08,0,0,0,,2026-08-31T02:21:38.422656+00:00
2025-11-03,15,47.65,45,33.35,66.71,2025-11-03T09:00:00+08:00,2025-11-03T21:00:00+08:00,OPERATING,14.6,0.0,13.7,0,0,0,,2026-08-31T02:21:38.422656+00:00
2025-11-03,16,44.73,44,31.31,62.62,2025-11-03T09:00:00+08:00,2025-11-03T21:00:00+08:00,OPERATING,15.12,0.0,14.63,0,0,0,,2026-08-31T02:21:38.422656+00:00
2025-11-03,17,42.81,47,29.97,59.93,2025-11-03T09:00:00+08:00,2025-11-03T21:00:00+08:00,OPERATING,14.71,0.0,14.95,0,0,0,,2026-08-31T02:21:38.422656+00:00
2025-11-03,18,38.93,44,27.25,54.51,2025-11-03T09:00:00+08:00,2025-11-03T21:00:00+08:00,OPERATING,15.01,0.0,13.3,0,0,0,,2026-08-31T02:21:38.422656+00:00
2025-11-03,19,32.06,47,22.44,44.88,2025-11-03T09:00:00+08:00,2025-11-03T21:00:00+08:00,OPERATING,14.66,0.0,15.04,0,0,0,,2026-08-31T02:21:38.422656+00:00
2025-11-03,20,27.38,43,19.17,38.34,2025-11-03T09:00:00+08:00,2025-11-03T21:00:00+08:00,OPERATING,14.08,0.0,14.34,0,0,0,,2026-08-31T02:21:38.422656+00:00
2025-11-03,21,22.3,43,15.61,31.22,2025-11-03T09:00:00+08:00,2025-11-03T21:00:00+08:00,OPERATING,14.57,0.0,12.7,0,0,0,,2026-08-31T02:21:38.422656+00:00
2025-11-04,9,22.9,47,16.03,32.06,2025-11-04T09:00:00+08:00,2025-11-04T21:00:00+08:00,OPERATING,15.56,0.0,9.87,0,0,0,,2026-08-31T02:21:38.422656+00:00
2025-11-04,10,32.1,46,22.47,44.94,2025-11-04T09:00:00+08:00,2025-11-04T21:00:00+08:00,OPERATING,13.97,0.0,10.18,0,0,0,,2026-08-31T02:21:38.422656+00:00
2025-11-04,11,40.57,47,28.4,56.79,2025-11-04T09:00:00+08:00,2025-11-04T21:00:00+08:00,OPERATING,15.32,0.0,10.62,0,0,0,,2026-08-31T02:21:38.422656+00:00
2025-11-04,12,47.05,43,32.94,65.87,2025-11-04T09:00:00+08:00,2025-11-04T21:00:00+08:00,OPERATING,13.46,0.0,12.73,0,0,0,,2026-08-31T02:21:38.422656+00:00
2025-11-04,13,48.39,47,33.87,67.75,2025-11-04T09:00:00+08:00,2025-11-04T21:00:00+08:00,OPERATING,14.16,0.0,11.94,0,0,0,,2026-08-31T02:21:38.422656+00:00
2025-11-04,14,44.82,44,31.37,62.75,2025-11-04T09:00:00+08:00,2025-11-04T21:00:00+08:00,OPERATING,14.2,0.0,10.73,0,0,0,,2026-08-31T02:21:38.422656+00:00
2025-11-04,15,51.17,45,35.82,71.64,2025-11-04T09:00:00+08:00,2025-11-04T21:00:00+08:00,OPERATING,13.8,0.0,10.76,0,0,0,,2026-08-31T02:21:38.422656+00:00
2025-11-04,16,49.99,47,34.99,69.98,2025-11-04T09:00:00+08:00,2025-11-04T21:00:00+08:00,OPERATING,15.43,0.0,11.31,0,0,0,,2026-08-31T02:21:38.422656+00:00
2025-11-04,17,43.3,44,30.31,60.62,2025-11-04T09:00:00+08:00,2025-11-04T21:00:00+08:00,OPERATING,14.24,0.0,11.73,0,0,0,,2026-08-31T02:21:38.422656+00:00
2025-11-04,18,37.08,47,25.95,51.91,2025-11-04T09:00:00+08:00,2025-11-04T21:00:00+08:00,OPERATING,16.6,0.0,11.07,0,0,0,,2026-08-31T02:21:38.422656+00:00
2025-11-04,19,31.53,45,22.07,44.14,2025-11-04T09:00:00+08:00,2025-11-04T21:00:00+08:00,OPERATING,14.52,0.0,11.24,0,0,0,,2026-08-31T02:21:38.422656+00:00
2025-11-04,20,27.13,46,18.99,37.99,2025-11-04T09:00:00+08:00,2025-11-04T21:00:00+08:00,OPERATING,14.94,0.0,11.11,0,0,0,,2026-08-31T02:21:38.422656+00:00
2025-11-04,21,19.9,44,13.93,27.86,2025-11-04T09:00:00+08:00,2025-11-04T21:00:00+08:00,OPERATING,14.39,0.0,9.77,0,0,0,,2026-08-31T02:21:38.422656+00:00
2025-11-05,9,18.11,44,12.68,25.36,2025-11-05T09:00:00+08:00,2025-11-05T21:00:00+08:00,OPERATING,16.35,1.7,14.07,0,0,0,,2026-08-31T02:21:38.422656+00:00
2025-11-05,10,29.13,43,20.39,40.78,2025-11-05T09:00:00+08:00,2025-11-05T21:00:00+08:00,OPERATING,18.2,1.7,15.08,0,0,0,,2026-08-31T02:21:38.422656+00:00
2025-11-05,11,32.35,45,22.64,45.28,2025-11-05T09:00:00+08:00,2025-11-05T21:00:00+08:00,OPERATING,17.71,1.7,14.86,0,0,0,,2026-08-31T02:21:38.422656+00:00
2025-11-05,12,34.23,45,23.96,47.92,2025-11-05T09:00:00+08:00,2025-11-05T21:00:00+08:00,OPERATING,15.99,1.7,14.62,0,0,0,,2026-08-31T02:21:38.422656+00:00
2025-11-05,13,38.52,47,26.96,53.92,2025-11-05T09:00:00+08:00,2025-11-05T21:00:00+08:00,OPERATING,16.31,1.7,15.23,0,0,0,,2026-08-31T02:21:38.422656+00:00
2025-11-05,14,41.31,43,28.92,57.83,2025-11-05T09:00:00+08:00,2025-11-05T21:00:00+08:00,OPERATING,16.29,1.7,15.24,0,0,0,,2026-08-31T02:21:38.422656+00:00
2025-11-05,15,44.45,47,31.12,62.23,2025-11-05T09:00:00+08:00,2025-11-05T21:00:00+08:00,OPERATING,16.76,1.7,17.44,0,0,0,,2026-08-31T02:21:38.422656+00:00
2025-11-05,16,40.34,44,28.24,56.48,2025-11-05T09:00:00+08:00,2025-11-05T21:00:00+08:00,OPERATING,16.64,1.7,13.48,0,0,0,,2026-08-31T02:21:38.422656+00:00
2025-11-05,17,37.97,46,26.58,53.16,2025-11-05T09:00:00+08:00,2025-11-05T21:00:00+08:00,OPERATING,18.59,1.7,13.85,0,0,0,,2026-08-31T02:21:38.422656+00:00
2025-11-05,18,33.04,47,23.13,46.25,2025-11-05T09:00:00+08:00,2025-11-05T21:00:00+08:00,OPERATING,17.04,1.7,13.96,0,0,0,,2026-08-31T02:21:38.422656+00:00
2025-11-05,19,31.32,46,21.92,43.85,2025-11-05T09:00:00+08:00,2025-11-05T21:00:00+08:00,OPERATING,17.29,1.7,15.24,0,0,0,,2026-08-31T02:21:38.422656+00:00
2025-11-05,20,20.7,44,14.49,28.98,2025-11-05T09:00:00+08:00,2025-11-05T21:00:00+08:00,OPERATING,18.03,1.7,14.93,0,0,0,,2026-08-31T02:21:38.422656+00:00
2025-11-05,21,19.74,43,13.82,27.64,2025-11-05T09:00:00+08:00,2025-11-05T21:00:00+08:00,OPERATING,17.41,1.7,13.44,0,0,0,,2026-08-31T02:21:38.422656+00:00
2025-11-06,9,19.42,43,13.59,27.18,2025-11-06T09:00:00+08:00,2025-11-06T21:00:00+08:00,OPERATING,18.86,2.0,19.96,0,0,0,,2026-08-31T02:21:38.422656+00:00
2025-11-06,10,23.46,45,16.42,32.84,2025-11-06T09:00:00+08:00,2025-11-06T21:00:00+08:00,OPERATING,19.25,2.0,19.53,0,0,0,,2026-08-31T02:21:38.422656+00:00
2025-11-06,11,32.67,45,22.87,45.74,2025-11-06T09:00:00+08:00,2025-11-06T21:00:00+08:00,OPERATING,17.56,2.0,21.99,0,0,0,,2026-08-31T02:21:38.422656+00:00
2025-11-06,12,37.0,44,25.9,51.8,2025-11-06T09:00:00+08:00,2025-11-06T21:00:00+08:00,OPERATING,17.66,2.0,19.13,0,0,0,,2026-08-31T02:21:38.422656+00:00
2025-11-06,13,36.77,47,25.74,51.48,2025-11-06T09:00:00+08:00,2025-11-06T21:00:00+08:00,OPERATING,19.54,2.0,20.53,0,0,0,,2026-08-31T02:21:38.422656+00:00
2025-11-06,14,38.07,47,26.65,53.3,2025-11-06T09:00:00+08:00,2025-11-06T21:00:00+08:00,OPERATING,18.33,2.0,18.89,0,0,0,,2026-08-31T02:21:38.422656+00:00
2025-11-06,15,43.25,47,30.27,60.55,2025-11-06T09:00:00+08:00,2025-11-06T21:00:00+08:00,OPERATING,17.79,2.0,18.81,0,0,0,,2026-08-31T02:21:38.422656+00:00
2025-11-06,16,42.85,43,30.0,60.0,2025-11-06T09:00:00+08:00,2025-11-06T21:00:00+08:00,OPERATING,18.15,2.0,20.18,0,0,0,,2026-08-31T02:21:38.422656+00:00
2025-11-06,17,36.66,44,25.66,51.32,2025-11-06T09:00:00+08:00,2025-11-06T21:00:00+08:00,OPERATING,18.41,2.0,19.84,0,0,0,,2026-08-31T02:21:38.422656+00:00
2025-11-06,18,34.43,46,24.1,48.2,2025-11-06T09:00:00+08:00,2025-11-06T21:00:00+08:00,OPERATING,18.24,2.0,19.79,0,0,0,,2026-08-31T02:21:38.422656+00:00
2025-11-06,19,26.88,45,18.81,37.63,2025-11-06T09:00:00+08:00,2025-11-06T21:00:00+08:00,OPERATING,18.96,2.0,18.32,0,0,0,,2026-08-31T02:21:38.422656+00:00
2025-11-06,20,23.29,47,16.3,32.6,2025-11-06T09:00:00+08:00,2025-11-06T21:00:00+08:00,OPERATING,17.36,2.0,18.33,0,0,0,,2026-08-31T02:21:38.422656+00:00
2025-11-06,21,17.33,46,12.13,24.26,2025-11-06T09:00:00+08:00,2025-11-06T21:00:00+08:00,OPERATING,18.76,2.0,17.19,0,0,0,,2026-08-31T02:21:38.422656+00:00
2025-11-07,9,18.81,45,13.17,26.34,2025-11-07T09:00:00+08:00,2025-11-07T21:00:00+08:00,OPERATING,19.09,2.0,9.92,0,0,0,,2026-08-31T02:21:38.422656+00:00
2025-11-07,10,23.67,45,16.57,33.14,2025-11-07T09:00:00+08:00,2025-11-07T21:00:00+08:00,OPERATING,18.46,2.0,9.07,0,0,0,,2026-08-31T02:21:38.422656+00:00
2025-11-07,11,30.73,46,21.51,43.02,2025-11-07T09:00:00+08:00,2025-11-07T21:00:00+08:00,OPERATING,17.44,2.0,9.42,0,0,0,,2026-08-31T02:21:38.422656+00:00
2025-11-07,12,34.82,43,24.37,48.75,2025-11-07T09:00:00+08:00,2025-11-07T21:00:00+08:00,OPERATING,17.98,2.0,10.48,0,0,0,,2026-08-31T02:21:38.422656+00:00
2025-11-07,13,34.64,43,24.25,48.49,2025-11-07T09:00:00+08:00,2025-11-07T21:00:00+08:00,OPERATING,19.54,2.0,11.42,0,0,0,,2026-08-31T02:21:38.422656+00:00
2025-11-07,14,37.18,46,26.02,52.05,2025-11-07T09:00:00+08:00,2025-11-07T21:00:00+08:00,OPERATING,18.91,2.0,10.25,0,0,0,,2026-08-31T02:21:38.422656+00:00
2025-11-07,15,42.02,43,29.41,58.83,2025-11-07T09:00:00+08:00,2025-11-07T21:00:00+08:00,OPERATING,16.31,2.0,9.95,0,0,0,,2026-08-31T02:21:38.422656+00:00
2025-11-07,16,37.06,47,25.94,51.88,2025-11-07T09:00:00+08:00,2025-11-07T21:00:00+08:00,OPERATING,17.74,2.0,10.42,0,0,0,,2026-08-31T02:21:38.422656+00:00
2025-11-07,17,32.89,44,23.03,46.05,2025-11-07T09:00:00+08:00,2025-11-07T21:00:00+08:00,OPERATING,17.51,2.0,10.45,0,0,0,,2026-08-31T02:21:38.422656+00:00
2025-11-07,18,32.24,44,22.56,45.13,2025-11-07T09:00:00+08:00,2025-11-07T21:00:00+08:00,OPERATING,17.56,2.0,7.86,0,0,0,,2026-08-31T02:21:38.422656+00:00
2025-11-07,19,29.28,43,20.5,41.0,2025-11-07T09:00:00+08:00,2025-11-07T21:00:00+08:00,OPERATING,18.21,2.0,8.73,0,0,0,,2026-08-31T02:21:38.422656+00:00
2025-11-07,20,23.01,46,16.11,32.22,2025-11-07T09:00:00+08:00,2025-11-07T21:00:00+08:00,OPERATING,19.07,2.0,9.86,0,0,0,,2026-08-31T02:21:38.422656+00:00
2025-11-07,21,19.96,43,13.97,27.95,2025-11-07T09:00:00+08:00,2025-11-07T21:00:00+08:00,OPERATING,16.66,2.0,11.07,0,0,0,,2026-08-31T02:21:38.422656+00:00
2025-11-08,9,36.36,45,25.45,50.9,2025-11-08T09:00:00+08:00,2025-11-08T21:00:00+08:00,OPERATING,19.29,3.9,12.3,1,1,0,,2026-08-31T02:21:38.422656+00:00
2025-11-08,10,49.32,47,34.53,69.05,2025-11-08T09:00:00+08:00,2025-11-08T21:00:00+08:00,OPERATING,19.17,3.9,13.63,1,1,0,,2026-08-31T02:21:38.422656+00:00
2025-11-08,11,59.09,46,41.36,82.72,2025-11-08T09:00:00+08:00,2025-11-08T21:00:00+08:00,OPERATING,20.04,3.9,10.51,1,1,0,,2026-08-31T02:21:38.422656+00:00
2025-11-08,12,61.85,45,43.29,86.58,2025-11-08T09:00:00+08:00,2025-11-08T21:00:00+08:00,OPERATING,18.42,3.9,12.8,1,1,0,,2026-08-31T02:21:38.422656+00:00
2025-11-08,13,65.62,44,45.94,91.87,2025-11-08T09:00:00+08:00,2025-11-08T21:00:00+08:00,OPERATING,19.1,3.9,13.34,1,1,0,,2026-08-31T02:21:38.422656+00:00
2025-11-08,14,69.1,45,48.37,96.75,2025-11-08T09:00:00+08:00,2025-11-08T21:00:00+08:00,OPERATING,19.17,3.9,10.66,1,1,0,,2026-08-31T02:21:38.422656+00:00
2025-11-08,15,69.04,43,48.33,96.66,2025-11-08T09:00:00+08:00,2025-11-08T21:00:00+08:00,OPERATING,19.16,3.9,12.8,1,1,0,,2026-08-31T02:21:38.422656+00:00
2025-11-08,16,70.17,44,49.12,98.24,2025-11-08T09:00:00+08:00,2025-11-08T21:00:00+08:00,OPERATING,18.25,3.9,12.22,1,1,0,,2026-08-31T02:21:38.422656+00:00
2025-11-08,17,62.03,46,43.42,86.85,2025-11-08T09:00:00+08:00,2025-11-08T21:00:00+08:00,OPERATING,19.07,3.9,13.02,1,1,0,,2026-08-31T02:21:38.422656+00:00
2025-11-08,18,55.11,46,38.58,77.15,2025-11-08T09:00:00+08:00,2025-11-08T21:00:00+08:00,OPERATING,17.71,3.9,11.73,1,1,0,,2026-08-31T02:21:38.422656+00:00
2025-11-08,19,51.13,43,35.79,71.58,2025-11-08T09:00:00+08:00,2025-11-08T21:00:00+08:00,OPERATING,20.79,3.9,13.02,1,1,0,,2026-08-31T02:21:38.422656+00:00
2025-11-08,20,39.3,45,27.51,55.03,2025-11-08T09:00:00+08:00,2025-11-08T21:00:00+08:00,OPERATING,18.75,3.9,13.16,1,1,0,,2026-08-31T02:21:38.422656+00:00
2025-11-08,21,31.63,46,22.14,44.28,2025-11-08T09:00:00+08:00,2025-11-08T21:00:00+08:00,OPERATING,19.86,3.9,12.91,1,1,0,,2026-08-31T02:21:38.422656+00:00
2025-11-09,9,35.3,45,24.71,49.42,2025-11-09T09:00:00+08:00,2025-11-09T21:00:00+08:00,OPERATING,18.55,0.6,15.42,1,1,0,,2026-08-31T02:21:38.422656+00:00
2025-11-09,10,47.65,44,33.35,66.71,2025-11-09T09:00:00+08:00,2025-11-09T21:00:00+08:00,OPERATING,16.78,0.6,15.05,1,1,0,,2026-08-31T02:21:38.422656+00:00
2025-11-09,11,60.54,43,42.37,84.75,2025-11-09T09:00:00+08:00,2025-11-09T21:00:00+08:00,OPERATING,17.01,0.6,16.04,1,1,0,,2026-08-31T02:21:38.422656+00:00
2025-11-09,12,66.26,43,46.38,92.76,2025-11-09T09:00:00+08:00,2025-11-09T21:00:00+08:00,OPERATING,17.09,0.6,16.07,1,1,0,,2026-08-31T02:21:38.422656+00:00
2025-11-09,13,71.12,45,49.78,99.56,2025-11-09T09:00:00+08:00,2025-11-09T21:00:00+08:00,OPERATING,17.7,0.6,16.99,1,1,0,,2026-08-31T02:21:38.422656+00:00
2025-11-09,14,72.99,43,51.09,102.19,2025-11-09T09:00:00+08:00,2025-11-09T21:00:00+08:00,OPERATING,18.52,0.6,17.45,1,1,0,,2026-08-31T02:21:38.422656+00:00
2025-11-09,15,74.39,45,52.07,104.14,2025-11-09T09:00:00+08:00,2025-11-09T21:00:00+08:00,OPERATING,17.7,0.6,16.78,1,1,0,,2026-08-31T02:21:38.422656+00:00
2025-11-09,16,77.61,44,54.33,108.66,2025-11-09T09:00:00+08:00,2025-11-09T21:00:00+08:00,OPERATING,18.11,0.6,15.75,1,1,0,,2026-08-31T02:21:38.422656+00:00
2025-11-09,17,65.61,43,45.92,91.85,2025-11-09T09:00:00+08:00,2025-11-09T21:00:00+08:00,OPERATING,17.1,0.6,16.14,1,1,0,,2026-08-31T02:21:38.422656+00:00
2025-11-09,18,58.54,44,40.98,81.96,2025-11-09T09:00:00+08:00,2025-11-09T21:00:00+08:00,OPERATING,18.75,0.6,16.45,1,1,0,,2026-08-31T02:21:38.422656+00:00
2025-11-09,19,52.07,43,36.45,72.9,2025-11-09T09:00:00+08:00,2025-11-09T21:00:00+08:00,OPERATING,17.0,0.6,18.07,1,1,0,,2026-08-31T02:21:38.422656+00:00
2025-11-09,20,45.56,44,31.89,63.78,2025-11-09T09:00:00+08:00,2025-11-09T21:00:00+08:00,OPERATING,18.65,0.6,14.81,1,1,0,,2026-08-31T02:21:38.422656+00:00
2025-11-09,21,32.7,44,22.89,45.77,2025-11-09T09:00:00+08:00,2025-11-09T21:00:00+08:00,OPERATING,17.13,0.6,17.45,1,1,0,,2026-08-31T02:21:38.422656+00:00
2025-11-10,9,24.33,47,17.03,34.06,2025-11-10T09:00:00+08:00,2025-11-10T21:00:00+08:00,OPERATING,15.75,0.0,16.06,0,0,0,,2026-08-31T02:21:38.422656+00:00
2025-11-10,10,27.63,43,19.34,38.68,2025-11-10T09:00:00+08:00,2025-11-10T21:00:00+08:00,OPERATING,16.89,0.0,15.2,0,0,0,,2026-08-31T02:21:38.422656+00:00
2025-11-10,11,35.65,44,24.95,49.9,2025-11-10T09:00:00+08:00,2025-11-10T21:00:00+08:00,OPERATING,17.05,0.0,15.51,0,0,0,,2026-08-31T02:21:38.422656+00:00
2025-11-10,12,45.79,45,32.06,64.11,2025-11-10T09:00:00+08:00,2025-11-10T21:00:00+08:00,OPERATING,16.78,0.0,15.5,0,0,0,,2026-08-31T02:21:38.422656+00:00
2025-11-10,13,42.46,45,29.72,59.45,2025-11-10T09:00:00+08:00,2025-11-10T21:00:00+08:00,OPERATING,14.68,0.0,16.41,0,0,0,,2026-08-31T02:21:38.422656+00:00
2025-11-10,14,46.35,45,32.44,64.89,2025-11-10T09:00:00+08:00,2025-11-10T21:00:00+08:00,OPERATING,14.13,0.0,15.46,0,0,0,,2026-08-31T02:21:38.422656+00:00
2025-11-10,15,50.08,43,35.06,70.12,2025-11-10T09:00:00+08:00,2025-11-10T21:00:00+08:00,OPERATING,16.81,0.0,16.64,0,0,0,,2026-08-31T02:21:38.422656+00:00
2025-11-10,16,40.88,47,28.61,57.23,2025-11-10T09:00:00+08:00,2025-11-10T21:00:00+08:00,OPERATING,15.46,0.0,17.09,0,0,0,,2026-08-31T02:21:38.422656+00:00
2025-11-10,17,40.86,45,28.6,57.21,2025-11-10T09:00:00+08:00,2025-11-10T21:00:00+08:00,OPERATING,14.93,0.0,16.74,0,0,0,,2026-08-31T02:21:38.422656+00:00
2025-11-10,18,38.92,45,27.24,54.49,2025-11-10T09:00:00+08:00,2025-11-10T21:00:00+08:00,OPERATING,16.57,0.0,15.86,0,0,0,,2026-08-31T02:21:38.422656+00:00
2025-11-10,19,31.09,47,21.76,43.52,2025-11-10T09:00:00+08:00,2025-11-10T21:00:00+08:00,OPERATING,15.37,0.0,14.68,0,0,0,,2026-08-31T02:21:38.422656+00:00
2025-11-10,20,29.85,46,20.9,41.79,2025-11-10T09:00:00+08:00,2025-11-10T21:00:00+08:00,OPERATING,16.71,0.0,14.27,0,0,0,,2026-08-31T02:21:38.422656+00:00
2025-11-10,21,21.56,44,15.09,30.19,2025-11-10T09:00:00+08:00,2025-11-10T21:00:00+08:00,OPERATING,16.2,0.0,16.99,0,0,0,,2026-08-31T02:21:38.422656+00:00
2025-11-11,9,22.01,44,15.4,30.81,2025-11-11T09:00:00+08:00,2025-11-11T21:00:00+08:00,OPERATING,15.24,0.2,18.3,0,0,0,,2026-08-31T02:21:38.422656+00:00
2025-11-11,10,33.87,47,23.71,47.42,2025-11-11T09:00:00+08:00,2025-11-11T21:00:00+08:00,OPERATING,16.77,0.2,17.37,0,0,0,,2026-08-31T02:21:38.422656+00:00
2025-11-11,11,40.14,46,28.1,56.19,2025-11-11T09:00:00+08:00,2025-11-11T21:00:00+08:00,OPERATING,14.99,0.2,17.98,0,0,0,,2026-08-31T02:21:38.422656+00:00
2025-11-11,12,43.0,43,30.1,60.2,2025-11-11T09:00:00+08:00,2025-11-11T21:00:00+08:00,OPERATING,15.48,0.2,18.64,0,0,0,,2026-08-31T02:21:38.422656+00:00
2025-11-11,13,44.29,47,31.0,62.01,2025-11-11T09:00:00+08:00,2025-11-11T21:00:00+08:00,OPERATING,14.68,0.2,16.01,0,0,0,,2026-08-31T02:21:38.422656+00:00
2025-11-11,14,47.94,44,33.56,67.12,2025-11-11T09:00:00+08:00,2025-11-11T21:00:00+08:00,OPERATING,16.24,0.2,17.65,0,0,0,,2026-08-31T02:21:38.422656+00:00
2025-11-11,15,48.49,46,33.95,67.89,2025-11-11T09:00:00+08:00,2025-11-11T21:00:00+08:00,OPERATING,14.6,0.2,18.5,0,0,0,,2026-08-31T02:21:38.422656+00:00
2025-11-11,16,52.18,44,36.53,73.05,2025-11-11T09:00:00+08:00,2025-11-11T21:00:00+08:00,OPERATING,15.44,0.2,18.1,0,0,0,,2026-08-31T02:21:38.422656+00:00
2025-11-11,17,42.55,45,29.79,59.58,2025-11-11T09:00:00+08:00,2025-11-11T21:00:00+08:00,OPERATING,16.09,0.2,17.5,0,0,0,,2026-08-31T02:21:38.422656+00:00
2025-11-11,18,37.58,47,26.3,52.61,2025-11-11T09:00:00+08:00,2025-11-11T21:00:00+08:00,OPERATING,16.45,0.2,17.84,0,0,0,,2026-08-31T02:21:38.422656+00:00
2025-11-11,19,35.07,45,24.55,49.09,2025-11-11T09:00:00+08:00,2025-11-11T21:00:00+08:00,OPERATING,15.15,0.2,17.88,0,0,0,,2026-08-31T02:21:38.422656+00:00
2025-11-11,20,30.66,46,21.46,42.92,2025-11-11T09:00:00+08:00,2025-11-11T21:00:00+08:00,OPERATING,17.4,0.2,17.92,0,0,0,,2026-08-31T02:21:38.422656+00:00
2025-11-11,21,18.41,44,12.89,25.78,2025-11-11T09:00:00+08:00,2025-11-11T21:00:00+08:00,OPERATING,15.37,0.2,18.02,0,0,0,,2026-08-31T02:21:38.422656+00:00
2025-11-12,9,19.54,44,13.68,27.35,2025-11-12T09:00:00+08:00,2025-11-12T21:00:00+08:00,OPERATING,16.52,0.2,15.84,0,0,0,,2026-08-31T02:21:38.422656+00:00
2025-11-12,10,28.15,43,19.7,39.41,2025-11-12T09:00:00+08:00,2025-11-12T21:00:00+08:00,OPERATING,16.73,0.2,15.35,0,0,0,,2026-08-31T02:21:38.422656+00:00
2025-11-12,11,34.88,43,24.42,48.84,2025-11-12T09:00:00+08:00,2025-11-12T21:00:00+08:00,OPERATING,16.16,0.2,14.41,0,0,0,,2026-08-31T02:21:38.422656+00:00
2025-11-12,12,40.35,45,28.24,56.49,2025-11-12T09:00:00+08:00,2025-11-12T21:00:00+08:00,OPERATING,14.88,0.2,17.18,0,0,0,,2026-08-31T02:21:38.422656+00:00
2025-11-12,13,39.7,45,27.79,55.57,2025-11-12T09:00:00+08:00,2025-11-12T21:00:00+08:00,OPERATING,16.89,0.2,14.65,0,0,0,,2026-08-31T02:21:38.422656+00:00
2025-11-12,14,43.21,43,30.25,60.49,2025-11-12T09:00:00+08:00,2025-11-12T21:00:00+08:00,OPERATING,17.32,0.2,15.38,0,0,0,,2026-08-31T02:21:38.422656+00:00
2025-11-12,15,43.61,44,30.53,61.06,2025-11-12T09:00:00+08:00,2025-11-12T21:00:00+08:00,OPERATING,17.21,0.2,16.63,0,0,0,,2026-08-31T02:21:38.422656+00:00
2025-11-12,16,42.37,46,29.66,59.31,2025-11-12T09:00:00+08:00,2025-11-12T21:00:00+08:00,OPERATING,17.02,0.2,15.04,0,0,0,,2026-08-31T02:21:38.422656+00:00
2025-11-12,17,37.0,46,25.9,51.8,2025-11-12T09:00:00+08:00,2025-11-12T21:00:00+08:00,OPERATING,15.81,0.2,15.21,0,0,0,,2026-08-31T02:21:38.422656+00:00
2025-11-12,18,34.17,47,23.92,47.84,2025-11-12T09:00:00+08:00,2025-11-12T21:00:00+08:00,OPERATING,17.92,0.2,15.99,0,0,0,,2026-08-31T02:21:38.422656+00:00
2025-11-12,19,33.7,43,23.59,47.18,2025-11-12T09:00:00+08:00,2025-11-12T21:00:00+08:00,OPERATING,16.49,0.2,15.67,0,0,0,,2026-08-31T02:21:38.422656+00:00
2025-11-12,20,30.64,44,21.45,42.9,2025-11-12T09:00:00+08:00,2025-11-12T21:00:00+08:00,OPERATING,17.25,0.2,16.75,0,0,0,,2026-08-31T02:21:38.422656+00:00
2025-11-12,21,16.52,43,11.57,23.13,2025-11-12T09:00:00+08:00,2025-11-12T21:00:00+08:00,OPERATING,18.37,0.2,16.53,0,0,0,,2026-08-31T02:21:38.422656+00:00
2025-11-13,9,19.26,46,13.48,26.96,2025-11-13T09:00:00+08:00,2025-11-13T21:00:00+08:00,OPERATING,16.7,0.0,17.53,0,0,0,,2026-08-31T02:21:38.422656+00:00
2025-11-13,10,30.32,43,21.22,42.44,2025-11-13T09:00:00+08:00,2025-11-13T21:00:00+08:00,OPERATING,15.38,0.0,17.64,0,0,0,,2026-08-31T02:21:38.422656+00:00
2025-11-13,11,41.32,45,28.93,57.85,2025-11-13T09:00:00+08:00,2025-11-13T21:00:00+08:00,OPERATING,16.51,0.0,16.41,0,0,0,,2026-08-31T02:21:38.422656+00:00
2025-11-13,12,40.45,44,28.31,56.63,2025-11-13T09:00:00+08:00,2025-11-13T21:00:00+08:00,OPERATING,16.63,0.0,16.86,0,0,0,,2026-08-31T02:21:38.422656+00:00
2025-11-13,13,45.22,46,31.65,63.3,2025-11-13T09:00:00+08:00,2025-11-13T21:00:00+08:00,OPERATING,17.74,0.0,17.17,0,0,0,,2026-08-31T02:21:38.422656+00:00
2025-11-13,14,47.63,45,33.34,66.68,2025-11-13T09:00:00+08:00,2025-11-13T21:00:00+08:00,OPERATING,15.82,0.0,16.39,0,0,0,,2026-08-31T02:21:38.422656+00:00
2025-11-13,15,45.24,44,31.67,63.34,2025-11-13T09:00:00+08:00,2025-11-13T21:00:00+08:00,OPERATING,16.82,0.0,18.69,0,0,0,,2026-08-31T02:21:38.422656+00:00
2025-11-13,16,40.55,45,28.38,56.77,2025-11-13T09:00:00+08:00,2025-11-13T21:00:00+08:00,OPERATING,15.93,0.0,15.38,0,0,0,,2026-08-31T02:21:38.422656+00:00
2025-11-13,17,38.67,45,27.07,54.13,2025-11-13T09:00:00+08:00,2025-11-13T21:00:00+08:00,OPERATING,15.87,0.0,16.35,0,0,0,,2026-08-31T02:21:38.422656+00:00
2025-11-13,18,37.25,46,26.08,52.15,2025-11-13T09:00:00+08:00,2025-11-13T21:00:00+08:00,OPERATING,17.33,0.0,17.33,0,0,0,,2026-08-31T02:21:38.422656+00:00
2025-11-13,19,33.74,44,23.62,47.23,2025-11-13T09:00:00+08:00,2025-11-13T21:00:00+08:00,OPERATING,16.42,0.0,17.34,0,0,0,,2026-08-31T02:21:38.422656+00:00
2025-11-13,20,28.84,46,20.19,40.37,2025-11-13T09:00:00+08:00,2025-11-13T21:00:00+08:00,OPERATING,16.22,0.0,19.4,0,0,0,,2026-08-31T02:21:38.422656+00:00
2025-11-13,21,19.46,44,13.62,27.25,2025-11-13T09:00:00+08:00,2025-11-13T21:00:00+08:00,OPERATING,14.96,0.0,16.9,0,0,0,,2026-08-31T02:21:38.422656+00:00
2025-11-14,9,25.33,43,17.73,35.46,2025-11-14T09:00:00+08:00,2025-11-14T21:00:00+08:00,OPERATING,13.34,0.0,9.96,0,0,0,,2026-08-31T02:21:38.422656+00:00
2025-11-14,10,34.26,46,23.98,47.96,2025-11-14T09:00:00+08:00,2025-11-14T21:00:00+08:00,OPERATING,15.0,0.0,10.61,0,0,0,,2026-08-31T02:21:38.422656+00:00
2025-11-14,11,48.66,47,34.06,68.12,2025-11-14T09:00:00+08:00,2025-11-14T21:00:00+08:00,OPERATING,15.71,0.0,9.71,0,0,0,,2026-08-31T02:21:38.422656+00:00
2025-11-14,12,47.88,46,33.51,67.03,2025-11-14T09:00:00+08:00,2025-11-14T21:00:00+08:00,OPERATING,15.41,0.0,10.12,0,0,0,,2026-08-31T02:21:38.422656+00:00
2025-11-14,13,52.7,47,36.89,73.78,2025-11-14T09:00:00+08:00,2025-11-14T21:00:00+08:00,OPERATING,14.69,0.0,11.23,0,0,0,,2026-08-31T02:21:38.422656+00:00
2025-11-14,14,54.71,46,38.29,76.59,2025-11-14T09:00:00+08:00,2025-11-14T21:00:00+08:00,OPERATING,13.29,0.0,9.51,0,0,0,,2026-08-31T02:21:38.422656+00:00
2025-11-14,15,56.36,43,39.46,78.91,2025-11-14T09:00:00+08:00,2025-11-14T21:00:00+08:00,OPERATING,15.62,0.0,9.62,0,0,0,,2026-08-31T02:21:38.422656+00:00
2025-11-14,16,55.59,47,38.91,77.82,2025-11-14T09:00:00+08:00,2025-11-14T21:00:00+08:00,OPERATING,13.72,0.0,9.14,0,0,0,,2026-08-31T02:21:38.422656+00:00
2025-11-14,17,47.0,43,32.9,65.8,2025-11-14T09:00:00+08:00,2025-11-14T21:00:00+08:00,OPERATING,14.06,0.0,10.48,0,0,0,,2026-08-31T02:21:38.422656+00:00
2025-11-14,18,49.5,46,34.65,69.3,2025-11-14T09:00:00+08:00,2025-11-14T21:00:00+08:00,OPERATING,15.27,0.0,9.56,0,0,0,,2026-08-31T02:21:38.422656+00:00
2025-11-14,19,39.61,45,27.73,55.46,2025-11-14T09:00:00+08:00,2025-11-14T21:00:00+08:00,OPERATING,15.69,0.0,10.42,0,0,0,,2026-08-31T02:21:38.422656+00:00
2025-11-14,20,34.8,47,24.36,48.73,2025-11-14T09:00:00+08:00,2025-11-14T21:00:00+08:00,OPERATING,14.4,0.0,10.38,0,0,0,,2026-08-31T02:21:38.422656+00:00
2025-11-14,21,23.67,47,16.57,33.14,2025-11-14T09:00:00+08:00,2025-11-14T21:00:00+08:00,OPERATING,14.43,0.0,9.8,0,0,0,,2026-08-31T02:21:38.422656+00:00
2025-11-15,9,40.3,44,28.21,56.42,2025-11-15T09:00:00+08:00,2025-11-15T21:00:00+08:00,OPERATING,15.96,0.0,9.75,1,1,0,,2026-08-31T02:21:38.422656+00:00
2025-11-15,10,52.5,44,36.75,73.51,2025-11-15T09:00:00+08:00,2025-11-15T21:00:00+08:00,OPERATING,14.76,0.0,8.92,1,1,0,,2026-08-31T02:21:38.422656+00:00
2025-11-15,11,69.79,47,48.85,97.7,2025-11-15T09:00:00+08:00,2025-11-15T21:00:00+08:00,OPERATING,15.7,0.0,9.9,1,1,0,,2026-08-31T02:21:38.422656+00:00
2025-11-15,12,73.96,43,51.78,103.55,2025-11-15T09:00:00+08:00,2025-11-15T21:00:00+08:00,OPERATING,15.36,0.0,8.49,1,1,0,,2026-08-31T02:21:38.422656+00:00
2025-11-15,13,78.6,45,55.02,110.04,2025-11-15T09:00:00+08:00,2025-11-15T21:00:00+08:00,OPERATING,14.12,0.0,9.23,1,1,0,,2026-08-31T02:21:38.422656+00:00
2025-11-15,14,80.61,47,56.43,112.85,2025-11-15T09:00:00+08:00,2025-11-15T21:00:00+08:00,OPERATING,13.94,0.0,11.26,1,1,0,,2026-08-31T02:21:38.422656+00:00
2025-11-15,15,84.33,46,59.03,118.06,2025-11-15T09:00:00+08:00,2025-11-15T21:00:00+08:00,OPERATING,13.37,0.0,10.54,1,1,0,,2026-08-31T02:21:38.422656+00:00
2025-11-15,16,81.67,43,57.17,114.34,2025-11-15T09:00:00+08:00,2025-11-15T21:00:00+08:00,OPERATING,14.08,0.0,9.59,1,1,0,,2026-08-31T02:21:38.422656+00:00
2025-11-15,17,76.57,45,53.6,107.2,2025-11-15T09:00:00+08:00,2025-11-15T21:00:00+08:00,OPERATING,16.61,0.0,9.66,1,1,0,,2026-08-31T02:21:38.422656+00:00
2025-11-15,18,67.1,44,46.97,93.94,2025-11-15T09:00:00+08:00,2025-11-15T21:00:00+08:00,OPERATING,15.1,0.0,11.63,1,1,0,,2026-08-31T02:21:38.422656+00:00
2025-11-15,19,60.06,43,42.04,84.09,2025-11-15T09:00:00+08:00,2025-11-15T21:00:00+08:00,OPERATING,14.49,0.0,10.72,1,1,0,,2026-08-31T02:21:38.422656+00:00
2025-11-15,20,50.1,46,35.07,70.14,2025-11-15T09:00:00+08:00,2025-11-15T21:00:00+08:00,OPERATING,14.07,0.0,10.96,1,1,0,,2026-08-31T02:21:38.422656+00:00
2025-11-15,21,38.73,44,27.11,54.22,2025-11-15T09:00:00+08:00,2025-11-15T21:00:00+08:00,OPERATING,14.75,0.0,8.71,1,1,0,,2026-08-31T02:21:38.422656+00:00
2025-11-16,9,33.91,45,23.74,47.48,2025-11-16T09:00:00+08:00,2025-11-16T21:00:00+08:00,OPERATING,16.55,0.0,7.55,1,1,0,,2026-08-31T02:21:38.422656+00:00
2025-11-16,10,48.63,44,34.04,68.08,2025-11-16T09:00:00+08:00,2025-11-16T21:00:00+08:00,OPERATING,17.65,0.0,7.63,1,1,0,,2026-08-31T02:21:38.422656+00:00
2025-11-16,11,67.47,44,47.23,94.46,2025-11-16T09:00:00+08:00,2025-11-16T21:00:00+08:00,OPERATING,16.43,0.0,8.96,1,1,0,,2026-08-31T02:21:38.422656+00:00
2025-11-16,12,72.06,46,50.44,100.88,2025-11-16T09:00:00+08:00,2025-11-16T21:00:00+08:00,OPERATING,18.02,0.0,7.51,1,1,0,,2026-08-31T02:21:38.422656+00:00
2025-11-16,13,67.88,43,47.52,95.03,2025-11-16T09:00:00+08:00,2025-11-16T21:00:00+08:00,OPERATING,17.18,0.0,7.21,1,1,0,,2026-08-31T02:21:38.422656+00:00
2025-11-16,14,76.37,43,53.46,106.91,2025-11-16T09:00:00+08:00,2025-11-16T21:00:00+08:00,OPERATING,16.44,0.0,8.86,1,1,0,,2026-08-31T02:21:38.422656+00:00
2025-11-16,15,77.66,45,54.36,108.72,2025-11-16T09:00:00+08:00,2025-11-16T21:00:00+08:00,OPERATING,17.81,0.0,6.97,1,1,0,,2026-08-31T02:21:38.422656+00:00
2025-11-16,16,77.44,46,54.21,108.41,2025-11-16T09:00:00+08:00,2025-11-16T21:00:00+08:00,OPERATING,17.52,0.0,8.38,1,1,0,,2026-08-31T02:21:38.422656+00:00
2025-11-16,17,70.82,46,49.58,99.15,2025-11-16T09:00:00+08:00,2025-11-16T21:00:00+08:00,OPERATING,17.43,0.0,7.35,1,1,0,,2026-08-31T02:21:38.422656+00:00
2025-11-16,18,60.04,44,42.03,84.06,2025-11-16T09:00:00+08:00,2025-11-16T21:00:00+08:00,OPERATING,17.44,0.0,7.87,1,1,0,,2026-08-31T02:21:38.422656+00:00
2025-11-16,19,57.02,44,39.92,79.83,2025-11-16T09:00:00+08:00,2025-11-16T21:00:00+08:00,OPERATING,17.41,0.0,9.58,1,1,0,,2026-08-31T02:21:38.422656+00:00
2025-11-16,20,46.5,47,32.55,65.11,2025-11-16T09:00:00+08:00,2025-11-16T21:00:00+08:00,OPERATING,16.16,0.0,8.88,1,1,0,,2026-08-31T02:21:38.422656+00:00
2025-11-16,21,36.24,46,25.37,50.74,2025-11-16T09:00:00+08:00,2025-11-16T21:00:00+08:00,OPERATING,15.18,0.0,8.35,1,1,0,,2026-08-31T02:21:38.422656+00:00
2025-11-17,9,19.19,43,13.43,26.87,2025-11-17T09:00:00+08:00,2025-11-17T21:00:00+08:00,OPERATING,14.32,1.5,29.95,0,0,0,,2026-08-31T02:21:38.422656+00:00
2025-11-17,10,23.98,46,16.79,33.58,2025-11-17T09:00:00+08:00,2025-11-17T21:00:00+08:00,OPERATING,12.55,1.5,28.53,0,0,0,,2026-08-31T02:21:38.422656+00:00
2025-11-17,11,30.18,46,21.12,42.25,2025-11-17T09:00:00+08:00,2025-11-17T21:00:00+08:00,OPERATING,12.0,1.5,27.21,0,0,0,,2026-08-31T02:21:38.422656+00:00
2025-11-17,12,32.22,46,22.56,45.11,2025-11-17T09:00:00+08:00,2025-11-17T21:00:00+08:00,OPERATING,12.47,1.5,28.01,0,0,0,,2026-08-31T02:21:38.422656+00:00
2025-11-17,13,35.73,43,25.01,50.02,2025-11-17T09:00:00+08:00,2025-11-17T21:00:00+08:00,OPERATING,13.37,1.5,28.23,0,0,0,,2026-08-31T02:21:38.422656+00:00
2025-11-17,14,35.13,47,24.59,49.19,2025-11-17T09:00:00+08:00,2025-11-17T21:00:00+08:00,OPERATING,13.42,1.5,30.89,0,0,0,,2026-08-31T02:21:38.422656+00:00
2025-11-17,15,38.47,43,26.93,53.86,2025-11-17T09:00:00+08:00,2025-11-17T21:00:00+08:00,OPERATING,13.5,1.5,29.97,0,0,0,,2026-08-31T02:21:38.422656+00:00
2025-11-17,16,37.24,47,26.06,52.13,2025-11-17T09:00:00+08:00,2025-11-17T21:00:00+08:00,OPERATING,13.13,1.5,28.25,0,0,0,,2026-08-31T02:21:38.422656+00:00
2025-11-17,17,31.64,46,22.15,44.3,2025-11-17T09:00:00+08:00,2025-11-17T21:00:00+08:00,OPERATING,14.23,1.5,28.12,0,0,0,,2026-08-31T02:21:38.422656+00:00
2025-11-17,18,30.48,44,21.33,42.67,2025-11-17T09:00:00+08:00,2025-11-17T21:00:00+08:00,OPERATING,13.8,1.5,30.23,0,0,0,,2026-08-31T02:21:38.422656+00:00
2025-11-17,19,27.65,44,19.35,38.7,2025-11-17T09:00:00+08:00,2025-11-17T21:00:00+08:00,OPERATING,13.02,1.5,26.93,0,0,0,,2026-08-31T02:21:38.422656+00:00
2025-11-17,20,23.74,46,16.62,33.24,2025-11-17T09:00:00+08:00,2025-11-17T21:00:00+08:00,OPERATING,11.75,1.5,28.89,0,0,0,,2026-08-31T02:21:38.422656+00:00
2025-11-17,21,16.3,44,11.41,22.82,2025-11-17T09:00:00+08:00,2025-11-17T21:00:00+08:00,OPERATING,12.73,1.5,27.32,0,0,0,,2026-08-31T02:21:38.422656+00:00
2025-11-18,9,12.36,47,8.65,17.3,2025-11-18T09:00:00+08:00,2025-11-18T21:00:00+08:00,OPERATING,6.56,0.1,19.39,0,0,0,,2026-08-31T02:21:38.422656+00:00
2025-11-18,10,24.8,47,17.36,34.73,2025-11-18T09:00:00+08:00,2025-11-18T21:00:00+08:00,OPERATING,5.32,0.1,18.67,0,0,0,,2026-08-31T02:21:38.422656+00:00
2025-11-18,11,28.92,47,20.24,40.49,2025-11-18T09:00:00+08:00,2025-11-18T21:00:00+08:00,OPERATING,7.94,0.1,19.21,0,0,0,,2026-08-31T02:21:38.422656+00:00
2025-11-18,12,30.37,45,21.26,42.52,2025-11-18T09:00:00+08:00,2025-11-18T21:00:00+08:00,OPERATING,6.73,0.1,16.3,0,0,0,,2026-08-31T02:21:38.422656+00:00
2025-11-18,13,32.57,45,22.8,45.6,2025-11-18T09:00:00+08:00,2025-11-18T21:00:00+08:00,OPERATING,6.19,0.1,19.18,0,0,0,,2026-08-31T02:21:38.422656+00:00
2025-11-18,14,36.49,47,25.54,51.08,2025-11-18T09:00:00+08:00,2025-11-18T21:00:00+08:00,OPERATING,6.31,0.1,17.15,0,0,0,,2026-08-31T02:21:38.422656+00:00
2025-11-18,15,31.94,47,22.36,44.72,2025-11-18T09:00:00+08:00,2025-11-18T21:00:00+08:00,OPERATING,6.43,0.1,17.76,0,0,0,,2026-08-31T02:21:38.422656+00:00
2025-11-18,16,34.04,47,23.83,47.66,2025-11-18T09:00:00+08:00,2025-11-18T21:00:00+08:00,OPERATING,5.39,0.1,15.93,0,0,0,,2026-08-31T02:21:38.422656+00:00
2025-11-18,17,33.47,46,23.43,46.85,2025-11-18T09:00:00+08:00,2025-11-18T21:00:00+08:00,OPERATING,5.9,0.1,17.52,0,0,0,,2026-08-31T02:21:38.422656+00:00
2025-11-18,18,23.02,47,16.11,32.22,2025-11-18T09:00:00+08:00,2025-11-18T21:00:00+08:00,OPERATING,8.48,0.1,17.24,0,0,0,,2026-08-31T02:21:38.422656+00:00
2025-11-18,19,24.41,43,17.09,34.18,2025-11-18T09:00:00+08:00,2025-11-18T21:00:00+08:00,OPERATING,5.45,0.1,18.18,0,0,0,,2026-08-31T02:21:38.422656+00:00
2025-11-18,20,22.82,46,15.97,31.94,2025-11-18T09:00:00+08:00,2025-11-18T21:00:00+08:00,OPERATING,6.73,0.1,18.81,0,0,0,,2026-08-31T02:21:38.422656+00:00
2025-11-18,21,15.44,44,10.81,21.62,2025-11-18T09:00:00+08:00,2025-11-18T21:00:00+08:00,OPERATING,6.66,0.1,18.71,0,0,0,,2026-08-31T02:21:38.422656+00:00
2025-11-19,9,24.13,46,16.89,33.79,2025-11-19T09:00:00+08:00,2025-11-19T21:00:00+08:00,OPERATING,5.56,0.0,12.54,0,0,0,,2026-08-31T02:21:38.422656+00:00
2025-11-19,10,27.8,43,19.46,38.91,2025-11-19T09:00:00+08:00,2025-11-19T21:00:00+08:00,OPERATING,6.04,0.0,12.92,0,0,0,,2026-08-31T02:21:38.422656+00:00
2025-11-19,11,37.71,46,26.39,52.79,2025-11-19T09:00:00+08:00,2025-11-19T21:00:00+08:00,OPERATING,6.82,0.0,14.14,0,0,0,,2026-08-31T02:21:38.422656+00:00
2025-11-19,12,35.81,45,25.07,50.14,2025-11-19T09:00:00+08:00,2025-11-19T21:00:00+08:00,OPERATING,8.2,0.0,14.03,0,0,0,,2026-08-31T02:21:38.422656+00:00
2025-11-19,13,42.5,46,29.75,59.5,2025-11-19T09:00:00+08:00,2025-11-19T21:00:00+08:00,OPERATING,5.94,0.0,14.05,0,0,0,,2026-08-31T02:21:38.422656+00:00
2025-11-19,14,45.56,44,31.89,63.78,2025-11-19T09:00:00+08:00,2025-11-19T21:00:00+08:00,OPERATING,7.01,0.0,12.75,0,0,0,,2026-08-31T02:21:38.422656+00:00
2025-11-19,15,49.15,43,34.4,68.81,2025-11-19T09:00:00+08:00,2025-11-19T21:00:00+08:00,OPERATING,7.38,0.0,13.78,0,0,0,,2026-08-31T02:21:38.422656+00:00
2025-11-19,16,44.92,45,31.45,62.89,2025-11-19T09:00:00+08:00,2025-11-19T21:00:00+08:00,OPERATING,6.59,0.0,13.79,0,0,0,,2026-08-31T02:21:38.422656+00:00
2025-11-19,17,39.18,44,27.43,54.86,2025-11-19T09:00:00+08:00,2025-11-19T21:00:00+08:00,OPERATING,10.06,0.0,14.83,0,0,0,,2026-08-31T02:21:38.422656+00:00
2025-11-19,18,40.14,47,28.1,56.19,2025-11-19T09:00:00+08:00,2025-11-19T21:00:00+08:00,OPERATING,7.76,0.0,14.97,0,0,0,,2026-08-31T02:21:38.422656+00:00
2025-11-19,19,32.46,47,22.72,45.44,2025-11-19T09:00:00+08:00,2025-11-19T21:00:00+08:00,OPERATING,6.37,0.0,12.82,0,0,0,,2026-08-31T02:21:38.422656+00:00
2025-11-19,20,27.82,45,19.47,38.94,2025-11-19T09:00:00+08:00,2025-11-19T21:00:00+08:00,OPERATING,4.75,0.0,14.72,0,0,0,,2026-08-31T02:21:38.422656+00:00
2025-11-19,21,18.85,44,13.19,26.39,2025-11-19T09:00:00+08:00,2025-11-19T21:00:00+08:00,OPERATING,7.86,0.0,15.01,0,0,0,,2026-08-31T02:21:38.422656+00:00
2025-11-20,9,19.9,43,13.93,27.86,2025-11-20T09:00:00+08:00,2025-11-20T21:00:00+08:00,OPERATING,7.56,0.0,5.39,0,0,0,,2026-08-31T02:21:38.422656+00:00
2025-11-20,10,30.04,43,21.03,42.06,2025-11-20T09:00:00+08:00,2025-11-20T21:00:00+08:00,OPERATING,7.5,0.0,7.22,0,0,0,,2026-08-31T02:21:38.422656+00:00
2025-11-20,11,34.96,46,24.47,48.95,2025-11-20T09:00:00+08:00,2025-11-20T21:00:00+08:00,OPERATING,7.14,0.0,6.25,0,0,0,,2026-08-31T02:21:38.422656+00:00
2025-11-20,12,38.61,46,27.03,54.05,2025-11-20T09:00:00+08:00,2025-11-20T21:00:00+08:00,OPERATING,7.92,0.0,5.99,0,0,0,,2026-08-31T02:21:38.422656+00:00
2025-11-20,13,44.18,43,30.93,61.86,2025-11-20T09:00:00+08:00,2025-11-20T21:00:00+08:00,OPERATING,7.5,0.0,5.4,0,0,0,,2026-08-31T02:21:38.422656+00:00
2025-11-20,14,46.89,47,32.82,65.64,2025-11-20T09:00:00+08:00,2025-11-20T21:00:00+08:00,OPERATING,8.77,0.0,6.93,0,0,0,,2026-08-31T02:21:38.422656+00:00
2025-11-20,15,45.71,46,31.99,63.99,2025-11-20T09:00:00+08:00,2025-11-20T21:00:00+08:00,OPERATING,6.47,0.0,7.26,0,0,0,,2026-08-31T02:21:38.422656+00:00
2025-11-20,16,44.79,47,31.35,62.7,2025-11-20T09:00:00+08:00,2025-11-20T21:00:00+08:00,OPERATING,7.01,0.0,6.24,0,0,0,,2026-08-31T02:21:38.422656+00:00
2025-11-20,17,41.13,44,28.79,57.59,2025-11-20T09:00:00+08:00,2025-11-20T21:00:00+08:00,OPERATING,7.7,0.0,7.07,0,0,0,,2026-08-31T02:21:38.422656+00:00
2025-11-20,18,41.83,47,29.28,58.57,2025-11-20T09:00:00+08:00,2025-11-20T21:00:00+08:00,OPERATING,7.73,0.0,5.23,0,0,0,,2026-08-31T02:21:38.422656+00:00
2025-11-20,19,33.1,44,23.17,46.33,2025-11-20T09:00:00+08:00,2025-11-20T21:00:00+08:00,OPERATING,8.26,0.0,8.0,0,0,0,,2026-08-31T02:21:38.422656+00:00
2025-11-20,20,25.18,44,17.62,35.25,2025-11-20T09:00:00+08:00,2025-11-20T21:00:00+08:00,OPERATING,7.99,0.0,7.02,0,0,0,,2026-08-31T02:21:38.422656+00:00
2025-11-20,21,18.84,45,13.19,26.37,2025-11-20T09:00:00+08:00,2025-11-20T21:00:00+08:00,OPERATING,6.99,0.0,7.99,0,0,0,,2026-08-31T02:21:38.422656+00:00
2025-11-21,9,20.85,44,14.59,29.18,2025-11-21T09:00:00+08:00,2025-11-21T21:00:00+08:00,OPERATING,9.58,0.0,8.88,0,0,0,,2026-08-31T02:21:38.422656+00:00
2025-11-21,10,25.64,43,17.95,35.9,2025-11-21T09:00:00+08:00,2025-11-21T21:00:00+08:00,OPERATING,10.57,0.0,8.69,0,0,0,,2026-08-31T02:21:38.422656+00:00
2025-11-21,11,29.52,43,20.66,41.32,2025-11-21T09:00:00+08:00,2025-11-21T21:00:00+08:00,OPERATING,9.41,0.0,6.87,0,0,0,,2026-08-31T02:21:38.422656+00:00
2025-11-21,12,32.79,43,22.95,45.91,2025-11-21T09:00:00+08:00,2025-11-21T21:00:00+08:00,OPERATING,10.36,0.0,9.01,0,0,0,,2026-08-31T02:21:38.422656+00:00
2025-11-21,13,33.35,44,23.34,46.69,2025-11-21T09:00:00+08:00,2025-11-21T21:00:00+08:00,OPERATING,10.88,0.0,8.06,0,0,0,,2026-08-31T02:21:38.422656+00:00
2025-11-21,14,37.93,45,26.55,53.1,2025-11-21T09:00:00+08:00,2025-11-21T21:00:00+08:00,OPERATING,10.37,0.0,8.08,0,0,0,,2026-08-31T02:21:38.422656+00:00
2025-11-21,15,32.24,43,22.57,45.14,2025-11-21T09:00:00+08:00,2025-11-21T21:00:00+08:00,OPERATING,11.31,0.0,8.06,0,0,0,,2026-08-31T02:21:38.422656+00:00
2025-11-21,16,33.03,47,23.12,46.24,2025-11-21T09:00:00+08:00,2025-11-21T21:00:00+08:00,OPERATING,10.3,0.0,9.04,0,0,0,,2026-08-31T02:21:38.422656+00:00
2025-11-21,17,33.77,43,23.64,47.28,2025-11-21T09:00:00+08:00,2025-11-21T21:00:00+08:00,OPERATING,9.58,0.0,8.17,0,0,0,,2026-08-31T02:21:38.422656+00:00
2025-11-21,18,33.39,47,23.37,46.75,2025-11-21T09:00:00+08:00,2025-11-21T21:00:00+08:00,OPERATING,10.36,0.0,8.25,0,0,0,,2026-08-31T02:21:38.422656+00:00
2025-11-21,19,26.79,45,18.75,37.51,2025-11-21T09:00:00+08:00,2025-11-21T21:00:00+08:00,OPERATING,10.81,0.0,8.95,0,0,0,,2026-08-31T02:21:38.422656+00:00
2025-11-21,20,21.2,44,14.84,29.68,2025-11-21T09:00:00+08:00,2025-11-21T21:00:00+08:00,OPERATING,10.6,0.0,9.31,0,0,0,,2026-08-31T02:21:38.422656+00:00
2025-11-21,21,15.17,46,10.62,21.23,2025-11-21T09:00:00+08:00,2025-11-21T21:00:00+08:00,OPERATING,11.97,0.0,7.41,0,0,0,,2026-08-31T02:21:38.422656+00:00
2025-11-22,9,30.88,47,21.61,43.23,2025-11-22T09:00:00+08:00,2025-11-22T21:00:00+08:00,OPERATING,9.3,0.0,7.87,1,1,0,,2026-08-31T02:21:38.422656+00:00
2025-11-22,10,47.7,45,33.39,66.77,2025-11-22T09:00:00+08:00,2025-11-22T21:00:00+08:00,OPERATING,10.2,0.0,7.53,1,1,0,,2026-08-31T02:21:38.422656+00:00
2025-11-22,11,55.19,45,38.63,77.27,2025-11-22T09:00:00+08:00,2025-11-22T21:00:00+08:00,OPERATING,11.3,0.0,9.76,1,1,0,,2026-08-31T02:21:38.422656+00:00
2025-11-22,12,60.67,46,42.47,84.94,2025-11-22T09:00:00+08:00,2025-11-22T21:00:00+08:00,OPERATING,10.59,0.0,11.04,1,1,0,,2026-08-31T02:21:38.422656+00:00
2025-11-22,13,59.69,47,41.78,83.57,2025-11-22T09:00:00+08:00,2025-11-22T21:00:00+08:00,OPERATING,11.42,0.0,9.73,1,1,0,,2026-08-31T02:21:38.422656+00:00
2025-11-22,14,66.24,47,46.37,92.73,2025-11-22T09:00:00+08:00,2025-11-22T21:00:00+08:00,OPERATING,8.68,0.0,7.02,1,1,0,,2026-08-31T02:21:38.422656+00:00
2025-11-22,15,69.9,46,48.93,97.86,2025-11-22T09:00:00+08:00,2025-11-22T21:00:00+08:00,OPERATING,10.6,0.0,8.48,1,1,0,,2026-08-31T02:21:38.422656+00:00
2025-11-22,16,66.35,43,46.44,92.89,2025-11-22T09:00:00+08:00,2025-11-22T21:00:00+08:00,OPERATING,11.56,0.0,10.53,1,1,0,,2026-08-31T02:21:38.422656+00:00
2025-11-22,17,55.9,43,39.13,78.26,2025-11-22T09:00:00+08:00,2025-11-22T21:00:00+08:00,OPERATING,9.4,0.0,7.26,1,1,0,,2026-08-31T02:21:38.422656+00:00
2025-11-22,18,56.18,43,39.33,78.65,2025-11-22T09:00:00+08:00,2025-11-22T21:00:00+08:00,OPERATING,10.91,0.0,8.73,1,1,0,,2026-08-31T02:21:38.422656+00:00
2025-11-22,19,50.26,46,35.18,70.36,2025-11-22T09:00:00+08:00,2025-11-22T21:00:00+08:00,OPERATING,10.46,0.0,8.37,1,1,0,,2026-08-31T02:21:38.422656+00:00
2025-11-22,20,38.43,43,26.9,53.8,2025-11-22T09:00:00+08:00,2025-11-22T21:00:00+08:00,OPERATING,11.27,0.0,7.03,1,1,0,,2026-08-31T02:21:38.422656+00:00
2025-11-22,21,28.85,46,20.2,40.39,2025-11-22T09:00:00+08:00,2025-11-22T21:00:00+08:00,OPERATING,9.69,0.0,9.71,1,1,0,,2026-08-31T02:21:38.422656+00:00
2025-11-23,9,32.76,45,22.93,45.86,2025-11-23T09:00:00+08:00,2025-11-23T21:00:00+08:00,OPERATING,13.55,0.0,10.94,1,1,0,,2026-08-31T02:21:38.422656+00:00
2025-11-23,10,46.36,45,32.45,64.9,2025-11-23T09:00:00+08:00,2025-11-23T21:00:00+08:00,OPERATING,13.1,0.0,11.35,1,1,0,,2026-08-31T02:21:38.422656+00:00
2025-11-23,11,54.96,43,38.47,76.94,2025-11-23T09:00:00+08:00,2025-11-23T21:00:00+08:00,OPERATING,13.79,0.0,8.1,1,1,0,,2026-08-31T02:21:38.422656+00:00
2025-11-23,12,62.56,46,43.79,87.58,2025-11-23T09:00:00+08:00,2025-11-23T21:00:00+08:00,OPERATING,12.99,0.0,11.74,1,1,0,,2026-08-31T02:21:38.422656+00:00
2025-11-23,13,66.91,45,46.84,93.68,2025-11-23T09:00:00+08:00,2025-11-23T21:00:00+08:00,OPERATING,12.69,0.0,10.25,1,1,0,,2026-08-31T02:21:38.422656+00:00
2025-11-23,14,69.52,45,48.66,97.32,2025-11-23T09:00:00+08:00,2025-11-23T21:00:00+08:00,OPERATING,13.64,0.0,11.7,1,1,0,,2026-08-31T02:21:38.422656+00:00
2025-11-23,15,76.72,47,53.7,107.4,2025-11-23T09:00:00+08:00,2025-11-23T21:00:00+08:00,OPERATING,14.29,0.0,11.33,1,1,0,,2026-08-31T02:21:38.422656+00:00
2025-11-23,16,72.02,43,50.41,100.83,2025-11-23T09:00:00+08:00,2025-11-23T21:00:00+08:00,OPERATING,12.92,0.0,11.45,1,1,0,,2026-08-31T02:21:38.422656+00:00
2025-11-23,17,61.89,43,43.32,86.65,2025-11-23T09:00:00+08:00,2025-11-23T21:00:00+08:00,OPERATING,13.01,0.0,10.02,1,1,0,,2026-08-31T02:21:38.422656+00:00
2025-11-23,18,58.9,43,41.23,82.46,2025-11-23T09:00:00+08:00,2025-11-23T21:00:00+08:00,OPERATING,13.06,0.0,11.79,1,1,0,,2026-08-31T02:21:38.422656+00:00
2025-11-23,19,52.79,44,36.96,73.91,2025-11-23T09:00:00+08:00,2025-11-23T21:00:00+08:00,OPERATING,13.6,0.0,10.79,1,1,0,,2026-08-31T02:21:38.422656+00:00
2025-11-23,20,43.24,44,30.27,60.53,2025-11-23T09:00:00+08:00,2025-11-23T21:00:00+08:00,OPERATING,12.71,0.0,11.49,1,1,0,,2026-08-31T02:21:38.422656+00:00
2025-11-23,21,31.95,46,22.37,44.74,2025-11-23T09:00:00+08:00,2025-11-23T21:00:00+08:00,OPERATING,14.03,0.0,11.14,1,1,0,,2026-08-31T02:21:38.422656+00:00
2025-11-24,9,23.95,47,16.77,33.53,2025-11-24T09:00:00+08:00,2025-11-24T21:00:00+08:00,OPERATING,15.29,0.0,15.0,0,0,0,,2026-08-31T02:21:38.422656+00:00
2025-11-24,10,28.8,43,20.16,40.32,2025-11-24T09:00:00+08:00,2025-11-24T21:00:00+08:00,OPERATING,14.33,0.0,17.06,0,0,0,,2026-08-31T02:21:38.422656+00:00
2025-11-24,11,34.64,46,24.25,48.5,2025-11-24T09:00:00+08:00,2025-11-24T21:00:00+08:00,OPERATING,14.46,0.0,17.28,0,0,0,,2026-08-31T02:21:38.422656+00:00
2025-11-24,12,43.23,43,30.26,60.53,2025-11-24T09:00:00+08:00,2025-11-24T21:00:00+08:00,OPERATING,14.38,0.0,14.82,0,0,0,,2026-08-31T02:21:38.422656+00:00
2025-11-24,13,46.38,45,32.47,64.94,2025-11-24T09:00:00+08:00,2025-11-24T21:00:00+08:00,OPERATING,14.65,0.0,14.58,0,0,0,,2026-08-31T02:21:38.422656+00:00
2025-11-24,14,47.01,46,32.91,65.82,2025-11-24T09:00:00+08:00,2025-11-24T21:00:00+08:00,OPERATING,15.15,0.0,15.88,0,0,0,,2026-08-31T02:21:38.422656+00:00
2025-11-24,15,42.01,43,29.41,58.82,2025-11-24T09:00:00+08:00,2025-11-24T21:00:00+08:00,OPERATING,14.74,0.0,15.77,0,0,0,,2026-08-31T02:21:38.422656+00:00
2025-11-24,16,43.71,44,30.6,61.2,2025-11-24T09:00:00+08:00,2025-11-24T21:00:00+08:00,OPERATING,14.51,0.0,14.99,0,0,0,,2026-08-31T02:21:38.422656+00:00
2025-11-24,17,42.73,44,29.91,59.82,2025-11-24T09:00:00+08:00,2025-11-24T21:00:00+08:00,OPERATING,14.68,0.0,17.84,0,0,0,,2026-08-31T02:21:38.422656+00:00
2025-11-24,18,37.16,46,26.01,52.02,2025-11-24T09:00:00+08:00,2025-11-24T21:00:00+08:00,OPERATING,14.84,0.0,14.03,0,0,0,,2026-08-31T02:21:38.422656+00:00
2025-11-24,19,33.87,44,23.71,47.42,2025-11-24T09:00:00+08:00,2025-11-24T21:00:00+08:00,OPERATING,16.83,0.0,16.26,0,0,0,,2026-08-31T02:21:38.422656+00:00
2025-11-24,20,27.29,44,19.1,38.2,2025-11-24T09:00:00+08:00,2025-11-24T21:00:00+08:00,OPERATING,14.63,0.0,15.08,0,0,0,,2026-08-31T02:21:38.422656+00:00
2025-11-24,21,20.48,46,14.34,28.67,2025-11-24T09:00:00+08:00,2025-11-24T21:00:00+08:00,OPERATING,15.43,0.0,15.33,0,0,0,,2026-08-31T02:21:38.422656+00:00
2025-11-25,9,22.47,46,15.73,31.45,2025-11-25T09:00:00+08:00,2025-11-25T21:00:00+08:00,OPERATING,11.75,0.0,22.54,0,0,0,,2026-08-31T02:21:38.422656+00:00
2025-11-25,10,32.81,46,22.97,45.94,2025-11-25T09:00:00+08:00,2025-11-25T21:00:00+08:00,OPERATING,10.73,0.0,21.24,0,0,0,,2026-08-31T02:21:38.422656+00:00
2025-11-25,11,38.59,44,27.01,54.03,2025-11-25T09:00:00+08:00,2025-11-25T21:00:00+08:00,OPERATING,12.11,0.0,21.08,0,0,0,,2026-08-31T02:21:38.422656+00:00
2025-11-25,12,41.83,47,29.28,58.56,2025-11-25T09:00:00+08:00,2025-11-25T21:00:00+08:00,OPERATING,9.95,0.0,21.76,0,0,0,,2026-08-31T02:21:38.422656+00:00
2025-11-25,13,41.0,47,28.7,57.4,2025-11-25T09:00:00+08:00,2025-11-25T21:00:00+08:00,OPERATING,10.18,0.0,22.67,0,0,0,,2026-08-31T02:21:38.422656+00:00
2025-11-25,14,46.97,46,32.88,65.76,2025-11-25T09:00:00+08:00,2025-11-25T21:00:00+08:00,OPERATING,10.03,0.0,21.41,0,0,0,,2026-08-31T02:21:38.422656+00:00
2025-11-25,15,48.24,43,33.77,67.54,2025-11-25T09:00:00+08:00,2025-11-25T21:00:00+08:00,OPERATING,11.32,0.0,19.79,0,0,0,,2026-08-31T02:21:38.422656+00:00
2025-11-25,16,43.43,45,30.4,60.8,2025-11-25T09:00:00+08:00,2025-11-25T21:00:00+08:00,OPERATING,11.44,0.0,21.31,0,0,0,,2026-08-31T02:21:38.422656+00:00
2025-11-25,17,40.87,46,28.61,57.22,2025-11-25T09:00:00+08:00,2025-11-25T21:00:00+08:00,OPERATING,12.25,0.0,22.42,0,0,0,,2026-08-31T02:21:38.422656+00:00
2025-11-25,18,35.48,44,24.84,49.67,2025-11-25T09:00:00+08:00,2025-11-25T21:00:00+08:00,OPERATING,10.49,0.0,22.91,0,0,0,,2026-08-31T02:21:38.422656+00:00
2025-11-25,19,33.14,47,23.2,46.39,2025-11-25T09:00:00+08:00,2025-11-25T21:00:00+08:00,OPERATING,10.27,0.0,21.55,0,0,0,,2026-08-31T02:21:38.422656+00:00
2025-11-25,20,27.73,47,19.41,38.82,2025-11-25T09:00:00+08:00,2025-11-25T21:00:00+08:00,OPERATING,9.74,0.0,20.11,0,0,0,,2026-08-31T02:21:38.422656+00:00
2025-11-25,21,19.75,45,13.83,27.65,2025-11-25T09:00:00+08:00,2025-11-25T21:00:00+08:00,OPERATING,9.44,0.0,20.59,0,0,0,,2026-08-31T02:21:38.422656+00:00
2025-11-26,9,20.55,43,14.39,28.77,2025-11-26T09:00:00+08:00,2025-11-26T21:00:00+08:00,OPERATING,9.78,0.0,9.42,0,0,0,,2026-08-31T02:21:38.422656+00:00
2025-11-26,10,26.96,47,18.87,37.75,2025-11-26T09:00:00+08:00,2025-11-26T21:00:00+08:00,OPERATING,8.53,0.0,9.31,0,0,0,,2026-08-31T02:21:38.422656+00:00
2025-11-26,11,31.3,43,21.91,43.83,2025-11-26T09:00:00+08:00,2025-11-26T21:00:00+08:00,OPERATING,8.81,0.0,8.33,0,0,0,,2026-08-31T02:21:38.422656+00:00
2025-11-26,12,35.46,43,24.82,49.64,2025-11-26T09:00:00+08:00,2025-11-26T21:00:00+08:00,OPERATING,9.32,0.0,8.3,0,0,0,,2026-08-31T02:21:38.422656+00:00
2025-11-26,13,35.71,45,25.0,49.99,2025-11-26T09:00:00+08:00,2025-11-26T21:00:00+08:00,OPERATING,9.6,0.0,8.41,0,0,0,,2026-08-31T02:21:38.422656+00:00
2025-11-26,14,37.42,47,26.2,52.39,2025-11-26T09:00:00+08:00,2025-11-26T21:00:00+08:00,OPERATING,9.2,0.0,8.74,0,0,0,,2026-08-31T02:21:38.422656+00:00
2025-11-26,15,44.28,46,31.0,61.99,2025-11-26T09:00:00+08:00,2025-11-26T21:00:00+08:00,OPERATING,9.46,0.0,7.79,0,0,0,,2026-08-31T02:21:38.422656+00:00
2025-11-26,16,38.27,45,26.79,53.57,2025-11-26T09:00:00+08:00,2025-11-26T21:00:00+08:00,OPERATING,9.14,0.0,7.39,0,0,0,,2026-08-31T02:21:38.422656+00:00
2025-11-26,17,35.29,47,24.7,49.4,2025-11-26T09:00:00+08:00,2025-11-26T21:00:00+08:00,OPERATING,7.55,0.0,9.65,0,0,0,,2026-08-31T02:21:38.422656+00:00
2025-11-26,18,32.73,45,22.91,45.82,2025-11-26T09:00:00+08:00,2025-11-26T21:00:00+08:00,OPERATING,9.28,0.0,9.28,0,0,0,,2026-08-31T02:21:38.422656+00:00
2025-11-26,19,29.81,44,20.86,41.73,2025-11-26T09:00:00+08:00,2025-11-26T21:00:00+08:00,OPERATING,9.08,0.0,10.19,0,0,0,,2026-08-31T02:21:38.422656+00:00
2025-11-26,20,23.25,44,16.28,32.56,2025-11-26T09:00:00+08:00,2025-11-26T21:00:00+08:00,OPERATING,8.92,0.0,7.91,0,0,0,,2026-08-31T02:21:38.422656+00:00
2025-11-26,21,15.67,44,10.97,21.94,2025-11-26T09:00:00+08:00,2025-11-26T21:00:00+08:00,OPERATING,8.64,0.0,9.66,0,0,0,,2026-08-31T02:21:38.422656+00:00
2025-11-27,9,19.96,44,13.97,27.94,2025-11-27T09:00:00+08:00,2025-11-27T21:00:00+08:00,OPERATING,10.17,0.0,18.36,0,0,0,,2026-08-31T02:21:38.422656+00:00
2025-11-27,10,29.31,47,20.52,41.03,2025-11-27T09:00:00+08:00,2025-11-27T21:00:00+08:00,OPERATING,10.09,0.0,21.54,0,0,0,,2026-08-31T02:21:38.422656+00:00
2025-11-27,11,36.91,46,25.83,51.67,2025-11-27T09:00:00+08:00,2025-11-27T21:00:00+08:00,OPERATING,8.93,0.0,19.55,0,0,0,,2026-08-31T02:21:38.422656+00:00
2025-11-27,12,41.64,44,29.15,58.3,2025-11-27T09:00:00+08:00,2025-11-27T21:00:00+08:00,OPERATING,9.78,0.0,22.81,0,0,0,,2026-08-31T02:21:38.422656+00:00
2025-11-27,13,45.41,46,31.78,63.57,2025-11-27T09:00:00+08:00,2025-11-27T21:00:00+08:00,OPERATING,10.53,0.0,21.61,0,0,0,,2026-08-31T02:21:38.422656+00:00
2025-11-27,14,48.47,45,33.93,67.85,2025-11-27T09:00:00+08:00,2025-11-27T21:00:00+08:00,OPERATING,9.28,0.0,18.01,0,0,0,,2026-08-31T02:21:38.422656+00:00
2025-11-27,15,45.28,44,31.7,63.39,2025-11-27T09:00:00+08:00,2025-11-27T21:00:00+08:00,OPERATING,9.4,0.0,21.0,0,0,0,,2026-08-31T02:21:38.422656+00:00
2025-11-27,16,45.01,43,31.51,63.01,2025-11-27T09:00:00+08:00,2025-11-27T21:00:00+08:00,OPERATING,10.77,0.0,20.73,0,0,0,,2026-08-31T02:21:38.422656+00:00
2025-11-27,17,40.04,44,28.03,56.05,2025-11-27T09:00:00+08:00,2025-11-27T21:00:00+08:00,OPERATING,9.05,0.0,19.38,0,0,0,,2026-08-31T02:21:38.422656+00:00
2025-11-27,18,36.73,44,25.71,51.42,2025-11-27T09:00:00+08:00,2025-11-27T21:00:00+08:00,OPERATING,9.3,0.0,21.25,0,0,0,,2026-08-31T02:21:38.422656+00:00
2025-11-27,19,35.18,45,24.63,49.25,2025-11-27T09:00:00+08:00,2025-11-27T21:00:00+08:00,OPERATING,9.75,0.0,19.45,0,0,0,,2026-08-31T02:21:38.422656+00:00
2025-11-27,20,29.58,43,20.71,41.42,2025-11-27T09:00:00+08:00,2025-11-27T21:00:00+08:00,OPERATING,8.82,0.0,22.92,0,0,0,,2026-08-31T02:21:38.422656+00:00
2025-11-27,21,22.88,44,16.02,32.03,2025-11-27T09:00:00+08:00,2025-11-27T21:00:00+08:00,OPERATING,10.52,0.0,19.61,0,0,0,,2026-08-31T02:21:38.422656+00:00
2025-11-28,9,21.34,46,14.94,29.87,2025-11-28T09:00:00+08:00,2025-11-28T21:00:00+08:00,OPERATING,7.18,0.0,8.26,0,0,0,,2026-08-31T02:21:38.422656+00:00
2025-11-28,10,28.12,45,19.69,39.37,2025-11-28T09:00:00+08:00,2025-11-28T21:00:00+08:00,OPERATING,7.77,0.0,10.22,0,0,0,,2026-08-31T02:21:38.422656+00:00
2025-11-28,11,35.85,46,25.1,50.2,2025-11-28T09:00:00+08:00,2025-11-28T21:00:00+08:00,OPERATING,9.55,0.0,10.26,0,0,0,,2026-08-31T02:21:38.422656+00:00
2025-11-28,12,38.56,43,26.99,53.99,2025-11-28T09:00:00+08:00,2025-11-28T21:00:00+08:00,OPERATING,8.11,0.0,11.51,0,0,0,,2026-08-31T02:21:38.422656+00:00
2025-11-28,13,43.1,43,30.17,60.34,2025-11-28T09:00:00+08:00,2025-11-28T21:00:00+08:00,OPERATING,8.98,0.0,10.62,0,0,0,,2026-08-31T02:21:38.422656+00:00
2025-11-28,14,40.18,45,28.12,56.25,2025-11-28T09:00:00+08:00,2025-11-28T21:00:00+08:00,OPERATING,8.26,0.0,10.9,0,0,0,,2026-08-31T02:21:38.422656+00:00
2025-11-28,15,41.46,43,29.03,58.05,2025-11-28T09:00:00+08:00,2025-11-28T21:00:00+08:00,OPERATING,9.34,0.0,9.23,0,0,0,,2026-08-31T02:21:38.422656+00:00
2025-11-28,16,41.65,47,29.16,58.31,2025-11-28T09:00:00+08:00,2025-11-28T21:00:00+08:00,OPERATING,8.52,0.0,9.88,0,0,0,,2026-08-31T02:21:38.422656+00:00
2025-11-28,17,35.51,43,24.86,49.71,2025-11-28T09:00:00+08:00,2025-11-28T21:00:00+08:00,OPERATING,7.44,0.0,8.94,0,0,0,,2026-08-31T02:21:38.422656+00:00
2025-11-28,18,36.48,47,25.54,51.07,2025-11-28T09:00:00+08:00,2025-11-28T21:00:00+08:00,OPERATING,9.04,0.0,8.57,0,0,0,,2026-08-31T02:21:38.422656+00:00
2025-11-28,19,32.59,43,22.81,45.63,2025-11-28T09:00:00+08:00,2025-11-28T21:00:00+08:00,OPERATING,9.34,0.0,9.69,0,0,0,,2026-08-31T02:21:38.422656+00:00
2025-11-28,20,25.67,44,17.97,35.94,2025-11-28T09:00:00+08:00,2025-11-28T21:00:00+08:00,OPERATING,9.15,0.0,9.99,0,0,0,,2026-08-31T02:21:38.422656+00:00
2025-11-28,21,14.71,45,10.3,20.6,2025-11-28T09:00:00+08:00,2025-11-28T21:00:00+08:00,OPERATING,8.38,0.0,6.7,0,0,0,,2026-08-31T02:21:38.422656+00:00
2025-11-29,9,36.46,46,25.52,51.05,2025-11-29T09:00:00+08:00,2025-11-29T21:00:00+08:00,OPERATING,12.08,0.0,11.44,1,1,0,,2026-08-31T02:21:38.422656+00:00
2025-11-29,10,49.32,43,34.52,69.05,2025-11-29T09:00:00+08:00,2025-11-29T21:00:00+08:00,OPERATING,12.32,0.0,13.22,1,1,0,,2026-08-31T02:21:38.422656+00:00
2025-11-29,11,65.9,43,46.13,92.26,2025-11-29T09:00:00+08:00,2025-11-29T21:00:00+08:00,OPERATING,12.49,0.0,10.58,1,1,0,,2026-08-31T02:21:38.422656+00:00
2025-11-29,12,72.99,43,51.09,102.18,2025-11-29T09:00:00+08:00,2025-11-29T21:00:00+08:00,OPERATING,12.4,0.0,12.4,1,1,0,,2026-08-31T02:21:38.422656+00:00
2025-11-29,13,76.37,44,53.46,106.92,2025-11-29T09:00:00+08:00,2025-11-29T21:00:00+08:00,OPERATING,13.47,0.0,12.3,1,1,0,,2026-08-31T02:21:38.422656+00:00
2025-11-29,14,80.45,47,56.32,112.64,2025-11-29T09:00:00+08:00,2025-11-29T21:00:00+08:00,OPERATING,13.06,0.0,11.28,1,1,0,,2026-08-31T02:21:38.422656+00:00
2025-11-29,15,82.04,43,57.43,114.85,2025-11-29T09:00:00+08:00,2025-11-29T21:00:00+08:00,OPERATING,13.3,0.0,11.97,1,1,0,,2026-08-31T02:21:38.422656+00:00
2025-11-29,16,78.08,47,54.65,109.31,2025-11-29T09:00:00+08:00,2025-11-29T21:00:00+08:00,OPERATING,12.33,0.0,12.04,1,1,0,,2026-08-31T02:21:38.422656+00:00
2025-11-29,17,71.84,46,50.29,100.57,2025-11-29T09:00:00+08:00,2025-11-29T21:00:00+08:00,OPERATING,13.19,0.0,12.31,1,1,0,,2026-08-31T02:21:38.422656+00:00
2025-11-29,18,63.79,47,44.65,89.3,2025-11-29T09:00:00+08:00,2025-11-29T21:00:00+08:00,OPERATING,13.65,0.0,11.06,1,1,0,,2026-08-31T02:21:38.422656+00:00
2025-11-29,19,61.42,43,42.99,85.98,2025-11-29T09:00:00+08:00,2025-11-29T21:00:00+08:00,OPERATING,11.06,0.0,13.58,1,1,0,,2026-08-31T02:21:38.422656+00:00
2025-11-29,20,48.87,43,34.21,68.42,2025-11-29T09:00:00+08:00,2025-11-29T21:00:00+08:00,OPERATING,13.83,0.0,13.4,1,1,0,,2026-08-31T02:21:38.422656+00:00
2025-11-29,21,31.76,45,22.24,44.47,2025-11-29T09:00:00+08:00,2025-11-29T21:00:00+08:00,OPERATING,11.88,0.0,10.73,1,1,0,,2026-08-31T02:21:38.422656+00:00
2025-11-30,9,38.72,44,27.1,54.2,2025-11-30T09:00:00+08:00,2025-11-30T21:00:00+08:00,OPERATING,12.17,0.0,7.85,1,1,0,,2026-08-31T02:21:38.422656+00:00
2025-11-30,10,52.46,45,36.72,73.45,2025-11-30T09:00:00+08:00,2025-11-30T21:00:00+08:00,OPERATING,13.84,0.0,7.8,1,1,0,,2026-08-31T02:21:38.422656+00:00
2025-11-30,11,63.52,44,44.46,88.93,2025-11-30T09:00:00+08:00,2025-11-30T21:00:00+08:00,OPERATING,14.85,0.0,8.26,1,1,0,,2026-08-31T02:21:38.422656+00:00
2025-11-30,12,73.5,44,51.45,102.89,2025-11-30T09:00:00+08:00,2025-11-30T21:00:00+08:00,OPERATING,13.83,0.0,9.38,1,1,0,,2026-08-31T02:21:38.422656+00:00
2025-11-30,13,71.76,47,50.23,100.47,2025-11-30T09:00:00+08:00,2025-11-30T21:00:00+08:00,OPERATING,14.35,0.0,6.55,1,1,0,,2026-08-31T02:21:38.422656+00:00
2025-11-30,14,81.53,43,57.07,114.15,2025-11-30T09:00:00+08:00,2025-11-30T21:00:00+08:00,OPERATING,13.5,0.0,9.74,1,1,0,,2026-08-31T02:21:38.422656+00:00
2025-11-30,15,85.28,45,59.7,119.39,2025-11-30T09:00:00+08:00,2025-11-30T21:00:00+08:00,OPERATING,12.44,0.0,9.56,1,1,0,,2026-08-31T02:21:38.422656+00:00
2025-11-30,16,79.14,47,55.4,110.8,2025-11-30T09:00:00+08:00,2025-11-30T21:00:00+08:00,OPERATING,14.17,0.0,8.37,1,1,0,,2026-08-31T02:21:38.422656+00:00
2025-11-30,17,69.2,44,48.44,96.88,2025-11-30T09:00:00+08:00,2025-11-30T21:00:00+08:00,OPERATING,14.59,0.0,8.39,1,1,0,,2026-08-31T02:21:38.422656+00:00
2025-11-30,18,62.91,46,44.04,88.07,2025-11-30T09:00:00+08:00,2025-11-30T21:00:00+08:00,OPERATING,14.05,0.0,8.43,1,1,0,,2026-08-31T02:21:38.422656+00:00
2025-11-30,19,61.39,47,42.97,85.94,2025-11-30T09:00:00+08:00,2025-11-30T21:00:00+08:00,OPERATING,13.92,0.0,10.43,1,1,0,,2026-08-31T02:21:38.422656+00:00
2025-11-30,20,45.19,46,31.64,63.27,2025-11-30T09:00:00+08:00,2025-11-30T21:00:00+08:00,OPERATING,14.06,0.0,8.89,1,1,0,,2026-08-31T02:21:38.422656+00:00
2025-11-30,21,36.06,43,25.24,50.49,2025-11-30T09:00:00+08:00,2025-11-30T21:00:00+08:00,OPERATING,14.1,0.0,8.48,1,1,0,,2026-08-31T02:21:38.422656+00:00
2025-12-01,9,20.91,47,14.64,29.28,2025-12-01T09:00:00+08:00,2025-12-01T21:00:00+08:00,OPERATING,13.93,0.0,16.29,0,0,0,,2026-08-31T02:21:38.422656+00:00
2025-12-01,10,31.98,43,22.38,44.77,2025-12-01T09:00:00+08:00,2025-12-01T21:00:00+08:00,OPERATING,14.09,0.0,17.45,0,0,0,,2026-08-31T02:21:38.422656+00:00
2025-12-01,11,36.83,45,25.78,51.57,2025-12-01T09:00:00+08:00,2025-12-01T21:00:00+08:00,OPERATING,14.02,0.0,16.5,0,0,0,,2026-08-31T02:21:38.422656+00:00
2025-12-01,12,36.2,45,25.34,50.68,2025-12-01T09:00:00+08:00,2025-12-01T21:00:00+08:00,OPERATING,13.46,0.0,16.33,0,0,0,,2026-08-31T02:21:38.422656+00:00
2025-12-01,13,40.17,44,28.12,56.23,2025-12-01T09:00:00+08:00,2025-12-01T21:00:00+08:00,OPERATING,14.23,0.0,16.28,0,0,0,,2026-08-31T02:21:38.422656+00:00
2025-12-01,14,42.88,47,30.02,60.04,2025-12-01T09:00:00+08:00,2025-12-01T21:00:00+08:00,OPERATING,13.73,0.0,16.99,0,0,0,,2026-08-31T02:21:38.422656+00:00
2025-12-01,15,48.89,47,34.22,68.44,2025-12-01T09:00:00+08:00,2025-12-01T21:00:00+08:00,OPERATING,14.98,0.0,18.14,0,0,0,,2026-08-31T02:21:38.422656+00:00
2025-12-01,16,45.01,44,31.5,63.01,2025-12-01T09:00:00+08:00,2025-12-01T21:00:00+08:00,OPERATING,12.82,0.0,16.11,0,0,0,,2026-08-31T02:21:38.422656+00:00
2025-12-01,17,42.15,44,29.5,59.01,2025-12-01T09:00:00+08:00,2025-12-01T21:00:00+08:00,OPERATING,13.5,0.0,17.23,0,0,0,,2026-08-31T02:21:38.422656+00:00
2025-12-01,18,32.69,47,22.89,45.77,2025-12-01T09:00:00+08:00,2025-12-01T21:00:00+08:00,OPERATING,13.98,0.0,18.58,0,0,0,,2026-08-31T02:21:38.422656+00:00
2025-12-01,19,30.66,44,21.46,42.92,2025-12-01T09:00:00+08:00,2025-12-01T21:00:00+08:00,OPERATING,13.74,0.0,17.56,0,0,0,,2026-08-31T02:21:38.422656+00:00
2025-12-01,20,25.29,47,17.7,35.4,2025-12-01T09:00:00+08:00,2025-12-01T21:00:00+08:00,OPERATING,14.54,0.0,18.81,0,0,0,,2026-08-31T02:21:38.422656+00:00
2025-12-01,21,17.54,45,12.28,24.56,2025-12-01T09:00:00+08:00,2025-12-01T21:00:00+08:00,OPERATING,13.87,0.0,15.87,0,0,0,,2026-08-31T02:21:38.422656+00:00
2025-12-02,9,20.23,47,14.16,28.33,2025-12-02T09:00:00+08:00,2025-12-02T21:00:00+08:00,OPERATING,12.33,0.0,16.61,0,0,0,,2026-08-31T02:21:38.422656+00:00
2025-12-02,10,25.67,45,17.97,35.93,2025-12-02T09:00:00+08:00,2025-12-02T21:00:00+08:00,OPERATING,12.51,0.0,17.83,0,0,0,,2026-08-31T02:21:38.422656+00:00
2025-12-02,11,34.16,44,23.91,47.83,2025-12-02T09:00:00+08:00,2025-12-02T21:00:00+08:00,OPERATING,12.36,0.0,17.42,0,0,0,,2026-08-31T02:21:38.422656+00:00
2025-12-02,12,35.18,46,24.62,49.25,2025-12-02T09:00:00+08:00,2025-12-02T21:00:00+08:00,OPERATING,12.36,0.0,15.14,0,0,0,,2026-08-31T02:21:38.422656+00:00
2025-12-02,13,38.75,47,27.12,54.25,2025-12-02T09:00:00+08:00,2025-12-02T21:00:00+08:00,OPERATING,13.53,0.0,16.12,0,0,0,,2026-08-31T02:21:38.422656+00:00
2025-12-02,14,41.17,45,28.82,57.63,2025-12-02T09:00:00+08:00,2025-12-02T21:00:00+08:00,OPERATING,12.83,0.0,16.3,0,0,0,,2026-08-31T02:21:38.422656+00:00
2025-12-02,15,40.33,46,28.23,56.46,2025-12-02T09:00:00+08:00,2025-12-02T21:00:00+08:00,OPERATING,12.17,0.0,17.35,0,0,0,,2026-08-31T02:21:38.422656+00:00
2025-12-02,16,34.78,46,24.34,48.69,2025-12-02T09:00:00+08:00,2025-12-02T21:00:00+08:00,OPERATING,12.92,0.0,16.41,0,0,0,,2026-08-31T02:21:38.422656+00:00
2025-12-02,17,39.97,46,27.98,55.96,2025-12-02T09:00:00+08:00,2025-12-02T21:00:00+08:00,OPERATING,12.19,0.0,18.43,0,0,0,,2026-08-31T02:21:38.422656+00:00
2025-12-02,18,31.69,47,22.18,44.36,2025-12-02T09:00:00+08:00,2025-12-02T21:00:00+08:00,OPERATING,11.9,0.0,16.39,0,0,0,,2026-08-31T02:21:38.422656+00:00
2025-12-02,19,29.18,45,20.43,40.86,2025-12-02T09:00:00+08:00,2025-12-02T21:00:00+08:00,OPERATING,12.87,0.0,17.42,0,0,0,,2026-08-31T02:21:38.422656+00:00
2025-12-02,20,22.77,45,15.94,31.88,2025-12-02T09:00:00+08:00,2025-12-02T21:00:00+08:00,OPERATING,12.35,0.0,15.74,0,0,0,,2026-08-31T02:21:38.422656+00:00
2025-12-02,21,16.82,47,11.77,23.54,2025-12-02T09:00:00+08:00,2025-12-02T21:00:00+08:00,OPERATING,13.19,0.0,17.83,0,0,0,,2026-08-31T02:21:38.422656+00:00
