date,hour,crowd_index,operating_rides,avg_wait_min,max_wait_min,park_open_time,park_close_time,park_status,temperature_c,precipitation_mm,wind_speed_kmh,is_holiday,is_weekend,is_school_vacation,school_vacation_type,scraped_at
2025-12-03,9,23.33,46,16.33,32.66,2025-12-03T09:00:00+08:00,2025-12-03T21:00:00+08:00,OPERATING,7.62,0.0,19.53,0,0,0,,2026-08-31T02:21:38.422656+00:00
2025-12-03,10,33.87,45,23.71,47.42,2025-12-03T09:00:00+08:00,2025-12-03T21:00:00+08:00,OPERATING,7.58,0.0,20.1,0,0,0,,2026-08-31T02:21:38.422656+00:00
2025-12-03,11,34.5,43,24.15,48.29,2025-12-03T09:00:00+08:00,2025-12-03T21:00:00+08:00,OPERATING,8.15,0.0,20.31,0,0,0,,2026-08-31T02:21:38.422656+00:00
2025-12-03,12,42.46,43,29.72,59.44,2025-12-03T09:00:00+08:00,2025-12-03T21:00:00+08:00,OPERATING,7.95,0.0,20.11,0,0,0,,2026-08-31T02:21:38.422656+00:00
2025-12-03,13,41.8,44,29.26,58.51,2025-12-03T09:00:00+08:00,2025-12-03T21:00:00+08:00,OPERATING,6.9,0.0,20.42,0,0,0,,2026-08-31T02:21:38.422656+00:00
2025-12-03,14,48.49,43,33.94,67.88,2025-12-03T09:00:00+08:00,2025-12-03T21:00:00+08:00,OPERATING,8.73,0.0,21.47,0,0,0,,2026-08-31T02:21:38.422656+00:00
2025-12-03,15,51.4,46,35.98,71.96,2025-12-03T09:00:00+08:00,2025-12-03T21:00:00+08:00,OPERATING,8.19,0.0,19.74,0,0,0,,2026-08-31T02:21:38.422656+00:00
2025-12-03,16,47.95,45,33.57,67.13,2025-12-03T09:00:00+08:00,2025-12-03T21:00:00+08:00,OPERATING,9.85,0.0,19.39,0,0,0,,2026-08-31T02:21:38.422656+00:00
2025-12-03,17,42.74,45,29.92,59.83,2025-12-03T09:00:00+08:00,2025-12-03T21:00:00+08:00,OPERATING,9.71,0.0,19.21,0,0,0,,2026-08-31T02:21:38.422656+00:00
2025-12-03,18,38.5,44,26.95,53.9,2025-12-03T09:00:00+08:00,2025-12-03T21:00:00+08:00,OPERATING,7.61,0.0,20.08,0,0,0,,2026-08-31T02:21:38.422656+00:00
2025-12-03,19,31.61,43,22.12,44.25,2025-12-03T09:00:00+08:00,2025-12-03T21:00:00+08:00,OPERATING,7.9,0.0,17.94,0,0,0,,2026-08-31T02:21:38.422656+00:00
2025-12-03,20,33.37,46,23.36,46.71,2025-12-03T09:00:00+08:00,2025-12-03T21:00:00+08:00,OPERATING,8.97,0.0,16.89,0,0,0,,2026-08-31T02:21:38.422656+00:00
2025-12-03,21,22.52,46,15.76,31.52,2025-12-03T09:00:00+08:00,2025-12-03T21:00:00+08:00,OPERATING,7.11,0.0,18.56,0,0,0,,2026-08-31T02:21:38.422656+00:00
2025-12-04,9,21.1,44,14.77,29.53,2025-12-04T09:00:00+08:00,2025-12-04T21:00:00+08:00,OPERATING,5.49,0.0,7.47,0,0,0,,2026-08-31T02:21:38.422656+00:00
2025-12-04,10,26.02,47,18.21,36.43,2025-12-04T09:00:00+08:00,2025-12-04T21:00:00+08:00,OPERATING,4.6,0.0,9.01,0,0,0,,2026-08-31T02:21:38.422656+00:00
2025-12-04,11,32.97,47,23.08,46.16,2025-12-04T09:00:00+08:00,2025-12-04T21:00:00+08:00,OPERATING,6.35,0.0,9.23,0,0,0,,2026-08-31T02:21:38.422656+00:00
2025-12-04,12,39.92,45,27.94,55.89,2025-12-04T09:00:00+08:00,2025-12-04T21:00:00+08:00,OPERATING,6.39,0.0,8.97,0,0,0,,2026-08-31T02:21:38.422656+00:00
2025-12-04,13,38.47,46,26.93,53.86,2025-12-04T09:00:00+08:00,2025-12-04T21:00:00+08:00,OPERATING,5.86,0.0,8.12,0,0,0,,2026-08-31T02:21:38.422656+00:00
2025-12-04,14,38.4,43,26.88,53.76,2025-12-04T09:00:00+08:00,2025-12-04T21:00:00+08:00,OPERATING,6.91,0.0,7.98,0,0,0,,2026-08-31T02:21:38.422656+00:00
2025-12-04,15,41.48,44,29.04,58.07,2025-12-04T09:00:00+08:00,2025-12-04T21:00:00+08:00,OPERATING,5.89,0.0,10.41,0,0,0,,2026-08-31T02:21:38.422656+00:00
2025-12-04,16,42.81,45,29.97,59.94,2025-12-04T09:00:00+08:00,2025-12-04T21:00:00+08:00,OPERATING,5.19,0.0,7.18,0,0,0,,2026-08-31T02:21:38.422656+00:00
2025-12-04,17,38.72,47,27.11,54.21,2025-12-04T09:00:00+08:00,2025-12-04T21:00:00+08:00,OPERATING,7.71,0.0,8.64,0,0,0,,2026-08-31T02:21:38.422656+00:00
2025-12-04,18,29.56,45,20.69,41.38,2025-12-04T09:00:00+08:00,2025-12-04T21:00:00+08:00,OPERATING,6.22,0.0,6.2,0,0,0,,2026-08-31T02:21:38.422656+00:00
2025-12-04,19,30.38,44,21.26,42.53,2025-12-04T09:00:00+08:00,2025-12-04T21:00:00+08:00,OPERATING,6.34,0.0,9.49,0,0,0,,2026-08-31T02:21:38.422656+00:00
2025-12-04,20,22.51,43,15.76,31.52,2025-12-04T09:00:00+08:00,2025-12-04T21:00:00+08:00,OPERATING,5.93,0.0,9.83,0,0,0,,2026-08-31T02:21:38.422656+00:00
2025-12-04,21,19.47,47,13.63,27.26,2025-12-04T09:00:00+08:00,2025-12-04T21:00:00+08:00,OPERATING,7.96,0.0,7.75,0,0,0,,2026-08-31T02:21:38.422656+00:00
2025-12-05,9,25.78,45,18.05,36.1,2025-12-05T09:00:00+08:00,2025-12-05T21:00:00+08:00,OPERATING,9.41,0.0,9.79,0,0,0,,2026-08-31T02:21:38.422656+00:00
2025-12-05,10,31.98,45,22.39,44.77,2025-12-05T09:00:00+08:00,2025-12-05T21:00:00+08:00,OPERATING,9.04,0.0,9.01,0,0,0,,2026-08-31T02:21:38.422656+00:00
2025-12-05,11,44.2,43,30.94,61.88,2025-12-05T09:00:00+08:00,2025-12-05T21:00:00+08:00,OPERATING,8.86,0.0,7.72,0,0,0,,2026-08-31T02:21:38.422656+00:00
2025-12-05,12,45.94,45,32.16,64.31,2025-12-05T09:00:00+08:00,2025-12-05T21:00:00+08:00,OPERATING,10.22,0.0,8.17,0,0,0,,2026-08-31T02:21:38.422656+00:00
2025-12-05,13,45.79,45,32.05,64.1,2025-12-05T09:00:00+08:00,2025-12-05T21:00:00+08:00,OPERATING,8.5,0.0,10.68,0,0,0,,2026-08-31T02:21:38.422656+00:00
2025-12-05,14,50.01,46,35.01,70.02,2025-12-05T09:00:00+08:00,2025-12-05T21:00:00+08:00,OPERATING,9.73,0.0,9.64,0,0,0,,2026-08-31T02:21:38.422656+00:00
2025-12-05,15,52.66,44,36.86,73.72,2025-12-05T09:00:00+08:00,2025-12-05T21:00:00+08:00,OPERATING,10.27,0.0,7.88,0,0,0,,2026-08-31T02:21:38.422656+00:00
2025-12-05,16,49.2,46,34.44,68.88,2025-12-05T09:00:00+08:00,2025-12-05T21:00:00+08:00,OPERATING,9.33,0.0,9.11,0,0,0,,2026-08-31T02:21:38.422656+00:00
2025-12-05,17,42.15,47,29.51,59.01,2025-12-05T09:00:00+08:00,2025-12-05T21:00:00+08:00,OPERATING,9.62,0.0,8.87,0,0,0,,2026-08-31T02:21:38.422656+00:00
2025-12-05,18,39.3,47,27.51,55.02,2025-12-05T09:00:00+08:00,2025-12-05T21:00:00+08:00,OPERATING,10.76,0.0,7.52,0,0,0,,2026-08-31T02:21:38.422656+00:00
2025-12-05,19,34.25,45,23.97,47.94,2025-12-05T09:00:00+08:00,2025-12-05T21:00:00+08:00,OPERATING,9.37,0.0,9.8,0,0,0,,2026-08-31T02:21:38.422656+00:00
2025-12-05,20,28.61,46,20.03,40.05,2025-12-05T09:00:00+08:00,2025-12-05T21:00:00+08:00,OPERATING,10.51,0.0,8.35,0,0,0,,2026-08-31T02:21:38.422656+00:00
2025-12-05,21,20.3,44,14.21,28.42,2025-12-05T09:00:00+08:00,2025-12-05T21:00:00+08:00,OPERATING,9.73,0.0,8.2,0,0,0,,2026-08-31T02:21:38.422656+00:00
2025-12-06,9,28.9,43,20.23,40.46,2025-12-06T09:00:00+08:00,2025-12-06T21:00:00+08:00,OPERATING,9.75,0.0,11.0,1,1,0,,2026-08-31T02:21:38.422656+00:00
2025-12-06,10,40.07,43,28.05,56.1,2025-12-06T09:00:00+08:00,2025-12-06T21:00:00+08:00,OPERATING,10.08,0.0,8.08,1,1,0,,2026-08-31T02:21:38.422656+00:00
2025-12-06,11,56.07,44,39.25,78.49,2025-12-06T09:00:00+08:00,2025-12-06T21:00:00+08:00,OPERATING,9.01,0.0,10.59,1,1,0,,2026-08-31T02:21:38.422656+00:00
2025-12-06,12,55.32,45,38.72,77.45,2025-12-06T09:00:00+08:00,2025-12-06T21:00:00+08:00,OPERATING,10.97,0.0,10.09,1,1,0,,2026-08-31T02:21:38.422656+00:00
2025-12-06,13,62.42,46,43.69,87.39,2025-12-06T09:00:00+08:00,2025-12-06T21:00:00+08:00,OPERATING,9.15,0.0,9.82,1,1,0,,2026-08-31T02:21:38.422656+00:00
2025-12-06,14,63.35,46,44.34,88.69,2025-12-06T09:00:00+08:00,2025-12-06T21:00:00+08:00,OPERATING,10.23,0.0,9.63,1,1,0,,2026-08-31T02:21:38.422656+00:00
2025-12-06,15,71.29,47,49.91,99.81,2025-12-06T09:00:00+08:00,2025-12-06T21:00:00+08:00,OPERATING,10.7,0.0,6.14,1,1,0,,2026-08-31T02:21:38.422656+00:00
2025-12-06,16,62.5,44,43.75,87.5,2025-12-06T09:00:00+08:00,2025-12-06T21:00:00+08:00,OPERATING,10.23,0.0,8.08,1,1,0,,2026-08-31T02:21:38.422656+00:00
2025-12-06,17,60.83,47,42.58,85.17,2025-12-06T09:00:00+08:00,2025-12-06T21:00:00+08:00,OPERATING,9.55,0.0,10.67,1,1,0,,2026-08-31T02:21:38.422656+00:00
2025-12-06,18,50.46,47,35.32,70.64,2025-12-06T09:00:00+08:00,2025-12-06T21:00:00+08:00,OPERATING,9.19,0.0,7.66,1,1,0,,2026-08-31T02:21:38.422656+00:00
2025-12-06,19,52.56,47,36.79,73.58,2025-12-06T09:00:00+08:00,2025-12-06T21:00:00+08:00,OPERATING,10.02,0.0,9.02,1,1,0,,2026-08-31T02:21:38.422656+00:00
2025-12-06,20,42.46,45,29.72,59.44,2025-12-06T09:00:00+08:00,2025-12-06T21:00:00+08:00,OPERATING,10.65,0.0,8.81,1,1,0,,2026-08-31T02:21:38.422656+00:00
2025-12-06,21,28.39,47,19.87,39.74,2025-12-06T09:00:00+08:00,2025-12-06T21:00:00+08:00,OPERATING,10.06,0.0,10.81,1,1,0,,2026-08-31T02:21:38.422656+00:00
2025-12-07,9,35.56,44,24.89,49.78,2025-12-07T09:00:00+08:00,2025-12-07T21:00:00+08:00,OPERATING,12.32,0.0,8.48,1,1,0,,2026-08-31T02:21:38.422656+00:00
2025-12-07,10,48.37,43,33.86,67.72,2025-12-07T09:00:00+08:00,2025-12-07T21:00:00+08:00,OPERATING,13.15,0.0,8.64,1,1,0,,2026-08-31T02:21:38.422656+00:00
2025-12-07,11,60.98,44,42.69,85.38,2025-12-07T09:00:00+08:00,2025-12-07T21:00:00+08:00,OPERATING,13.04,0.0,7.69,1,1,0,,2026-08-31T02:21:38.422656+00:00
2025-12-07,12,66.93,43,46.85,93.7,2025-12-07T09:00:00+08:00,2025-12-07T21:00:00+08:00,OPERATING,12.55,0.0,6.91,1,1,0,,2026-08-31T02:21:38.422656+00:00
2025-12-07,13,72.55,47,50.79,101.57,2025-12-07T09:00:00+08:00,2025-12-07T21:00:00+08:00,OPERATING,11.08,0.0,7.59,1,1,0,,2026-08-31T02:21:38.422656+00:00
2025-12-07,14,73.76,46,51.64,103.27,2025-12-07T09:00:00+08:00,2025-12-07T21:00:00+08:00,OPERATING,12.76,0.0,9.21,1,1,0,,2026-08-31T02:21:38.422656+00:00
2025-12-07,15,77.84,47,54.49,108.97,2025-12-07T09:00:00+08:00,2025-12-07T21:00:00+08:00,OPERATING,12.94,0.0,10.27,1,1,0,,2026-08-31T02:21:38.422656+00:00
2025-12-07,16,76.36,46,53.45,106.9,2025-12-07T09:00:00+08:00,2025-12-07T21:00:00+08:00,OPERATING,11.86,0.0,8.3,1,1,0,,2026-08-31T02:21:38.422656+00:00
2025-12-07,17,67.36,44,47.15,94.3,2025-12-07T09:00:00+08:00,2025-12-07T21:00:00+08:00,OPERATING,12.51,0.0,7.83,1,1,0,,2026-08-31T02:21:38.422656+00:00
2025-12-07,18,61.99,47,43.4,86.79,2025-12-07T09:00:00+08:00,2025-12-07T21:00:00+08:00,OPERATING,13.27,0.0,6.16,1,1,0,,2026-08-31T02:21:38.422656+00:00
2025-12-07,19,54.64,47,38.25,76.5,2025-12-07T09:00:00+08:00,2025-12-07T21:00:00+08:00,OPERATING,12.02,0.0,9.05,1,1,0,,2026-08-31T02:21:38.422656+00:00
2025-12-07,20,43.91,43,30.74,61.48,2025-12-07T09:00:00+08:00,2025-12-07T21:00:00+08:00,OPERATING,12.61,0.0,7.2,1,1,0,,2026-08-31T02:21:38.422656+00:00
2025-12-07,21,32.67,45,22.87,45.73,2025-12-07T09:00:00+08:00,2025-12-07T21:00:00+08:00,OPERATING,12.34,0.0,8.43,1,1,0,,2026-08-31T02:21:38.422656+00:00
2025-12-08,9,21.62,47,15.13,30.26,2025-12-08T09:00:00+08:00,2025-12-08T21:00:00+08:00,OPERATING,11.8,0.0,18.92,0,0,0,,2026-08-31T02:21:38.422656+00:00
2025-12-08,10,31.5,47,22.05,44.1,2025-12-08T09:00:00+08:00,2025-12-08T21:00:00+08:00,OPERATING,12.2,0.0,18.93,0,0,0,,2026-08-31T02:21:38.422656+00:00
2025-12-08,11,39.55,43,27.68,55.37,2025-12-08T09:00:00+08:00,2025-12-08T21:00:00+08:00,OPERATING,11.51,0.0,16.46,0,0,0,,2026-08-31T02:21:38.422656+00:00
2025-12-08,12,42.45,43,29.71,59.43,2025-12-08T09:00:00+08:00,2025-12-08T21:00:00+08:00,OPERATING,11.43,0.0,17.08,0,0,0,,2026-08-31T02:21:38.422656+00:00
2025-12-08,13,45.54,44,31.88,63.76,2025-12-08T09:00:00+08:00,2025-12-08T21:00:00+08:00,OPERATING,9.59,0.0,17.56,0,0,0,,2026-08-31T02:21:38.422656+00:00
2025-12-08,14,47.15,45,33.0,66.0,2025-12-08T09:00:00+08:00,2025-12-08T21:00:00+08:00,OPERATING,11.08,0.0,20.62,0,0,0,,2026-08-31T02:21:38.422656+00:00
2025-12-08,15,45.11,45,31.58,63.16,2025-12-08T09:00:00+08:00,2025-12-08T21:00:00+08:00,OPERATING,12.53,0.0,16.06,0,0,0,,2026-08-31T02:21:38.422656+00:00
2025-12-08,16,45.46,45,31.82,63.64,2025-12-08T09:00:00+08:00,2025-12-08T21:00:00+08:00,OPERATING,11.93,0.0,18.86,0,0,0,,2026-08-31T02:21:38.422656+00:00
2025-12-08,17,44.62,45,31.23,62.46,2025-12-08T09:00:00+08:00,2025-12-08T21:00:00+08:00,OPERATING,11.46,0.0,19.17,0,0,0,,2026-08-31T02:21:38.422656+00:00
2025-12-08,18,38.28,45,26.8,53.6,2025-12-08T09:00:00+08:00,2025-12-08T21:00:00+08:00,OPERATING,10.46,0.0,17.63,0,0,0,,2026-08-31T02:21:38.422656+00:00
2025-12-08,19,33.95,47,23.77,47.53,2025-12-08T09:00:00+08:00,2025-12-08T21:00:00+08:00,OPERATING,11.06,0.0,18.37,0,0,0,,2026-08-31T02:21:38.422656+00:00
2025-12-08,20,29.3,44,20.51,41.02,2025-12-08T09:00:00+08:00,2025-12-08T21:00:00+08:00,OPERATING,13.14,0.0,17.2,0,0,0,,2026-08-31T02:21:38.422656+00:00
2025-12-08,21,19.07,44,13.35,26.7,2025-12-08T09:00:00+08:00,2025-12-08T21:00:00+08:00,OPERATING,11.27,0.0,20.31,0,0,0,,2026-08-31T02:21:38.422656+00:00
2025-12-09,9,19.79,47,13.86,27.71,2025-12-09T09:00:00+08:00,2025-12-09T21:00:00+08:00,OPERATING,9.88,0.0,12.45,0,0,0,,2026-08-31T02:21:38.422656+00:00
2025-12-09,10,27.85,44,19.49,38.99,2025-12-09T09:00:00+08:00,2025-12-09T21:00:00+08:00,OPERATING,9.67,0.0,12.48,0,0,0,,2026-08-31T02:21:38.422656+00:00
2025-12-09,11,34.31,44,24.02,48.03,2025-12-09T09:00:00+08:00,2025-12-09T21:00:00+08:00,OPERATING,11.78,0.0,11.48,0,0,0,,2026-08-31T02:21:38.422656+00:00
2025-12-09,12,39.64,46,27.75,55.5,2025-12-09T09:00:00+08:00,2025-12-09T21:00:00+08:00,OPERATING,8.66,0.0,12.94,0,0,0,,2026-08-31T02:21:38.422656+00:00
2025-12-09,13,35.88,45,25.12,50.24,2025-12-09T09:00:00+08:00,2025-12-09T21:00:00+08:00,OPERATING,11.0,0.0,12.2,0,0,0,,2026-08-31T02:21:38.422656+00:00
2025-12-09,14,45.29,47,31.7,63.4,2025-12-09T09:00:00+08:00,2025-12-09T21:00:00+08:00,OPERATING,10.11,0.0,13.74,0,0,0,,2026-08-31T02:21:38.422656+00:00
2025-12-09,15,45.89,45,32.13,64.25,2025-12-09T09:00:00+08:00,2025-12-09T21:00:00+08:00,OPERATING,10.8,0.0,10.61,0,0,0,,2026-08-31T02:21:38.422656+00:00
2025-12-09,16,42.52,45,29.76,59.53,2025-12-09T09:00:00+08:00,2025-12-09T21:00:00+08:00,OPERATING,11.52,0.0,12.79,0,0,0,,2026-08-31T02:21:38.422656+00:00
2025-12-09,17,37.61,45,26.33,52.66,2025-12-09T09:00:00+08:00,2025-12-09T21:00:00+08:00,OPERATING,9.35,0.0,11.58,0,0,0,,2026-08-31T02:21:38.422656+00:00
2025-12-09,18,32.59,47,22.81,45.63,2025-12-09T09:00:00+08:00,2025-12-09T21:00:00+08:00,OPERATING,9.39,0.0,11.97,0,0,0,,2026-08-31T02:21:38.422656+00:00
2025-12-09,19,33.37,46,23.36,46.72,2025-12-09T09:00:00+08:00,2025-12-09T21:00:00+08:00,OPERATING,11.24,0.0,13.37,0,0,0,,2026-08-31T02:21:38.422656+00:00
2025-12-09,20,27.71,44,19.4,38.79,2025-12-09T09:00:00+08:00,2025-12-09T21:00:00+08:00,OPERATING,9.83,0.0,14.45,0,0,0,,2026-08-31T02:21:38.422656+00:00
2025-12-09,21,14.9,46,10.43,20.85,2025-12-09T09:00:00+08:00,2025-12-09T21:00:00+08:00,OPERATING,9.5,0.0,12.94,0,0,0,,2026-08-31T02:21:38.422656+00:00
2025-12-10,9,23.14,47,16.2,32.39,2025-12-10T09:00:00+08:00,2025-12-10T21:00:00+08:00,OPERATING,14.55,0.1,16.15,0,0,0,,2026-08-31T02:21:38.422656+00:00
2025-12-10,10,30.9,46,21.63,43.26,2025-12-10T09:00:00+08:00,2025-12-10T21:00:00+08:00,OPERATING,15.71,0.1,15.58,0,0,0,,2026-08-31T02:21:38.422656+00:00
2025-12-10,11,38.31,44,26.81,53.63,2025-12-10T09:00:00+08:00,2025-12-10T21:00:00+08:00,OPERATING,13.83,0.1,16.98,0,0,0,,2026-08-31T02:21:38.422656+00:00
2025-12-10,12,43.37,45,30.36,60.71,2025-12-10T09:00:00+08:00,2025-12-10T21:00:00+08:00,OPERATING,14.56,0.1,16.64,0,0,0,,2026-08-31T02:21:38.422656+00:00
2025-12-10,13,46.02,47,32.21,64.43,2025-12-10T09:00:00+08:00,2025-12-10T21:00:00+08:00,OPERATING,15.03,0.1,14.68,0,0,0,,2026-08-31T02:21:38.422656+00:00
2025-12-10,14,47.43,46,33.2,66.4,2025-12-10T09:00:00+08:00,2025-12-10T21:00:00+08:00,OPERATING,15.73,0.1,16.36,0,0,0,,2026-08-31T02:21:38.422656+00:00
2025-12-10,15,48.45,45,33.91,67.83,2025-12-10T09:00:00+08:00,2025-12-10T21:00:00+08:00,OPERATING,13.77,0.1,16.61,0,0,0,,2026-08-31T02:21:38.422656+00:00
2025-12-10,16,44.56,45,31.19,62.38,2025-12-10T09:00:00+08:00,2025-12-10T21:00:00+08:00,OPERATING,16.27,0.1,15.82,0,0,0,,2026-08-31T02:21:38.422656+00:00
2025-12-10,17,40.77,44,28.54,57.08,2025-12-10T09:00:00+08:00,2025-12-10T21:00:00+08:00,OPERATING,15.49,0.1,14.85,0,0,0,,2026-08-31T02:21:38.422656+00:00
2025-12-10,18,37.89,45,26.52,53.05,2025-12-10T09:00:00+08:00,2025-12-10T21:00:00+08:00,OPERATING,15.66,0.1,17.77,0,0,0,,2026-08-31T02:21:38.422656+00:00
2025-12-10,19,39.17,46,27.42,54.83,2025-12-10T09:00:00+08:00,2025-12-10T21:00:00+08:00,OPERATING,14.39,0.1,17.93,0,0,0,,2026-08-31T02:21:38.422656+00:00
2025-12-10,20,30.75,43,21.53,43.05,2025-12-10T09:00:00+08:00,2025-12-10T21:00:00+08:00,OPERATING,13.96,0.1,16.55,0,0,0,,2026-08-31T02:21:38.422656+00:00
2025-12-10,21,19.23,44,13.46,26.92,2025-12-10T09:00:00+08:00,2025-12-10T21:00:00+08:00,OPERATING,15.37,0.1,17.12,0,0,0,,2026-08-31T02:21:38.422656+00:00
2025-12-11,9,25.49,47,17.84,35.68,2025-12-11T09:00:00+08:00,2025-12-11T21:00:00+08:00,OPERATING,12.53,0.0,20.78,0,0,0,,2026-08-31T02:21:38.422656+00:00
2025-12-11,10,34.4,45,24.08,48.17,2025-12-11T09:00:00+08:00,2025-12-11T21:00:00+08:00,OPERATING,13.27,0.0,21.18,0,0,0,,2026-08-31T02:21:38.422656+00:00
2025-12-11,11,45.43,44,31.8,63.6,2025-12-11T09:00:00+08:00,2025-12-11T21:00:00+08:00,OPERATING,13.95,0.0,19.94,0,0,0,,2026-08-31T02:21:38.422656+00:00
2025-12-11,12,49.01,47,34.31,68.62,2025-12-11T09:00:00+08:00,2025-12-11T21:00:00+08:00,OPERATING,13.4,0.0,21.45,0,0,0,,2026-08-31T02:21:38.422656+00:00
2025-12-11,13,50.11,47,35.08,70.16,2025-12-11T09:00:00+08:00,2025-12-11T21:00:00+08:00,OPERATING,13.68,0.0,21.67,0,0,0,,2026-08-31T02:21:38.422656+00:00
2025-12-11,14,54.35,43,38.04,76.09,2025-12-11T09:00:00+08:00,2025-12-11T21:00:00+08:00,OPERATING,12.99,0.0,20.41,0,0,0,,2026-08-31T02:21:38.422656+00:00
2025-12-11,15,51.81,43,36.27,72.53,2025-12-11T09:00:00+08:00,2025-12-11T21:00:00+08:00,OPERATING,12.81,0.0,21.45,0,0,0,,2026-08-31T02:21:38.422656+00:00
2025-12-11,16,51.4,45,35.98,71.97,2025-12-11T09:00:00+08:00,2025-12-11T21:00:00+08:00,OPERATING,13.39,0.0,19.86,0,0,0,,2026-08-31T02:21:38.422656+00:00
2025-12-11,17,49.76,44,34.83,69.67,2025-12-11T09:00:00+08:00,2025-12-11T21:00:00+08:00,OPERATING,13.62,0.0,20.6,0,0,0,,2026-08-31T02:21:38.422656+00:00
2025-12-11,18,45.27,44,31.69,63.37,2025-12-11T09:00:00+08:00,2025-12-11T21:00:00+08:00,OPERATING,12.79,0.0,21.56,0,0,0,,2026-08-31T02:21:38.422656+00:00
2025-12-11,19,41.87,46,29.31,58.62,2025-12-11T09:00:00+08:00,2025-12-11T21:00:00+08:00,OPERATING,12.3,0.0,20.94,0,0,0,,2026-08-31T02:21:38.422656+00:00
2025-12-11,20,30.52,46,21.37,42.73,2025-12-11T09:00:00+08:00,2025-12-11T21:00:00+08:00,OPERATING,11.92,0.0,21.14,0,0,0,,2026-08-31T02:21:38.422656+00:00
2025-12-11,21,21.53,46,15.07,30.15,2025-12-11T09:00:00+08:00,2025-12-11T21:00:00+08:00,OPERATING,12.62,0.0,20.52,0,0,0,,2026-08-31T02:21:38.422656+00:00
2025-12-12,9,21.43,45,15.0,30.01,2025-12-12T09:00:00+08:00,2025-12-12T21:00:00+08:00,OPERATING,10.4,0.0,16.87,0,0,0,,2026-08-31T02:21:38.422656+00:00
2025-12-12,10,32.86,47,23.01,46.01,2025-12-12T09:00:00+08:00,2025-12-12T21:00:00+08:00,OPERATING,10.92,0.0,19.14,0,0,0,,2026-08-31T02:21:38.422656+00:00
2025-12-12,11,35.1,45,24.57,49.15,2025-12-12T09:00:00+08:00,2025-12-12T21:00:00+08:00,OPERATING,11.0,0.0,15.69,0,0,0,,2026-08-31T02:21:38.422656+00:00
2025-12-12,12,41.67,44,29.17,58.34,2025-12-12T09:00:00+08:00,2025-12-12T21:00:00+08:00,OPERATING,11.67,0.0,18.43,0,0,0,,2026-08-31T02:21:38.422656+00:00
2025-12-12,13,44.78,43,31.35,62.69,2025-12-12T09:00:00+08:00,2025-12-12T21:00:00+08:00,OPERATING,11.43,0.0,17.38,0,0,0,,2026-08-31T02:21:38.422656+00:00
2025-12-12,14,44.59,44,31.22,62.43,2025-12-12T09:00:00+08:00,2025-12-12T21:00:00+08:00,OPERATING,10.9,0.0,17.73,0,0,0,,2026-08-31T02:21:38.422656+00:00
2025-12-12,15,51.31,47,35.92,71.84,2025-12-12T09:00:00+08:00,2025-12-12T21:00:00+08:00,OPERATING,10.45,0.0,19.75,0,0,0,,2026-08-31T02:21:38.422656+00:00
2025-12-12,16,46.09,46,32.26,64.52,2025-12-12T09:00:00+08:00,2025-12-12T21:00:00+08:00,OPERATING,11.15,0.0,17.25,0,0,0,,2026-08-31T02:21:38.422656+00:00
2025-12-12,17,42.48,44,29.74,59.48,2025-12-12T09:00:00+08:00,2025-12-12T21:00:00+08:00,OPERATING,10.43,0.0,17.56,0,0,0,,2026-08-31T02:21:38.422656+00:00
2025-12-12,18,38.37,44,26.86,53.72,2025-12-12T09:00:00+08:00,2025-12-12T21:00:00+08:00,OPERATING,11.1,0.0,17.99,0,0,0,,2026-08-31T02:21:38.422656+00:00
2025-12-12,19,33.91,46,23.74,47.48,2025-12-12T09:00:00+08:00,2025-12-12T21:00:00+08:00,OPERATING,11.86,0.0,20.4,0,0,0,,2026-08-31T02:21:38.422656+00:00
2025-12-12,20,22.27,43,15.59,31.17,2025-12-12T09:00:00+08:00,2025-12-12T21:00:00+08:00,OPERATING,10.83,0.0,19.94,0,0,0,,2026-08-31T02:21:38.422656+00:00
2025-12-12,21,23.58,46,16.5,33.01,2025-12-12T09:00:00+08:00,2025-12-12T21:00:00+08:00,OPERATING,11.59,0.0,20.15,0,0,0,,2026-08-31T02:21:38.422656+00:00
2025-12-13,9,29.24,44,20.47,40.94,2025-12-13T09:00:00+08:00,2025-12-13T21:00:00+08:00,OPERATING,8.28,0.4,23.89,1,1,0,,2026-08-31T02:21:38.422656+00:00
2025-12-13,10,41.56,46,29.09,58.19,2025-12-13T09:00:00+08:00,2025-12-13T21:00:00+08:00,OPERATING,8.16,0.4,23.71,1,1,0,,2026-08-31T02:21:38.422656+00:00
2025-12-13,11,56.6,43,39.62,79.24,2025-12-13T09:00:00+08:00,2025-12-13T21:00:00+08:00,OPERATING,8.24,0.4,22.39,1,1,0,,2026-08-31T02:21:38.422656+00:00
2025-12-13,12,60.32,46,42.22,84.44,2025-12-13T09:00:00+08:00,2025-12-13T21:00:00+08:00,OPERATING,8.3,0.4,22.88,1,1,0,,2026-08-31T02:21:38.422656+00:00
2025-12-13,13,62.61,44,43.83,87.65,2025-12-13T09:00:00+08:00,2025-12-13T21:00:00+08:00,OPERATING,7.34,0.4,22.79,1,1,0,,2026-08-31T02:21:38.422656+00:00
2025-12-13,14,67.61,45,47.32,94.65,2025-12-13T09:00:00+08:00,2025-12-13T21:00:00+08:00,OPERATING,8.12,0.4,22.56,1,1,0,,2026-08-31T02:21:38.422656+00:00
2025-12-13,15,70.79,47,49.55,99.1,2025-12-13T09:00:00+08:00,2025-12-13T21:00:00+08:00,OPERATING,7.97,0.4,23.1,1,1,0,,2026-08-31T02:21:38.422656+00:00
2025-12-13,16,68.42,43,47.9,95.79,2025-12-13T09:00:00+08:00,2025-12-13T21:00:00+08:00,OPERATING,8.34,0.4,21.66,1,1,0,,2026-08-31T02:21:38.422656+00:00
2025-12-13,17,58.77,44,41.14,82.28,2025-12-13T09:00:00+08:00,2025-12-13T21:00:00+08:00,OPERATING,8.97,0.4,22.86,1,1,0,,2026-08-31T02:21:38.422656+00:00
2025-12-13,18,54.24,47,37.97,75.94,2025-12-13T09:00:00+08:00,2025-12-13T21:00:00+08:00,OPERATING,7.25,0.4,22.23,1,1,0,,2026-08-31T02:21:38.422656+00:00
2025-12-13,19,50.96,46,35.67,71.35,2025-12-13T09:00:00+08:00,2025-12-13T21:00:00+08:00,OPERATING,9.26,0.4,24.38,1,1,0,,2026-08-31T02:21:38.422656+00:00
2025-12-13,20,42.07,46,29.45,58.9,2025-12-13T09:00:00+08:00,2025-12-13T21:00:00+08:00,OPERATING,7.63,0.4,22.93,1,1,0,,2026-08-31T02:21:38.422656+00:00
2025-12-13,21,25.85,45,18.1,36.19,2025-12-13T09:00:00+08:00,2025-12-13T21:00:00+08:00,OPERATING,8.22,0.4,23.1,1,1,0,,2026-08-31T02:21:38.422656+00:00
2025-12-14,9,29.49,43,20.65,41.29,2025-12-14T09:00:00+08:00,2025-12-14T21:00:00+08:00,OPERATING,3.44,0.0,16.76,1,1,0,,2026-08-31T02:21:38.422656+00:00
2025-12-14,10,42.9,46,30.03,60.06,2025-12-14T09:00:00+08:00,2025-12-14T21:00:00+08:00,OPERATING,4.76,0.0,16.7,1,1,0,,2026-08-31T02:21:38.422656+00:00
2025-12-14,11,55.91,46,39.14,78.27,2025-12-14T09:00:00+08:00,2025-12-14T21:00:00+08:00,OPERATING,5.38,0.0,17.81,1,1,0,,2026-08-31T02:21:38.422656+00:00
2025-12-14,12,58.03,44,40.62,81.24,2025-12-14T09:00:00+08:00,2025-12-14T21:00:00+08:00,OPERATING,5.37,0.0,17.08,1,1,0,,2026-08-31T02:21:38.422656+00:00
2025-12-14,13,67.43,45,47.2,94.4,2025-12-14T09:00:00+08:00,2025-12-14T21:00:00+08:00,OPERATING,3.11,0.0,16.12,1,1,0,,2026-08-31T02:21:38.422656+00:00
2025-12-14,14,65.75,43,46.03,92.05,2025-12-14T09:00:00+08:00,2025-12-14T21:00:00+08:00,OPERATING,4.28,0.0,17.09,1,1,0,,2026-08-31T02:21:38.422656+00:00
2025-12-14,15,70.24,47,49.17,98.34,2025-12-14T09:00:00+08:00,2025-12-14T21:00:00+08:00,OPERATING,3.56,0.0,17.91,1,1,0,,2026-08-31T02:21:38.422656+00:00
2025-12-14,16,66.61,45,46.63,93.26,2025-12-14T09:00:00+08:00,2025-12-14T21:00:00+08:00,OPERATING,4.78,0.0,17.08,1,1,0,,2026-08-31T02:21:38.422656+00:00
2025-12-14,17,61.78,43,43.24,86.49,2025-12-14T09:00:00+08:00,2025-12-14T21:00:00+08:00,OPERATING,4.45,0.0,17.09,1,1,0,,2026-08-31T02:21:38.422656+00:00
2025-12-14,18,52.07,45,36.45,72.89,2025-12-14T09:00:00+08:00,2025-12-14T21:00:00+08:00,OPERATING,3.47,0.0,16.19,1,1,0,,2026-08-31T02:21:38.422656+00:00
2025-12-14,19,47.73,43,33.41,66.82,2025-12-14T09:00:00+08:00,2025-12-14T21:00:00+08:00,OPERATING,4.98,0.0,17.87,1,1,0,,2026-08-31T02:21:38.422656+00:00
2025-12-14,20,41.93,47,29.35,58.7,2025-12-14T09:00:00+08:00,2025-12-14T21:00:00+08:00,OPERATING,4.79,0.0,18.5,1,1,0,,2026-08-31T02:21:38.422656+00:00
2025-12-14,21,30.06,45,21.04,42.09,2025-12-14T09:00:00+08:00,2025-12-14T21:00:00+08:00,OPERATING,3.69,0.0,18.56,1,1,0,,2026-08-31T02:21:38.422656+00:00
2025-12-15,9,17.82,43,12.47,24.95,2025-12-15T09:00:00+08:00,2025-12-15T21:00:00+08:00,OPERATING,4.04,0.0,13.02,0,0,0,,2026-08-31T02:21:38.422656+00:00
2025-12-15,10,26.25,47,18.38,36.76,2025-12-15T09:00:00+08:00,2025-12-15T21:00:00+08:00,OPERATING,6.0,0.0,15.97,0,0,0,,2026-08-31T02:21:38.422656+00:00
2025-12-15,11,34.12,45,23.89,47.77,2025-12-15T09:00:00+08:00,2025-12-15T21:00:00+08:00,OPERATING,5.49,0.0,14.6,0,0,0,,2026-08-31T02:21:38.422656+00:00
2025-12-15,12,36.82,44,25.77,51.55,2025-12-15T09:00:00+08:00,2025-12-15T21:00:00+08:00,OPERATING,4.84,0.0,14.08,0,0,0,,2026-08-31T02:21:38.422656+00:00
2025-12-15,13,40.06,47,28.04,56.08,2025-12-15T09:00:00+08:00,2025-12-15T21:00:00+08:00,OPERATING,5.39,0.0,15.48,0,0,0,,2026-08-31T02:21:38.422656+00:00
2025-12-15,14,46.0,45,32.2,64.41,2025-12-15T09:00:00+08:00,2025-12-15T21:00:00+08:00,OPERATING,6.45,0.0,14.04,0,0,0,,2026-08-31T02:21:38.422656+00:00
2025-12-15,15,44.74,45,31.32,62.63,2025-12-15T09:00:00+08:00,2025-12-15T21:00:00+08:00,OPERATING,4.29,0.0,13.7,0,0,0,,2026-08-31T02:21:38.422656+00:00
2025-12-15,16,38.26,45,26.78,53.56,2025-12-15T09:00:00+08:00,2025-12-15T21:00:00+08:00,OPERATING,7.16,0.0,13.59,0,0,0,,2026-08-31T02:21:38.422656+00:00
2025-12-15,17,37.38,46,26.17,52.33,2025-12-15T09:00:00+08:00,2025-12-15T21:00:00+08:00,OPERATING,5.12,0.0,13.24,0,0,0,,2026-08-31T02:21:38.422656+00:00
2025-12-15,18,35.37,45,24.76,49.52,2025-12-15T09:00:00+08:00,2025-12-15T21:00:00+08:00,OPERATING,6.2,0.0,14.2,0,0,0,,2026-08-31T02:21:38.422656+00:00
2025-12-15,19,30.69,46,21.48,42.97,2025-12-15T09:00:00+08:00,2025-12-15T21:00:00+08:00,OPERATING,5.34,0.0,14.59,0,0,0,,2026-08-31T02:21:38.422656+00:00
2025-12-15,20,24.79,46,17.35,34.71,2025-12-15T09:00:00+08:00,2025-12-15T21:00:00+08:00,OPERATING,6.37,0.0,13.38,0,0,0,,2026-08-31T02:21:38.422656+00:00
2025-12-15,21,19.36,47,13.56,27.11,2025-12-15T09:00:00+08:00,2025-12-15T21:00:00+08:00,OPERATING,5.38,0.0,13.35,0,0,0,,2026-08-31T02:21:38.422656+00:00
2025-12-16,9,24.14,44,16.9,33.79,2025-12-16T09:00:00+08:00,2025-12-16T21:00:00+08:00,OPERATING,9.98,0.0,10.87,0,0,0,,2026-08-31T02:21:38.422656+00:00
2025-12-16,10,30.21,45,21.15,42.3,2025-12-16T09:00:00+08:00,2025-12-16T21:00:00+08:00,OPERATING,10.87,0.0,10.86,0,0,0,,2026-08-31T02:21:38.422656+00:00
2025-12-16,11,36.11,44,25.28,50.55,2025-12-16T09:00:00+08:00,2025-12-16T21:00:00+08:00,OPERATING,10.68,0.0,10.75,0,0,0,,2026-08-31T02:21:38.422656+00:00
2025-12-16,12,45.23,45,31.66,63.32,2025-12-16T09:00:00+08:00,2025-12-16T21:00:00+08:00,OPERATING,10.35,0.0,11.21,0,0,0,,2026-08-31T02:21:38.422656+00:00
2025-12-16,13,44.09,46,30.86,61.73,2025-12-16T09:00:00+08:00,2025-12-16T21:00:00+08:00,OPERATING,12.04,0.0,11.28,0,0,0,,2026-08-31T02:21:38.422656+00:00
2025-12-16,14,43.43,44,30.4,60.8,2025-12-16T09:00:00+08:00,2025-12-16T21:00:00+08:00,OPERATING,10.53,0.0,10.5,0,0,0,,2026-08-31T02:21:38.422656+00:00
2025-12-16,15,46.44,45,32.51,65.02,2025-12-16T09:00:00+08:00,2025-12-16T21:00:00+08:00,OPERATING,10.37,0.0,11.93,0,0,0,,2026-08-31T02:21:38.422656+00:00
2025-12-16,16,45.08,43,31.56,63.11,2025-12-16T09:00:00+08:00,2025-12-16T21:00:00+08:00,OPERATING,10.32,0.0,11.7,0,0,0,,2026-08-31T02:21:38.422656+00:00
2025-12-16,17,38.8,43,27.16,54.32,2025-12-16T09:00:00+08:00,2025-12-16T21:00:00+08:00,OPERATING,11.24,0.0,8.9,0,0,0,,2026-08-31T02:21:38.422656+00:00
2025-12-16,18,35.99,47,25.19,50.39,2025-12-16T09:00:00+08:00,2025-12-16T21:00:00+08:00,OPERATING,9.75,0.0,11.15,0,0,0,,2026-08-31T02:21:38.422656+00:00
2025-12-16,19,32.29,44,22.6,45.2,2025-12-16T09:00:00+08:00,2025-12-16T21:00:00+08:00,OPERATING,11.58,0.0,10.78,0,0,0,,2026-08-31T02:21:38.422656+00:00
2025-12-16,20,27.62,46,19.33,38.66,2025-12-16T09:00:00+08:00,2025-12-16T21:00:00+08:00,OPERATING,10.78,0.0,11.7,0,0,0,,2026-08-31T02:21:38.422656+00:00
2025-12-16,21,19.69,44,13.78,27.57,2025-12-16T09:00:00+08:00,2025-12-16T21:00:00+08:00,OPERATING,11.23,0.0,8.2,0,0,0,,2026-08-31T02:21:38.422656+00:00
2025-12-17,9,20.46,46,14.32,28.64,2025-12-17T09:00:00+08:00,2025-12-17T21:00:00+08:00,OPERATING,9.8,0.0,15.45,0,0,0,,2026-08-31T02:21:38.422656+00:00
2025-12-17,10,30.95,45,21.67,43.34,2025-12-17T09:00:00+08:00,2025-12-17T21:00:00+08:00,OPERATING,9.09,0.0,17.24,0,0,0,,2026-08-31T02:21:38.422656+00:00
2025-12-17,11,41.87,47,29.31,58.62,2025-12-17T09:00:00+08:00,2025-12-17T21:00:00+08:00,OPERATING,8.35,0.0,16.9,0,0,0,,2026-08-31T02:21:38.422656+00:00
2025-12-17,12,47.47,46,33.23,66.46,2025-12-17T09:00:00+08:00,2025-12-17T21:00:00+08:00,OPERATING,10.94,0.0,15.87,0,0,0,,2026-08-31T02:21:38.422656+00:00
2025-12-17,13,46.41,47,32.49,64.98,2025-12-17T09:00:00+08:00,2025-12-17T21:00:00+08:00,OPERATING,9.72,0.0,16.94,0,0,0,,2026-08-31T02:21:38.422656+00:00
2025-12-17,14,49.0,44,34.3,68.6,2025-12-17T09:00:00+08:00,2025-12-17T21:00:00+08:00,OPERATING,9.52,0.0,12.75,0,0,0,,2026-08-31T02:21:38.422656+00:00
2025-12-17,15,52.79,44,36.95,73.91,2025-12-17T09:00:00+08:00,2025-12-17T21:00:00+08:00,OPERATING,10.28,0.0,15.97,0,0,0,,2026-08-31T02:21:38.422656+00:00
2025-12-17,16,49.07,44,34.35,68.7,2025-12-17T09:00:00+08:00,2025-12-17T21:00:00+08:00,OPERATING,9.23,0.0,16.9,0,0,0,,2026-08-31T02:21:38.422656+00:00
2025-12-17,17,43.81,43,30.66,61.33,2025-12-17T09:00:00+08:00,2025-12-17T21:00:00+08:00,OPERATING,9.49,0.0,17.36,0,0,0,,2026-08-31T02:21:38.422656+00:00
2025-12-17,18,38.61,45,27.03,54.05,2025-12-17T09:00:00+08:00,2025-12-17T21:00:00+08:00,OPERATING,10.54,0.0,15.76,0,0,0,,2026-08-31T02:21:38.422656+00:00
2025-12-17,19,33.31,45,23.32,46.64,2025-12-17T09:00:00+08:00,2025-12-17T21:00:00+08:00,OPERATING,10.07,0.0,15.78,0,0,0,,2026-08-31T02:21:38.422656+00:00
2025-12-17,20,24.9,46,17.43,34.86,2025-12-17T09:00:00+08:00,2025-12-17T21:00:00+08:00,OPERATING,12.14,0.0,15.29,0,0,0,,2026-08-31T02:21:38.422656+00:00
2025-12-17,21,24.74,47,17.32,34.64,2025-12-17T09:00:00+08:00,2025-12-17T21:00:00+08:00,OPERATING,11.57,0.0,15.26,0,0,0,,2026-08-31T02:21:38.422656+00:00
2025-12-18,9,23.73,45,16.61,33.22,2025-12-18T09:00:00+08:00,2025-12-18T21:00:00+08:00,OPERATING,10.26,0.0,11.78,0,0,0,,2026-08-31T02:21:38.422656+00:00
2025-12-18,10,30.84,45,21.58,43.17,2025-12-18T09:00:00+08:00,2025-12-18T21:00:00+08:00,OPERATING,9.75,0.0,11.99,0,0,0,,2026-08-31T02:21:38.422656+00:00
2025-12-18,11,36.84,45,25.79,51.57,2025-12-18T09:00:00+08:00,2025-12-18T21:00:00+08:00,OPERATING,9.36,0.0,12.53,0,0,0,,2026-08-31T02:21:38.422656+00:00
2025-12-18,12,40.69,44,28.48,56.97,2025-12-18T09:00:00+08:00,2025-12-18T21:00:00+08:00,OPERATING,9.62,0.0,13.78,0,0,0,,2026-08-31T02:21:38.422656+00:00
2025-12-18,13,41.71,46,29.2,58.39,2025-12-18T09:00:00+08:00,2025-12-18T21:00:00+08:00,OPERATING,10.67,0.0,13.45,0,0,0,,2026-08-31T02:21:38.422656+00:00
2025-12-18,14,42.9,47,30.03,60.06,2025-12-18T09:00:00+08:00,2025-12-18T21:00:00+08:00,OPERATING,9.99,0.0,10.98,0,0,0,,2026-08-31T02:21:38.422656+00:00
2025-12-18,15,46.93,44,32.85,65.7,2025-12-18T09:00:00+08:00,2025-12-18T21:00:00+08:00,OPERATING,9.32,0.0,12.95,0,0,0,,2026-08-31T02:21:38.422656+00:00
2025-12-18,16,43.92,45,30.74,61.48,2025-12-18T09:00:00+08:00,2025-12-18T21:00:00+08:00,OPERATING,9.89,0.0,13.24,0,0,0,,2026-08-31T02:21:38.422656+00:00
2025-12-18,17,39.38,43,27.56,55.13,2025-12-18T09:00:00+08:00,2025-12-18T21:00:00+08:00,OPERATING,9.15,0.0,13.92,0,0,0,,2026-08-31T02:21:38.422656+00:00
2025-12-18,18,34.7,43,24.29,48.58,2025-12-18T09:00:00+08:00,2025-12-18T21:00:00+08:00,OPERATING,10.61,0.0,13.69,0,0,0,,2026-08-31T02:21:38.422656+00:00
2025-12-18,19,32.61,43,22.83,45.65,2025-12-18T09:00:00+08:00,2025-12-18T21:00:00+08:00,OPERATING,10.14,0.0,11.64,0,0,0,,2026-08-31T02:21:38.422656+00:00
2025-12-18,20,29.78,46,20.85,41.69,2025-12-18T09:00:00+08:00,2025-12-18T21:00:00+08:00,OPERATING,8.41,0.0,11.07,0,0,0,,2026-08-31T02:21:38.422656+00:00
2025-12-18,21,23.56,44,16.49,32.98,2025-12-18T09:00:00+08:00,2025-12-18T21:00:00+08:00,OPERATING,10.37,0.0,12.02,0,0,0,,2026-08-31T02:21:38.422656+00:00
2025-12-19,9,30.89,44,21.62,43.24,2025-12-19T09:00:00+08:00,2025-12-19T21:00:00+08:00,OPERATING,15.58,0.0,12.83,0,0,0,,2026-08-31T02:21:38.422656+00:00
2025-12-19,10,41.05,44,28.74,57.47,2025-12-19T09:00:00+08:00,2025-12-19T21:00:00+08:00,OPERATING,16.23,0.0,13.82,0,0,0,,2026-08-31T02:21:38.422656+00:00
2025-12-19,11,47.71,46,33.4,66.8,2025-12-19T09:00:00+08:00,2025-12-19T21:00:00+08:00,OPERATING,14.75,0.0,15.83,0,0,0,,2026-08-31T02:21:38.422656+00:00
2025-12-19,12,53.74,45,37.62,75.24,2025-12-19T09:00:00+08:00,2025-12-19T21:00:00+08:00,OPERATING,15.36,0.0,14.47,0,0,0,,2026-08-31T02:21:38.422656+00:00
2025-12-19,13,58.25,47,40.77,81.55,2025-12-19T09:00:00+08:00,2025-12-19T21:00:00+08:00,OPERATING,15.45,0.0,14.92,0,0,0,,2026-08-31T02:21:38.422656+00:00
2025-12-19,14,58.49,46,40.95,81.89,2025-12-19T09:00:00+08:00,2025-12-19T21:00:00+08:00,OPERATING,15.77,0.0,13.37,0,0,0,,2026-08-31T02:21:38.422656+00:00
2025-12-19,15,59.97,46,41.98,83.96,2025-12-19T09:00:00+08:00,2025-12-19T21:00:00+08:00,OPERATING,13.21,0.0,15.34,0,0,0,,2026-08-31T02:21:38.422656+00:00
2025-12-19,16,61.42,44,42.99,85.98,2025-12-19T09:00:00+08:00,2025-12-19T21:00:00+08:00,OPERATING,16.36,0.0,13.9,0,0,0,,2026-08-31T02:21:38.422656+00:00
2025-12-19,17,54.46,47,38.12,76.25,2025-12-19T09:00:00+08:00,2025-12-19T21:00:00+08:00,OPERATING,15.16,0.0,13.77,0,0,0,,2026-08-31T02:21:38.422656+00:00
2025-12-19,18,48.15,43,33.71,67.41,2025-12-19T09:00:00+08:00,2025-12-19T21:00:00+08:00,OPERATING,14.64,0.0,13.61,0,0,0,,2026-08-31T02:21:38.422656+00:00
2025-12-19,19,42.43,46,29.7,59.4,2025-12-19T09:00:00+08:00,2025-12-19T21:00:00+08:00,OPERATING,13.31,0.0,15.65,0,0,0,,2026-08-31T02:21:38.422656+00:00
2025-12-19,20,34.71,45,24.3,48.6,2025-12-19T09:00:00+08:00,2025-12-19T21:00:00+08:00,OPERATING,14.84,0.0,14.27,0,0,0,,2026-08-31T02:21:38.422656+00:00
2025-12-19,21,30.17,45,21.12,42.24,2025-12-19T09:00:00+08:00,2025-12-19T21:00:00+08:00,OPERATING,15.44,0.0,14.3,0,0,0,,2026-08-31T02:21:38.422656+00:00
2025-12-20,9,40.33,45,28.23,56.46,2025-12-20T09:00:00+08:00,2025-12-20T21:00:00+08:00,OPERATING,15.55,0.3,22.5,1,1,0,,2026-08-31T02:21:38.422656+00:00
2025-12-20,10,51.95,46,36.37,72.74,2025-12-20T09:00:00+08:00,2025-12-20T21:00:00+08:00,OPERATING,12.74,0.3,21.73,1,1,0,,2026-08-31T02:21:38.422656+00:00
2025-12-20,11,63.39,47,44.37,88.74,2025-12-20T09:00:00+08:00,2025-12-20T21:00:00+08:00,OPERATING,12.49,0.3,22.49,1,1,0,,2026-08-31T02:21:38.422656+00:00
2025-12-20,12,73.98,44,51.78,103.57,2025-12-20T09:00:00+08:00,2025-12-20T21:00:00+08:00,OPERATING,13.08,0.3,22.69,1,1,0,,2026-08-31T02:21:38.422656+00:00
2025-12-20,13,71.78,47,50.25,100.49,2025-12-20T09:00:00+08:00,2025-12-20T21:00:00+08:00,OPERATING,12.91,0.3,21.64,1,1,0,,2026-08-31T02:21:38.422656+00:00
2025-12-20,14,76.4,47,53.48,106.96,2025-12-20T09:00:00+08:00,2025-12-20T21:00:00+08:00,OPERATING,14.3,0.3,22.36,1,1,0,,2026-08-31T02:21:38.422656+00:00
2025-12-20,15,80.15,43,56.1,112.21,2025-12-20T09:00:00+08:00,2025-12-20T21:00:00+08:00,OPERATING,15.18,0.3,23.35,1,1,0,,2026-08-31T02:21:38.422656+00:00
2025-12-20,16,77.16,44,54.01,108.03,2025-12-20T09:00:00+08:00,2025-12-20T21:00:00+08:00,OPERATING,14.62,0.3,21.82,1,1,0,,2026-08-31T02:21:38.422656+00:00
2025-12-20,17,71.12,47,49.79,99.57,2025-12-20T09:00:00+08:00,2025-12-20T21:00:00+08:00,OPERATING,14.81,0.3,22.93,1,1,0,,2026-08-31T02:21:38.422656+00:00
2025-12-20,18,64.87,44,45.41,90.82,2025-12-20T09:00:00+08:00,2025-12-20T21:00:00+08:00,OPERATING,13.04,0.3,22.85,1,1,0,,2026-08-31T02:21:38.422656+00:00
2025-12-20,19,62.08,46,43.45,86.91,2025-12-20T09:00:00+08:00,2025-12-20T21:00:00+08:00,OPERATING,14.31,0.3,21.65,1,1,0,,2026-08-31T02:21:38.422656+00:00
2025-12-20,20,50.17,43,35.12,70.24,2025-12-20T09:00:00+08:00,2025-12-20T21:00:00+08:00,OPERATING,13.82,0.3,21.0,1,1,0,,2026-08-31T02:21:38.422656+00:00
2025-12-20,21,37.7,45,26.39,52.78,2025-12-20T09:00:00+08:00,2025-12-20T21:00:00+08:00,OPERATING,14.44,0.3,21.44,1,1,0,,2026-08-31T02:21:38.422656+00:00
2025-12-21,9,35.63,45,24.94,49.89,2025-12-21T09:00:00+08:00,2025-12-21T21:00:00+08:00,OPERATING,8.31,1.4,22.92,1,1,0,,2026-08-31T02:21:38.422656+00:00
2025-12-21,10,48.64,44,34.05,68.1,2025-12-21T09:00:00+08:00,2025-12-21T21:00:00+08:00,OPERATING,9.31,1.4,20.61,1,1,0,,2026-08-31T02:21:38.422656+00:00
2025-12-21,11,62.49,46,43.74,87.48,2025-12-21T09:00:00+08:00,2025-12-21T21:00:00+08:00,OPERATING,8.5,1.4,22.81,1,1,0,,2026-08-31T02:21:38.422656+00:00
2025-12-21,12,70.1,44,49.07,98.14,2025-12-21T09:00:00+08:00,2025-12-21T21:00:00+08:00,OPERATING,8.53,1.4,21.91,1,1,0,,2026-08-31T02:21:38.422656+00:00
2025-12-21,13,75.46,44,52.82,105.65,2025-12-21T09:00:00+08:00,2025-12-21T21:00:00+08:00,OPERATING,7.49,1.4,23.09,1,1,0,,2026-08-31T02:21:38.422656+00:00
2025-12-21,14,77.33,43,54.13,108.26,2025-12-21T09:00:00+08:00,2025-12-21T21:00:00+08:00,OPERATING,8.08,1.4,22.24,1,1,0,,2026-08-31T02:21:38.422656+00:00
2025-12-21,15,79.38,46,55.57,111.13,2025-12-21T09:00:00+08:00,2025-12-21T21:00:00+08:00,OPERATING,9.8,1.4,22.65,1,1,0,,2026-08-31T02:21:38.422656+00:00
2025-12-21,16,72.91,47,51.04,102.07,2025-12-21T09:00:00+08:00,2025-12-21T21:00:00+08:00,OPERATING,7.22,1.4,21.89,1,1,0,,2026-08-31T02:21:38.422656+00:00
2025-12-21,17,71.68,43,50.18,100.35,2025-12-21T09:00:00+08:00,2025-12-21T21:00:00+08:00,OPERATING,8.69,1.4,22.46,1,1,0,,2026-08-31T02:21:38.422656+00:00
2025-12-21,18,63.19,43,44.24,88.47,2025-12-21T09:00:00+08:00,2025-12-21T21:00:00+08:00,OPERATING,9.3,1.4,19.26,1,1,0,,2026-08-31T02:21:38.422656+00:00
2025-12-21,19,58.46,45,40.92,81.85,2025-12-21T09:00:00+08:00,2025-12-21T21:00:00+08:00,OPERATING,7.51,1.4,20.87,1,1,0,,2026-08-31T02:21:38.422656+00:00
2025-12-21,20,44.0,44,30.8,61.6,2025-12-21T09:00:00+08:00,2025-12-21T21:00:00+08:00,OPERATING,9.14,1.4,23.79,1,1,0,,2026-08-31T02:21:38.422656+00:00
2025-12-21,21,37.67,46,26.37,52.73,2025-12-21T09:00:00+08:00,2025-12-21T21:00:00+08:00,OPERATING,8.66,1.4,21.88,1,1,0,,2026-08-31T02:21:38.422656+00:00
2025-12-22,9,24.12,43,16.88,33.76,2025-12-22T09:00:00+08:00,2025-12-22T21:00:00+08:00,OPERATING,10.79,0.0,14.26,0,0,0,,2026-08-31T02:21:38.422656+00:00
2025-12-22,10,30.49,43,21.35,42.69,2025-12-22T09:00:00+08:00,2025-12-22T21:00:00+08:00,OPERATING,10.11,0.0,13.38,0,0,0,,2026-08-31T02:21:38.422656+00:00
2025-12-22,11,44.81,45,31.37,62.73,2025-12-22T09:00:00+08:00,2025-12-22T21:00:00+08:00,OPERATING,9.06,0.0,13.79,0,0,0,,2026-08-31T02:21:38.422656+00:00
2025-12-22,12,48.58,47,34.01,68.01,2025-12-22T09:00:00+08:00,2025-12-22T21:00:00+08:00,OPERATING,8.29,0.0,12.9,0,0,0,,2026-08-31T02:21:38.422656+00:00
2025-12-22,13,51.87,45,36.31,72.61,2025-12-22T09:00:00+08:00,2025-12-22T21:00:00+08:00,OPERATING,9.86,0.0,13.48,0,0,0,,2026-08-31T02:21:38.422656+00:00
2025-12-22,14,56.15,47,39.3,78.61,2025-12-22T09:00:00+08:00,2025-12-22T21:00:00+08:00,OPERATING,9.47,0.0,14.68,0,0,0,,2026-08-31T02:21:38.422656+00:00
2025-12-22,15,52.69,46,36.88,73.76,2025-12-22T09:00:00+08:00,2025-12-22T21:00:00+08:00,OPERATING,8.49,0.0,13.36,0,0,0,,2026-08-31T02:21:38.422656+00:00
2025-12-22,16,52.39,43,36.67,73.34,2025-12-22T09:00:00+08:00,2025-12-22T21:00:00+08:00,OPERATING,9.16,0.0,13.51,0,0,0,,2026-08-31T02:21:38.422656+00:00
2025-12-22,17,49.21,47,34.45,68.9,2025-12-22T09:00:00+08:00,2025-12-22T21:00:00+08:00,OPERATING,8.68,0.0,11.14,0,0,0,,2026-08-31T02:21:38.422656+00:00
2025-12-22,18,40.19,46,28.13,56.26,2025-12-22T09:00:00+08:00,2025-12-22T21:00:00+08:00,OPERATING,9.2,0.0,13.21,0,0,0,,2026-08-31T02:21:38.422656+00:00
2025-12-22,19,39.83,45,27.88,55.77,2025-12-22T09:00:00+08:00,2025-12-22T21:00:00+08:00,OPERATING,8.47,0.0,14.98,0,0,0,,2026-08-31T02:21:38.422656+00:00
2025-12-22,20,34.02,47,23.81,47.62,2025-12-22T09:00:00+08:00,2025-12-22T21:00:00+08:00,OPERATING,8.5,0.0,11.96,0,0,0,,2026-08-31T02:21:38.422656+00:00
2025-12-22,21,20.89,47,14.62,29.25,2025-12-22T09:00:00+08:00,2025-12-22T21:00:00+08:00,OPERATING,9.94,0.0,12.75,0,0,0,,2026-08-31T02:21:38.422656+00:00
2025-12-23,9,27.86,44,19.5,39.01,2025-12-23T09:00:00+08:00,2025-12-23T21:00:00+08:00,OPERATING,14.31,0.1,15.25,0,0,0,,2026-08-31T02:21:38.422656+00:00
2025-12-23,10,33.19,44,23.23,46.47,2025-12-23T09:00:00+08:00,2025-12-23T21:00:00+08:00,OPERATING,13.21,0.1,15.38,0,0,0,,2026-08-31T02:21:38.422656+00:00
2025-12-23,11,44.72,44,31.31,62.61,2025-12-23T09:00:00+08:00,2025-12-23T21:00:00+08:00,OPERATING,14.69,0.1,13.96,0,0,0,,2026-08-31T02:21:38.422656+00:00
2025-12-23,12,46.96,43,32.87,65.74,2025-12-23T09:00:00+08:00,2025-12-23T21:00:00+08:00,OPERATING,12.4,0.1,14.3,0,0,0,,2026-08-31T02:21:38.422656+00:00
2025-12-23,13,50.68,47,35.48,70.96,2025-12-23T09:00:00+08:00,2025-12-23T21:00:00+08:00,OPERATING,13.72,0.1,15.19,0,0,0,,2026-08-31T02:21:38.422656+00:00
2025-12-23,14,53.93,47,37.75,75.5,2025-12-23T09:00:00+08:00,2025-12-23T21:00:00+08:00,OPERATING,13.48,0.1,13.71,0,0,0,,2026-08-31T02:21:38.422656+00:00
2025-12-23,15,53.81,47,37.67,75.34,2025-12-23T09:00:00+08:00,2025-12-23T21:00:00+08:00,OPERATING,13.66,0.1,14.21,0,0,0,,2026-08-31T02:21:38.422656+00:00
2025-12-23,16,53.91,43,37.74,75.47,2025-12-23T09:00:00+08:00,2025-12-23T21:00:00+08:00,OPERATING,14.05,0.1,15.67,0,0,0,,2026-08-31T02:21:38.422656+00:00
2025-12-23,17,48.57,47,34.0,68.0,2025-12-23T09:00:00+08:00,2025-12-23T21:00:00+08:00,OPERATING,12.56,0.1,12.8,0,0,0,,2026-08-31T02:21:38.422656+00:00
2025-12-23,18,41.9,44,29.33,58.65,2025-12-23T09:00:00+08:00,2025-12-23T21:00:00+08:00,OPERATING,12.61,0.1,14.57,0,0,0,,2026-08-31T02:21:38.422656+00:00
2025-12-23,19,42.66,44,29.86,59.73,2025-12-23T09:00:00+08:00,2025-12-23T21:00:00+08:00,OPERATING,13.43,0.1,13.65,0,0,0,,2026-08-31T02:21:38.422656+00:00
2025-12-23,20,35.58,45,24.91,49.82,2025-12-23T09:00:00+08:00,2025-12-23T21:00:00+08:00,OPERATING,12.47,0.1,14.68,0,0,0,,2026-08-31T02:21:38.422656+00:00
2025-12-23,21,24.89,44,17.42,34.84,2025-12-23T09:00:00+08:00,2025-12-23T21:00:00+08:00,OPERATING,12.83,0.1,15.37,0,0,0,,2026-08-31T02:21:38.422656+00:00
2025-12-24,9,22.84,47,15.99,31.98,2025-12-24T09:00:00+08:00,2025-12-24T21:00:00+08:00,OPERATING,9.81,4.3,16.34,0,0,0,,2026-08-31T02:21:38.422656+00:00
2025-12-24,10,28.18,47,19.72,39.45,2025-12-24T09:00:00+08:00,2025-12-24T21:00:00+08:00,OPERATING,10.36,4.3,14.51,0,0,0,,2026-08-31T02:21:38.422656+00:00
2025-12-24,11,39.74,45,27.82,55.63,2025-12-24T09:00:00+08:00,2025-12-24T21:00:00+08:00,OPERATING,9.6,4.3,15.48,0,0,0,,2026-08-31T02:21:38.422656+00:00
2025-12-24,12,45.03,43,31.52,63.05,2025-12-24T09:00:00+08:00,2025-12-24T21:00:00+08:00,OPERATING,7.96,4.3,14.88,0,0,0,,2026-08-31T02:21:38.422656+00:00
2025-12-24,13,46.05,43,32.23,64.46,2025-12-24T09:00:00+08:00,2025-12-24T21:00:00+08:00,OPERATING,8.09,4.3,13.83,0,0,0,,2026-08-31T02:21:38.422656+00:00
2025-12-24,14,46.04,43,32.23,64.46,2025-12-24T09:00:00+08:00,2025-12-24T21:00:00+08:00,OPERATING,8.93,4.3,14.73,0,0,0,,2026-08-31T02:21:38.422656+00:00
2025-12-24,15,45.07,45,31.55,63.09,2025-12-24T09:00:00+08:00,2025-12-24T21:00:00+08:00,OPERATING,9.72,4.3,13.75,0,0,0,,2026-08-31T02:21:38.422656+00:00
2025-12-24,16,45.99,47,32.19,64.39,2025-12-24T09:00:00+08:00,2025-12-24T21:00:00+08:00,OPERATING,8.69,4.3,13.05,0,0,0,,2026-08-31T02:21:38.422656+00:00
2025-12-24,17,42.71,47,29.9,59.8,2025-12-24T09:00:00+08:00,2025-12-24T21:00:00+08:00,OPERATING,8.34,4.3,13.52,0,0,0,,2026-08-31T02:21:38.422656+00:00
2025-12-24,18,37.7,46,26.39,52.77,2025-12-24T09:00:00+08:00,2025-12-24T21:00:00+08:00,OPERATING,8.1,4.3,14.51,0,0,0,,2026-08-31T02:21:38.422656+00:00
2025-12-24,19,34.77,46,24.34,48.68,2025-12-24T09:00:00+08:00,2025-12-24T21:00:00+08:00,OPERATING,7.79,4.3,15.08,0,0,0,,2026-08-31T02:21:38.422656+00:00
2025-12-24,20,25.06,47,17.54,35.09,2025-12-24T09:00:00+08:00,2025-12-24T21:00:00+08:00,OPERATING,7.66,4.3,14.5,0,0,0,,2026-08-31T02:21:38.422656+00:00
2025-12-24,21,20.79,45,14.55,29.1,2025-12-24T09:00:00+08:00,2025-12-24T21:00:00+08:00,OPERATING,8.65,4.3,15.14,0,0,0,,2026-08-31T02:21:38.422656+00:00
2025-12-25,9,18.75,46,13.13,26.25,2025-12-25T09:00:00+08:00,2025-12-25T21:00:00+08:00,OPERATING,6.58,0.0,20.89,0,0,0,,2026-08-31T02:21:38.422656+00:00
2025-12-25,10,26.57,43,18.6,37.2,2025-12-25T09:00:00+08:00,2025-12-25T21:00:00+08:00,OPERATING,6.88,0.0,21.37,0,0,0,,2026-08-31T02:21:38.422656+00:00
2025-12-25,11,34.19,43,23.94,47.87,2025-12-25T09:00:00+08:00,2025-12-25T21:00:00+08:00,OPERATING,6.42,0.0,22.36,0,0,0,,2026-08-31T02:21:38.422656+00:00
2025-12-25,12,41.65,47,29.16,58.31,2025-12-25T09:00:00+08:00,2025-12-25T21:00:00+08:00,OPERATING,6.07,0.0,24.03,0,0,0,,2026-08-31T02:21:38.422656+00:00
2025-12-25,13,40.4,47,28.28,56.56,2025-12-25T09:00:00+08:00,2025-12-25T21:00:00+08:00,OPERATING,6.15,0.0,23.87,0,0,0,,2026-08-31T02:21:38.422656+00:00
2025-12-25,14,42.4,43,29.68,59.35,2025-12-25T09:00:00+08:00,2025-12-25T21:00:00+08:00,OPERATING,6.61,0.0,21.66,0,0,0,,2026-08-31T02:21:38.422656+00:00
2025-12-25,15,43.3,47,30.31,60.61,2025-12-25T09:00:00+08:00,2025-12-25T21:00:00+08:00,OPERATING,7.91,0.0,21.96,0,0,0,,2026-08-31T02:21:38.422656+00:00
2025-12-25,16,43.7,46,30.59,61.18,2025-12-25T09:00:00+08:00,2025-12-25T21:00:00+08:00,OPERATING,4.62,0.0,19.98,0,0,0,,2026-08-31T02:21:38.422656+00:00
2025-12-25,17,38.38,43,26.87,53.73,2025-12-25T09:00:00+08:00,2025-12-25T21:00:00+08:00,OPERATING,6.48,0.0,24.39,0,0,0,,2026-08-31T02:21:38.422656+00:00
2025-12-25,18,32.81,46,22.97,45.94,2025-12-25T09:00:00+08:00,2025-12-25T21:00:00+08:00,OPERATING,6.58,0.0,21.49,0,0,0,,2026-08-31T02:21:38.422656+00:00
2025-12-25,19,31.24,43,21.87,43.74,2025-12-25T09:00:00+08:00,2025-12-25T21:00:00+08:00,OPERATING,5.88,0.0,21.57,0,0,0,,2026-08-31T02:21:38.422656+00:00
2025-12-25,20,27.58,46,19.3,38.61,2025-12-25T09:00:00+08:00,2025-12-25T21:00:00+08:00,OPERATING,6.12,0.0,22.32,0,0,0,,2026-08-31T02:21:38.422656+00:00
2025-12-25,21,16.75,45,11.72,23.45,2025-12-25T09:00:00+08:00,2025-12-25T21:00:00+08:00,OPERATING,6.19,0.0,23.32,0,0,0,,2026-08-31T02:21:38.422656+00:00
2025-12-26,9,25.21,46,17.64,35.29,2025-12-26T09:00:00+08:00,2025-12-26T21:00:00+08:00,OPERATING,6.07,0.0,14.12,0,0,0,,2026-08-31T02:21:38.422656+00:00
2025-12-26,10,34.65,46,24.25,48.51,2025-12-26T09:00:00+08:00,2025-12-26T21:00:00+08:00,OPERATING,4.32,0.0,14.45,0,0,0,,2026-08-31T02:21:38.422656+00:00
2025-12-26,11,39.62,45,27.73,55.47,2025-12-26T09:00:00+08:00,2025-12-26T21:00:00+08:00,OPERATING,4.16,0.0,15.83,0,0,0,,2026-08-31T02:21:38.422656+00:00
2025-12-26,12,48.13,47,33.69,67.38,2025-12-26T09:00:00+08:00,2025-12-26T21:00:00+08:00,OPERATING,4.23,0.0,15.12,0,0,0,,2026-08-31T02:21:38.422656+00:00
2025-12-26,13,48.56,46,33.99,67.98,2025-12-26T09:00:00+08:00,2025-12-26T21:00:00+08:00,OPERATING,4.46,0.0,14.6,0,0,0,,2026-08-31T02:21:38.422656+00:00
2025-12-26,14,49.3,43,34.51,69.03,2025-12-26T09:00:00+08:00,2025-12-26T21:00:00+08:00,OPERATING,4.05,0.0,15.72,0,0,0,,2026-08-31T02:21:38.422656+00:00
2025-12-26,15,54.32,45,38.03,76.05,2025-12-26T09:00:00+08:00,2025-12-26T21:00:00+08:00,OPERATING,4.12,0.0,14.33,0,0,0,,2026-08-31T02:21:38.422656+00:00
2025-12-26,16,54.25,46,37.97,75.95,2025-12-26T09:00:00+08:00,2025-12-26T21:00:00+08:00,OPERATING,3.47,0.0,14.69,0,0,0,,2026-08-31T02:21:38.422656+00:00
2025-12-26,17,48.43,43,33.9,67.81,2025-12-26T09:00:00+08:00,2025-12-26T21:00:00+08:00,OPERATING,4.1,0.0,14.94,0,0,0,,2026-08-31T02:21:38.422656+00:00
2025-12-26,18,44.84,47,31.39,62.77,2025-12-26T09:00:00+08:00,2025-12-26T21:00:00+08:00,OPERATING,3.16,0.0,14.4,0,0,0,,2026-08-31T02:21:38.422656+00:00
2025-12-26,19,40.67,44,28.47,56.94,2025-12-26T09:00:00+08:00,2025-12-26T21:00:00+08:00,OPERATING,4.42,0.0,14.26,0,0,0,,2026-08-31T02:21:38.422656+00:00
2025-12-26,20,31.9,47,22.33,44.66,2025-12-26T09:00:00+08:00,2025-12-26T21:00:00+08:00,OPERATING,4.59,0.0,14.95,0,0,0,,2026-08-31T02:21:38.422656+00:00
2025-12-26,21,22.99,47,16.09,32.19,2025-12-26T09:00:00+08:00,2025-12-26T21:00:00+08:00,OPERATING,4.34,0.0,14.64,0,0,0,,2026-08-31T02:21:38.422656+00:00
2025-12-27,9,34.81,46,24.37,48.74,2025-12-27T09:00:00+08:00,2025-12-27T21:00:00+08:00,OPERATING,5.45,0.0,8.68,1,1,0,,2026-08-31T02:21:38.422656+00:00
2025-12-27,10,40.17,47,28.12,56.24,2025-12-27T09:00:00+08:00,2025-12-27T21:00:00+08:00,OPERATING,5.52,0.0,7.88,1,1,0,,2026-08-31T02:21:38.422656+00:00
2025-12-27,11,55.63,47,38.94,77.89,2025-12-27T09:00:00+08:00,2025-12-27T21:00:00+08:00,OPERATING,6.71,0.0,7.66,1,1,0,,2026-08-31T02:21:38.422656+00:00
2025-12-27,12,60.43,45,42.3,84.61,2025-12-27T09:00:00+08:00,2025-12-27T21:00:00+08:00,OPERATING,5.0,0.0,7.44,1,1,0,,2026-08-31T02:21:38.422656+00:00
2025-12-27,13,64.22,46,44.95,89.9,2025-12-27T09:00:00+08:00,2025-12-27T21:00:00+08:00,OPERATING,6.59,0.0,10.03,1,1,0,,2026-08-31T02:21:38.422656+00:00
2025-12-27,14,59.79,45,41.85,83.71,2025-12-27T09:00:00+08:00,2025-12-27T21:00:00+08:00,OPERATING,7.11,0.0,9.64,1,1,0,,2026-08-31T02:21:38.422656+00:00
2025-12-27,15,69.89,45,48.92,97.84,2025-12-27T09:00:00+08:00,2025-12-27T21:00:00+08:00,OPERATING,6.81,0.0,8.95,1,1,0,,2026-08-31T02:21:38.422656+00:00
2025-12-27,16,67.25,45,47.08,94.16,2025-12-27T09:00:00+08:00,2025-12-27T21:00:00+08:00,OPERATING,5.07,0.0,7.82,1,1,0,,2026-08-31T02:21:38.422656+00:00
2025-12-27,17,59.94,45,41.96,83.92,2025-12-27T09:00:00+08:00,2025-12-27T21:00:00+08:00,OPERATING,5.8,0.0,8.24,1,1,0,,2026-08-31T02:21:38.422656+00:00
2025-12-27,18,52.03,44,36.42,72.85,2025-12-27T09:00:00+08:00,2025-12-27T21:00:00+08:00,OPERATING,5.86,0.0,6.8,1,1,0,,2026-08-31T02:21:38.422656+00:00
2025-12-27,19,50.85,47,35.59,71.19,2025-12-27T09:00:00+08:00,2025-12-27T21:00:00+08:00,OPERATING,5.82,0.0,4.76,1,1,0,,2026-08-31T02:21:38.422656+00:00
2025-12-27,20,40.25,43,28.18,56.35,2025-12-27T09:00:00+08:00,2025-12-27T21:00:00+08:00,OPERATING,6.94,0.0,7.58,1,1,0,,2026-08-31T02:21:38.422656+00:00
2025-12-27,21,31.03,43,21.72,43.44,2025-12-27T09:00:00+08:00,2025-12-27T21:00:00+08:00,OPERATING,6.25,0.0,6.4,1,1,0,,2026-08-31T02:21:38.422656+00:00
2025-12-28,9,31.05,46,21.74,43.48,2025-12-28T09:00:00+08:00,2025-12-28T21:00:00+08:00,OPERATING,6.15,0.0,9.91,1,1,0,,2026-08-31T02:21:38.422656+00:00
2025-12-28,10,45.15,45,31.61,63.21,2025-12-28T09:00:00+08:00,2025-12-28T21:00:00+08:00,OPERATING,6.77,0.0,6.94,1,1,0,,2026-08-31T02:21:38.422656+00:00
2025-12-28,11,57.18,43,40.02,80.05,2025-12-28T09:00:00+08:00,2025-12-28T21:00:00+08:00,OPERATING,5.57,0.0,7.57,1,1,0,,2026-08-31T02:21:38.422656+00:00
2025-12-28,12,65.23,46,45.66,91.32,2025-12-28T09:00:00+08:00,2025-12-28T21:00:00+08:00,OPERATING,6.23,0.0,7.97,1,1,0,,2026-08-31T02:21:38.422656+00:00
2025-12-28,13,72.0,45,50.4,100.8,2025-12-28T09:00:00+08:00,2025-12-28T21:00:00+08:00,OPERATING,7.95,0.0,7.8,1,1,0,,2026-08-31T02:21:38.422656+00:00
2025-12-28,14,72.25,44,50.57,101.15,2025-12-28T09:00:00+08:00,2025-12-28T21:00:00+08:00,OPERATING,6.36,0.0,8.49,1,1,0,,2026-08-31T02:21:38.422656+00:00
2025-12-28,15,71.96,45,50.38,100.75,2025-12-28T09:00:00+08:00,2025-12-28T21:00:00+08:00,OPERATING,7.33,0.0,7.13,1,1,0,,2026-08-31T02:21:38.422656+00:00
2025-12-28,16,71.0,46,49.7,99.4,2025-12-28T09:00:00+08:00,2025-12-28T21:00:00+08:00,OPERATING,7.12,0.0,10.01,1,1,0,,2026-08-31T02:21:38.422656+00:00
2025-12-28,17,68.0,45,47.6,95.21,2025-12-28T09:00:00+08:00,2025-12-28T21:00:00+08:00,OPERATING,6.79,0.0,7.49,1,1,0,,2026-08-31T02:21:38.422656+00:00
2025-12-28,18,63.46,44,44.43,88.85,2025-12-28T09:00:00+08:00,2025-12-28T21:00:00+08:00,OPERATING,5.55,0.0,8.11,1,1,0,,2026-08-31T02:21:38.422656+00:00
2025-12-28,19,54.09,47,37.86,75.73,2025-12-28T09:00:00+08:00,2025-12-28T21:00:00+08:00,OPERATING,6.35,0.0,9.27,1,1,0,,2026-08-31T02:21:38.422656+00:00
2025-12-28,20,49.52,45,34.66,69.33,2025-12-28T09:00:00+08:00,2025-12-28T21:00:00+08:00,OPERATING,7.32,0.0,9.04,1,1,0,,2026-08-31T02:21:38.422656+00:00
2025-12-28,21,32.02,47,22.42,44.83,2025-12-28T09:00:00+08:00,2025-12-28T21:00:00+08:00,OPERATING,6.45,0.0,7.54,1,1,0,,2026-08-31T02:21:38.422656+00:00
2025-12-29,9,23.31,43,16.32,32.64,2025-12-29T09:00:00+08:00,2025-12-29T21:00:00+08:00,OPERATING,9.39,0.0,10.21,0,0,0,,2026-08-31T02:21:38.422656+00:00
2025-12-29,10,32.72,45,22.9,45.81,2025-12-29T09:00:00+08:00,2025-12-29T21:00:00+08:00,OPERATING,11.21,0.0,10.26,0,0,0,,2026-08-31T02:21:38.422656+00:00
2025-12-29,11,44.2,46,30.94,61.88,2025-12-29T09:00:00+08:00,2025-12-29T21:00:00+08:00,OPERATING,10.18,0.0,9.44,0,0,0,,2026-08-31T02:21:38.422656+00:00
2025-12-29,12,44.65,46,31.25,62.5,2025-12-29T09:00:00+08:00,2025-12-29T21:00:00+08:00,OPERATING,10.43,0.0,9.76,0,0,0,,2026-08-31T02:21:38.422656+00:00
2025-12-29,13,49.42,44,34.59,69.19,2025-12-29T09:00:00+08:00,2025-12-29T21:00:00+08:00,OPERATING,9.48,0.0,8.8,0,0,0,,2026-08-31T02:21:38.422656+00:00
2025-12-29,14,52.74,45,36.92,73.84,2025-12-29T09:00:00+08:00,2025-12-29T21:00:00+08:00,OPERATING,8.77,0.0,10.6,0,0,0,,2026-08-31T02:21:38.422656+00:00
2025-12-29,15,55.28,43,38.7,77.39,2025-12-29T09:00:00+08:00,2025-12-29T21:00:00+08:00,OPERATING,10.77,0.0,10.44,0,0,0,,2026-08-31T02:21:38.422656+00:00
2025-12-29,16,53.2,43,37.24,74.49,2025-12-29T09:00:00+08:00,2025-12-29T21:00:00+08:00,OPERATING,8.12,0.0,9.88,0,0,0,,2026-08-31T02:21:38.422656+00:00
2025-12-29,17,47.81,45,33.47,66.94,2025-12-29T09:00:00+08:00,2025-12-29T21:00:00+08:00,OPERATING,9.64,0.0,11.35,0,0,0,,2026-08-31T02:21:38.422656+00:00
2025-12-29,18,40.14,46,28.1,56.19,2025-12-29T09:00:00+08:00,2025-12-29T21:00:00+08:00,OPERATING,10.23,0.0,9.35,0,0,0,,2026-08-31T02:21:38.422656+00:00
2025-12-29,19,37.28,44,26.09,52.19,2025-12-29T09:00:00+08:00,2025-12-29T21:00:00+08:00,OPERATING,9.48,0.0,9.34,0,0,0,,2026-08-31T02:21:38.422656+00:00
2025-12-29,20,32.13,47,22.49,44.98,2025-12-29T09:00:00+08:00,2025-12-29T21:00:00+08:00,OPERATING,10.04,0.0,11.49,0,0,0,,2026-08-31T02:21:38.422656+00:00
2025-12-29,21,23.24,47,16.27,32.53,2025-12-29T09:00:00+08:00,2025-12-29T21:00:00+08:00,OPERATING,9.48,0.0,10.34,0,0,0,,2026-08-31T02:21:38.422656+00:00
2025-12-30,9,20.97,44,14.68,29.36,2025-12-30T09:00:00+08:00,2025-12-30T21:00:00+08:00,OPERATING,10.76,0.0,17.36,0,0,0,,2026-08-31T02:21:38.422656+00:00
2025-12-30,10,28.42,43,19.9,39.79,2025-12-30T09:00:00+08:00,2025-12-30T21:00:00+08:00,OPERATING,9.27,0.0,16.64,0,0,0,,2026-08-31T02:21:38.422656+00:00
2025-12-30,11,38.54,46,26.98,53.96,2025-12-30T09:00:00+08:00,2025-12-30T21:00:00+08:00,OPERATING,10.41,0.0,17.91,0,0,0,,2026-08-31T02:21:38.422656+00:00
2025-12-30,12,39.61,44,27.73,55.46,2025-12-30T09:00:00+08:00,2025-12-30T21:00:00+08:00,OPERATING,10.04,0.0,17.88,0,0,0,,2026-08-31T02:21:38.422656+00:00
2025-12-30,13,41.5,43,29.05,58.11,2025-12-30T09:00:00+08:00,2025-12-30T21:00:00+08:00,OPERATING,10.05,0.0,16.81,0,0,0,,2026-08-31T02:21:38.422656+00:00
2025-12-30,14,40.3,43,28.21,56.43,2025-12-30T09:00:00+08:00,2025-12-30T21:00:00+08:00,OPERATING,9.57,0.0,15.14,0,0,0,,2026-08-31T02:21:38.422656+00:00
2025-12-30,15,49.78,44,34.84,69.69,2025-12-30T09:00:00+08:00,2025-12-30T21:00:00+08:00,OPERATING,9.1,0.0,15.84,0,0,0,,2026-08-31T02:21:38.422656+00:00
2025-12-30,16,45.92,46,32.14,64.29,2025-12-30T09:00:00+08:00,2025-12-30T21:00:00+08:00,OPERATING,9.98,0.0,17.16,0,0,0,,2026-08-31T02:21:38.422656+00:00
2025-12-30,17,42.83,47,29.98,59.96,2025-12-30T09:00:00+08:00,2025-12-30T21:00:00+08:00,OPERATING,9.89,0.0,17.09,0,0,0,,2026-08-31T02:21:38.422656+00:00
2025-12-30,18,35.72,43,25.0,50.01,2025-12-30T09:00:00+08:00,2025-12-30T21:00:00+08:00,OPERATING,9.57,0.0,15.16,0,0,0,,2026-08-31T02:21:38.422656+00:00
2025-12-30,19,32.8,43,22.96,45.92,2025-12-30T09:00:00+08:00,2025-12-30T21:00:00+08:00,OPERATING,11.34,0.0,16.3,0,0,0,,2026-08-31T02:21:38.422656+00:00
2025-12-30,20,28.55,45,19.98,39.97,2025-12-30T09:00:00+08:00,2025-12-30T21:00:00+08:00,OPERATING,8.71,0.0,14.03,0,0,0,,2026-08-31T02:21:38.422656+00:00
2025-12-30,21,17.97,43,12.58,25.16,2025-12-30T09:00:00+08:00,2025-12-30T21:00:00+08:00,OPERATING,9.12,0.0,18.41,0,0,0,,2026-08-31T02:21:38.422656+00:00
2025-12-31,9,26.53,43,18.57,37.14,2025-12-31T09:00:00+08:00,2025-12-31T21:00:00+08:00,OPERATING,8.55,0.2,22.94,0,0,0,,2026-08-31T02:21:38.422656+00:00
2025-12-31,10,37.05,47,25.94,51.88,2025-12-31T09:00:00+08:00,2025-12-31T21:00:00+08:00,OPERATING,10.16,0.2,23.1,0,0,0,,2026-08-31T02:21:38.422656+00:00
2025-12-31,11,46.08,47,32.25,64.51,2025-12-31T09:00:00+08:00,2025-12-31T21:00:00+08:00,OPERATING,9.62,0.2,22.84,0,0,0,,2026-08-31T02:21:38.422656+00:00
2025-12-31,12,45.73,45,32.01,64.02,2025-12-31T09:00:00+08:00,2025-12-31T21:00:00+08:00,OPERATING,8.09,0.2,22.52,0,0,0,,2026-08-31T02:21:38.422656+00:00
2025-12-31,13,47.27,44,33.09,66.18,2025-12-31T09:00:00+08:00,2025-12-31T21:00:00+08:00,OPERATING,7.82,0.2,24.18,0,0,0,,2026-08-31T02:21:38.422656+00:00
2025-12-31,14,52.0,44,36.4,72.8,2025-12-31T09:00:00+08:00,2025-12-31T21:00:00+08:00,OPERATING,9.05,0.2,23.5,0,0,0,,2026-08-31T02:21:38.422656+00:00
2025-12-31,15,57.25,47,40.07,80.15,2025-12-31T09:00:00+08:00,2025-12-31T21:00:00+08:00,OPERATING,9.06,0.2,26.02,0,0,0,,2026-08-31T02:21:38.422656+00:00
2025-12-31,16,53.51,46,37.46,74.92,2025-12-31T09:00:00+08:00,2025-12-31T21:00:00+08:00,OPERATING,9.35,0.2,23.48,0,0,0,,2026-08-31T02:21:38.422656+00:00
2025-12-31,17,48.97,44,34.28,68.56,2025-12-31T09:00:00+08:00,2025-12-31T21:00:00+08:00,OPERATING,8.41,0.2,25.02,0,0,0,,2026-08-31T02:21:38.422656+00:00
2025-12-31,18,41.32,47,28.92,57.84,2025-12-31T09:00:00+08:00,2025-12-31T21:00:00+08:00,OPERATING,7.33,0.2,22.66,0,0,0,,2026-08-31T02:21:38.422656+00:00
2025-12-31,19,38.28,45,26.8,53.6,2025-12-31T09:00:00+08:00,2025-12-31T21:00:00+08:00,OPERATING,8.64,0.2,23.17,0,0,0,,2026-08-31T02:21:38.422656+00:00
2025-12-31,20,28.86,45,20.2,40.4,2025-12-31T09:00:00+08:00,2025-12-31T21:00:00+08:00,OPERATING,7.49,0.2,23.89,0,0,0,,2026-08-31T02:21:38.422656+00:00
2025-12-31,21,21.13,47,14.79,29.58,2025-12-31T09:00:00+08:00,2025-12-31T21:00:00+08:00,OPERATING,8.09,0.2,25.71,0,0,0,,2026-08-31T02:21:38.422656+00:00
2026-01-01,9,34.04,46,23.83,47.65,2026-01-01T09:00:00+08:00,2026-01-01T21:00:00+08:00,OPERATING,5.99,1.6,18.52,1,0,0,,2026-08-31T02:21:38.422656+00:00
2026-01-01,10,48.47,46,33.93,67.86,2026-01-01T09:00:00+08:00,2026-01-01T21:00:00+08:00,OPERATING,5.67,1.6,20.35,1,0,0,,2026-08-31T02:21:38.422656+00:00
2026-01-01,11,60.26,45,42.18,84.37,2026-01-01T09:00:00+08:00,2026-01-01T21:00:00+08:00,OPERATING,5.57,1.6,19.23,1,0,0,,2026-08-31T02:21:38.422656+00:00
2026-01-01,12,67.51,44,47.26,94.52,2026-01-01T09:00:00+08:00,2026-01-01T21:00:00+08:00,OPERATING,5.53,1.6,18.05,1,0,0,,2026-08-31T02:21:38.422656+00:00
2026-01-01,13,68.5,46,47.95,95.9,2026-01-01T09:00:00+08:00,2026-01-01T21:00:00+08:00,OPERATING,5.58,1.6,19.96,1,0,0,,2026-08-31T02:21:38.422656+00:00
2026-01-01,14,70.13,47,49.09,98.18,2026-01-01T09:00:00+08:00,2026-01-01T21:00:00+08:00,OPERATING,5.42,1.6,18.95,1,0,0,,2026-08-31T02:21:38.422656+00:00
2026-01-01,15,77.57,47,54.3,108.59,2026-01-01T09:00:00+08:00,2026-01-01T21:00:00+08:00,OPERATING,5.07,1.6,20.63,1,0,0,,2026-08-31T02:21:38.422656+00:00
2026-01-01,16,74.24,44,51.97,103.93,2026-01-01T09:00:00+08:00,2026-01-01T21:00:00+08:00,OPERATING,4.45,1.6,19.77,1,0,0,,2026-08-31T02:21:38.422656+00:00
2026-01-01,17,68.52,46,47.96,95.93,2026-01-01T09:00:00+08:00,2026-01-01T21:00:00+08:00,OPERATING,5.87,1.6,18.41,1,0,0,,2026-08-31T02:21:38.422656+00:00
2026-01-01,18,62.22,43,43.55,87.11,2026-01-01T09:00:00+08:00,2026-01-01T21:00:00+08:00,OPERATING,4.93,1.6,19.42,1,0,0,,2026-08-31T02:21:38.422656+00:00
2026-01-01,19,59.25,46,41.48,82.95,2026-01-01T09:00:00+08:00,2026-01-01T21:00:00+08:00,OPERATING,5.27,1.6,19.81,1,0,0,,2026-08-31T02:21:38.422656+00:00
2026-01-01,20,45.88,46,32.12,64.24,2026-01-01T09:00:00+08:00,2026-01-01T21:00:00+08:00,OPERATING,4.72,1.6,18.1,1,0,0,,2026-08-31T02:21:38.422656+00:00
2026-01-01,21,35.22,45,24.65,49.31,2026-01-01T09:00:00+08:00,2026-01-01T21:00:00+08:00,OPERATING,5.83,1.6,16.49,1,0,0,,2026-08-31T02:21:38.422656+00:00
2026-01-02,9,34.49,44,24.14,48.28,2026-01-02T09:00:00+08:00,2026-01-02T21:00:00+08:00,OPERATING,1.75,0.0,19.97,1,0,0,,2026-08-31T02:21:38.422656+00:00
2026-01-02,10,46.16,47,32.31,64.63,2026-01-02T09:00:00+08:00,2026-01-02T21:00:00+08:00,OPERATING,1.58,0.0,21.74,1,0,0,,2026-08-31T02:21:38.422656+00:00
2026-01-02,11,65.08,46,45.55,91.11,2026-01-02T09:00:00+08:00,2026-01-02T21:00:00+08:00,OPERATING,0.93,0.0,20.39,1,0,0,,2026-08-31T02:21:38.422656+00:00
2026-01-02,12,71.76,47,50.23,100.46,2026-01-02T09:00:00+08:00,2026-01-02T21:00:00+08:00,OPERATING,2.32,0.0,20.74,1,0,0,,2026-08-31T02:21:38.422656+00:00
2026-01-02,13,70.86,47,49.6,99.21,2026-01-02T09:00:00+08:00,2026-01-02T21:00:00+08:00,OPERATING,3.67,0.0,20.67,1,0,0,,2026-08-31T02:21:38.422656+00:00
2026-01-02,14,72.65,44,50.85,101.7,2026-01-02T09:00:00+08:00,2026-01-02T21:00:00+08:00,OPERATING,0.51,0.0,20.2,1,0,0,,2026-08-31T02:21:38.422656+00:00
2026-01-02,15,85.01,45,59.51,119.02,2026-01-02T09:00:00+08:00,2026-01-02T21:00:00+08:00,OPERATING,2.59,0.0,21.38,1,0,0,,2026-08-31T02:21:38.422656+00:00
2026-01-02,16,78.74,45,55.12,110.23,2026-01-02T09:00:00+08:00,2026-01-02T21:00:00+08:00,OPERATING,1.25,0.0,22.77,1,0,0,,2026-08-31T02:21:38.422656+00:00
2026-01-02,17,71.22,44,49.85,99.71,2026-01-02T09:00:00+08:00,2026-01-02T21:00:00+08:00,OPERATING,1.75,0.0,21.32,1,0,0,,2026-08-31T02:21:38.422656+00:00
2026-01-02,18,64.57,43,45.2,90.39,2026-01-02T09:00:00+08:00,2026-01-02T21:00:00+08:00,OPERATING,3.14,0.0,21.78,1,0,0,,2026-08-31T02:21:38.422656+00:00
2026-01-02,19,54.4,46,38.08,76.15,2026-01-02T09:00:00+08:00,2026-01-02T21:00:00+08:00,OPERATING,2.75,0.0,24.12,1,0,0,,2026-08-31T02:21:38.422656+00:00
2026-01-02,20,45.99,47,32.19,64.39,2026-01-02T09:00:00+08:00,2026-01-02T21:00:00+08:00,OPERATING,2.36,0.0,20.98,1,0,0,,2026-08-31T02:21:38.422656+00:00
2026-01-02,21,32.4,47,22.68,45.36,2026-01-02T09:00:00+08:00,2026-01-02T21:00:00+08:00,OPERATING,2.63,0.0,22.41,1,0,0,,2026-08-31T02:21:38.422656+00:00
2026-01-03,9,37.23,46,26.06,52.13,2026-01-03T09:00:00+08:00,2026-01-03T21:00:00+08:00,OPERATING,2.51,0.0,8.29,1,1,0,,2026-08-31T02:21:38.422656+00:00
2026-01-03,10,46.06,45,32.24,64.48,2026-01-03T09:00:00+08:00,2026-01-03T21:00:00+08:00,OPERATING,1.57,0.0,8.14,1,1,0,,2026-08-31T02:21:38.422656+00:00
2026-01-03,11,60.41,44,42.29,84.58,2026-01-03T09:00:00+08:00,2026-01-03T21:00:00+08:00,OPERATING,1.74,0.0,7.63,1,1,0,,2026-08-31T02:21:38.422656+00:00
2026-01-03,12,65.85,43,46.09,92.19,2026-01-03T09:00:00+08:00,2026-01-03T21:00:00+08:00,OPERATING,1.89,0.0,9.0,1,1,0,,2026-08-31T02:21:38.422656+00:00
2026-01-03,13,73.17,43,51.22,102.44,2026-01-03T09:00:00+08:00,2026-01-03T21:00:00+08:00,OPERATING,1.48,0.0,11.01,1,1,0,,2026-08-31T02:21:38.422656+00:00
2026-01-03,14,74.38,46,52.07,104.14,2026-01-03T09:00:00+08:00,2026-01-03T21:00:00+08:00,OPERATING,4.0,0.0,9.5,1,1,0,,2026-08-31T02:21:38.422656+00:00
2026-01-03,15,75.6,44,52.92,105.83,2026-01-03T09:00:00+08:00,2026-01-03T21:00:00+08:00,OPERATING,3.64,0.0,8.25,1,1,0,,2026-08-31T02:21:38.422656+00:00
2026-01-03,16,74.34,47,52.04,104.07,2026-01-03T09:00:00+08:00,2026-01-03T21:00:00+08:00,OPERATING,3.12,0.0,9.65,1,1,0,,2026-08-31T02:21:38.422656+00:00
2026-01-03,17,67.81,47,47.47,94.93,2026-01-03T09:00:00+08:00,2026-01-03T21:00:00+08:00,OPERATING,1.49,0.0,9.18,1,1,0,,2026-08-31T02:21:38.422656+00:00
2026-01-03,18,58.16,47,40.71,81.42,2026-01-03T09:00:00+08:00,2026-01-03T21:00:00+08:00,OPERATING,2.75,0.0,9.45,1,1,0,,2026-08-31T02:21:38.422656+00:00
2026-01-03,19,55.06,46,38.54,77.08,2026-01-03T09:00:00+08:00,2026-01-03T21:00:00+08:00,OPERATING,3.01,0.0,10.8,1,1,0,,2026-08-31T02:21:38.422656+00:00
2026-01-03,20,44.61,46,31.22,62.45,2026-01-03T09:00:00+08:00,2026-01-03T21:00:00+08:00,OPERATING,1.34,0.0,8.3,1,1,0,,2026-08-31T02:21:38.422656+00:00
2026-01-03,21,30.05,47,21.03,42.06,2026-01-03T09:00:00+08:00,2026-01-03T21:00:00+08:00,OPERATING,1.03,0.0,9.33,1,1,0,,2026-08-31T02:21:38.422656+00:00
2026-01-04,9,31.74,44,22.22,44.43,2026-01-04T09:00:00+08:00,2026-01-04T21:00:00+08:00,OPERATING,6.4,1.0,10.83,0,1,0,,2026-08-31T02:21:38.422656+00:00
2026-01-04,10,47.3,43,33.11,66.21,2026-01-04T09:00:00+08:00,2026-01-04T21:00:00+08:00,OPERATING,6.24,1.0,11.98,0,1,0,,2026-08-31T02:21:38.422656+00:00
2026-01-04,11,54.97,44,38.48,76.96,2026-01-04T09:00:00+08:00,2026-01-04T21:00:00+08:00,OPERATING,5.88,1.0,11.1,0,1,0,,2026-08-31T02:21:38.422656+00:00
2026-01-04,12,65.39,45,45.77,91.55,2026-01-04T09:00:00+08:00,2026-01-04T21:00:00+08:00,OPERATING,5.03,1.0,13.62,0,1,0,,2026-08-31T02:21:38.422656+00:00
2026-01-04,13,65.2,45,45.64,91.28,2026-01-04T09:00:00+08:00,2026-01-04T21:00:00+08:00,OPERATING,4.1,1.0,10.39,0,1,0,,2026-08-31T02:21:38.422656+00:00
2026-01-04,14,69.52,46,48.66,97.32,2026-01-04T09:00:00+08:00,2026-01-04T21:00:00+08:00,OPERATING,5.45,1.0,12.9,0,1,0,,2026-08-31T02:21:38.422656+00:00
2026-01-04,15,69.21,43,48.45,96.9,2026-01-04T09:00:00+08:00,2026-01-04T21:00:00+08:00,OPERATING,5.31,1.0,12.25,0,1,0,,2026-08-31T02:21:38.422656+00:00
2026-01-04,16,65.94,43,46.16,92.32,2026-01-04T09:00:00+08:00,2026-01-04T21:00:00+08:00,OPERATING,4.83,1.0,11.61,0,1,0,,2026-08-31T02:21:38.422656+00:00
2026-01-04,17,56.7,44,39.69,79.38,2026-01-04T09:00:00+08:00,2026-01-04T21:00:00+08:00,OPERATING,4.74,1.0,12.32,0,1,0,,2026-08-31T02:21:38.422656+00:00
2026-01-04,18,54.66,46,38.26,76.52,2026-01-04T09:00:00+08:00,2026-01-04T21:00:00+08:00,OPERATING,3.83,1.0,12.11,0,1,0,,2026-08-31T02:21:38.422656+00:00
2026-01-04,19,50.07,43,35.05,70.1,2026-01-04T09:00:00+08:00,2026-01-04T21:00:00+08:00,OPERATING,4.85,1.0,11.82,0,1,0,,2026-08-31T02:21:38.422656+00:00
2026-01-04,20,39.2,46,27.44,54.87,2026-01-04T09:00:00+08:00,2026-01-04T21:00:00+08:00,OPERATING,4.11,1.0,11.54,0,1,0,,2026-08-31T02:21:38.422656+00:00
2026-01-04,21,29.46,46,20.62,41.24,2026-01-04T09:00:00+08:00,2026-01-04T21:00:00+08:00,OPERATING,5.39,1.0,12.15,0,1,0,,2026-08-31T02:21:38.422656+00:00
2026-01-05,9,14.35,44,10.05,20.1,2026-01-05T09:00:00+08:00,2026-01-05T21:00:00+08:00,OPERATING,6.29,2.1,19.89,0,0,0,,2026-08-31T02:21:38.422656+00:00
2026-01-05,10,17.7,44,12.39,24.77,2026-01-05T09:00:00+08:00,2026-01-05T21:00:00+08:00,OPERATING,5.98,2.1,18.76,0,0,0,,2026-08-31T02:21:38.422656+00:00
2026-01-05,11,26.55,45,18.58,37.17,2026-01-05T09:00:00+08:00,2026-01-05T21:00:00+08:00,OPERATING,5.63,2.1,17.82,0,0,0,,2026-08-31T02:21:38.422656+00:00
2026-01-05,12,29.56,43,20.69,41.39,2026-01-05T09:00:00+08:00,2026-01-05T21:00:00+08:00,OPERATING,5.05,2.1,18.73,0,0,0,,2026-08-31T02:21:38.422656+00:00
2026-01-05,13,30.41,47,21.28,42.57,2026-01-05T09:00:00+08:00,2026-01-05T21:00:00+08:00,OPERATING,3.89,2.1,16.71,0,0,0,,2026-08-31T02:21:38.422656+00:00
2026-01-05,14,29.83,46,20.88,41.77,2026-01-05T09:00:00+08:00,2026-01-05T21:00:00+08:00,OPERATING,5.29,2.1,19.63,0,0,0,,2026-08-31T02:21:38.422656+00:00
2026-01-05,15,30.78,44,21.54,43.09,2026-01-05T09:00:00+08:00,2026-01-05T21:00:00+08:00,OPERATING,4.29,2.1,19.08,0,0,0,,2026-08-31T02:21:38.422656+00:00
2026-01-05,16,30.66,46,21.46,42.92,2026-01-05T09:00:00+08:00,2026-01-05T21:00:00+08:00,OPERATING,6.64,2.1,19.29,0,0,0,,2026-08-31T02:21:38.422656+00:00
2026-01-05,17,25.29,45,17.7,35.4,2026-01-05T09:00:00+08:00,2026-01-05T21:00:00+08:00,OPERATING,5.6,2.1,18.7,0,0,0,,2026-08-31T02:21:38.422656+00:00
2026-01-05,18,24.28,46,16.99,33.99,2026-01-05T09:00:00+08:00,2026-01-05T21:00:00+08:00,OPERATING,4.92,2.1,19.23,0,0,0,,2026-08-31T02:21:38.422656+00:00
2026-01-05,19,22.61,45,15.83,31.65,2026-01-05T09:00:00+08:00,2026-01-05T21:00:00+08:00,OPERATING,4.7,2.1,17.82,0,0,0,,2026-08-31T02:21:38.422656+00:00
2026-01-05,20,17.76,47,12.43,24.87,2026-01-05T09:00:00+08:00,2026-01-05T21:00:00+08:00,OPERATING,4.81,2.1,19.61,0,0,0,,2026-08-31T02:21:38.422656+00:00
2026-01-05,21,15.14,45,10.6,21.19,2026-01-05T09:00:00+08:00,2026-01-05T21:00:00+08:00,OPERATING,5.54,2.1,20.56,0,0,0,,2026-08-31T02:21:38.422656+00:00
2026-01-06,9,23.75,46,16.62,33.25,2026-01-06T09:00:00+08:00,2026-01-06T21:00:00+08:00,OPERATING,3.79,0.3,16.31,0,0,0,,2026-08-31T02:21:38.422656+00:00
2026-01-06,10,30.71,43,21.5,43.0,2026-01-06T09:00:00+08:00,2026-01-06T21:00:00+08:00,OPERATING,5.07,0.3,16.19,0,0,0,,2026-08-31T02:21:38.422656+00:00
2026-01-06,11,35.19,45,24.63,49.27,2026-01-06T09:00:00+08:00,2026-01-06T21:00:00+08:00,OPERATING,4.51,0.3,14.88,0,0,0,,2026-08-31T02:21:38.422656+00:00
2026-01-06,12,42.27,45,29.59,59.18,2026-01-06T09:00:00+08:00,2026-01-06T21:00:00+08:00,OPERATING,4.03,0.3,14.83,0,0,0,,2026-08-31T02:21:38.422656+00:00
2026-01-06,13,45.3,43,31.71,63.41,2026-01-06T09:00:00+08:00,2026-01-06T21:00:00+08:00,OPERATING,5.84,0.3,17.2,0,0,0,,2026-08-31T02:21:38.422656+00:00
2026-01-06,14,49.21,47,34.45,68.89,2026-01-06T09:00:00+08:00,2026-01-06T21:00:00+08:00,OPERATING,4.97,0.3,16.03,0,0,0,,2026-08-31T02:21:38.422656+00:00
2026-01-06,15,50.38,46,35.27,70.53,2026-01-06T09:00:00+08:00,2026-01-06T21:00:00+08:00,OPERATING,5.2,0.3,15.73,0,0,0,,2026-08-31T02:21:38.422656+00:00
2026-01-06,16,49.16,44,34.42,68.83,2026-01-06T09:00:00+08:00,2026-01-06T21:00:00+08:00,OPERATING,4.74,0.3,16.54,0,0,0,,2026-08-31T02:21:38.422656+00:00
2026-01-06,17,45.45,43,31.82,63.63,2026-01-06T09:00:00+08:00,2026-01-06T21:00:00+08:00,OPERATING,4.82,0.3,14.07,0,0,0,,2026-08-31T02:21:38.422656+00:00
2026-01-06,18,32.69,45,22.89,45.77,2026-01-06T09:00:00+08:00,2026-01-06T21:00:00+08:00,OPERATING,4.32,0.3,17.56,0,0,0,,2026-08-31T02:21:38.422656+00:00
2026-01-06,19,34.08,47,23.85,47.71,2026-01-06T09:00:00+08:00,2026-01-06T21:00:00+08:00,OPERATING,3.2,0.3,16.82,0,0,0,,2026-08-31T02:21:38.422656+00:00
2026-01-06,20,29.26,44,20.48,40.96,2026-01-06T09:00:00+08:00,2026-01-06T21:00:00+08:00,OPERATING,4.46,0.3,16.84,0,0,0,,2026-08-31T02:21:38.422656+00:00
2026-01-06,21,22.27,45,15.59,31.18,2026-01-06T09:00:00+08:00,2026-01-06T21:00:00+08:00,OPERATING,3.66,0.3,18.36,0,0,0,,2026-08-31T02:21:38.422656+00:00
2026-01-07,9,19.72,44,13.81,27.61,2026-01-07T09:00:00+08:00,2026-01-07T21:00:00+08:00,OPERATING,3.46,0.0,11.28,0,0,0,,2026-08-31T02:21:38.422656+00:00
2026-01-07,10,29.61,46,20.73,41.46,2026-01-07T09:00:00+08:00,2026-01-07T21:00:00+08:00,OPERATING,2.78,0.0,12.28,0,0,0,,2026-08-31T02:21:38.422656+00:00
2026-01-07,11,36.82,47,25.77,51.55,2026-01-07T09:00:00+08:00,2026-01-07T21:00:00+08:00,OPERATING,5.24,0.0,11.32,0,0,0,,2026-08-31T02:21:38.422656+00:00
2026-01-07,12,40.23,44,28.16,56.33,2026-01-07T09:00:00+08:00,2026-01-07T21:00:00+08:00,OPERATING,5.55,0.0,11.68,0,0,0,,2026-08-31T02:21:38.422656+00:00
2026-01-07,13,42.21,43,29.55,59.1,2026-01-07T09:00:00+08:00,2026-01-07T21:00:00+08:00,OPERATING,5.08,0.0,13.07,0,0,0,,2026-08-31T02:21:38.422656+00:00
2026-01-07,14,42.43,47,29.7,59.41,2026-01-07T09:00:00+08:00,2026-01-07T21:00:00+08:00,OPERATING,3.55,0.0,13.14,0,0,0,,2026-08-31T02:21:38.422656+00:00
2026-01-07,15,45.4,47,31.78,63.56,2026-01-07T09:00:00+08:00,2026-01-07T21:00:00+08:00,OPERATING,7.04,0.0,12.3,0,0,0,,2026-08-31T02:21:38.422656+00:00
2026-01-07,16,47.37,47,33.16,66.32,2026-01-07T09:00:00+08:00,2026-01-07T21:00:00+08:00,OPERATING,3.9,0.0,12.27,0,0,0,,2026-08-31T02:21:38.422656+00:00
2026-01-07,17,39.63,44,27.74,55.48,2026-01-07T09:00:00+08:00,2026-01-07T21:00:00+08:00,OPERATING,3.53,0.0,11.95,0,0,0,,2026-08-31T02:21:38.422656+00:00
2026-01-07,18,36.2,43,25.34,50.68,2026-01-07T09:00:00+08:00,2026-01-07T21:00:00+08:00,OPERATING,4.43,0.0,12.53,0,0,0,,2026-08-31T02:21:38.422656+00:00
2026-01-07,19,31.37,46,21.96,43.91,2026-01-07T09:00:00+08:00,2026-01-07T21:00:00+08:00,OPERATING,3.73,0.0,12.85,0,0,0,,2026-08-31T02:21:38.422656+00:00
2026-01-07,20,28.33,43,19.83,39.66,2026-01-07T09:00:00+08:00,2026-01-07T21:00:00+08:00,OPERATING,4.88,0.0,13.24,0,0,0,,2026-08-31T02:21:38.422656+00:00
2026-01-07,21,19.9,43,13.93,27.86,2026-01-07T09:00:00+08:00,2026-01-07T21:00:00+08:00,OPERATING,4.36,0.0,12.71,0,0,0,,2026-08-31T02:21:38.422656+00:00
2026-01-08,9,24.58,43,17.21,34.42,2026-01-08T09:00:00+08:00,2026-01-08T21:00:00+08:00,OPERATING,3.02,0.0,12.41,0,0,0,,2026-08-31T02:21:38.422656+00:00
2026-01-08,10,33.93,43,23.75,47.5,2026-01-08T09:00:00+08:00,2026-01-08T21:00:00+08:00,OPERATING,3.73,0.0,14.14,0,0,0,,2026-08-31T02:21:38.422656+00:00
2026-01-08,11,43.81,46,30.67,61.33,2026-01-08T09:00:00+08:00,2026-01-08T21:00:00+08:00,OPERATING,3.85,0.0,12.05,0,0,0,,2026-08-31T02:21:38.422656+00:00
2026-01-08,12,52.05,43,36.43,72.87,2026-01-08T09:00:00+08:00,2026-01-08T21:00:00+08:00,OPERATING,3.51,0.0,13.96,0,0,0,,2026-08-31T02:21:38.422656+00:00
2026-01-08,13,50.82,46,35.57,71.15,2026-01-08T09:00:00+08:00,2026-01-08T21:00:00+08:00,OPERATING,4.34,0.0,14.56,0,0,0,,2026-08-31T02:21:38.422656+00:00
2026-01-08,14,54.8,46,38.36,76.72,2026-01-08T09:00:00+08:00,2026-01-08T21:00:00+08:00,OPERATING,3.34,0.0,13.5,0,0,0,,2026-08-31T02:21:38.422656+00:00
2026-01-08,15,59.04,47,41.33,82.66,2026-01-08T09:00:00+08:00,2026-01-08T21:00:00+08:00,OPERATING,3.38,0.0,12.73,0,0,0,,2026-08-31T02:21:38.422656+00:00
2026-01-08,16,58.03,45,40.62,81.24,2026-01-08T09:00:00+08:00,2026-01-08T21:00:00+08:00,OPERATING,3.28,0.0,14.09,0,0,0,,2026-08-31T02:21:38.422656+00:00
2026-01-08,17,50.91,47,35.64,71.27,2026-01-08T09:00:00+08:00,2026-01-08T21:00:00+08:00,OPERATING,4.32,0.0,13.39,0,0,0,,2026-08-31T02:21:38.422656+00:00
2026-01-08,18,42.16,44,29.51,59.02,2026-01-08T09:00:00+08:00,2026-01-08T21:00:00+08:00,OPERATING,7.07,0.0,12.64,0,0,0,,2026-08-31T02:21:38.422656+00:00
2026-01-08,19,40.54,43,28.38,56.75,2026-01-08T09:00:00+08:00,2026-01-08T21:00:00+08:00,OPERATING,4.14,0.0,14.07,0,0,0,,2026-08-31T02:21:38.422656+00:00
2026-01-08,20,33.92,44,23.74,47.49,2026-01-08T09:00:00+08:00,2026-01-08T21:00:00+08:00,OPERATING,3.08,0.0,14.59,0,0,0,,2026-08-31T02:21:38.422656+00:00
2026-01-08,21,24.76,45,17.33,34.67,2026-01-08T09:00:00+08:00,2026-01-08T21:00:00+08:00,OPERATING,3.26,0.0,13.7,0,0,0,,2026-08-31T02:21:38.422656+00:00
2026-01-09,9,25.97,47,18.18,36.36,2026-01-09T09:00:00+08:00,2026-01-09T21:00:00+08:00,OPERATING,4.01,0.0,13.79,0,0,0,,2026-08-31T02:21:38.422656+00:00
2026-01-09,10,27.03,44,18.92,37.84,2026-01-09T09:00:00+08:00,2026-01-09T21:00:00+08:00,OPERATING,3.27,0.0,15.44,0,0,0,,2026-08-31T02:21:38.422656+00:00
2026-01-09,11,37.82,43,26.48,52.95,2026-01-09T09:00:00+08:00,2026-01-09T21:00:00+08:00,OPERATING,3.13,0.0,15.21,0,0,0,,2026-08-31T02:21:38.422656+00:00
2026-01-09,12,43.53,43,30.47,60.94,2026-01-09T09:00:00+08:00,2026-01-09T21:00:00+08:00,OPERATING,4.43,0.0,15.19,0,0,0,,2026-08-31T02:21:38.422656+00:00
2026-01-09,13,43.37,47,30.36,60.72,2026-01-09T09:00:00+08:00,2026-01-09T21:00:00+08:00,OPERATING,4.78,0.0,13.51,0,0,0,,2026-08-31T02:21:38.422656+00:00
2026-01-09,14,47.03,44,32.92,65.84,2026-01-09T09:00:00+08:00,2026-01-09T21:00:00+08:00,OPERATING,4.27,0.0,13.72,0,0,0,,2026-08-31T02:21:38.422656+00:00
2026-01-09,15,46.59,43,32.61,65.22,2026-01-09T09:00:00+08:00,2026-01-09T21:00:00+08:00,OPERATING,3.8,0.0,14.98,0,0,0,,2026-08-31T02:21:38.422656+00:00
2026-01-09,16,48.94,44,34.26,68.52,2026-01-09T09:00:00+08:00,2026-01-09T21:00:00+08:00,OPERATING,4.44,0.0,14.34,0,0,0,,2026-08-31T02:21:38.422656+00:00
2026-01-09,17,40.99,44,28.69,57.38,2026-01-09T09:00:00+08:00,2026-01-09T21:00:00+08:00,OPERATING,4.11,0.0,13.12,0,0,0,,2026-08-31T02:21:38.422656+00:00
2026-01-09,18,39.13,44,27.39,54.78,2026-01-09T09:00:00+08:00,2026-01-09T21:00:00+08:00,OPERATING,3.89,0.0,13.71,0,0,0,,2026-08-31T02:21:38.422656+00:00
2026-01-09,19,35.27,47,24.69,49.38,2026-01-09T09:00:00+08:00,2026-01-09T21:00:00+08:00,OPERATING,4.88,0.0,15.08,0,0,0,,2026-08-31T02:21:38.422656+00:00
2026-01-09,20,28.41,45,19.88,39.77,2026-01-09T09:00:00+08:00,2026-01-09T21:00:00+08:00,OPERATING,5.35,0.0,14.81,0,0,0,,2026-08-31T02:21:38.422656+00:00
2026-01-09,21,18.58,44,13.01,26.02,2026-01-09T09:00:00+08:00,2026-01-09T21:00:00+08:00,OPERATING,3.76,0.0,14.08,0,0,0,,2026-08-31T02:21:38.422656+00:00
2026-01-10,9,35.1,45,24.57,49.15,2026-01-10T09:00:00+08:00,2026-01-10T21:00:00+08:00,OPERATING,7.76,0.0,17.76,1,1,0,,2026-08-31T02:21:38.422656+00:00
2026-01-10,10,46.22,46,32.36,64.71,2026-01-10T09:00:00+08:00,2026-01-10T21:00:00+08:00,OPERATING,6.77,0.0,17.67,1,1,0,,2026-08-31T02:21:38.422656+00:00
2026-01-10,11,65.72,45,46.01,92.01,2026-01-10T09:00:00+08:00,2026-01-10T21:00:00+08:00,OPERATING,7.87,0.0,15.52,1,1,0,,2026-08-31T02:21:38.422656+00:00
2026-01-10,12,65.42,47,45.8,91.59,2026-01-10T09:00:00+08:00,2026-01-10T21:00:00+08:00,OPERATING,8.29,0.0,18.01,1,1,0,,2026-08-31T02:21:38.422656+00:00
2026-01-10,13,71.77,45,50.24,100.48,2026-01-10T09:00:00+08:00,2026-01-10T21:00:00+08:00,OPERATING,8.05,0.0,19.06,1,1,0,,2026-08-31T02:21:38.422656+00:00
2026-01-10,14,75.45,45,52.81,105.63,2026-01-10T09:00:00+08:00,2026-01-10T21:00:00+08:00,OPERATING,7.58,0.0,19.88,1,1,0,,2026-08-31T02:21:38.422656+00:00
2026-01-10,15,76.59,45,53.61,107.22,2026-01-10T09:00:00+08:00,2026-01-10T21:00:00+08:00,OPERATING,7.57,0.0,18.58,1,1,0,,2026-08-31T02:21:38.422656+00:00
2026-01-10,16,73.25,44,51.28,102.56,2026-01-10T09:00:00+08:00,2026-01-10T21:00:00+08:00,OPERATING,8.02,0.0,18.04,1,1,0,,2026-08-31T02:21:38.422656+00:00
2026-01-10,17,67.7,44,47.39,94.78,2026-01-10T09:00:00+08:00,2026-01-10T21:00:00+08:00,OPERATING,9.63,0.0,17.34,1,1,0,,2026-08-31T02:21:38.422656+00:00
2026-01-10,18,61.41,47,42.98,85.97,2026-01-10T09:00:00+08:00,2026-01-10T21:00:00+08:00,OPERATING,7.01,0.0,17.99,1,1,0,,2026-08-31T02:21:38.422656+00:00
2026-01-10,19,50.72,45,35.51,71.01,2026-01-10T09:00:00+08:00,2026-01-10T21:00:00+08:00,OPERATING,8.93,0.0,18.61,1,1,0,,2026-08-31T02:21:38.422656+00:00
2026-01-10,20,44.62,44,31.23,62.47,2026-01-10T09:00:00+08:00,2026-01-10T21:00:00+08:00,OPERATING,8.56,0.0,17.01,1,1,0,,2026-08-31T02:21:38.422656+00:00
2026-01-10,21,31.37,47,21.96,43.91,2026-01-10T09:00:00+08:00,2026-01-10T21:00:00+08:00,OPERATING,7.87,0.0,18.37,1,1,0,,2026-08-31T02:21:38.422656+00:00
2026-01-11,9,30.13,43,21.09,42.18,2026-01-11T09:00:00+08:00,2026-01-11T21:00:00+08:00,OPERATING,3.69,0.0,20.06,1,1,0,,2026-08-31T02:21:38.422656+00:00
2026-01-11,10,45.17,43,31.62,63.24,2026-01-11T09:00:00+08:00,2026-01-11T21:00:00+08:00,OPERATING,2.65,0.0,18.42,1,1,0,,2026-08-31T02:21:38.422656+00:00
2026-01-11,11,53.88,46,37.72,75.43,2026-01-11T09:00:00+08:00,2026-01-11T21:00:00+08:00,OPERATING,2.64,0.0,17.08,1,1,0,,2026-08-31T02:21:38.422656+00:00
2026-01-11,12,59.85,43,41.89,83.79,2026-01-11T09:00:00+08:00,2026-01-11T21:00:00+08:00,OPERATING,2.46,0.0,19.59,1,1,0,,2026-08-31T02:21:38.422656+00:00
2026-01-11,13,61.25,47,42.87,85.75,2026-01-11T09:00:00+08:00,2026-01-11T21:00:00+08:00,OPERATING,0.41,0.0,17.43,1,1,0,,2026-08-31T02:21:38.422656+00:00
2026-01-11,14,67.29,44,47.1,94.21,2026-01-11T09:00:00+08:00,2026-01-11T21:00:00+08:00,OPERATING,2.28,0.0,18.92,1,1,0,,2026-08-31T02:21:38.422656+00:00
2026-01-11,15,71.84,47,50.29,100.57,2026-01-11T09:00:00+08:00,2026-01-11T21:00:00+08:00,OPERATING,2.47,0.0,19.62,1,1,0,,2026-08-31T02:21:38.422656+00:00
2026-01-11,16,66.27,45,46.39,92.78,2026-01-11T09:00:00+08:00,2026-01-11T21:00:00+08:00,OPERATING,2.98,0.0,19.66,1,1,0,,2026-08-31T02:21:38.422656+00:00
2026-01-11,17,62.32,46,43.62,87.25,2026-01-11T09:00:00+08:00,2026-01-11T21:00:00+08:00,OPERATING,3.6,0.0,18.58,1,1,0,,2026-08-31T02:21:38.422656+00:00
2026-01-11,18,54.61,47,38.22,76.45,2026-01-11T09:00:00+08:00,2026-01-11T21:00:00+08:00,OPERATING,2.75,0.0,17.77,1,1,0,,2026-08-31T02:21:38.422656+00:00
2026-01-11,19,49.53,44,34.67,69.34,2026-01-11T09:00:00+08:00,2026-01-11T21:00:00+08:00,OPERATING,3.31,0.0,19.0,1,1,0,,2026-08-31T02:21:38.422656+00:00
2026-01-11,20,40.19,47,28.13,56.26,2026-01-11T09:00:00+08:00,2026-01-11T21:00:00+08:00,OPERATING,2.28,0.0,18.28,1,1,0,,2026-08-31T02:21:38.422656+00:00
2026-01-11,21,28.8,47,20.16,40.32,2026-01-11T09:00:00+08:00,2026-01-11T21:00:00+08:00,OPERATING,2.15,0.0,18.35,1,1,0,,2026-08-31T02:21:38.422656+00:00
2026-01-12,9,24.2,44,16.94,33.87,2026-01-12T09:00:00+08:00,2026-01-12T21:00:00+08:00,OPERATING,5.82,0.0,15.45,0,0,0,,2026-08-31T02:21:38.422656+00:00
2026-01-12,10,31.05,47,21.73,43.47,2026-01-12T09:00:00+08:00,2026-01-12T21:00:00+08:00,OPERATING,6.19,0.0,15.84,0,0,0,,2026-08-31T02:21:38.422656+00:00
2026-01-12,11,38.88,47,27.22,54.44,2026-01-12T09:00:00+08:00,2026-01-12T21:00:00+08:00,OPERATING,7.21,0.0,15.53,0,0,0,,2026-08-31T02:21:38.422656+00:00
2026-01-12,12,41.69,46,29.18,58.36,2026-01-12T09:00:00+08:00,2026-01-12T21:00:00+08:00,OPERATING,4.9,0.0,13.92,0,0,0,,2026-08-31T02:21:38.422656+00:00
2026-01-12,13,41.88,47,29.32,58.64,2026-01-12T09:00:00+08:00,2026-01-12T21:00:00+08:00,OPERATING,4.73,0.0,14.78,0,0,0,,2026-08-31T02:21:38.422656+00:00
2026-01-12,14,43.41,45,30.38,60.77,2026-01-12T09:00:00+08:00,2026-01-12T21:00:00+08:00,OPERATING,6.36,0.0,15.26,0,0,0,,2026-08-31T02:21:38.422656+00:00
2026-01-12,15,49.36,45,34.55,69.11,2026-01-12T09:00:00+08:00,2026-01-12T21:00:00+08:00,OPERATING,5.42,0.0,15.42,0,0,0,,2026-08-31T02:21:38.422656+00:00
2026-01-12,16,44.99,45,31.49,62.99,2026-01-12T09:00:00+08:00,2026-01-12T21:00:00+08:00,OPERATING,6.91,0.0,13.34,0,0,0,,2026-08-31T02:21:38.422656+00:00
2026-01-12,17,40.33,47,28.23,56.46,2026-01-12T09:00:00+08:00,2026-01-12T21:00:00+08:00,OPERATING,6.88,0.0,16.1,0,0,0,,2026-08-31T02:21:38.422656+00:00
2026-01-12,18,38.72,46,27.1,54.2,2026-01-12T09:00:00+08:00,2026-01-12T21:00:00+08:00,OPERATING,7.09,0.0,15.67,0,0,0,,2026-08-31T02:21:38.422656+00:00
2026-01-12,19,31.36,44,21.96,43.91,2026-01-12T09:00:00+08:00,2026-01-12T21:00:00+08:00,OPERATING,6.97,0.0,14.3,0,0,0,,2026-08-31T02:21:38.422656+00:00
2026-01-12,20,26.39,43,18.48,36.95,2026-01-12T09:00:00+08:00,2026-01-12T21:00:00+08:00,OPERATING,5.49,0.0,14.77,0,0,0,,2026-08-31T02:21:38.422656+00:00
2026-01-12,21,19.78,47,13.84,27.69,2026-01-12T09:00:00+08:00,2026-01-12T21:00:00+08:00,OPERATING,5.81,0.0,16.78,0,0,0,,2026-08-31T02:21:38.422656+00:00
2026-01-13,9,22.47,43,15.73,31.46,2026-01-13T09:00:00+08:00,2026-01-13T21:00:00+08:00,OPERATING,8.35,0.0,13.69,0,0,0,,2026-08-31T02:21:38.422656+00:00
2026-01-13,10,33.89,45,23.72,47.45,2026-01-13T09:00:00+08:00,2026-01-13T21:00:00+08:00,OPERATING,8.51,0.0,13.55,0,0,0,,2026-08-31T02:21:38.422656+00:00
2026-01-13,11,46.11,43,32.28,64.55,2026-01-13T09:00:00+08:00,2026-01-13T21:00:00+08:00,OPERATING,9.67,0.0,12.73,0,0,0,,2026-08-31T02:21:38.422656+00:00
2026-01-13,12,49.69,44,34.78,69.56,2026-01-13T09:00:00+08:00,2026-01-13T21:00:00+08:00,OPERATING,8.06,0.0,12.24,0,0,0,,2026-08-31T02:21:38.422656+00:00
2026-01-13,13,53.38,45,37.36,74.73,2026-01-13T09:00:00+08:00,2026-01-13T21:00:00+08:00,OPERATING,9.11,0.0,12.74,0,0,0,,2026-08-31T02:21:38.422656+00:00
2026-01-13,14,52.61,43,36.83,73.65,2026-01-13T09:00:00+08:00,2026-01-13T21:00:00+08:00,OPERATING,8.55,0.0,11.48,0,0,0,,2026-08-31T02:21:38.422656+00:00
2026-01-13,15,55.04,43,38.53,77.06,2026-01-13T09:00:00+08:00,2026-01-13T21:00:00+08:00,OPERATING,9.42,0.0,15.33,0,0,0,,2026-08-31T02:21:38.422656+00:00
2026-01-13,16,54.05,43,37.83,75.67,2026-01-13T09:00:00+08:00,2026-01-13T21:00:00+08:00,OPERATING,8.51,0.0,13.19,0,0,0,,2026-08-31T02:21:38.422656+00:00
2026-01-13,17,48.54,44,33.98,67.95,2026-01-13T09:00:00+08:00,2026-01-13T21:00:00+08:00,OPERATING,8.32,0.0,15.0,0,0,0,,2026-08-31T02:21:38.422656+00:00
2026-01-13,18,45.8,47,32.06,64.12,2026-01-13T09:00:00+08:00,2026-01-13T21:00:00+08:00,OPERATING,9.44,0.0,11.74,0,0,0,,2026-08-31T02:21:38.422656+00:00
2026-01-13,19,42.28,43,29.59,59.19,2026-01-13T09:00:00+08:00,2026-01-13T21:00:00+08:00,OPERATING,8.36,0.0,13.22,0,0,0,,2026-08-31T02:21:38.422656+00:00
2026-01-13,20,29.54,45,20.68,41.36,2026-01-13T09:00:00+08:00,2026-01-13T21:00:00+08:00,OPERATING,9.52,0.0,12.76,0,0,0,,2026-08-31T02:21:38.422656+00:00
2026-01-13,21,23.05,45,16.14,32.28,2026-01-13T09:00:00+08:00,2026-01-13T21:00:00+08:00,OPERATING,9.02,0.0,12.35,0,0,0,,2026-08-31T02:21:38.422656+00:00
2026-01-14,9,20.43,46,14.3,28.61,2026-01-14T09:00:00+08:00,2026-01-14T21:00:00+08:00,OPERATING,13.51,0.0,16.21,0,0,0,,2026-08-31T02:21:38.422656+00:00
2026-01-14,10,28.75,43,20.12,40.25,2026-01-14T09:00:00+08:00,2026-01-14T21:00:00+08:00,OPERATING,12.51,0.0,14.98,0,0,0,,2026-08-31T02:21:38.422656+00:00
2026-01-14,11,39.94,46,27.96,55.92,2026-01-14T09:00:00+08:00,2026-01-14T21:00:00+08:00,OPERATING,12.02,0.0,15.05,0,0,0,,2026-08-31T02:21:38.422656+00:00
2026-01-14,12,43.26,43,30.28,60.56,2026-01-14T09:00:00+08:00,2026-01-14T21:00:00+08:00,OPERATING,12.22,0.0,15.51,0,0,0,,2026-08-31T02:21:38.422656+00:00
2026-01-14,13,46.33,43,32.43,64.86,2026-01-14T09:00:00+08:00,2026-01-14T21:00:00+08:00,OPERATING,13.66,0.0,15.22,0,0,0,,2026-08-31T02:21:38.422656+00:00
2026-01-14,14,49.68,43,34.77,69.55,2026-01-14T09:00:00+08:00,2026-01-14T21:00:00+08:00,OPERATING,13.18,0.0,13.45,0,0,0,,2026-08-31T02:21:38.422656+00:00
2026-01-14,15,50.55,44,35.38,70.77,2026-01-14T09:00:00+08:00,2026-01-14T21:00:00+08:00,OPERATING,11.95,0.0,14.83,0,0,0,,2026-08-31T02:21:38.422656+00:00
2026-01-14,16,49.79,45,34.86,69.71,2026-01-14T09:00:00+08:00,2026-01-14T21:00:00+08:00,OPERATING,10.41,0.0,15.84,0,0,0,,2026-08-31T02:21:38.422656+00:00
2026-01-14,17,48.45,47,33.91,67.83,2026-01-14T09:00:00+08:00,2026-01-14T21:00:00+08:00,OPERATING,12.91,0.0,14.71,0,0,0,,2026-08-31T02:21:38.422656+00:00
2026-01-14,18,40.02,46,28.01,56.02,2026-01-14T09:00:00+08:00,2026-01-14T21:00:00+08:00,OPERATING,12.29,0.0,14.7,0,0,0,,2026-08-31T02:21:38.422656+00:00
2026-01-14,19,34.73,45,24.31,48.63,2026-01-14T09:00:00+08:00,2026-01-14T21:00:00+08:00,OPERATING,13.46,0.0,16.2,0,0,0,,2026-08-31T02:21:38.422656+00:00
2026-01-14,20,30.07,47,21.05,42.1,2026-01-14T09:00:00+08:00,2026-01-14T21:00:00+08:00,OPERATING,13.63,0.0,16.73,0,0,0,,2026-08-31T02:21:38.422656+00:00
2026-01-14,21,18.2,43,12.74,25.47,2026-01-14T09:00:00+08:00,2026-01-14T21:00:00+08:00,OPERATING,10.94,0.0,14.75,0,0,0,,2026-08-31T02:21:38.422656+00:00
2026-01-15,9,30.31,47,21.22,42.43,2026-01-15T09:00:00+08:00,2026-01-15T21:00:00+08:00,OPERATING,12.09,0.0,15.98,0,0,1,winter,2026-08-31T02:21:38.422656+00:00
2026-01-15,10,40.24,45,28.17,56.34,2026-01-15T09:00:00+08:00,2026-01-15T21:00:00+08:00,OPERATING,13.96,0.0,15.45,0,0,1,winter,2026-08-31T02:21:38.422656+00:00
2026-01-15,11,48.11,44,33.68,67.36,2026-01-15T09:00:00+08:00,2026-01-15T21:00:00+08:00,OPERATING,12.53,0.0,15.72,0,0,1,winter,2026-08-31T02:21:38.422656+00:00
2026-01-15,12,53.56,46,37.49,74.99,2026-01-15T09:00:00+08:00,2026-01-15T21:00:00+08:00,OPERATING,12.83,0.0,16.01,0,0,1,winter,2026-08-31T02:21:38.422656+00:00
2026-01-15,13,55.95,46,39.16,78.33,2026-01-15T09:00:00+08:00,2026-01-15T21:00:00+08:00,OPERATING,13.81,0.0,16.46,0,0,1,winter,2026-08-31T02:21:38.422656+00:00
2026-01-15,14,61.97,44,43.38,86.76,2026-01-15T09:00:00+08:00,2026-01-15T21:00:00+08:00,OPERATING,13.14,0.0,16.23,0,0,1,winter,2026-08-31T02:21:38.422656+00:00
2026-01-15,15,63.28,44,44.3,88.6,2026-01-15T09:00:00+08:00,2026-01-15T21:00:00+08:00,OPERATING,13.31,0.0,17.39,0,0,1,winter,2026-08-31T02:21:38.422656+00:00
2026-01-15,16,58.34,46,40.84,81.68,2026-01-15T09:00:00+08:00,2026-01-15T21:00:00+08:00,OPERATING,14.31,0.0,17.16,0,0,1,winter,2026-08-31T02:21:38.422656+00:00
2026-01-15,17,52.56,43,36.8,73.59,2026-01-15T09:00:00+08:00,2026-01-15T21:00:00+08:00,OPERATING,13.48,0.0,16.2,0,0,1,winter,2026-08-31T02:21:38.422656+00:00
2026-01-15,18,50.78,44,35.55,71.1,2026-01-15T09:00:00+08:00,2026-01-15T21:00:00+08:00,OPERATING,14.76,0.0,14.57,0,0,1,winter,2026-08-31T02:21:38.422656+00:00
2026-01-15,19,45.04,46,31.52,63.05,2026-01-15T09:00:00+08:00,2026-01-15T21:00:00+08:00,OPERATING,14.34,0.0,16.95,0,0,1,winter,2026-08-31T02:21:38.422656+00:00
2026-01-15,20,40.5,44,28.35,56.69,2026-01-15T09:00:00+08:00,2026-01-15T21:00:00+08:00,OPERATING,11.62,0.0,14.99,0,0,1,winter,2026-08-31T02:21:38.422656+00:00
2026-01-15,21,23.99,45,16.79,33.59,2026-01-15T09:00:00+08:00,2026-01-15T21:00:00+08:00,OPERATING,11.37,0.0,15.47,0,0,1,winter,2026-08-31T02:21:38.422656+00:00
2026-01-16,9,29.18,45,20.42,40.85,2026-01-16T09:00:00+08:00,2026-01-16T21:00:00+08:00,OPERATING,11.2,0.0,9.58,0,0,1,winter,2026-08-31T02:21:38.422656+00:00
2026-01-16,10,36.8,46,25.76,51.51,2026-01-16T09:00:00+08:00,2026-01-16T21:00:00+08:00,OPERATING,11.51,0.0,6.73,0,0,1,winter,2026-08-31T02:21:38.422656+00:00
2026-01-16,11,47.45,47,33.21,66.43,2026-01-16T09:00:00+08:00,2026-01-16T21:00:00+08:00,OPERATING,10.8,0.0,9.89,0,0,1,winter,2026-08-31T02:21:38.422656+00:00
2026-01-16,12,52.73,47,36.91,73.83,2026-01-16T09:00:00+08:00,2026-01-16T21:00:00+08:00,OPERATING,12.38,0.0,8.93,0,0,1,winter,2026-08-31T02:21:38.422656+00:00
2026-01-16,13,52.8,47,36.96,73.91,2026-01-16T09:00:00+08:00,2026-01-16T21:00:00+08:00,OPERATING,12.42,0.0,8.7,0,0,1,winter,2026-08-31T02:21:38.422656+00:00
2026-01-16,14,55.69,46,38.98,77.97,2026-01-16T09:00:00+08:00,2026-01-16T21:00:00+08:00,OPERATING,12.15,0.0,9.32,0,0,1,winter,2026-08-31T02:21:38.422656+00:00
2026-01-16,15,61.38,44,42.97,85.93,2026-01-16T09:00:00+08:00,2026-01-16T21:00:00+08:00,OPERATING,12.58,0.0,9.51,0,0,1,winter,2026-08-31T02:21:38.422656+00:00
2026-01-16,16,54.23,45,37.96,75.93,2026-01-16T09:00:00+08:00,2026-01-16T21:00:00+08:00,OPERATING,10.92,0.0,8.36,0,0,1,winter,2026-08-31T02:21:38.422656+00:00
2026-01-16,17,48.87,43,34.21,68.41,2026-01-16T09:00:00+08:00,2026-01-16T21:00:00+08:00,OPERATING,11.98,0.0,8.74,0,0,1,winter,2026-08-31T02:21:38.422656+00:00
2026-01-16,18,48.99,43,34.3,68.59,2026-01-16T09:00:00+08:00,2026-01-16T21:00:00+08:00,OPERATING,10.87,0.0,10.42,0,0,1,winter,2026-08-31T02:21:38.422656+00:00
2026-01-16,19,39.75,44,27.82,55.65,2026-01-16T09:00:00+08:00,2026-01-16T21:00:00+08:00,OPERATING,11.62,0.0,8.38,0,0,1,winter,2026-08-31T02:21:38.422656+00:00
2026-01-16,20,37.59,47,26.31,52.62,2026-01-16T09:00:00+08:00,2026-01-16T21:00:00+08:00,OPERATING,10.93,0.0,8.86,0,0,1,winter,2026-08-31T02:21:38.422656+00:00
2026-01-16,21,21.94,46,15.36,30.72,2026-01-16T09:00:00+08:00,2026-01-16T21:00:00+08:00,OPERATING,12.5,0.0,8.28,0,0,1,winter,2026-08-31T02:21:38.422656+00:00
2026-01-17,9,47.0,47,32.9,65.79,2026-01-17T09:00:00+08:00,2026-01-17T21:00:00+08:00,OPERATING,9.88,0.0,18.04,1,1,1,winter,2026-08-31T02:21:38.422656+00:00
2026-01-17,10,60.29,46,42.2,84.41,2026-01-17T09:00:00+08:00,2026-01-17T21:00:00+08:00,OPERATING,10.35,0.0,18.38,1,1,1,winter,2026-08-31T02:21:38.422656+00:00
2026-01-17,11,74.66,47,52.26,104.53,2026-01-17T09:00:00+08:00,2026-01-17T21:00:00+08:00,OPERATING,10.24,0.0,17.62,1,1,1,winter,2026-08-31T02:21:38.422656+00:00
2026-01-17,12,86.95,46,60.87,121.73,2026-01-17T09:00:00+08:00,2026-01-17T21:00:00+08:00,OPERATING,9.34,0.0,18.05,1,1,1,winter,2026-08-31T02:21:38.422656+00:00
2026-01-17,13,90.45,44,63.31,126.63,2026-01-17T09:00:00+08:00,2026-01-17T21:00:00+08:00,OPERATING,9.24,0.0,18.79,1,1,1,winter,2026-08-31T02:21:38.422656+00:00
2026-01-17,14,93.15,44,65.2,130.4,2026-01-17T09:00:00+08:00,2026-01-17T21:00:00+08:00,OPERATING,12.02,0.0,19.66,1,1,1,winter,2026-08-31T02:21:38.422656+00:00
2026-01-17,15,97.35,45,68.14,136.29,2026-01-17T09:00:00+08:00,2026-01-17T21:00:00+08:00,OPERATING,9.16,0.0,17.09,1,1,1,winter,2026-08-31T02:21:38.422656+00:00
2026-01-17,16,92.68,46,64.87,129.75,2026-01-17T09:00:00+08:00,2026-01-17T21:00:00+08:00,OPERATING,10.09,0.0,16.48,1,1,1,winter,2026-08-31T02:21:38.422656+00:00
2026-01-17,17,85.6,46,59.92,119.84,2026-01-17T09:00:00+08:00,2026-01-17T21:00:00+08:00,OPERATING,10.14,0.0,17.57,1,1,1,winter,2026-08-31T02:21:38.422656+00:00
2026-01-17,18,76.46,44,53.52,107.05,2026-01-17T09:00:00+08:00,2026-01-17T21:00:00+08:00,OPERATING,9.16,0.0,17.43,1,1,1,winter,2026-08-31T02:21:38.422656+00:00
2026-01-17,19,64.39,46,45.08,90.15,2026-01-17T09:00:00+08:00,2026-01-17T21:00:00+08:00,OPERATING,9.85,0.0,18.99,1,1,1,winter,2026-08-31T02:21:38.422656+00:00
2026-01-17,20,56.43,44,39.5,79.01,2026-01-17T09:00:00+08:00,2026-01-17T21:00:00+08:00,OPERATING,10.84,0.0,18.35,1,1,1,winter,2026-08-31T02:21:38.422656+00:00
2026-01-17,21,38.79,46,27.15,54.3,2026-01-17T09:00:00+08:00,2026-01-17T21:00:00+08:00,OPERATING,9.96,0.0,17.32,1,1,1,winter,2026-08-31T02:21:38.422656+00:00
2026-01-18,9,43.63,46,30.54,61.08,2026-01-18T09:00:00+08:00,2026-01-18T21:00:00+08:00,OPERATING,10.75,0.0,13.81,1,1,1,winter,2026-08-31T02:21:38.422656+00:00
2026-01-18,10,58.9,47,41.23,82.47,2026-01-18T09:00:00+08:00,2026-01-18T21:00:00+08:00,OPERATING,9.64,0.0,13.92,1,1,1,winter,2026-08-31T02:21:38.422656+00:00
2026-01-18,11,73.41,44,51.38,102.77,2026-01-18T09:00:00+08:00,2026-01-18T21:00:00+08:00,OPERATING,12.33,0.0,11.72,1,1,1,winter,2026-08-31T02:21:38.422656+00:00
2026-01-18,12,80.47,47,56.33,112.66,2026-01-18T09:00:00+08:00,2026-01-18T21:00:00+08:00,OPERATING,9.43,0.0,12.47,1,1,1,winter,2026-08-31T02:21:38.422656+00:00
2026-01-18,13,88.31,46,61.82,123.64,2026-01-18T09:00:00+08:00,2026-01-18T21:00:00+08:00,OPERATING,11.28,0.0,12.53,1,1,1,winter,2026-08-31T02:21:38.422656+00:00
2026-01-18,14,91.25,43,63.88,127.75,2026-01-18T09:00:00+08:00,2026-01-18T21:00:00+08:00,OPERATING,10.9,0.0,12.0,1,1,1,winter,2026-08-31T02:21:38.422656+00:00
2026-01-18,15,97.28,45,68.09,136.19,2026-01-18T09:00:00+08:00,2026-01-18T21:00:00+08:00,OPERATING,9.77,0.0,11.4,1,1,1,winter,2026-08-31T02:21:38.422656+00:00
2026-01-18,16,89.58,45,62.71,125.42,2026-01-18T09:00:00+08:00,2026-01-18T21:00:00+08:00,OPERATING,10.56,0.0,12.65,1,1,1,winter,2026-08-31T02:21:38.422656+00:00
2026-01-18,17,86.91,44,60.84,121.67,2026-01-18T09:00:00+08:00,2026-01-18T21:00:00+08:00,OPERATING,10.24,0.0,12.2,1,1,1,winter,2026-08-31T02:21:38.422656+00:00
2026-01-18,18,74.2,44,51.94,103.87,2026-01-18T09:00:00+08:00,2026-01-18T21:00:00+08:00,OPERATING,11.08,0.0,12.56,1,1,1,winter,2026-08-31T02:21:38.422656+00:00
2026-01-18,19,66.02,43,46.21,92.42,2026-01-18T09:00:00+08:00,2026-01-18T21:00:00+08:00,OPERATING,12.11,0.0,12.53,1,1,1,winter,2026-08-31T02:21:38.422656+00:00
2026-01-18,20,52.48,45,36.73,73.47,2026-01-18T09:00:00+08:00,2026-01-18T21:00:00+08:00,OPERATING,8.97,0.0,11.48,1,1,1,winter,2026-08-31T02:21:38.422656+00:00
2026-01-18,21,40.69,44,28.48,56.96,2026-01-18T09:00:00+08:00,2026-01-18T21:00:00+08:00,OPERATING,11.04,0.0,12.86,1,1,1,winter,2026-08-31T02:21:38.422656+00:00
2026-01-19,9,30.21,47,21.14,42.29,2026-01-19T09:00:00+08:00,2026-01-19T21:00:00+08:00,OPERATING,6.97,1.2,24.48,0,0,1,winter,2026-08-31T02:21:38.422656+00:00
2026-01-19,10,40.85,45,28.6,57.19,2026-01-19T09:00:00+08:00,2026-01-19T21:00:00+08:00,OPERATING,6.98,1.2,23.1,0,0,1,winter,2026-08-31T02:21:38.422656+00:00
2026-01-19,11,55.88,47,39.12,78.23,2026-01-19T09:00:00+08:00,2026-01-19T21:00:00+08:00,OPERATING,6.9,1.2,26.82,0,0,1,winter,2026-08-31T02:21:38.422656+00:00
2026-01-19,12,56.46,46,39.52,79.04,2026-01-19T09:00:00+08:00,2026-01-19T21:00:00+08:00,OPERATING,7.12,1.2,21.67,0,0,1,winter,2026-08-31T02:21:38.422656+00:00
2026-01-19,13,60.7,44,42.49,84.97,2026-01-19T09:00:00+08:00,2026-01-19T21:00:00+08:00,OPERATING,7.44,1.2,23.44,0,0,1,winter,2026-08-31T02:21:38.422656+00:00
2026-01-19,14,61.34,47,42.94,85.88,2026-01-19T09:00:00+08:00,2026-01-19T21:00:00+08:00,OPERATING,6.51,1.2,23.04,0,0,1,winter,2026-08-31T02:21:38.422656+00:00
2026-01-19,15,70.53,45,49.37,98.75,2026-01-19T09:00:00+08:00,2026-01-19T21:00:00+08:00,OPERATING,6.27,1.2,24.18,0,0,1,winter,2026-08-31T02:21:38.422656+00:00
2026-01-19,16,65.4,47,45.78,91.55,2026-01-19T09:00:00+08:00,2026-01-19T21:00:00+08:00,OPERATING,4.68,1.2,23.16,0,0,1,winter,2026-08-31T02:21:38.422656+00:00
2026-01-19,17,55.31,47,38.72,77.43,2026-01-19T09:00:00+08:00,2026-01-19T21:00:00+08:00,OPERATING,6.32,1.2,22.01,0,0,1,winter,2026-08-31T02:21:38.422656+00:00
2026-01-19,18,52.84,43,36.99,73.98,2026-01-19T09:00:00+08:00,2026-01-19T21:00:00+08:00,OPERATING,6.48,1.2,23.22,0,0,1,winter,2026-08-31T02:21:38.422656+00:00
2026-01-19,19,46.82,47,32.77,65.55,2026-01-19T09:00:00+08:00,2026-01-19T21:00:00+08:00,OPERATING,5.8,1.2,22.39,0,0,1,winter,2026-08-31T02:21:38.422656+00:00
2026-01-19,20,39.86,47,27.9,55.8,2026-01-19T09:00:00+08:00,2026-01-19T21:00:00+08:00,OPERATING,7.5,1.2,22.43,0,0,1,winter,2026-08-31T02:21:38.422656+00:00
2026-01-19,21,26.15,45,18.3,36.61,2026-01-19T09:00:00+08:00,2026-01-19T21:00:00+08:00,OPERATING,6.82,1.2,24.07,0,0,1,winter,2026-08-31T02:21:38.422656+00:00
2026-01-20,9,32.99,45,23.09,46.18,2026-01-20T09:00:00+08:00,2026-01-20T21:00:00+08:00,OPERATING,2.0,0.7,22.06,0,0,1,winter,2026-08-31T02:21:38.422656+00:00
2026-01-20,10,42.03,47,29.42,58.84,2026-01-20T09:00:00+08:00,2026-01-20T21:00:00+08:00,OPERATING,2.76,0.7,21.7,0,0,1,winter,2026-08-31T02:21:38.422656+00:00
2026-01-20,11,50.25,45,35.17,70.35,2026-01-20T09:00:00+08:00,2026-01-20T21:00:00+08:00,OPERATING,3.66,0.7,23.12,0,0,1,winter,2026-08-31T02:21:38.422656+00:00
2026-01-20,12,59.08,43,41.35,82.71,2026-01-20T09:00:00+08:00,2026-01-20T21:00:00+08:00,OPERATING,1.42,0.7,22.74,0,0,1,winter,2026-08-31T02:21:38.422656+00:00
2026-01-20,13,59.21,47,41.45,82.89,2026-01-20T09:00:00+08:00,2026-01-20T21:00:00+08:00,OPERATING,0.98,0.7,20.73,0,0,1,winter,2026-08-31T02:21:38.422656+00:00
2026-01-20,14,63.55,44,44.48,88.96,2026-01-20T09:00:00+08:00,2026-01-20T21:00:00+08:00,OPERATING,1.59,0.7,21.67,0,0,1,winter,2026-08-31T02:21:38.422656+00:00
2026-01-20,15,63.2,45,44.24,88.48,2026-01-20T09:00:00+08:00,2026-01-20T21:00:00+08:00,OPERATING,0.91,0.7,22.84,0,0,1,winter,2026-08-31T02:21:38.422656+00:00
2026-01-20,16,61.95,46,43.36,86.73,2026-01-20T09:00:00+08:00,2026-01-20T21:00:00+08:00,OPERATING,1.79,0.7,21.6,0,0,1,winter,2026-08-31T02:21:38.422656+00:00
2026-01-20,17,59.61,45,41.72,83.45,2026-01-20T09:00:00+08:00,2026-01-20T21:00:00+08:00,OPERATING,2.17,0.7,21.58,0,0,1,winter,2026-08-31T02:21:38.422656+00:00
2026-01-20,18,54.67,46,38.27,76.54,2026-01-20T09:00:00+08:00,2026-01-20T21:00:00+08:00,OPERATING,3.13,0.7,22.0,0,0,1,winter,2026-08-31T02:21:38.422656+00:00
2026-01-20,19,45.86,43,32.1,64.2,2026-01-20T09:00:00+08:00,2026-01-20T21:00:00+08:00,OPERATING,1.42,0.7,21.57,0,0,1,winter,2026-08-31T02:21:38.422656+00:00
2026-01-20,20,36.72,45,25.71,51.41,2026-01-20T09:00:00+08:00,2026-01-20T21:00:00+08:00,OPERATING,3.63,0.7,20.56,0,0,1,winter,2026-08-31T02:21:38.422656+00:00
2026-01-20,21,27.84,46,19.49,38.98,2026-01-20T09:00:00+08:00,2026-01-20T21:00:00+08:00,OPERATING,-0.15,0.7,19.43,0,0,1,winter,2026-08-31T02:21:38.422656+00:00
2026-01-21,9,32.53,44,22.77,45.55,2026-01-21T09:00:00+08:00,2026-01-21T21:00:00+08:00,OPERATING,-0.93,0.0,18.56,0,0,1,winter,2026-08-31T02:21:38.422656+00:00
2026-01-21,10,44.57,46,31.2,62.4,2026-01-21T09:00:00+08:00,2026-01-21T21:00:00+08:00,OPERATING,0.51,0.0,18.91,0,0,1,winter,2026-08-31T02:21:38.422656+00:00
2026-01-21,11,56.45,43,39.52,79.04,2026-01-21T09:00:00+08:00,2026-01-21T21:00:00+08:00,OPERATING,-0.1,0.0,19.58,0,0,1,winter,2026-08-31T02:21:38.422656+00:00
2026-01-21,12,61.11,44,42.77,85.55,2026-01-21T09:00:00+08:00,2026-01-21T21:00:00+08:00,OPERATING,-0.27,0.0,20.7,0,0,1,winter,2026-08-31T02:21:38.422656+00:00
2026-01-21,13,64.35,45,45.04,90.09,2026-01-21T09:00:00+08:00,2026-01-21T21:00:00+08:00,OPERATING,-1.03,0.0,19.46,0,0,1,winter,2026-08-31T02:21:38.422656+00:00
2026-01-21,14,64.57,47,45.2,90.4,2026-01-21T09:00:00+08:00,2026-01-21T21:00:00+08:00,OPERATING,-0.18,0.0,19.11,0,0,1,winter,2026-08-31T02:21:38.422656+00:00
2026-01-21,15,72.84,46,50.99,101.98,2026-01-21T09:00:00+08:00,2026-01-21T21:00:00+08:00,OPERATING,-0.16,0.0,20.42,0,0,1,winter,2026-08-31T02:21:38.422656+00:00
2026-01-21,16,66.78,44,46.75,93.5,2026-01-21T09:00:00+08:00,2026-01-21T21:00:00+08:00,OPERATING,2.0,0.0,19.61,0,0,1,winter,2026-08-31T02:21:38.422656+00:00
2026-01-21,17,62.61,47,43.83,87.65,2026-01-21T09:00:00+08:00,2026-01-21T21:00:00+08:00,OPERATING,-0.2,0.0,18.86,0,0,1,winter,2026-08-31T02:21:38.422656+00:00
2026-01-21,18,55.64,47,38.95,77.9,2026-01-21T09:00:00+08:00,2026-01-21T21:00:00+08:00,OPERATING,0.48,0.0,20.71,0,0,1,winter,2026-08-31T02:21:38.422656+00:00
2026-01-21,19,48.67,47,34.07,68.14,2026-01-21T09:00:00+08:00,2026-01-21T21:00:00+08:00,OPERATING,0.63,0.0,19.91,0,0,1,winter,2026-08-31T02:21:38.422656+00:00
2026-01-21,20,45.98,43,32.19,64.38,2026-01-21T09:00:00+08:00,2026-01-21T21:00:00+08:00,OPERATING,-0.12,0.0,21.68,0,0,1,winter,2026-08-31T02:21:38.422656+00:00
2026-01-21,21,27.21,47,19.05,38.1,2026-01-21T09:00:00+08:00,2026-01-21T21:00:00+08:00,OPERATING,0.5,0.0,18.89,0,0,1,winter,2026-08-31T02:21:38.422656+00:00
2026-01-22,9,29.8,44,20.86,41.72,2026-01-22T09:00:00+08:00,2026-01-22T21:00:00+08:00,OPERATING,1.2,0.0,14.33,0,0,1,winter,2026-08-31T02:21:38.422656+00:00
2026-01-22,10,35.27,44,24.69,49.38,2026-01-22T09:00:00+08:00,2026-01-22T21:00:00+08:00,OPERATING,1.74,0.0,14.86,0,0,1,winter,2026-08-31T02:21:38.422656+00:00
2026-01-22,11,52.05,46,36.43,72.86,2026-01-22T09:00:00+08:00,2026-01-22T21:00:00+08:00,OPERATING,1.59,0.0,16.85,0,0,1,winter,2026-08-31T02:21:38.422656+00:00
2026-01-22,12,57.93,44,40.55,81.1,2026-01-22T09:00:00+08:00,2026-01-22T21:00:00+08:00,OPERATING,1.49,0.0,16.25,0,0,1,winter,2026-08-31T02:21:38.422656+00:00
2026-01-22,13,59.95,44,41.96,83.93,2026-01-22T09:00:00+08:00,2026-01-22T21:00:00+08:00,OPERATING,-0.41,0.0,14.98,0,0,1,winter,2026-08-31T02:21:38.422656+00:00
2026-01-22,14,61.14,47,42.8,85.6,2026-01-22T09:00:00+08:00,2026-01-22T21:00:00+08:00,OPERATING,1.4,0.0,14.93,0,0,1,winter,2026-08-31T02:21:38.422656+00:00
2026-01-22,15,67.67,43,47.37,94.74,2026-01-22T09:00:00+08:00,2026-01-22T21:00:00+08:00,OPERATING,0.6,0.0,15.19,0,0,1,winter,2026-08-31T02:21:38.422656+00:00
2026-01-22,16,63.18,47,44.23,88.45,2026-01-22T09:00:00+08:00,2026-01-22T21:00:00+08:00,OPERATING,1.77,0.0,14.98,0,0,1,winter,2026-08-31T02:21:38.422656+00:00
2026-01-22,17,56.75,47,39.73,79.45,2026-01-22T09:00:00+08:00,2026-01-22T21:00:00+08:00,OPERATING,-0.01,0.0,16.45,0,0,1,winter,2026-08-31T02:21:38.422656+00:00
2026-01-22,18,48.45,45,33.91,67.82,2026-01-22T09:00:00+08:00,2026-01-22T21:00:00+08:00,OPERATING,0.14,0.0,16.3,0,0,1,winter,2026-08-31T02:21:38.422656+00:00
2026-01-22,19,46.79,43,32.75,65.51,2026-01-22T09:00:00+08:00,2026-01-22T21:00:00+08:00,OPERATING,-0.47,0.0,16.45,0,0,1,winter,2026-08-31T02:21:38.422656+00:00
2026-01-22,20,37.13,45,25.99,51.98,2026-01-22T09:00:00+08:00,2026-01-22T21:00:00+08:00,OPERATING,0.4,0.0,15.34,0,0,1,winter,2026-08-31T02:21:38.422656+00:00
2026-01-22,21,25.98,45,18.19,36.37,2026-01-22T09:00:00+08:00,2026-01-22T21:00:00+08:00,OPERATING,-0.24,0.0,18.39,0,0,1,winter,2026-08-31T02:21:38.422656+00:00
2026-01-23,9,30.75,47,21.53,43.06,2026-01-23T09:00:00+08:00,2026-01-23T21:00:00+08:00,OPERATING,1.46,0.0,10.37,0,0,1,winter,2026-08-31T02:21:38.422656+00:00
2026-01-23,10,39.11,43,27.38,54.75,2026-01-23T09:00:00+08:00,2026-01-23T21:00:00+08:00,OPERATING,1.73,0.0,8.01,0,0,1,winter,2026-08-31T02:21:38.422656+00:00
2026-01-23,11,51.46,45,36.02,72.04,2026-01-23T09:00:00+08:00,2026-01-23T21:00:00+08:00,OPERATING,1.69,0.0,8.59,0,0,1,winter,2026-08-31T02:21:38.422656+00:00
2026-01-23,12,53.4,47,37.38,74.76,2026-01-23T09:00:00+08:00,2026-01-23T21:00:00+08:00,OPERATING,2.82,0.0,8.63,0,0,1,winter,2026-08-31T02:21:38.422656+00:00
2026-01-23,13,59.95,46,41.97,83.94,2026-01-23T09:00:00+08:00,2026-01-23T21:00:00+08:00,OPERATING,2.77,0.0,6.55,0,0,1,winter,2026-08-31T02:21:38.422656+00:00
2026-01-23,14,60.25,46,42.17,84.35,2026-01-23T09:00:00+08:00,2026-01-23T21:00:00+08:00,OPERATING,1.9,0.0,6.57,0,0,1,winter,2026-08-31T02:21:38.422656+00:00
2026-01-23,15,63.17,45,44.22,88.43,2026-01-23T09:00:00+08:00,2026-01-23T21:00:00+08:00,OPERATING,2.29,0.0,7.4,0,0,1,winter,2026-08-31T02:21:38.422656+00:00
2026-01-23,16,61.8,44,43.26,86.52,2026-01-23T09:00:00+08:00,2026-01-23T21:00:00+08:00,OPERATING,1.45,0.0,7.52,0,0,1,winter,2026-08-31T02:21:38.422656+00:00
2026-01-23,17,56.36,44,39.45,78.9,2026-01-23T09:00:00+08:00,2026-01-23T21:00:00+08:00,OPERATING,2.27,0.0,7.8,0,0,1,winter,2026-08-31T02:21:38.422656+00:00
2026-01-23,18,51.41,46,35.98,71.97,2026-01-23T09:00:00+08:00,2026-01-23T21:00:00+08:00,OPERATING,1.38,0.0,8.96,0,0,1,winter,2026-08-31T02:21:38.422656+00:00
2026-01-23,19,46.41,44,32.49,64.98,2026-01-23T09:00:00+08:00,2026-01-23T21:00:00+08:00,OPERATING,1.46,0.0,5.98,0,0,1,winter,2026-08-31T02:21:38.422656+00:00
2026-01-23,20,34.97,47,24.48,48.96,2026-01-23T09:00:00+08:00,2026-01-23T21:00:00+08:00,OPERATING,2.41,0.0,7.67,0,0,1,winter,2026-08-31T02:21:38.422656+00:00
2026-01-23,21,27.78,44,19.44,38.89,2026-01-23T09:00:00+08:00,2026-01-23T21:00:00+08:00,OPERATING,1.4,0.0,9.77,0,0,1,winter,2026-08-31T02:21:38.422656+00:00
2026-01-24,9,36.38,45,25.47,50.94,2026-01-24T09:00:00+08:00,2026-01-24T21:00:00+08:00,OPERATING,3.07,0.0,7.96,1,1,1,winter,2026-08-31T02:21:38.422656+00:00
2026-01-24,10,48.87,45,34.21,68.42,2026-01-24T09:00:00+08:00,2026-01-24T21:00:00+08:00,OPERATING,4.43,0.0,10.02,1,1,1,winter,2026-08-31T02:21:38.422656+00:00
2026-01-24,11,60.29,43,42.2,84.41,2026-01-24T09:00:00+08:00,2026-01-24T21:00:00+08:00,OPERATING,4.95,0.0,9.44,1,1,1,winter,2026-08-31T02:21:38.422656+00:00
2026-01-24,12,73.0,47,51.1,102.2,2026-01-24T09:00:00+08:00,2026-01-24T21:00:00+08:00,OPERATING,2.24,0.0,8.81,1,1,1,winter,2026-08-31T02:21:38.422656+00:00
2026-01-24,13,72.35,46,50.65,101.29,2026-01-24T09:00:00+08:00,2026-01-24T21:00:00+08:00,OPERATING,4.99,0.0,11.03,1,1,1,winter,2026-08-31T02:21:38.422656+00:00
2026-01-24,14,76.82,43,53.77,107.54,2026-01-24T09:00:00+08:00,2026-01-24T21:00:00+08:00,OPERATING,5.21,0.0,7.1,1,1,1,winter,2026-08-31T02:21:38.422656+00:00
2026-01-24,15,81.77,45,57.24,114.47,2026-01-24T09:00:00+08:00,2026-01-24T21:00:00+08:00,OPERATING,3.71,0.0,9.84,1,1,1,winter,2026-08-31T02:21:38.422656+00:00
2026-01-24,16,75.3,46,52.71,105.42,2026-01-24T09:00:00+08:00,2026-01-24T21:00:00+08:00,OPERATING,2.8,0.0,8.03,1,1,1,winter,2026-08-31T02:21:38.422656+00:00
2026-01-24,17,70.92,47,49.65,99.29,2026-01-24T09:00:00+08:00,2026-01-24T21:00:00+08:00,OPERATING,1.3,0.0,10.34,1,1,1,winter,2026-08-31T02:21:38.422656+00:00
2026-01-24,18,60.6,44,42.42,84.84,2026-01-24T09:00:00+08:00,2026-01-24T21:00:00+08:00,OPERATING,2.89,0.0,9.17,1,1,1,winter,2026-08-31T02:21:38.422656+00:00
2026-01-24,19,56.72,45,39.7,79.4,2026-01-24T09:00:00+08:00,2026-01-24T21:00:00+08:00,OPERATING,4.28,0.0,10.07,1,1,1,winter,2026-08-31T02:21:38.422656+00:00
2026-01-24,20,42.04,46,29.43,58.86,2026-01-24T09:00:00+08:00,2026-01-24T21:00:00+08:00,OPERATING,3.85,0.0,6.33,1,1,1,winter,2026-08-31T02:21:38.422656+00:00
2026-01-24,21,30.29,47,21.2,42.4,2026-01-24T09:00:00+08:00,2026-01-24T21:00:00+08:00,OPERATING,5.23,0.0,8.55,1,1,1,winter,2026-08-31T02:21:38.422656+00:00
2026-01-25,9,48.45,43,33.92,67.84,2026-01-25T09:00:00+08:00,2026-01-25T21:00:00+08:00,OPERATING,7.98,0.3,17.25,1,1,1,winter,2026-08-31T02:21:38.422656+00:00
2026-01-25,10,60.31,44,42.22,84.44,2026-01-25T09:00:00+08:00,2026-01-25T21:00:00+08:00,OPERATING,7.23,0.3,17.43,1,1,1,winter,2026-08-31T02:21:38.422656+00:00
2026-01-25,11,73.71,43,51.59,103.19,2026-01-25T09:00:00+08:00,2026-01-25T21:00:00+08:00,OPERATING,6.76,0.3,17.04,1,1,1,winter,2026-08-31T02:21:38.422656+00:00
2026-01-25,12,82.14,46,57.5,114.99,2026-01-25T09:00:00+08:00,2026-01-25T21:00:00+08:00,OPERATING,8.59,0.3,17.22,1,1,1,winter,2026-08-31T02:21:38.422656+00:00
2026-01-25,13,87.16,45,61.01,122.02,2026-01-25T09:00:00+08:00,2026-01-25T21:00:00+08:00,OPERATING,6.79,0.3,15.45,1,1,1,winter,2026-08-31T02:21:38.422656+00:00
2026-01-25,14,87.13,44,60.99,121.99,2026-01-25T09:00:00+08:00,2026-01-25T21:00:00+08:00,OPERATING,8.05,0.3,18.02,1,1,1,winter,2026-08-31T02:21:38.422656+00:00
2026-01-25,15,93.99,46,65.8,131.59,2026-01-25T09:00:00+08:00,2026-01-25T21:00:00+08:00,OPERATING,7.38,0.3,17.26,1,1,1,winter,2026-08-31T02:21:38.422656+00:00
2026-01-25,16,89.68,44,62.77,125.55,2026-01-25T09:00:00+08:00,2026-01-25T21:00:00+08:00,OPERATING,6.7,0.3,16.22,1,1,1,winter,2026-08-31T02:21:38.422656+00:00
2026-01-25,17,85.9,45,60.13,120.26,2026-01-25T09:00:00+08:00,2026-01-25T21:00:00+08:00,OPERATING,9.34,0.3,17.38,1,1,1,winter,2026-08-31T02:21:38.422656+00:00
2026-01-25,18,76.76,43,53.73,107.46,2026-01-25T09:00:00+08:00,2026-01-25T21:00:00+08:00,OPERATING,7.49,0.3,17.7,1,1,1,winter,2026-08-31T02:21:38.422656+00:00
2026-01-25,19,66.2,43,46.34,92.68,2026-01-25T09:00:00+08:00,2026-01-25T21:00:00+08:00,OPERATING,8.52,0.3,19.11,1,1,1,winter,2026-08-31T02:21:38.422656+00:00
2026-01-25,20,53.45,43,37.42,74.84,2026-01-25T09:00:00+08:00,2026-01-25T21:00:00+08:00,OPERATING,8.3,0.3,17.11,1,1,1,winter,2026-08-31T02:21:38.422656+00:00
2026-01-25,21,39.79,46,27.85,55.71,2026-01-25T09:00:00+08:00,2026-01-25T21:00:00+08:00,OPERATING,7.19,0.3,17.25,1,1,1,winter,2026-08-31T02:21:38.422656+00:00
2026-01-26,9,29.41,46,20.58,41.17,2026-01-26T09:00:00+08:00,2026-01-26T21:00:00+08:00,OPERATING,8.39,7.4,17.25,0,0,1,winter,2026-08-31T02:21:38.422656+00:00
2026-01-26,10,35.84,43,25.09,50.18,2026-01-26T09:00:00+08:00,2026-01-26T21:00:00+08:00,OPERATING,9.53,7.4,15.51,0,0,1,winter,2026-08-31T02:21:38.422656+00:00
2026-01-26,11,50.91,45,35.64,71.27,2026-01-26T09:00:00+08:00,2026-01-26T21:00:00+08:00,OPERATING,10.43,7.4,17.76,0,0,1,winter,2026-08-31T02:21:38.422656+00:00
2026-01-26,12,53.83,45,37.68,75.36,2026-01-26T09:00:00+08:00,2026-01-26T21:00:00+08:00,OPERATING,8.53,7.4,16.66,0,0,1,winter,2026-08-31T02:21:38.422656+00:00
2026-01-26,13,45.85,46,37.76,75.52,2026-01-26T09:00:00+08:00,2026-01-26T21:00:00+08:00,OPERATING,6.9,7.4,17.99,0,0,1,winter,2026-08-31T02:21:38.422656+00:00
2026-01-26,14,49.09,47,40.42,80.85,2026-01-26T09:00:00+08:00,2026-01-26T21:00:00+08:00,OPERATING,7.95,7.4,16.43,0,0,1,winter,2026-08-31T02:21:38.422656+00:00
2026-01-26,15,53.99,46,44.47,88.93,2026-01-26T09:00:00+08:00,2026-01-26T21:00:00+08:00,OPERATING,9.8,7.4,15.7,0,0,1,winter,2026-08-31T02:21:38.422656+00:00
2026-01-26,16,51.43,44,42.36,84.72,2026-01-26T09:00:00+08:00,2026-01-26T21:00:00+08:00,OPERATING,8.57,7.4,16.35,0,0,1,winter,2026-08-31T02:21:38.422656+00:00
2026-01-26,17,49.8,47,34.86,69.72,2026-01-26T09:00:00+08:00,2026-01-26T21:00:00+08:00,OPERATING,8.56,7.4,17.33,0,0,1,winter,2026-08-31T02:21:38.422656+00:00
2026-01-26,18,47.08,45,32.96,65.91,2026-01-26T09:00:00+08:00,2026-01-26T21:00:00+08:00,OPERATING,9.56,7.4,16.0,0,0,1,winter,2026-08-31T02:21:38.422656+00:00
2026-01-26,19,41.93,43,29.35,58.71,2026-01-26T09:00:00+08:00,2026-01-26T21:00:00+08:00,OPERATING,8.97,7.4,16.09,0,0,1,winter,2026-08-31T02:21:38.422656+00:00
2026-01-26,20,40.67,47,28.47,56.94,2026-01-26T09:00:00+08:00,2026-01-26T21:00:00+08:00,OPERATING,9.54,7.4,17.19,0,0,1,winter,2026-08-31T02:21:38.422656+00:00
2026-01-26,21,24.42,44,17.09,34.18,2026-01-26T09:00:00+08:00,2026-01-26T21:00:00+08:00,OPERATING,7.98,7.4,17.78,0,0,1,winter,2026-08-31T02:21:38.422656+00:00
2026-01-27,9,30.74,45,21.52,43.04,2026-01-27T09:00:00+08:00,2026-01-27T21:00:00+08:00,OPERATING,6.69,0.0,16.96,0,0,1,winter,2026-08-31T02:21:38.422656+00:00
2026-01-27,10,42.64,46,29.84,59.69,2026-01-27T09:00:00+08:00,2026-01-27T21:00:00+08:00,OPERATING,3.06,0.0,16.9,0,0,1,winter,2026-08-31T02:21:38.422656+00:00
2026-01-27,11,57.83,43,40.48,80.96,2026-01-27T09:00:00+08:00,2026-01-27T21:00:00+08:00,OPERATING,6.84,0.0,17.7,0,0,1,winter,2026-08-31T02:21:38.422656+00:00
2026-01-27,12,59.5,45,41.65,83.3,2026-01-27T09:00:00+08:00,2026-01-27T21:00:00+08:00,OPERATING,4.7,0.0,16.43,0,0,1,winter,2026-08-31T02:21:38.422656+00:00
2026-01-27,13,64.86,43,45.4,90.81,2026-01-27T09:00:00+08:00,2026-01-27T21:00:00+08:00,OPERATING,7.43,0.0,15.55,0,0,1,winter,2026-08-31T02:21:38.422656+00:00
2026-01-27,14,71.58,47,50.1,100.21,2026-01-27T09:00:00+08:00,2026-01-27T21:00:00+08:00,OPERATING,5.21,0.0,19.7,0,0,1,winter,2026-08-31T02:21:38.422656+00:00
2026-01-27,15,70.62,46,49.43,98.86,2026-01-27T09:00:00+08:00,2026-01-27T21:00:00+08:00,OPERATING,5.4,0.0,16.94,0,0,1,winter,2026-08-31T02:21:38.422656+00:00
2026-01-27,16,71.4,46,49.98,99.97,2026-01-27T09:00:00+08:00,2026-01-27T21:00:00+08:00,OPERATING,5.4,0.0,16.94,0,0,1,winter,2026-08-31T02:21:38.422656+00:00
2026-01-27,17,66.55,47,46.58,93.17,2026-01-27T09:00:00+08:00,2026-01-27T21:00:00+08:00,OPERATING,6.07,0.0,17.75,0,0,1,winter,2026-08-31T02:21:38.422656+00:00
2026-01-27,18,55.58,43,38.9,77.81,2026-01-27T09:00:00+08:00,2026-01-27T21:00:00+08:00,OPERATING,5.22,0.0,17.08,0,0,1,winter,2026-08-31T02:21:38.422656+00:00
2026-01-27,19,55.36,45,38.75,77.5,2026-01-27T09:00:00+08:00,2026-01-27T21:00:00+08:00,OPERATING,5.5,0.0,16.66,0,0,1,winter,2026-08-31T02:21:38.422656+00:00
2026-01-27,20,41.0,47,28.7,57.4,2026-01-27T09:00:00+08:00,2026-01-27T21:00:00+08:00,OPERATING,4.02,0.0,16.64,0,0,1,winter,2026-08-31T02:21:38.422656+00:00
2026-01-27,21,27.31,46,19.12,38.23,2026-01-27T09:00:00+08:00,2026-01-27T21:00:00+08:00,OPERATING,4.71,0.0,17.24,0,0,1,winter,2026-08-31T02:21:38.422656+00:00
2026-01-28,9,31.91,45,22.34,44.67,2026-01-28T09:00:00+08:00,2026-01-28T21:00:00+08:00,OPERATING,5.4,0.0,7.5,0,0,1,winter,2026-08-31T02:21:38.422656+00:00
2026-01-28,10,37.06,44,25.94,51.88,2026-01-28T09:00:00+08:00,2026-01-28T21:00:00+08:00,OPERATING,5.5,0.0,8.09,0,0,1,winter,2026-08-31T02:21:38.422656+00:00
2026-01-28,11,49.98,46,34.99,69.97,2026-01-28T09:00:00+08:00,2026-01-28T21:00:00+08:00,OPERATING,5.37,0.0,8.02,0,0,1,winter,2026-08-31T02:21:38.422656+00:00
2026-01-28,12,57.04,47,39.93,79.85,2026-01-28T09:00:00+08:00,2026-01-28T21:00:00+08:00,OPERATING,4.52,0.0,8.7,0,0,1,winter,2026-08-31T02:21:38.422656+00:00
2026-01-28,13,59.92,47,41.94,83.88,2026-01-28T09:00:00+08:00,2026-01-28T21:00:00+08:00,OPERATING,5.22,0.0,8.06,0,0,1,winter,2026-08-31T02:21:38.422656+00:00
2026-01-28,14,63.04,45,44.13,88.25,2026-01-28T09:00:00+08:00,2026-01-28T21:00:00+08:00,OPERATING,4.43,0.0,8.54,0,0,1,winter,2026-08-31T02:21:38.422656+00:00
2026-01-28,15,65.86,44,46.1,92.21,2026-01-28T09:00:00+08:00,2026-01-28T21:00:00+08:00,OPERATING,4.82,0.0,8.69,0,0,1,winter,2026-08-31T02:21:38.422656+00:00
2026-01-28,16,61.12,46,42.78,85.57,2026-01-28T09:00:00+08:00,2026-01-28T21:00:00+08:00,OPERATING,4.59,0.0,8.67,0,0,1,winter,2026-08-31T02:21:38.422656+00:00
2026-01-28,17,55.1,43,38.57,77.14,2026-01-28T09:00:00+08:00,2026-01-28T21:00:00+08:00,OPERATING,4.65,0.0,8.68,0,0,1,winter,2026-08-31T02:21:38.422656+00:00
2026-01-28,18,53.06,47,37.14,74.28,2026-01-28T09:00:00+08:00,2026-01-28T21:00:00+08:00,OPERATING,4.74,0.0,9.42,0,0,1,winter,2026-08-31T02:21:38.422656+00:00
2026-01-28,19,44.82,46,31.37,62.75,2026-01-28T09:00:00+08:00,2026-01-28T21:00:00+08:00,OPERATING,4.87,0.0,7.88,0,0,1,winter,2026-08-31T02:21:38.422656+00:00
2026-01-28,20,38.51,47,26.96,53.91,2026-01-28T09:00:00+08:00,2026-01-28T21:00:00+08:00,OPERATING,4.93,0.0,7.29,0,0,1,winter,2026-08-31T02:21:38.422656+00:00
2026-01-28,21,27.59,46,19.31,38.63,2026-01-28T09:00:00+08:00,2026-01-28T21:00:00+08:00,OPERATING,6.62,0.0,8.37,0,0,1,winter,2026-08-31T02:21:38.422656+00:00
2026-01-29,9,27.03,47,18.92,37.84,2026-01-29T09:00:00+08:00,2026-01-29T21:00:00+08:00,OPERATING,5.86,0.0,15.57,0,0,1,winter,2026-08-31T02:21:38.422656+00:00
2026-01-29,10,40.92,47,28.64,57.29,2026-01-29T09:00:00+08:00,2026-01-29T21:00:00+08:00,OPERATING,7.45,0.0,15.28,0,0,1,winter,2026-08-31T02:21:38.422656+00:00
2026-01-29,11,50.36,44,35.25,70.51,2026-01-29T09:00:00+08:00,2026-01-29T21:00:00+08:00,OPERATING,7.33,0.0,16.02,0,0,1,winter,2026-08-31T02:21:38.422656+00:00
2026-01-29,12,56.22,46,39.36,78.71,2026-01-29T09:00:00+08:00,2026-01-29T21:00:00+08:00,OPERATING,6.43,0.0,14.08,0,0,1,winter,2026-08-31T02:21:38.422656+00:00
2026-01-29,13,56.27,45,39.39,78.78,2026-01-29T09:00:00+08:00,2026-01-29T21:00:00+08:00,OPERATING,8.03,0.0,13.63,0,0,1,winter,2026-08-31T02:21:38.422656+00:00
2026-01-29,14,59.07,44,41.35,82.69,2026-01-29T09:00:00+08:00,2026-01-29T21:00:00+08:00,OPERATING,7.83,0.0,14.75,0,0,1,winter,2026-08-31T02:21:38.422656+00:00
2026-01-29,15,59.77,47,41.84,83.68,2026-01-29T09:00:00+08:00,2026-01-29T21:00:00+08:00,OPERATING,6.04,0.0,12.79,0,0,1,winter,2026-08-31T02:21:38.422656+00:00
2026-01-29,16,60.42,47,42.3,84.59,2026-01-29T09:00:00+08:00,2026-01-29T21:00:00+08:00,OPERATING,7.32,0.0,14.3,0,0,1,winter,2026-08-31T02:21:38.422656+00:00
2026-01-29,17,55.47,43,38.83,77.66,2026-01-29T09:00:00+08:00,2026-01-29T21:00:00+08:00,OPERATING,6.93,0.0,13.56,0,0,1,winter,2026-08-31T02:21:38.422656+00:00
2026-01-29,18,53.54,46,37.48,74.95,2026-01-29T09:00:00+08:00,2026-01-29T21:00:00+08:00,OPERATING,6.88,0.0,14.64,0,0,1,winter,2026-08-31T02:21:38.422656+00:00
2026-01-29,19,43.52,44,30.46,60.92,2026-01-29T09:00:00+08:00,2026-01-29T21:00:00+08:00,OPERATING,6.07,0.0,13.71,0,0,1,winter,2026-08-31T02:21:38.422656+00:00
2026-01-29,20,35.37,46,24.76,49.51,2026-01-29T09:00:00+08:00,2026-01-29T21:00:00+08:00,OPERATING,7.4,0.0,12.74,0,0,1,winter,2026-08-31T02:21:38.422656+00:00
2026-01-29,21,26.92,43,18.85,37.69,2026-01-29T09:00:00+08:00,2026-01-29T21:00:00+08:00,OPERATING,7.52,0.0,14.7,0,0,1,winter,2026-08-31T02:21:38.422656+00:00
2026-01-30,9,15.36,46,10.75,21.51,2026-01-30T09:00:00+08:00,2026-01-30T21:00:00+08:00,OPERATING,6.36,14.1,20.41,0,0,1,winter,2026-08-31T02:21:38.422656+00:00
2026-01-30,10,24.34,45,17.04,34.08,2026-01-30T09:00:00+08:00,2026-01-30T21:00:00+08:00,OPERATING,6.28,14.1,21.15,0,0,1,winter,2026-08-31T02:21:38.422656+00:00
2026-01-30,11,31.78,43,22.25,44.49,2026-01-30T09:00:00+08:00,2026-01-30T21:00:00+08:00,OPERATING,5.55,14.1,21.09,0,0,1,winter,2026-08-31T02:21:38.422656+00:00
2026-01-30,12,35.32,45,24.72,49.45,2026-01-30T09:00:00+08:00,2026-01-30T21:00:00+08:00,OPERATING,4.63,14.1,20.62,0,0,1,winter,2026-08-31T02:21:38.422656+00:00
2026-01-30,13,28.41,43,23.39,46.79,2026-01-30T09:00:00+08:00,2026-01-30T21:00:00+08:00,OPERATING,3.55,14.1,21.86,0,0,1,winter,2026-08-31T02:21:38.422656+00:00
2026-01-30,14,33.22,43,27.36,54.71,2026-01-30T09:00:00+08:00,2026-01-30T21:00:00+08:00,OPERATING,5.7,14.1,19.99,0,0,1,winter,2026-08-31T02:21:38.422656+00:00
2026-01-30,15,34.08,44,28.07,56.14,2026-01-30T09:00:00+08:00,2026-01-30T21:00:00+08:00,OPERATING,5.62,14.1,20.59,0,0,1,winter,2026-08-31T02:21:38.422656+00:00
2026-01-30,16,32.25,45,26.56,53.12,2026-01-30T09:00:00+08:00,2026-01-30T21:00:00+08:00,OPERATING,4.66,14.1,20.44,0,0,1,winter,2026-08-31T02:21:38.422656+00:00
2026-01-30,17,36.55,45,25.58,51.17,2026-01-30T09:00:00+08:00,2026-01-30T21:00:00+08:00,OPERATING,7.15,14.1,20.16,0,0,1,winter,2026-08-31T02:21:38.422656+00:00
2026-01-30,18,32.97,47,23.08,46.15,2026-01-30T09:00:00+08:00,2026-01-30T21:00:00+08:00,OPERATING,4.88,14.1,20.51,0,0,1,winter,2026-08-31T02:21:38.422656+00:00
2026-01-30,19,26.08,46,18.26,36.52,2026-01-30T09:00:00+08:00,2026-01-30T21:00:00+08:00,OPERATING,5.08,14.1,21.99,0,0,1,winter,2026-08-31T02:21:38.422656+00:00
2026-01-30,20,27.54,44,19.28,38.56,2026-01-30T09:00:00+08:00,2026-01-30T21:00:00+08:00,OPERATING,6.01,14.1,21.0,0,0,1,winter,2026-08-31T02:21:38.422656+00:00
2026-01-30,21,18.12,44,12.68,25.37,2026-01-30T09:00:00+08:00,2026-01-30T21:00:00+08:00,OPERATING,6.02,14.1,20.6,0,0,1,winter,2026-08-31T02:21:38.422656+00:00
2026-01-31,9,37.78,45,26.45,52.9,2026-01-31T09:00:00+08:00,2026-01-31T21:00:00+08:00,OPERATING,4.46,4.4,14.52,1,1,1,winter,2026-08-31T02:21:38.422656+00:00
2026-01-31,10,55.14,46,38.6,77.19,2026-01-31T09:00:00+08:00,2026-01-31T21:00:00+08:00,OPERATING,4.86,4.4,15.39,1,1,1,winter,2026-08-31T02:21:38.422656+00:00
2026-01-31,11,70.23,43,49.16,98.32,2026-01-31T09:00:00+08:00,2026-01-31T21:00:00+08:00,OPERATING,3.63,4.4,14.23,1,1,1,winter,2026-08-31T02:21:38.422656+00:00
2026-01-31,12,74.67,47,52.27,104.54,2026-01-31T09:00:00+08:00,2026-01-31T21:00:00+08:00,OPERATING,3.73,4.4,15.75,1,1,1,winter,2026-08-31T02:21:38.422656+00:00
2026-01-31,13,78.35,47,54.84,109.69,2026-01-31T09:00:00+08:00,2026-01-31T21:00:00+08:00,OPERATING,4.38,4.4,17.24,1,1,1,winter,2026-08-31T02:21:38.422656+00:00
2026-01-31,14,84.77,47,59.34,118.68,2026-01-31T09:00:00+08:00,2026-01-31T21:00:00+08:00,OPERATING,5.19,4.4,13.75,1,1,1,winter,2026-08-31T02:21:38.422656+00:00
2026-01-31,15,86.42,46,60.49,120.98,2026-01-31T09:00:00+08:00,2026-01-31T21:00:00+08:00,OPERATING,3.56,4.4,15.34,1,1,1,winter,2026-08-31T02:21:38.422656+00:00
2026-01-31,16,83.67,43,58.57,117.14,2026-01-31T09:00:00+08:00,2026-01-31T21:00:00+08:00,OPERATING,4.95,4.4,13.81,1,1,1,winter,2026-08-31T02:21:38.422656+00:00
2026-01-31,17,77.86,47,54.5,109.01,2026-01-31T09:00:00+08:00,2026-01-31T21:00:00+08:00,OPERATING,3.88,4.4,14.75,1,1,1,winter,2026-08-31T02:21:38.422656+00:00
2026-01-31,18,68.01,44,47.61,95.21,2026-01-31T09:00:00+08:00,2026-01-31T21:00:00+08:00,OPERATING,4.6,4.4,12.32,1,1,1,winter,2026-08-31T02:21:38.422656+00:00
2026-01-31,19,61.33,43,42.93,85.87,2026-01-31T09:00:00+08:00,2026-01-31T21:00:00+08:00,OPERATING,3.5,4.4,13.22,1,1,1,winter,2026-08-31T02:21:38.422656+00:00
2026-01-31,20,51.09,47,35.76,71.52,2026-01-31T09:00:00+08:00,2026-01-31T21:00:00+08:00,OPERATING,4.58,4.4,14.24,1,1,1,winter,2026-08-31T02:21:38.422656+00:00
2026-01-31,21,34.52,44,24.17,48.33,2026-01-31T09:00:00+08:00,2026-01-31T21:00:00+08:00,OPERATING,4.74,4.4,14.92,1,1,1,winter,2026-08-31T02:21:38.422656+00:00
2026-02-01,9,39.74,47,27.82,55.63,2026-02-01T09:00:00+08:00,2026-02-01T21:00:00+08:00,OPERATING,3.15,0.0,7.62,1,1,1,winter,2026-08-31T02:21:38.422656+00:00
2026-02-01,10,56.08,44,39.26,78.51,2026-02-01T09:00:00+08:00,2026-02-01T21:00:00+08:00,OPERATING,2.33,0.0,6.19,1,1,1,winter,2026-08-31T02:21:38.422656+00:00
2026-02-01,11,72.25,44,50.57,101.15,2026-02-01T09:00:00+08:00,2026-02-01T21:00:00+08:00,OPERATING,3.73,0.0,6.52,1,1,1,winter,2026-08-31T02:21:38.422656+00:00
2026-02-01,12,84.52,45,59.17,118.33,2026-02-01T09:00:00+08:00,2026-02-01T21:00:00+08:00,OPERATING,4.62,0.0,9.94,1,1,1,winter,2026-08-31T02:21:38.422656+00:00
2026-02-01,13,84.94,44,59.46,118.92,2026-02-01T09:00:00+08:00,2026-02-01T21:00:00+08:00,OPERATING,3.39,0.0,8.59,1,1,1,winter,2026-08-31T02:21:38.422656+00:00
2026-02-01,14,90.11,47,63.08,126.16,2026-02-01T09:00:00+08:00,2026-02-01T21:00:00+08:00,OPERATING,4.51,0.0,9.29,1,1,1,winter,2026-08-31T02:21:38.422656+00:00
2026-02-01,15,93.14,43,65.2,130.4,2026-02-01T09:00:00+08:00,2026-02-01T21:00:00+08:00,OPERATING,3.38,0.0,7.56,1,1,1,winter,2026-08-31T02:21:38.422656+00:00
2026-02-01,16,89.46,45,62.62,125.25,2026-02-01T09:00:00+08:00,2026-02-01T21:00:00+08:00,OPERATING,3.54,0.0,10.68,1,1,1,winter,2026-08-31T02:21:38.422656+00:00
2026-02-01,17,83.45,44,58.41,116.83,2026-02-01T09:00:00+08:00,2026-02-01T21:00:00+08:00,OPERATING,2.88,0.0,8.5,1,1,1,winter,2026-08-31T02:21:38.422656+00:00
2026-02-01,18,74.46,45,52.12,104.25,2026-02-01T09:00:00+08:00,2026-02-01T21:00:00+08:00,OPERATING,3.49,0.0,8.32,1,1,1,winter,2026-08-31T02:21:38.422656+00:00
2026-02-01,19,66.69,47,46.68,93.37,2026-02-01T09:00:00+08:00,2026-02-01T21:00:00+08:00,OPERATING,2.72,0.0,8.03,1,1,1,winter,2026-08-31T02:21:38.422656+00:00
2026-02-01,20,56.9,46,39.83,79.66,2026-02-01T09:00:00+08:00,2026-02-01T21:00:00+08:00,OPERATING,3.67,0.0,7.64,1,1,1,winter,2026-08-31T02:21:38.422656+00:00
2026-02-01,21,39.77,44,27.84,55.68,2026-02-01T09:00:00+08:00,2026-02-01T21:00:00+08:00,OPERATING,3.86,0.0,9.35,1,1,1,winter,2026-08-31T02:21:38.422656+00:00
2026-02-02,9,27.36,45,19.15,38.3,2026-02-02T09:00:00+08:00,2026-02-02T21:00:00+08:00,OPERATING,5.09,0.0,15.85,0,0,1,winter,2026-08-31T02:21:38.422656+00:00
2026-02-02,10,38.04,47,26.63,53.25,2026-02-02T09:00:00+08:00,2026-02-02T21:00:00+08:00,OPERATING,3.9,0.0,13.25,0,0,1,winter,2026-08-31T02:21:38.422656+00:00
2026-02-02,11,50.87,44,35.61,71.22,2026-02-02T09:00:00+08:00,2026-02-02T21:00:00+08:00,OPERATING,4.4,0.0,13.89,0,0,1,winter,2026-08-31T02:21:38.422656+00:00
2026-02-02,12,53.39,43,37.38,74.75,2026-02-02T09:00:00+08:00,2026-02-02T21:00:00+08:00,OPERATING,4.07,0.0,14.01,0,0,1,winter,2026-08-31T02:21:38.422656+00:00
2026-02-02,13,54.9,45,38.43,76.86,2026-02-02T09:00:00+08:00,2026-02-02T21:00:00+08:00,OPERATING,5.77,0.0,13.07,0,0,1,winter,2026-08-31T02:21:38.422656+00:00
2026-02-02,14,63.73,47,44.61,89.23,2026-02-02T09:00:00+08:00,2026-02-02T21:00:00+08:00,OPERATING,5.29,0.0,15.51,0,0,1,winter,2026-08-31T02:21:38.422656+00:00
2026-02-02,15,61.75,45,43.23,86.45,2026-02-02T09:00:00+08:00,2026-02-02T21:00:00+08:00,OPERATING,4.63,0.0,14.2,0,0,1,winter,2026-08-31T02:21:38.422656+00:00
2026-02-02,16,59.89,45,41.92,83.85,2026-02-02T09:00:00+08:00,2026-02-02T21:00:00+08:00,OPERATING,3.26,0.0,15.94,0,0,1,winter,2026-08-31T02:21:38.422656+00:00
2026-02-02,17,50.42,44,35.29,70.59,2026-02-02T09:00:00+08:00,2026-02-02T21:00:00+08:00,OPERATING,4.12,0.0,16.75,0,0,1,winter,2026-08-31T02:21:38.422656+00:00
2026-02-02,18,50.68,46,35.47,70.95,2026-02-02T09:00:00+08:00,2026-02-02T21:00:00+08:00,OPERATING,3.95,0.0,15.83,0,0,1,winter,2026-08-31T02:21:38.422656+00:00
2026-02-02,19,47.56,45,33.29,66.58,2026-02-02T09:00:00+08:00,2026-02-02T21:00:00+08:00,OPERATING,5.21,0.0,14.41,0,0,1,winter,2026-08-31T02:21:38.422656+00:00
2026-02-02,20,38.65,46,27.06,54.11,2026-02-02T09:00:00+08:00,2026-02-02T21:00:00+08:00,OPERATING,3.89,0.0,14.66,0,0,1,winter,2026-08-31T02:21:38.422656+00:00
2026-02-02,21,24.43,43,17.1,34.2,2026-02-02T09:00:00+08:00,2026-02-02T21:00:00+08:00,OPERATING,4.66,0.0,13.99,0,0,1,winter,2026-08-31T02:21:38.422656+00:00
2026-02-03,9,27.44,46,19.21,38.42,2026-02-03T09:00:00+08:00,2026-02-03T21:00:00+08:00,OPERATING,6.43,0.0,11.79,0,0,1,winter,2026-08-31T02:21:38.422656+00:00
2026-02-03,10,34.44,46,24.11,48.21,2026-02-03T09:00:00+08:00,2026-02-03T21:00:00+08:00,OPERATING,4.41,0.0,11.69,0,0,1,winter,2026-08-31T02:21:38.422656+00:00
2026-02-03,11,47.54,45,33.28,66.55,2026-02-03T09:00:00+08:00,2026-02-03T21:00:00+08:00,OPERATING,5.05,0.0,12.29,0,0,1,winter,2026-08-31T02:21:38.422656+00:00
2026-02-03,12,53.25,44,37.28,74.55,2026-02-03T09:00:00+08:00,2026-02-03T21:00:00+08:00,OPERATING,4.31,0.0,13.6,0,0,1,winter,2026-08-31T02:21:38.422656+00:00
2026-02-03,13,55.12,47,38.58,77.17,2026-02-03T09:00:00+08:00,2026-02-03T21:00:00+08:00,OPERATING,4.4,0.0,13.23,0,0,1,winter,2026-08-31T02:21:38.422656+00:00
2026-02-03,14,60.1,47,42.07,84.15,2026-02-03T09:00:00+08:00,2026-02-03T21:00:00+08:00,OPERATING,4.84,0.0,11.09,0,0,1,winter,2026-08-31T02:21:38.422656+00:00
2026-02-03,15,60.26,44,42.18,84.37,2026-02-03T09:00:00+08:00,2026-02-03T21:00:00+08:00,OPERATING,4.93,0.0,14.02,0,0,1,winter,2026-08-31T02:21:38.422656+00:00
2026-02-03,16,56.4,44,39.48,78.95,2026-02-03T09:00:00+08:00,2026-02-03T21:00:00+08:00,OPERATING,3.5,0.0,9.43,0,0,1,winter,2026-08-31T02:21:38.422656+00:00
2026-02-03,17,56.16,46,39.31,78.62,2026-02-03T09:00:00+08:00,2026-02-03T21:00:00+08:00,OPERATING,3.81,0.0,12.62,0,0,1,winter,2026-08-31T02:21:38.422656+00:00
2026-02-03,18,50.24,45,35.17,70.34,2026-02-03T09:00:00+08:00,2026-02-03T21:00:00+08:00,OPERATING,5.64,0.0,13.56,0,0,1,winter,2026-08-31T02:21:38.422656+00:00
2026-02-03,19,45.67,47,31.97,63.94,2026-02-03T09:00:00+08:00,2026-02-03T21:00:00+08:00,OPERATING,6.07,0.0,12.95,0,0,1,winter,2026-08-31T02:21:38.422656+00:00
2026-02-03,20,32.86,47,23.0,46.0,2026-02-03T09:00:00+08:00,2026-02-03T21:00:00+08:00,OPERATING,4.33,0.0,12.81,0,0,1,winter,2026-08-31T02:21:38.422656+00:00
2026-02-03,21,24.11,45,16.88,33.76,2026-02-03T09:00:00+08:00,2026-02-03T21:00:00+08:00,OPERATING,5.28,0.0,12.99,0,0,1,winter,2026-08-31T02:21:38.422656+00:00
2026-02-04,9,27.18,46,19.02,38.05,2026-02-04T09:00:00+08:00,2026-02-04T21:00:00+08:00,OPERATING,9.19,0.0,10.67,0,0,1,winter,2026-08-31T02:21:38.422656+00:00
2026-02-04,10,41.17,46,28.82,57.64,2026-02-04T09:00:00+08:00,2026-02-04T21:00:00+08:00,OPERATING,8.88,0.0,10.57,0,0,1,winter,2026-08-31T02:21:38.422656+00:00
2026-02-04,11,49.7,47,34.79,69.59,2026-02-04T09:00:00+08:00,2026-02-04T21:00:00+08:00,OPERATING,10.21,0.0,10.43,0,0,1,winter,2026-08-31T02:21:38.422656+00:00
2026-02-04,12,56.49,44,39.54,79.09,2026-02-04T09:00:00+08:00,2026-02-04T21:00:00+08:00,OPERATING,10.16,0.0,10.58,0,0,1,winter,2026-08-31T02:21:38.422656+00:00
2026-02-04,13,60.55,44,42.39,84.77,2026-02-04T09:00:00+08:00,2026-02-04T21:00:00+08:00,OPERATING,10.6,0.0,9.83,0,0,1,winter,2026-08-31T02:21:38.422656+00:00
2026-02-04,14,63.47,44,44.43,88.86,2026-02-04T09:00:00+08:00,2026-02-04T21:00:00+08:00,OPERATING,10.49,0.0,11.7,0,0,1,winter,2026-08-31T02:21:38.422656+00:00
2026-02-04,15,65.11,46,45.58,91.15,2026-02-04T09:00:00+08:00,2026-02-04T21:00:00+08:00,OPERATING,8.88,0.0,10.78,0,0,1,winter,2026-08-31T02:21:38.422656+00:00
2026-02-04,16,61.93,43,43.35,86.7,2026-02-04T09:00:00+08:00,2026-02-04T21:00:00+08:00,OPERATING,9.37,0.0,10.53,0,0,1,winter,2026-08-31T02:21:38.422656+00:00
2026-02-04,17,52.17,43,36.52,73.03,2026-02-04T09:00:00+08:00,2026-02-04T21:00:00+08:00,OPERATING,10.5,0.0,9.31,0,0,1,winter,2026-08-31T02:21:38.422656+00:00
2026-02-04,18,49.13,47,34.39,68.78,2026-02-04T09:00:00+08:00,2026-02-04T21:00:00+08:00,OPERATING,8.73,0.0,10.07,0,0,1,winter,2026-08-31T02:21:38.422656+00:00
2026-02-04,19,40.73,44,28.51,57.02,2026-02-04T09:00:00+08:00,2026-02-04T21:00:00+08:00,OPERATING,9.11,0.0,12.46,0,0,1,winter,2026-08-31T02:21:38.422656+00:00
2026-02-04,20,40.43,46,28.3,56.6,2026-02-04T09:00:00+08:00,2026-02-04T21:00:00+08:00,OPERATING,10.58,0.0,10.23,0,0,1,winter,2026-08-31T02:21:38.422656+00:00
2026-02-04,21,26.03,44,18.22,36.44,2026-02-04T09:00:00+08:00,2026-02-04T21:00:00+08:00,OPERATING,9.43,0.0,11.15,0,0,1,winter,2026-08-31T02:21:38.422656+00:00
2026-02-05,9,33.33,47,23.33,46.66,2026-02-05T09:00:00+08:00,2026-02-05T21:00:00+08:00,OPERATING,10.17,2.4,7.64,0,0,1,winter,2026-08-31T02:21:38.422656+00:00
2026-02-05,10,45.56,47,31.89,63.78,2026-02-05T09:00:00+08:00,2026-02-05T21:00:00+08:00,OPERATING,10.45,2.4,7.32,0,0,1,winter,2026-08-31T02:21:38.422656+00:00
2026-02-05,11,59.4,46,41.58,83.16,2026-02-05T09:00:00+08:00,2026-02-05T21:00:00+08:00,OPERATING,10.56,2.4,7.84,0,0,1,winter,2026-08-31T02:21:38.422656+00:00
2026-02-05,12,65.28,45,45.69,91.39,2026-02-05T09:00:00+08:00,2026-02-05T21:00:00+08:00,OPERATING,11.22,2.4,7.19,0,0,1,winter,2026-08-31T02:21:38.422656+00:00
2026-02-05,13,69.22,47,48.45,96.91,2026-02-05T09:00:00+08:00,2026-02-05T21:00:00+08:00,OPERATING,10.95,2.4,8.25,0,0,1,winter,2026-08-31T02:21:38.422656+00:00
2026-02-05,14,70.17,47,49.12,98.23,2026-02-05T09:00:00+08:00,2026-02-05T21:00:00+08:00,OPERATING,9.82,2.4,7.07,0,0,1,winter,2026-08-31T02:21:38.422656+00:00
2026-02-05,15,75.13,46,52.59,105.18,2026-02-05T09:00:00+08:00,2026-02-05T21:00:00+08:00,OPERATING,11.55,2.4,7.83,0,0,1,winter,2026-08-31T02:21:38.422656+00:00
2026-02-05,16,71.04,46,49.73,99.46,2026-02-05T09:00:00+08:00,2026-02-05T21:00:00+08:00,OPERATING,9.09,2.4,7.69,0,0,1,winter,2026-08-31T02:21:38.422656+00:00
2026-02-05,17,64.1,44,44.87,89.75,2026-02-05T09:00:00+08:00,2026-02-05T21:00:00+08:00,OPERATING,10.67,2.4,8.75,0,0,1,winter,2026-08-31T02:21:38.422656+00:00
2026-02-05,18,61.16,45,42.81,85.63,2026-02-05T09:00:00+08:00,2026-02-05T21:00:00+08:00,OPERATING,10.57,2.4,7.75,0,0,1,winter,2026-08-31T02:21:38.422656+00:00
2026-02-05,19,53.72,46,37.6,75.21,2026-02-05T09:00:00+08:00,2026-02-05T21:00:00+08:00,OPERATING,9.38,2.4,8.05,0,0,1,winter,2026-08-31T02:21:38.422656+00:00
2026-02-05,20,42.13,43,29.49,58.99,2026-02-05T09:00:00+08:00,2026-02-05T21:00:00+08:00,OPERATING,10.81,2.4,6.92,0,0,1,winter,2026-08-31T02:21:38.422656+00:00
2026-02-05,21,32.27,43,22.59,45.18,2026-02-05T09:00:00+08:00,2026-02-05T21:00:00+08:00,OPERATING,10.53,2.4,7.89,0,0,1,winter,2026-08-31T02:21:38.422656+00:00
2026-02-06,9,22.88,47,16.02,32.03,2026-02-06T09:00:00+08:00,2026-02-06T21:00:00+08:00,OPERATING,5.77,13.1,23.04,0,0,1,winter,2026-08-31T02:21:38.422656+00:00
2026-02-06,10,26.41,43,18.49,36.98,2026-02-06T09:00:00+08:00,2026-02-06T21:00:00+08:00,OPERATING,5.7,13.1,21.33,0,0,1,winter,2026-08-31T02:21:38.422656+00:00
2026-02-06,11,37.52,46,26.27,52.53,2026-02-06T09:00:00+08:00,2026-02-06T21:00:00+08:00,OPERATING,3.97,13.1,23.67,0,0,1,winter,2026-08-31T02:21:38.422656+00:00
2026-02-06,12,39.49,46,27.64,55.28,2026-02-06T09:00:00+08:00,2026-02-06T21:00:00+08:00,OPERATING,5.07,13.1,21.51,0,0,1,winter,2026-08-31T02:21:38.422656+00:00
2026-02-06,13,35.86,44,29.53,59.07,2026-02-06T09:00:00+08:00,2026-02-06T21:00:00+08:00,OPERATING,6.14,13.1,23.45,0,0,1,winter,2026-08-31T02:21:38.422656+00:00
2026-02-06,14,41.94,47,34.54,69.08,2026-02-06T09:00:00+08:00,2026-02-06T21:00:00+08:00,OPERATING,4.39,13.1,22.96,0,0,1,winter,2026-08-31T02:21:38.422656+00:00
2026-02-06,15,38.53,46,31.73,63.46,2026-02-06T09:00:00+08:00,2026-02-06T21:00:00+08:00,OPERATING,5.84,13.1,22.28,0,0,1,winter,2026-08-31T02:21:38.422656+00:00
2026-02-06,16,40.43,44,33.3,66.6,2026-02-06T09:00:00+08:00,2026-02-06T21:00:00+08:00,OPERATING,5.94,13.1,22.82,0,0,1,winter,2026-08-31T02:21:38.422656+00:00
2026-02-06,17,39.38,43,27.57,55.14,2026-02-06T09:00:00+08:00,2026-02-06T21:00:00+08:00,OPERATING,3.11,13.1,22.18,0,0,1,winter,2026-08-31T02:21:38.422656+00:00
2026-02-06,18,39.51,47,27.66,55.32,2026-02-06T09:00:00+08:00,2026-02-06T21:00:00+08:00,OPERATING,5.21,13.1,22.62,0,0,1,winter,2026-08-31T02:21:38.422656+00:00
2026-02-06,19,32.67,43,22.87,45.74,2026-02-06T09:00:00+08:00,2026-02-06T21:00:00+08:00,OPERATING,5.02,13.1,22.47,0,0,1,winter,2026-08-31T02:21:38.422656+00:00
2026-02-06,20,24.49,44,17.14,34.29,2026-02-06T09:00:00+08:00,2026-02-06T21:00:00+08:00,OPERATING,5.22,13.1,20.9,0,0,1,winter,2026-08-31T02:21:38.422656+00:00
2026-02-06,21,19.61,43,13.72,27.45,2026-02-06T09:00:00+08:00,2026-02-06T21:00:00+08:00,OPERATING,4.56,13.1,20.1,0,0,1,winter,2026-08-31T02:21:38.422656+00:00
2026-02-07,9,38.14,46,26.69,53.39,2026-02-07T09:00:00+08:00,2026-02-07T21:00:00+08:00,OPERATING,1.93,0.2,17.15,1,1,1,winter,2026-08-31T02:21:38.422656+00:00
2026-02-07,10,51.86,45,36.3,72.61,2026-02-07T09:00:00+08:00,2026-02-07T21:00:00+08:00,OPERATING,2.17,0.2,19.36,1,1,1,winter,2026-08-31T02:21:38.422656+00:00
2026-02-07,11,67.82,46,47.47,94.95,2026-02-07T09:00:00+08:00,2026-02-07T21:00:00+08:00,OPERATING,0.99,0.2,17.45,1,1,1,winter,2026-08-31T02:21:38.422656+00:00
2026-02-07,12,74.42,43,52.1,104.19,2026-02-07T09:00:00+08:00,2026-02-07T21:00:00+08:00,OPERATING,2.46,0.2,18.1,1,1,1,winter,2026-08-31T02:21:38.422656+00:00
2026-02-07,13,77.79,43,54.45,108.9,2026-02-07T09:00:00+08:00,2026-02-07T21:00:00+08:00,OPERATING,1.57,0.2,18.48,1,1,1,winter,2026-08-31T02:21:38.422656+00:00
2026-02-07,14,79.77,43,55.84,111.68,2026-02-07T09:00:00+08:00,2026-02-07T21:00:00+08:00,OPERATING,2.39,0.2,16.45,1,1,1,winter,2026-08-31T02:21:38.422656+00:00
2026-02-07,15,88.52,43,61.96,123.92,2026-02-07T09:00:00+08:00,2026-02-07T21:00:00+08:00,OPERATING,1.34,0.2,18.56,1,1,1,winter,2026-08-31T02:21:38.422656+00:00
2026-02-07,16,82.09,46,57.46,114.93,2026-02-07T09:00:00+08:00,2026-02-07T21:00:00+08:00,OPERATING,1.15,0.2,17.0,1,1,1,winter,2026-08-31T02:21:38.422656+00:00
2026-02-07,17,72.53,43,50.77,101.54,2026-02-07T09:00:00+08:00,2026-02-07T21:00:00+08:00,OPERATING,1.31,0.2,18.51,1,1,1,winter,2026-08-31T02:21:38.422656+00:00
2026-02-07,18,67.52,45,47.27,94.53,2026-02-07T09:00:00+08:00,2026-02-07T21:00:00+08:00,OPERATING,0.76,0.2,20.08,1,1,1,winter,2026-08-31T02:21:38.422656+00:00
2026-02-07,19,60.62,47,42.44,84.87,2026-02-07T09:00:00+08:00,2026-02-07T21:00:00+08:00,OPERATING,2.34,0.2,16.91,1,1,1,winter,2026-08-31T02:21:38.422656+00:00
2026-02-07,20,49.13,46,34.39,68.78,2026-02-07T09:00:00+08:00,2026-02-07T21:00:00+08:00,OPERATING,0.9,0.2,20.7,1,1,1,winter,2026-08-31T02:21:38.422656+00:00
2026-02-07,21,36.55,47,25.59,51.18,2026-02-07T09:00:00+08:00,2026-02-07T21:00:00+08:00,OPERATING,1.23,0.2,18.48,1,1,1,winter,2026-08-31T02:21:38.422656+00:00
2026-02-08,9,49.94,46,34.96,69.92,2026-02-08T09:00:00+08:00,2026-02-08T21:00:00+08:00,OPERATING,0.37,0.0,17.94,1,1,1,winter,2026-08-31T02:21:38.422656+00:00
2026-02-08,10,68.31,47,47.82,95.64,2026-02-08T09:00:00+08:00,2026-02-08T21:00:00+08:00,OPERATING,0.63,0.0,21.4,1,1,1,winter,2026-08-31T02:21:38.422656+00:00
2026-02-08,11,83.32,45,58.32,116.64,2026-02-08T09:00:00+08:00,2026-02-08T21:00:00+08:00,OPERATING,0.82,0.0,20.09,1,1,1,winter,2026-08-31T02:21:38.422656+00:00
2026-02-08,12,91.73,43,64.21,128.42,2026-02-08T09:00:00+08:00,2026-02-08T21:00:00+08:00,OPERATING,0.63,0.0,17.99,1,1,1,winter,2026-08-31T02:21:38.422656+00:00
2026-02-08,13,100.0,45,70.0,140.0,2026-02-08T09:00:00+08:00,2026-02-08T21:00:00+08:00,OPERATING,-0.08,0.0,19.24,1,1,1,winter,2026-08-31T02:21:38.422656+00:00
2026-02-08,14,100.0,47,70.0,140.0,2026-02-08T09:00:00+08:00,2026-02-08T21:00:00+08:00,OPERATING,0.83,0.0,17.89,1,1,1,winter,2026-08-31T02:21:38.422656+00:00
2026-02-08,15,100.0,45,70.0,140.0,2026-02-08T09:00:00+08:00,2026-02-08T21:00:00+08:00,OPERATING,-1.19,0.0,18.22,1,1,1,winter,2026-08-31T02:21:38.422656+00:00
2026-02-08,16,100.0,46,70.0,140.0,2026-02-08T09:00:00+08:00,2026-02-08T21:00:00+08:00,OPERATING,0.18,0.0,19.46,1,1,1,winter,2026-08-31T02:21:38.422656+00:00
2026-02-08,17,94.37,47,66.06,132.12,2026-02-08T09:00:00+08:00,2026-02-08T21:00:00+08:00,OPERATING,0.64,0.0,18.35,1,1,1,winter,2026-08-31T02:21:38.422656+00:00
2026-02-08,18,83.34,46,58.34,116.67,2026-02-08T09:00:00+08:00,2026-02-08T21:00:00+08:00,OPERATING,-2.2,0.0,18.67,1,1,1,winter,2026-08-31T02:21:38.422656+00:00
2026-02-08,19,79.56,46,55.69,111.39,2026-02-08T09:00:00+08:00,2026-02-08T21:00:00+08:00,OPERATING,1.08,0.0,20.13,1,1,1,winter,2026-08-31T02:21:38.422656+00:00
2026-02-08,20,62.42,43,43.69,87.38,2026-02-08T09:00:00+08:00,2026-02-08T21:00:00+08:00,OPERATING,-0.22,0.0,19.77,1,1,1,winter,2026-08-31T02:21:38.422656+00:00
2026-02-08,21,43.02,43,30.11,60.23,2026-02-08T09:00:00+08:00,2026-02-08T21:00:00+08:00,OPERATING,-0.15,0.0,20.03,1,1,1,winter,2026-08-31T02:21:38.422656+00:00
2026-02-09,9,34.86,43,24.4,48.8,2026-02-09T09:00:00+08:00,2026-02-09T21:00:00+08:00,OPERATING,0.87,0.3,14.7,0,0,1,winter,2026-08-31T02:21:38.422656+00:00
2026-02-09,10,43.55,45,30.48,60.97,2026-02-09T09:00:00+08:00,2026-02-09T21:00:00+08:00,OPERATING,2.34,0.3,13.51,0,0,1,winter,2026-08-31T02:21:38.422656+00:00
2026-02-09,11,57.77,44,40.44,80.88,2026-02-09T09:00:00+08:00,2026-02-09T21:00:00+08:00,OPERATING,1.98,0.3,15.89,0,0,1,winter,2026-08-31T02:21:38.422656+00:00
2026-02-09,12,63.3,44,44.31,88.62,2026-02-09T09:00:00+08:00,2026-02-09T21:00:00+08:00,OPERATING,3.72,0.3,14.77,0,0,1,winter,2026-08-31T02:21:38.422656+00:00
2026-02-09,13,68.59,46,48.02,96.03,2026-02-09T09:00:00+08:00,2026-02-09T21:00:00+08:00,OPERATING,2.85,0.3,14.85,0,0,1,winter,2026-08-31T02:21:38.422656+00:00
2026-02-09,14,70.31,46,49.22,98.43,2026-02-09T09:00:00+08:00,2026-02-09T21:00:00+08:00,OPERATING,3.15,0.3,16.37,0,0,1,winter,2026-08-31T02:21:38.422656+00:00
2026-02-09,15,72.09,46,50.46,100.92,2026-02-09T09:00:00+08:00,2026-02-09T21:00:00+08:00,OPERATING,3.49,0.3,14.77,0,0,1,winter,2026-08-31T02:21:38.422656+00:00
2026-02-09,16,74.17,43,51.92,103.84,2026-02-09T09:00:00+08:00,2026-02-09T21:00:00+08:00,OPERATING,1.84,0.3,14.88,0,0,1,winter,2026-08-31T02:21:38.422656+00:00
2026-02-09,17,58.18,46,40.73,81.45,2026-02-09T09:00:00+08:00,2026-02-09T21:00:00+08:00,OPERATING,3.12,0.3,15.08,0,0,1,winter,2026-08-31T02:21:38.422656+00:00
2026-02-09,18,58.65,46,41.05,82.11,2026-02-09T09:00:00+08:00,2026-02-09T21:00:00+08:00,OPERATING,3.26,0.3,15.09,0,0,1,winter,2026-08-31T02:21:38.422656+00:00
2026-02-09,19,51.28,45,35.9,71.8,2026-02-09T09:00:00+08:00,2026-02-09T21:00:00+08:00,OPERATING,2.45,0.3,14.64,0,0,1,winter,2026-08-31T02:21:38.422656+00:00
2026-02-09,20,41.74,45,29.22,58.44,2026-02-09T09:00:00+08:00,2026-02-09T21:00:00+08:00,OPERATING,2.73,0.3,13.47,0,0,1,winter,2026-08-31T02:21:38.422656+00:00
2026-02-09,21,31.57,43,22.1,44.19,2026-02-09T09:00:00+08:00,2026-02-09T21:00:00+08:00,OPERATING,2.2,0.3,14.02,0,0,1,winter,2026-08-31T02:21:38.422656+00:00
2026-02-10,9,27.94,47,19.56,39.12,2026-02-10T09:00:00+08:00,2026-02-10T21:00:00+08:00,OPERATING,7.83,1.7,17.76,0,0,1,winter,2026-08-31T02:21:38.422656+00:00
2026-02-10,10,39.77,45,27.84,55.67,2026-02-10T09:00:00+08:00,2026-02-10T21:00:00+08:00,OPERATING,7.19,1.7,17.24,0,0,1,winter,2026-08-31T02:21:38.422656+00:00
2026-02-10,11,46.2,44,32.34,64.68,2026-02-10T09:00:00+08:00,2026-02-10T21:00:00+08:00,OPERATING,7.59,1.7,15.65,0,0,1,winter,2026-08-31T02:21:38.422656+00:00
2026-02-10,12,59.79,43,41.86,83.71,2026-02-10T09:00:00+08:00,2026-02-10T21:00:00+08:00,OPERATING,7.31,1.7,15.7,0,0,1,winter,2026-08-31T02:21:38.422656+00:00
2026-02-10,13,58.17,45,40.72,81.44,2026-02-10T09:00:00+08:00,2026-02-10T21:00:00+08:00,OPERATING,6.22,1.7,16.72,0,0,1,winter,2026-08-31T02:21:38.422656+00:00
2026-02-10,14,60.59,45,42.41,84.82,2026-02-10T09:00:00+08:00,2026-02-10T21:00:00+08:00,OPERATING,8.44,1.7,16.03,0,0,1,winter,2026-08-31T02:21:38.422656+00:00
2026-02-10,15,60.55,46,42.38,84.77,2026-02-10T09:00:00+08:00,2026-02-10T21:00:00+08:00,OPERATING,7.33,1.7,16.72,0,0,1,winter,2026-08-31T02:21:38.422656+00:00
2026-02-10,16,56.92,43,39.84,79.69,2026-02-10T09:00:00+08:00,2026-02-10T21:00:00+08:00,OPERATING,8.96,1.7,17.2,0,0,1,winter,2026-08-31T02:21:38.422656+00:00
2026-02-10,17,58.54,47,40.98,81.96,2026-02-10T09:00:00+08:00,2026-02-10T21:00:00+08:00,OPERATING,6.05,1.7,15.11,0,0,1,winter,2026-08-31T02:21:38.422656+00:00
2026-02-10,18,50.04,44,35.03,70.06,2026-02-10T09:00:00+08:00,2026-02-10T21:00:00+08:00,OPERATING,6.92,1.7,16.96,0,0,1,winter,2026-08-31T02:21:38.422656+00:00
2026-02-10,19,43.52,47,30.47,60.93,2026-02-10T09:00:00+08:00,2026-02-10T21:00:00+08:00,OPERATING,7.27,1.7,15.68,0,0,1,winter,2026-08-31T02:21:38.422656+00:00
2026-02-10,20,37.41,46,26.19,52.38,2026-02-10T09:00:00+08:00,2026-02-10T21:00:00+08:00,OPERATING,7.24,1.7,16.39,0,0,1,winter,2026-08-31T02:21:38.422656+00:00
2026-02-10,21,25.28,45,17.7,35.4,2026-02-10T09:00:00+08:00,2026-02-10T21:00:00+08:00,OPERATING,5.79,1.7,17.31,0,0,1,winter,2026-08-31T02:21:38.422656+00:00
2026-02-11,9,32.52,43,22.76,45.52,2026-02-11T09:00:00+08:00,2026-02-11T21:00:00+08:00,OPERATING,6.72,0.0,11.35,0,0,1,winter,2026-08-31T02:21:38.422656+00:00
2026-02-11,10,39.27,45,27.49,54.98,2026-02-11T09:00:00+08:00,2026-02-11T21:00:00+08:00,OPERATING,6.4,0.0,12.36,0,0,1,winter,2026-08-31T02:21:38.422656+00:00
2026-02-11,11,50.78,46,35.55,71.09,2026-02-11T09:00:00+08:00,2026-02-11T21:00:00+08:00,OPERATING,7.22,0.0,12.08,0,0,1,winter,2026-08-31T02:21:38.422656+00:00
2026-02-11,12,59.49,44,41.64,83.28,2026-02-11T09:00:00+08:00,2026-02-11T21:00:00+08:00,OPERATING,6.48,0.0,13.95,0,0,1,winter,2026-08-31T02:21:38.422656+00:00
2026-02-11,13,63.19,46,44.24,88.47,2026-02-11T09:00:00+08:00,2026-02-11T21:00:00+08:00,OPERATING,5.59,0.0,11.07,0,0,1,winter,2026-08-31T02:21:38.422656+00:00
2026-02-11,14,62.57,46,43.8,87.6,2026-02-11T09:00:00+08:00,2026-02-11T21:00:00+08:00,OPERATING,6.95,0.0,12.27,0,0,1,winter,2026-08-31T02:21:38.422656+00:00
2026-02-11,15,64.47,45,45.13,90.26,2026-02-11T09:00:00+08:00,2026-02-11T21:00:00+08:00,OPERATING,6.35,0.0,11.11,0,0,1,winter,2026-08-31T02:21:38.422656+00:00
2026-02-11,16,63.06,47,44.14,88.28,2026-02-11T09:00:00+08:00,2026-02-11T21:00:00+08:00,OPERATING,6.8,0.0,13.28,0,0,1,winter,2026-08-31T02:21:38.422656+00:00
2026-02-11,17,58.4,47,40.88,81.77,2026-02-11T09:00:00+08:00,2026-02-11T21:00:00+08:00,OPERATING,4.5,0.0,12.25,0,0,1,winter,2026-08-31T02:21:38.422656+00:00
2026-02-11,18,51.16,46,35.81,71.63,2026-02-11T09:00:00+08:00,2026-02-11T21:00:00+08:00,OPERATING,7.3,0.0,12.17,0,0,1,winter,2026-08-31T02:21:38.422656+00:00
2026-02-11,19,46.92,44,32.84,65.68,2026-02-11T09:00:00+08:00,2026-02-11T21:00:00+08:00,OPERATING,7.03,0.0,13.15,0,0,1,winter,2026-08-31T02:21:38.422656+00:00
2026-02-11,20,40.43,45,28.3,56.61,2026-02-11T09:00:00+08:00,2026-02-11T21:00:00+08:00,OPERATING,6.47,0.0,12.61,0,0,1,winter,2026-08-31T02:21:38.422656+00:00
2026-02-11,21,29.46,46,20.62,41.25,2026-02-11T09:00:00+08:00,2026-02-11T21:00:00+08:00,OPERATING,5.08,0.0,11.66,0,0,1,winter,2026-08-31T02:21:38.422656+00:00
2026-02-12,9,29.93,43,20.95,41.9,2026-02-12T09:00:00+08:00,2026-02-12T21:00:00+08:00,OPERATING,7.23,0.0,11.91,0,0,1,winter,2026-08-31T02:21:38.422656+00:00
2026-02-12,10,39.26,43,27.48,54.96,2026-02-12T09:00:00+08:00,2026-02-12T21:00:00+08:00,OPERATING,7.39,0.0,10.44,0,0,1,winter,2026-08-31T02:21:38.422656+00:00
2026-02-12,11,48.63,46,34.04,68.09,2026-02-12T09:00:00+08:00,2026-02-12T21:00:00+08:00,OPERATING,7.75,0.0,11.43,0,0,1,winter,2026-08-31T02:21:38.422656+00:00
2026-02-12,12,56.61,47,39.63,79.26,2026-02-12T09:00:00+08:00,2026-02-12T21:00:00+08:00,OPERATING,6.52,0.0,11.47,0,0,1,winter,2026-08-31T02:21:38.422656+00:00
2026-02-12,13,58.25,46,40.77,81.54,2026-02-12T09:00:00+08:00,2026-02-12T21:00:00+08:00,OPERATING,6.99,0.0,11.24,0,0,1,winter,2026-08-31T02:21:38.422656+00:00
2026-02-12,14,63.74,45,44.62,89.24,2026-02-12T09:00:00+08:00,2026-02-12T21:00:00+08:00,OPERATING,6.1,0.0,12.75,0,0,1,winter,2026-08-31T02:21:38.422656+00:00
2026-02-12,15,64.93,43,45.45,90.9,2026-02-12T09:00:00+08:00,2026-02-12T21:00:00+08:00,OPERATING,8.11,0.0,12.77,0,0,1,winter,2026-08-31T02:21:38.422656+00:00
2026-02-12,16,63.2,47,44.24,88.49,2026-02-12T09:00:00+08:00,2026-02-12T21:00:00+08:00,OPERATING,6.48,0.0,11.74,0,0,1,winter,2026-08-31T02:21:38.422656+00:00
2026-02-12,17,56.98,47,39.88,79.77,2026-02-12T09:00:00+08:00,2026-02-12T21:00:00+08:00,OPERATING,7.17,0.0,10.13,0,0,1,winter,2026-08-31T02:21:38.422656+00:00
2026-02-12,18,51.16,47,35.81,71.62,2026-02-12T09:00:00+08:00,2026-02-12T21:00:00+08:00,OPERATING,8.95,0.0,11.38,0,0,1,winter,2026-08-31T02:21:38.422656+00:00
2026-02-12,19,42.86,47,30.0,60.0,2026-02-12T09:00:00+08:00,2026-02-12T21:00:00+08:00,OPERATING,6.59,0.0,10.53,0,0,1,winter,2026-08-31T02:21:38.422656+00:00
2026-02-12,20,42.78,45,29.95,59.9,2026-02-12T09:00:00+08:00,2026-02-12T21:00:00+08:00,OPERATING,7.76,0.0,9.85,0,0,1,winter,2026-08-31T02:21:38.422656+00:00
2026-02-12,21,24.95,44,17.46,34.93,2026-02-12T09:00:00+08:00,2026-02-12T21:00:00+08:00,OPERATING,6.67,0.0,10.62,0,0,1,winter,2026-08-31T02:21:38.422656+00:00
2026-02-13,9,31.39,46,21.97,43.95,2026-02-13T09:00:00+08:00,2026-02-13T21:00:00+08:00,OPERATING,12.47,0.0,11.5,0,0,1,winter,2026-08-31T02:21:38.422656+00:00
2026-02-13,10,45.02,45,31.51,63.02,2026-02-13T09:00:00+08:00,2026-02-13T21:00:00+08:00,OPERATING,10.67,0.0,10.95,0,0,1,winter,2026-08-31T02:21:38.422656+00:00
2026-02-13,11,60.59,47,42.41,84.82,2026-02-13T09:00:00+08:00,2026-02-13T21:00:00+08:00,OPERATING,9.47,0.0,11.46,0,0,1,winter,2026-08-31T02:21:38.422656+00:00
2026-02-13,12,61.86,43,43.3,86.61,2026-02-13T09:00:00+08:00,2026-02-13T21:00:00+08:00,OPERATING,10.94,0.0,11.77,0,0,1,winter,2026-08-31T02:21:38.422656+00:00
2026-02-13,13,71.31,46,49.92,99.84,2026-02-13T09:00:00+08:00,2026-02-13T21:00:00+08:00,OPERATING,11.05,0.0,11.37,0,0,1,winter,2026-08-31T02:21:38.422656+00:00
2026-02-13,14,69.69,43,48.78,97.57,2026-02-13T09:00:00+08:00,2026-02-13T21:00:00+08:00,OPERATING,11.78,0.0,13.07,0,0,1,winter,2026-08-31T02:21:38.422656+00:00
2026-02-13,15,71.19,43,49.83,99.67,2026-02-13T09:00:00+08:00,2026-02-13T21:00:00+08:00,OPERATING,9.67,0.0,10.64,0,0,1,winter,2026-08-31T02:21:38.422656+00:00
2026-02-13,16,72.66,46,50.86,101.72,2026-02-13T09:00:00+08:00,2026-02-13T21:00:00+08:00,OPERATING,11.91,0.0,12.31,0,0,1,winter,2026-08-31T02:21:38.422656+00:00
2026-02-13,17,62.25,43,43.57,87.14,2026-02-13T09:00:00+08:00,2026-02-13T21:00:00+08:00,OPERATING,11.32,0.0,11.22,0,0,1,winter,2026-08-31T02:21:38.422656+00:00
2026-02-13,18,59.16,47,41.41,82.82,2026-02-13T09:00:00+08:00,2026-02-13T21:00:00+08:00,OPERATING,11.37,0.0,11.59,0,0,1,winter,2026-08-31T02:21:38.422656+00:00
2026-02-13,19,51.83,47,36.28,72.56,2026-02-13T09:00:00+08:00,2026-02-13T21:00:00+08:00,OPERATING,10.95,0.0,10.33,0,0,1,winter,2026-08-31T02:21:38.422656+00:00
2026-02-13,20,44.44,46,31.11,62.22,2026-02-13T09:00:00+08:00,2026-02-13T21:00:00+08:00,OPERATING,11.62,0.0,11.85,0,0,1,winter,2026-08-31T02:21:38.422656+00:00
2026-02-13,21,31.16,47,21.81,43.62,2026-02-13T09:00:00+08:00,2026-02-13T21:00:00+08:00,OPERATING,11.78,0.0,12.03,0,0,1,winter,2026-08-31T02:21:38.422656+00:00
2026-02-14,9,46.19,44,32.33,64.66,2026-02-14T09:00:00+08:00,2026-02-14T21:00:00+08:00,OPERATING,13.77,0.2,10.86,0,1,1,winter,2026-08-31T02:21:38.422656+00:00
2026-02-14,10,61.74,45,43.21,86.43,2026-02-14T09:00:00+08:00,2026-02-14T21:00:00+08:00,OPERATING,15.04,0.2,11.22,0,1,1,winter,2026-08-31T02:21:38.422656+00:00
2026-02-14,11,73.3,45,51.31,102.63,2026-02-14T09:00:00+08:00,2026-02-14T21:00:00+08:00,OPERATING,14.56,0.2,10.96,0,1,1,winter,2026-08-31T02:21:38.422656+00:00
2026-02-14,12,82.73,44,57.91,115.83,2026-02-14T09:00:00+08:00,2026-02-14T21:00:00+08:00,OPERATING,13.39,0.2,11.44,0,1,1,winter,2026-08-31T02:21:38.422656+00:00
2026-02-14,13,84.69,45,59.28,118.57,2026-02-14T09:00:00+08:00,2026-02-14T21:00:00+08:00,OPERATING,15.59,0.2,12.13,0,1,1,winter,2026-08-31T02:21:38.422656+00:00
2026-02-14,14,91.28,46,63.9,127.79,2026-02-14T09:00:00+08:00,2026-02-14T21:00:00+08:00,OPERATING,14.73,0.2,10.45,0,1,1,winter,2026-08-31T02:21:38.422656+00:00
2026-02-14,15,92.15,47,64.51,129.01,2026-02-14T09:00:00+08:00,2026-02-14T21:00:00+08:00,OPERATING,15.54,0.2,10.78,0,1,1,winter,2026-08-31T02:21:38.422656+00:00
2026-02-14,16,91.56,45,64.09,128.18,2026-02-14T09:00:00+08:00,2026-02-14T21:00:00+08:00,OPERATING,13.42,0.2,10.31,0,1,1,winter,2026-08-31T02:21:38.422656+00:00
2026-02-14,17,82.7,47,57.89,115.78,2026-02-14T09:00:00+08:00,2026-02-14T21:00:00+08:00,OPERATING,14.65,0.2,11.94,0,1,1,winter,2026-08-31T02:21:38.422656+00:00
2026-02-14,18,76.0,44,53.2,106.4,2026-02-14T09:00:00+08:00,2026-02-14T21:00:00+08:00,OPERATING,15.11,0.2,11.2,0,1,1,winter,2026-08-31T02:21:38.422656+00:00
2026-02-14,19,67.03,43,46.92,93.85,2026-02-14T09:00:00+08:00,2026-02-14T21:00:00+08:00,OPERATING,14.71,0.2,10.42,0,1,1,winter,2026-08-31T02:21:38.422656+00:00
2026-02-14,20,59.5,46,41.65,83.3,2026-02-14T09:00:00+08:00,2026-02-14T21:00:00+08:00,OPERATING,14.73,0.2,11.3,0,1,1,winter,2026-08-31T02:21:38.422656+00:00
2026-02-14,21,40.25,46,28.18,56.36,2026-02-14T09:00:00+08:00,2026-02-14T21:00:00+08:00,OPERATING,14.38,0.2,11.07,0,1,1,winter,2026-08-31T02:21:38.422656+00:00
2026-02-15,9,50.67,45,35.47,70.93,2026-02-15T09:00:00+08:00,2026-02-15T21:00:00+08:00,OPERATING,10.14,0.0,19.64,1,1,1,winter,2026-08-31T02:21:38.422656+00:00
2026-02-15,10,67.39,45,47.17,94.34,2026-02-15T09:00:00+08:00,2026-02-15T21:00:00+08:00,OPERATING,11.9,0.0,19.15,1,1,1,winter,2026-08-31T02:21:38.422656+00:00
2026-02-15,11,84.46,44,59.12,118.24,2026-02-15T09:00:00+08:00,2026-02-15T21:00:00+08:00,OPERATING,11.15,0.0,19.92,1,1,1,winter,2026-08-31T02:21:38.422656+00:00
2026-02-15,12,91.87,44,64.31,128.61,2026-02-15T09:00:00+08:00,2026-02-15T21:00:00+08:00,OPERATING,11.75,0.0,18.74,1,1,1,winter,2026-08-31T02:21:38.422656+00:00
2026-02-15,13,97.47,47,68.23,136.45,2026-02-15T09:00:00+08:00,2026-02-15T21:00:00+08:00,OPERATING,8.37,0.0,17.41,1,1,1,winter,2026-08-31T02:21:38.422656+00:00
2026-02-15,14,100.0,47,70.0,140.0,2026-02-15T09:00:00+08:00,2026-02-15T21:00:00+08:00,OPERATING,11.51,0.0,20.01,1,1,1,winter,2026-08-31T02:21:38.422656+00:00
2026-02-15,15,100.0,44,70.0,140.0,2026-02-15T09:00:00+08:00,2026-02-15T21:00:00+08:00,OPERATING,11.49,0.0,18.3,1,1,1,winter,2026-08-31T02:21:38.422656+00:00
2026-02-15,16,100.0,43,70.0,140.0,2026-02-15T09:00:00+08:00,2026-02-15T21:00:00+08:00,OPERATING,10.56,0.0,18.02,1,1,1,winter,2026-08-31T02:21:38.422656+00:00
2026-02-15,17,92.97,47,65.08,130.15,2026-02-15T09:00:00+08:00,2026-02-15T21:00:00+08:00,OPERATING,11.95,0.0,18.85,1,1,1,winter,2026-08-31T02:21:38.422656+00:00
2026-02-15,18,84.87,43,59.41,118.82,2026-02-15T09:00:00+08:00,2026-02-15T21:00:00+08:00,OPERATING,12.56,0.0,19.01,1,1,1,winter,2026-08-31T02:21:38.422656+00:00
2026-02-15,19,75.39,45,52.77,105.55,2026-02-15T09:00:00+08:00,2026-02-15T21:00:00+08:00,OPERATING,12.09,0.0,19.71,1,1,1,winter,2026-08-31T02:21:38.422656+00:00
2026-02-15,20,59.36,47,41.55,83.1,2026-02-15T09:00:00+08:00,2026-02-15T21:00:00+08:00,OPERATING,11.35,0.0,16.7,1,1,1,winter,2026-08-31T02:21:38.422656+00:00
2026-02-15,21,43.41,46,30.39,60.77,2026-02-15T09:00:00+08:00,2026-02-15T21:00:00+08:00,OPERATING,11.05,0.0,19.45,1,1,1,winter,2026-08-31T02:21:38.422656+00:00
2026-02-16,9,31.4,45,21.98,43.96,2026-02-16T09:00:00+08:00,2026-02-16T21:00:00+08:00,OPERATING,5.63,8.6,22.01,1,0,1,winter,2026-08-31T02:21:38.422656+00:00
2026-02-16,10,40.85,46,28.6,57.2,2026-02-16T09:00:00+08:00,2026-02-16T21:00:00+08:00,OPERATING,6.74,8.6,22.18,1,0,1,winter,2026-08-31T02:21:38.422656+00:00
2026-02-16,11,55.9,47,39.13,78.27,2026-02-16T09:00:00+08:00,2026-02-16T21:00:00+08:00,OPERATING,6.9,8.6,23.04,1,0,1,winter,2026-08-31T02:21:38.422656+00:00
2026-02-16,12,59.8,43,41.86,83.72,2026-02-16T09:00:00+08:00,2026-02-16T21:00:00+08:00,OPERATING,5.48,8.6,22.29,1,0,1,winter,2026-08-31T02:21:38.422656+00:00
2026-02-16,13,55.58,45,45.77,91.54,2026-02-16T09:00:00+08:00,2026-02-16T21:00:00+08:00,OPERATING,5.92,8.6,21.66,1,0,1,winter,2026-08-31T02:21:38.422656+00:00
2026-02-16,14,58.54,45,48.21,96.42,2026-02-16T09:00:00+08:00,2026-02-16T21:00:00+08:00,OPERATING,4.35,8.6,22.4,1,0,1,winter,2026-08-31T02:21:38.422656+00:00
2026-02-16,15,62.1,44,51.14,102.28,2026-02-16T09:00:00+08:00,2026-02-16T21:00:00+08:00,OPERATING,5.28,8.6,22.73,1,0,1,winter,2026-08-31T02:21:38.422656+00:00
2026-02-16,16,58.19,47,47.92,95.85,2026-02-16T09:00:00+08:00,2026-02-16T21:00:00+08:00,OPERATING,5.66,8.6,23.45,1,0,1,winter,2026-08-31T02:21:38.422656+00:00
2026-02-16,17,58.45,45,40.92,81.83,2026-02-16T09:00:00+08:00,2026-02-16T21:00:00+08:00,OPERATING,6.78,8.6,23.18,1,0,1,winter,2026-08-31T02:21:38.422656+00:00
2026-02-16,18,55.52,44,38.86,77.73,2026-02-16T09:00:00+08:00,2026-02-16T21:00:00+08:00,OPERATING,5.98,8.6,21.74,1,0,1,winter,2026-08-31T02:21:38.422656+00:00
2026-02-16,19,48.76,45,34.13,68.26,2026-02-16T09:00:00+08:00,2026-02-16T21:00:00+08:00,OPERATING,7.79,8.6,19.82,1,0,1,winter,2026-08-31T02:21:38.422656+00:00
2026-02-16,20,39.8,44,27.86,55.72,2026-02-16T09:00:00+08:00,2026-02-16T21:00:00+08:00,OPERATING,4.86,8.6,22.05,1,0,1,winter,2026-08-31T02:21:38.422656+00:00
2026-02-16,21,27.87,44,19.51,39.02,2026-02-16T09:00:00+08:00,2026-02-16T21:00:00+08:00,OPERATING,6.51,8.6,21.96,1,0,1,winter,2026-08-31T02:21:38.422656+00:00
2026-02-17,9,44.44,46,31.11,62.22,2026-02-17T09:00:00+08:00,2026-02-17T21:00:00+08:00,OPERATING,4.77,0.0,11.0,1,0,1,winter,2026-08-31T02:21:38.422656+00:00
2026-02-17,10,59.06,44,41.35,82.69,2026-02-17T09:00:00+08:00,2026-02-17T21:00:00+08:00,OPERATING,6.72,0.0,12.42,1,0,1,winter,2026-08-31T02:21:38.422656+00:00
2026-02-17,11,76.9,47,53.83,107.66,2026-02-17T09:00:00+08:00,2026-02-17T21:00:00+08:00,OPERATING,5.55,0.0,12.75,1,0,1,winter,2026-08-31T02:21:38.422656+00:00
2026-02-17,12,84.16,44,58.91,117.82,2026-02-17T09:00:00+08:00,2026-02-17T21:00:00+08:00,OPERATING,6.16,0.0,10.04,1,0,1,winter,2026-08-31T02:21:38.422656+00:00
2026-02-17,13,89.88,46,62.92,125.83,2026-02-17T09:00:00+08:00,2026-02-17T21:00:00+08:00,OPERATING,5.98,0.0,12.58,1,0,1,winter,2026-08-31T02:21:38.422656+00:00
2026-02-17,14,96.27,43,67.39,134.77,2026-02-17T09:00:00+08:00,2026-02-17T21:00:00+08:00,OPERATING,4.91,0.0,10.04,1,0,1,winter,2026-08-31T02:21:38.422656+00:00
2026-02-17,15,97.84,44,68.49,136.98,2026-02-17T09:00:00+08:00,2026-02-17T21:00:00+08:00,OPERATING,6.57,0.0,13.34,1,0,1,winter,2026-08-31T02:21:38.422656+00:00
2026-02-17,16,93.99,46,65.8,131.59,2026-02-17T09:00:00+08:00,2026-02-17T21:00:00+08:00,OPERATING,6.24,0.0,12.06,1,0,1,winter,2026-08-31T02:21:38.422656+00:00
2026-02-17,17,87.21,44,61.05,122.09,2026-02-17T09:00:00+08:00,2026-02-17T21:00:00+08:00,OPERATING,5.55,0.0,12.36,1,0,1,winter,2026-08-31T02:21:38.422656+00:00
2026-02-17,18,78.21,45,54.75,109.49,2026-02-17T09:00:00+08:00,2026-02-17T21:00:00+08:00,OPERATING,6.47,0.0,13.36,1,0,1,winter,2026-08-31T02:21:38.422656+00:00
2026-02-17,19,68.53,43,47.97,95.94,2026-02-17T09:00:00+08:00,2026-02-17T21:00:00+08:00,OPERATING,5.47,0.0,12.15,1,0,1,winter,2026-08-31T02:21:38.422656+00:00
2026-02-17,20,58.29,45,40.81,81.61,2026-02-17T09:00:00+08:00,2026-02-17T21:00:00+08:00,OPERATING,6.37,0.0,12.16,1,0,1,winter,2026-08-31T02:21:38.422656+00:00
2026-02-17,21,41.42,46,28.99,57.99,2026-02-17T09:00:00+08:00,2026-02-17T21:00:00+08:00,OPERATING,4.67,0.0,13.28,1,0,1,winter,2026-08-31T02:21:38.422656+00:00
2026-02-18,9,46.49,44,32.55,65.09,2026-02-18T09:00:00+08:00,2026-02-18T21:00:00+08:00,OPERATING,7.6,0.0,12.0,1,0,1,winter,2026-08-31T02:21:38.422656+00:00
2026-02-18,10,60.28,47,42.2,84.39,2026-02-18T09:00:00+08:00,2026-02-18T21:00:00+08:00,OPERATING,6.17,0.0,12.93,1,0,1,winter,2026-08-31T02:21:38.422656+00:00
2026-02-18,11,78.34,44,54.84,109.67,2026-02-18T09:00:00+08:00,2026-02-18T21:00:00+08:00,OPERATING,6.48,0.0,11.69,1,0,1,winter,2026-08-31T02:21:38.422656+00:00
2026-02-18,12,86.3,45,60.41,120.82,2026-02-18T09:00:00+08:00,2026-02-18T21:00:00+08:00,OPERATING,5.93,0.0,11.6,1,0,1,winter,2026-08-31T02:21:38.422656+00:00
2026-02-18,13,87.47,43,61.23,122.46,2026-02-18T09:00:00+08:00,2026-02-18T21:00:00+08:00,OPERATING,6.53,0.0,12.02,1,0,1,winter,2026-08-31T02:21:38.422656+00:00
2026-02-18,14,94.65,46,66.26,132.52,2026-02-18T09:00:00+08:00,2026-02-18T21:00:00+08:00,OPERATING,6.73,0.0,11.72,1,0,1,winter,2026-08-31T02:21:38.422656+00:00
2026-02-18,15,96.73,43,67.71,135.42,2026-02-18T09:00:00+08:00,2026-02-18T21:00:00+08:00,OPERATING,6.56,0.0,12.3,1,0,1,winter,2026-08-31T02:21:38.422656+00:00
2026-02-18,16,95.17,44,66.62,133.24,2026-02-18T09:00:00+08:00,2026-02-18T21:00:00+08:00,OPERATING,7.71,0.0,10.82,1,0,1,winter,2026-08-31T02:21:38.422656+00:00
2026-02-18,17,88.38,44,61.87,123.74,2026-02-18T09:00:00+08:00,2026-02-18T21:00:00+08:00,OPERATING,6.34,0.0,14.11,1,0,1,winter,2026-08-31T02:21:38.422656+00:00
2026-02-18,18,79.6,45,55.72,111.44,2026-02-18T09:00:00+08:00,2026-02-18T21:00:00+08:00,OPERATING,7.03,0.0,13.34,1,0,1,winter,2026-08-31T02:21:38.422656+00:00
2026-02-18,19,70.42,44,49.29,98.59,2026-02-18T09:00:00+08:00,2026-02-18T21:00:00+08:00,OPERATING,7.24,0.0,10.69,1,0,1,winter,2026-08-31T02:21:38.422656+00:00
2026-02-18,20,57.92,46,40.55,81.09,2026-02-18T09:00:00+08:00,2026-02-18T21:00:00+08:00,OPERATING,6.08,0.0,11.36,1,0,1,winter,2026-08-31T02:21:38.422656+00:00
2026-02-18,21,38.92,46,27.24,54.48,2026-02-18T09:00:00+08:00,2026-02-18T21:00:00+08:00,OPERATING,6.46,0.0,12.1,1,0,1,winter,2026-08-31T02:21:38.422656+00:00
2026-02-19,9,43.34,46,30.34,60.68,2026-02-19T09:00:00+08:00,2026-02-19T21:00:00+08:00,OPERATING,7.57,0.0,13.46,1,0,1,winter,2026-08-31T02:21:38.422656+00:00
2026-02-19,10,62.51,44,43.76,87.51,2026-02-19T09:00:00+08:00,2026-02-19T21:00:00+08:00,OPERATING,9.23,0.0,14.71,1,0,1,winter,2026-08-31T02:21:38.422656+00:00
2026-02-19,11,76.24,45,53.37,106.74,2026-02-19T09:00:00+08:00,2026-02-19T21:00:00+08:00,OPERATING,8.3,0.0,13.7,1,0,1,winter,2026-08-31T02:21:38.422656+00:00
2026-02-19,12,87.21,45,61.04,122.09,2026-02-19T09:00:00+08:00,2026-02-19T21:00:00+08:00,OPERATING,8.25,0.0,14.4,1,0,1,winter,2026-08-31T02:21:38.422656+00:00
2026-02-19,13,93.54,45,65.48,130.96,2026-02-19T09:00:00+08:00,2026-02-19T21:00:00+08:00,OPERATING,7.76,0.0,14.07,1,0,1,winter,2026-08-31T02:21:38.422656+00:00
2026-02-19,14,95.77,47,67.04,134.08,2026-02-19T09:00:00+08:00,2026-02-19T21:00:00+08:00,OPERATING,5.18,0.0,13.63,1,0,1,winter,2026-08-31T02:21:38.422656+00:00
2026-02-19,15,96.0,43,67.2,134.4,2026-02-19T09:00:00+08:00,2026-02-19T21:00:00+08:00,OPERATING,6.72,0.0,14.0,1,0,1,winter,2026-08-31T02:21:38.422656+00:00
2026-02-19,16,96.7,46,67.69,135.38,2026-02-19T09:00:00+08:00,2026-02-19T21:00:00+08:00,OPERATING,8.56,0.0,11.95,1,0,1,winter,2026-08-31T02:21:38.422656+00:00
2026-02-19,17,88.91,47,62.24,124.48,2026-02-19T09:00:00+08:00,2026-02-19T21:00:00+08:00,OPERATING,8.91,0.0,14.43,1,0,1,winter,2026-08-31T02:21:38.422656+00:00
2026-02-19,18,76.34,46,53.43,106.87,2026-02-19T09:00:00+08:00,2026-02-19T21:00:00+08:00,OPERATING,8.1,0.0,13.32,1,0,1,winter,2026-08-31T02:21:38.422656+00:00
2026-02-19,19,70.83,46,49.58,99.16,2026-02-19T09:00:00+08:00,2026-02-19T21:00:00+08:00,OPERATING,7.39,0.0,16.27,1,0,1,winter,2026-08-31T02:21:38.422656+00:00
2026-02-19,20,56.61,43,39.63,79.25,2026-02-19T09:00:00+08:00,2026-02-19T21:00:00+08:00,OPERATING,9.12,0.0,12.9,1,0,1,winter,2026-08-31T02:21:38.422656+00:00
2026-02-19,21,40.95,45,28.66,57.33,2026-02-19T09:00:00+08:00,2026-02-19T21:00:00+08:00,OPERATING,8.03,0.0,13.1,1,0,1,winter,2026-08-31T02:21:38.422656+00:00
2026-02-20,9,43.06,47,30.14,60.29,2026-02-20T09:00:00+08:00,2026-02-20T21:00:00+08:00,OPERATING,9.48,0.0,15.65,1,0,1,winter,2026-08-31T02:21:38.422656+00:00
2026-02-20,10,60.15,44,42.1,84.21,2026-02-20T09:00:00+08:00,2026-02-20T21:00:00+08:00,OPERATING,10.29,0.0,14.99,1,0,1,winter,2026-08-31T02:21:38.422656+00:00
2026-02-20,11,74.7,44,52.29,104.58,2026-02-20T09:00:00+08:00,2026-02-20T21:00:00+08:00,OPERATING,13.03,0.0,15.91,1,0,1,winter,2026-08-31T02:21:38.422656+00:00
2026-02-20,12,82.67,44,57.87,115.74,2026-02-20T09:00:00+08:00,2026-02-20T21:00:00+08:00,OPERATING,12.12,0.0,15.11,1,0,1,winter,2026-08-31T02:21:38.422656+00:00
2026-02-20,13,86.26,45,60.38,120.76,2026-02-20T09:00:00+08:00,2026-02-20T21:00:00+08:00,OPERATING,10.92,0.0,15.41,1,0,1,winter,2026-08-31T02:21:38.422656+00:00
2026-02-20,14,86.31,44,60.42,120.84,2026-02-20T09:00:00+08:00,2026-02-20T21:00:00+08:00,OPERATING,11.05,0.0,15.29,1,0,1,winter,2026-08-31T02:21:38.422656+00:00
2026-02-20,15,93.79,45,65.66,131.31,2026-02-20T09:00:00+08:00,2026-02-20T21:00:00+08:00,OPERATING,11.2,0.0,16.34,1,0,1,winter,2026-08-31T02:21:38.422656+00:00
2026-02-20,16,88.93,45,62.25,124.5,2026-02-20T09:00:00+08:00,2026-02-20T21:00:00+08:00,OPERATING,11.36,0.0,17.16,1,0,1,winter,2026-08-31T02:21:38.422656+00:00
2026-02-20,17,80.37,46,56.26,112.52,2026-02-20T09:00:00+08:00,2026-02-20T21:00:00+08:00,OPERATING,10.2,0.0,15.24,1,0,1,winter,2026-08-31T02:21:38.422656+00:00
2026-02-20,18,70.49,44,49.34,98.69,2026-02-20T09:00:00+08:00,2026-02-20T21:00:00+08:00,OPERATING,10.67,0.0,13.51,1,0,1,winter,2026-08-31T02:21:38.422656+00:00
2026-02-20,19,65.71,44,45.99,91.99,2026-02-20T09:00:00+08:00,2026-02-20T21:00:00+08:00,OPERATING,10.24,0.0,13.96,1,0,1,winter,2026-08-31T02:21:38.422656+00:00
2026-02-20,20,56.49,46,39.54,79.09,2026-02-20T09:00:00+08:00,2026-02-20T21:00:00+08:00,OPERATING,12.3,0.0,15.56,1,0,1,winter,2026-08-31T02:21:38.422656+00:00
2026-02-20,21,38.9,43,27.23,54.46,2026-02-20T09:00:00+08:00,2026-02-20T21:00:00+08:00,OPERATING,10.6,0.0,15.86,1,0,1,winter,2026-08-31T02:21:38.422656+00:00
2026-02-21,9,45.29,46,31.7,63.4,2026-02-21T09:00:00+08:00,2026-02-21T21:00:00+08:00,OPERATING,13.48,0.0,17.26,1,1,0,,2026-08-31T02:21:38.422656+00:00
2026-02-21,10,58.43,45,40.9,81.8,2026-02-21T09:00:00+08:00,2026-02-21T21:00:00+08:00,OPERATING,14.4,0.0,16.84,1,1,0,,2026-08-31T02:21:38.422656+00:00
2026-02-21,11,71.79,43,50.25,100.51,2026-02-21T09:00:00+08:00,2026-02-21T21:00:00+08:00,OPERATING,12.22,0.0,18.41,1,1,0,,2026-08-31T02:21:38.422656+00:00
2026-02-21,12,85.01,46,59.51,119.01,2026-02-21T09:00:00+08:00,2026-02-21T21:00:00+08:00,OPERATING,13.73,0.0,16.56,1,1,0,,2026-08-31T02:21:38.422656+00:00
2026-02-21,13,88.6,43,62.02,124.04,2026-02-21T09:00:00+08:00,2026-02-21T21:00:00+08:00,OPERATING,13.47,0.0,16.17,1,1,0,,2026-08-31T02:21:38.422656+00:00
2026-02-21,14,87.81,43,61.47,122.94,2026-02-21T09:00:00+08:00,2026-02-21T21:00:00+08:00,OPERATING,13.93,0.0,16.33,1,1,0,,2026-08-31T02:21:38.422656+00:00
2026-02-21,15,89.09,44,62.37,124.73,2026-02-21T09:00:00+08:00,2026-02-21T21:00:00+08:00,OPERATING,13.37,0.0,16.55,1,1,0,,2026-08-31T02:21:38.422656+00:00
2026-02-21,16,90.14,46,63.1,126.2,2026-02-21T09:00:00+08:00,2026-02-21T21:00:00+08:00,OPERATING,13.85,0.0,15.78,1,1,0,,2026-08-31T02:21:38.422656+00:00
2026-02-21,17,81.63,46,57.14,114.28,2026-02-21T09:00:00+08:00,2026-02-21T21:00:00+08:00,OPERATING,14.81,0.0,16.65,1,1,0,,2026-08-31T02:21:38.422656+00:00
2026-02-21,18,68.18,47,47.73,95.45,2026-02-21T09:00:00+08:00,2026-02-21T21:00:00+08:00,OPERATING,14.51,0.0,16.84,1,1,0,,2026-08-31T02:21:38.422656+00:00
2026-02-21,19,64.1,43,44.87,89.74,2026-02-21T09:00:00+08:00,2026-02-21T21:00:00+08:00,OPERATING,14.09,0.0,17.2,1,1,0,,2026-08-31T02:21:38.422656+00:00
2026-02-21,20,53.56,43,37.49,74.99,2026-02-21T09:00:00+08:00,2026-02-21T21:00:00+08:00,OPERATING,13.31,0.0,18.01,1,1,0,,2026-08-31T02:21:38.422656+00:00
2026-02-21,21,35.76,46,25.04,50.07,2026-02-21T09:00:00+08:00,2026-02-21T21:00:00+08:00,OPERATING,12.54,0.0,17.1,1,1,0,,2026-08-31T02:21:38.422656+00:00
2026-02-22,9,37.26,46,26.09,52.17,2026-02-22T09:00:00+08:00,2026-02-22T21:00:00+08:00,OPERATING,13.86,0.0,20.22,1,1,0,,2026-08-31T02:21:38.422656+00:00
2026-02-22,10,53.2,44,37.24,74.48,2026-02-22T09:00:00+08:00,2026-02-22T21:00:00+08:00,OPERATING,11.44,0.0,20.57,1,1,0,,2026-08-31T02:21:38.422656+00:00
2026-02-22,11,66.81,46,46.77,93.53,2026-02-22T09:00:00+08:00,2026-02-22T21:00:00+08:00,OPERATING,14.11,0.0,20.31,1,1,0,,2026-08-31T02:21:38.422656+00:00
2026-02-22,12,70.83,45,49.58,99.17,2026-02-22T09:00:00+08:00,2026-02-22T21:00:00+08:00,OPERATING,14.21,0.0,21.09,1,1,0,,2026-08-31T02:21:38.422656+00:00
2026-02-22,13,77.89,43,54.52,109.05,2026-02-22T09:00:00+08:00,2026-02-22T21:00:00+08:00,OPERATING,13.64,0.0,21.05,1,1,0,,2026-08-31T02:21:38.422656+00:00
2026-02-22,14,77.82,44,54.47,108.94,2026-02-22T09:00:00+08:00,2026-02-22T21:00:00+08:00,OPERATING,12.91,0.0,21.42,1,1,0,,2026-08-31T02:21:38.422656+00:00
2026-02-22,15,83.77,45,58.64,117.28,2026-02-22T09:00:00+08:00,2026-02-22T21:00:00+08:00,OPERATING,13.16,0.0,20.95,1,1,0,,2026-08-31T02:21:38.422656+00:00
2026-02-22,16,81.48,44,57.03,114.07,2026-02-22T09:00:00+08:00,2026-02-22T21:00:00+08:00,OPERATING,13.35,0.0,20.49,1,1,0,,2026-08-31T02:21:38.422656+00:00
2026-02-22,17,70.85,47,49.6,99.2,2026-02-22T09:00:00+08:00,2026-02-22T21:00:00+08:00,OPERATING,13.17,0.0,20.83,1,1,0,,2026-08-31T02:21:38.422656+00:00
2026-02-22,18,66.56,45,46.59,93.18,2026-02-22T09:00:00+08:00,2026-02-22T21:00:00+08:00,OPERATING,13.2,0.0,20.38,1,1,0,,2026-08-31T02:21:38.422656+00:00
2026-02-22,19,56.42,44,39.49,78.98,2026-02-22T09:00:00+08:00,2026-02-22T21:00:00+08:00,OPERATING,12.91,0.0,20.43,1,1,0,,2026-08-31T02:21:38.422656+00:00
2026-02-22,20,49.43,46,34.6,69.2,2026-02-22T09:00:00+08:00,2026-02-22T21:00:00+08:00,OPERATING,14.01,0.0,20.49,1,1,0,,2026-08-31T02:21:38.422656+00:00
2026-02-22,21,36.21,43,25.35,50.7,2026-02-22T09:00:00+08:00,2026-02-22T21:00:00+08:00,OPERATING,12.51,0.0,19.86,1,1,0,,2026-08-31T02:21:38.422656+00:00
2026-02-23,9,36.89,46,25.82,51.65,2026-02-23T09:00:00+08:00,2026-02-23T21:00:00+08:00,OPERATING,9.64,0.2,19.76,1,0,0,,2026-08-31T02:21:38.422656+00:00
2026-02-23,10,50.91,46,35.63,71.27,2026-02-23T09:00:00+08:00,2026-02-23T21:00:00+08:00,OPERATING,9.56,0.2,22.06,1,0,0,,2026-08-31T02:21:38.422656+00:00
2026-02-23,11,63.77,47,44.64,89.28,2026-02-23T09:00:00+08:00,2026-02-23T21:00:00+08:00,OPERATING,10.18,0.2,20.83,1,0,0,,2026-08-31T02:21:38.422656+00:00
2026-02-23,12,74.76,43,52.33,104.66,2026-02-23T09:00:00+08:00,2026-02-23T21:00:00+08:00,OPERATING,11.42,0.2,18.25,1,0,0,,2026-08-31T02:21:38.422656+00:00
2026-02-23,13,79.07,47,55.35,110.7,2026-02-23T09:00:00+08:00,2026-02-23T21:00:00+08:00,OPERATING,9.41,0.2,20.96,1,0,0,,2026-08-31T02:21:38.422656+00:00
2026-02-23,14,76.79,47,53.75,107.5,2026-02-23T09:00:00+08:00,2026-02-23T21:00:00+08:00,OPERATING,9.97,0.2,20.58,1,0,0,,2026-08-31T02:21:38.422656+00:00
2026-02-23,15,83.9,43,58.73,117.46,2026-02-23T09:00:00+08:00,2026-02-23T21:00:00+08:00,OPERATING,9.78,0.2,18.54,1,0,0,,2026-08-31T02:21:38.422656+00:00
2026-02-23,16,80.58,45,56.41,112.81,2026-02-23T09:00:00+08:00,2026-02-23T21:00:00+08:00,OPERATING,9.59,0.2,21.71,1,0,0,,2026-08-31T02:21:38.422656+00:00
2026-02-23,17,73.06,44,51.14,102.29,2026-02-23T09:00:00+08:00,2026-02-23T21:00:00+08:00,OPERATING,10.99,0.2,19.26,1,0,0,,2026-08-31T02:21:38.422656+00:00
2026-02-23,18,67.66,43,47.36,94.72,2026-02-23T09:00:00+08:00,2026-02-23T21:00:00+08:00,OPERATING,9.34,0.2,18.46,1,0,0,,2026-08-31T02:21:38.422656+00:00
2026-02-23,19,59.34,43,41.54,83.08,2026-02-23T09:00:00+08:00,2026-02-23T21:00:00+08:00,OPERATING,9.72,0.2,19.85,1,0,0,,2026-08-31T02:21:38.422656+00:00
2026-02-23,20,51.41,44,35.99,71.97,2026-02-23T09:00:00+08:00,2026-02-23T21:00:00+08:00,OPERATING,10.43,0.2,20.38,1,0,0,,2026-08-31T02:21:38.422656+00:00
2026-02-23,21,34.97,47,24.48,48.96,2026-02-23T09:00:00+08:00,2026-02-23T21:00:00+08:00,OPERATING,10.0,0.2,20.31,1,0,0,,2026-08-31T02:21:38.422656+00:00
2026-02-24,9,14.92,43,10.44,20.88,2026-02-24T09:00:00+08:00,2026-02-24T21:00:00+08:00,OPERATING,10.0,12.9,17.7,0,0,0,,2026-08-31T02:21:38.422656+00:00
2026-02-24,10,20.64,44,14.44,28.89,2026-02-24T09:00:00+08:00,2026-02-24T21:00:00+08:00,OPERATING,9.53,12.9,15.9,0,0,0,,2026-08-31T02:21:38.422656+00:00
2026-02-24,11,26.61,45,18.62,37.25,2026-02-24T09:00:00+08:00,2026-02-24T21:00:00+08:00,OPERATING,10.45,12.9,18.05,0,0,0,,2026-08-31T02:21:38.422656+00:00
2026-02-24,12,28.99,47,20.29,40.59,2026-02-24T09:00:00+08:00,2026-02-24T21:00:00+08:00,OPERATING,10.1,12.9,18.72,0,0,0,,2026-08-31T02:21:38.422656+00:00
2026-02-24,13,25.19,45,20.74,41.49,2026-02-24T09:00:00+08:00,2026-02-24T21:00:00+08:00,OPERATING,9.0,12.9,15.57,0,0,0,,2026-08-31T02:21:38.422656+00:00
2026-02-24,14,28.4,43,23.39,46.77,2026-02-24T09:00:00+08:00,2026-02-24T21:00:00+08:00,OPERATING,9.03,12.9,16.82,0,0,0,,2026-08-31T02:21:38.422656+00:00
2026-02-24,15,30.17,45,24.85,49.7,2026-02-24T09:00:00+08:00,2026-02-24T21:00:00+08:00,OPERATING,7.81,12.9,17.69,0,0,0,,2026-08-31T02:21:38.422656+00:00
2026-02-24,16,27.3,46,22.48,44.96,2026-02-24T09:00:00+08:00,2026-02-24T21:00:00+08:00,OPERATING,8.87,12.9,17.14,0,0,0,,2026-08-31T02:21:38.422656+00:00
2026-02-24,17,28.38,44,19.87,39.73,2026-02-24T09:00:00+08:00,2026-02-24T21:00:00+08:00,OPERATING,8.99,12.9,17.6,0,0,0,,2026-08-31T02:21:38.422656+00:00
2026-02-24,18,26.22,46,18.35,36.7,2026-02-24T09:00:00+08:00,2026-02-24T21:00:00+08:00,OPERATING,9.24,12.9,17.16,0,0,0,,2026-08-31T02:21:38.422656+00:00
2026-02-24,19,22.54,44,15.78,31.56,2026-02-24T09:00:00+08:00,2026-02-24T21:00:00+08:00,OPERATING,9.87,12.9,16.56,0,0,0,,2026-08-31T02:21:38.422656+00:00
2026-02-24,20,17.92,44,12.54,25.09,2026-02-24T09:00:00+08:00,2026-02-24T21:00:00+08:00,OPERATING,8.57,12.9,18.52,0,0,0,,2026-08-31T02:21:38.422656+00:00
2026-02-24,21,13.73,46,9.61,19.22,2026-02-24T09:00:00+08:00,2026-02-24T21:00:00+08:00,OPERATING,9.7,12.9,16.8,0,0,0,,2026-08-31T02:21:38.422656+00:00
2026-02-25,9,32.17,47,22.52,45.04,2026-02-25T09:00:00+08:00,2026-02-25T21:00:00+08:00,OPERATING,8.75,0.0,10.58,0,0,0,,2026-08-31T02:21:38.422656+00:00
2026-02-25,10,38.36,46,26.85,53.7,2026-02-25T09:00:00+08:00,2026-02-25T21:00:00+08:00,OPERATING,8.52,0.0,10.72,0,0,0,,2026-08-31T02:21:38.422656+00:00
2026-02-25,11,49.45,44,34.62,69.24,2026-02-25T09:00:00+08:00,2026-02-25T21:00:00+08:00,OPERATING,9.61,0.0,11.34,0,0,0,,2026-08-31T02:21:38.422656+00:00
2026-02-25,12,53.18,47,37.23,74.45,2026-02-25T09:00:00+08:00,2026-02-25T21:00:00+08:00,OPERATING,7.63,0.0,12.0,0,0,0,,2026-08-31T02:21:38.422656+00:00
2026-02-25,13,56.09,47,39.26,78.52,2026-02-25T09:00:00+08:00,2026-02-25T21:00:00+08:00,OPERATING,9.93,0.0,10.86,0,0,0,,2026-08-31T02:21:38.422656+00:00
2026-02-25,14,57.1,43,39.97,79.93,2026-02-25T09:00:00+08:00,2026-02-25T21:00:00+08:00,OPERATING,8.87,0.0,13.33,0,0,0,,2026-08-31T02:21:38.422656+00:00
2026-02-25,15,59.03,44,41.32,82.64,2026-02-25T09:00:00+08:00,2026-02-25T21:00:00+08:00,OPERATING,8.81,0.0,11.11,0,0,0,,2026-08-31T02:21:38.422656+00:00
2026-02-25,16,59.28,47,41.5,82.99,2026-02-25T09:00:00+08:00,2026-02-25T21:00:00+08:00,OPERATING,10.14,0.0,10.78,0,0,0,,2026-08-31T02:21:38.422656+00:00
2026-02-25,17,54.09,43,37.87,75.73,2026-02-25T09:00:00+08:00,2026-02-25T21:00:00+08:00,OPERATING,7.66,0.0,11.35,0,0,0,,2026-08-31T02:21:38.422656+00:00
2026-02-25,18,47.52,46,33.26,66.52,2026-02-25T09:00:00+08:00,2026-02-25T21:00:00+08:00,OPERATING,7.15,0.0,8.07,0,0,0,,2026-08-31T02:21:38.422656+00:00
2026-02-25,19,46.67,46,32.67,65.34,2026-02-25T09:00:00+08:00,2026-02-25T21:00:00+08:00,OPERATING,7.27,0.0,11.18,0,0,0,,2026-08-31T02:21:38.422656+00:00
2026-02-25,20,31.95,43,22.36,44.73,2026-02-25T09:00:00+08:00,2026-02-25T21:00:00+08:00,OPERATING,7.36,0.0,10.77,0,0,0,,2026-08-31T02:21:38.422656+00:00
2026-02-25,21,27.59,46,19.31,38.63,2026-02-25T09:00:00+08:00,2026-02-25T21:00:00+08:00,OPERATING,9.1,0.0,10.72,0,0,0,,2026-08-31T02:21:38.422656+00:00
2026-02-26,9,14.9,46,10.43,20.85,2026-02-26T09:00:00+08:00,2026-02-26T21:00:00+08:00,OPERATING,11.38,19.4,15.8,0,0,0,,2026-08-31T02:21:38.422656+00:00
2026-02-26,10,25.37,45,17.76,35.52,2026-02-26T09:00:00+08:00,2026-02-26T21:00:00+08:00,OPERATING,11.65,19.4,17.29,0,0,0,,2026-08-31T02:21:38.422656+00:00
2026-02-26,11,31.92,47,22.34,44.68,2026-02-26T09:00:00+08:00,2026-02-26T21:00:00+08:00,OPERATING,11.65,19.4,15.44,0,0,0,,2026-08-31T02:21:38.422656+00:00
2026-02-26,12,32.91,45,23.04,46.07,2026-02-26T09:00:00+08:00,2026-02-26T21:00:00+08:00,OPERATING,10.88,19.4,15.56,0,0,0,,2026-08-31T02:21:38.422656+00:00
2026-02-26,13,29.43,45,24.23,48.47,2026-02-26T09:00:00+08:00,2026-02-26T21:00:00+08:00,OPERATING,9.7,19.4,15.26,0,0,0,,2026-08-31T02:21:38.422656+00:00
2026-02-26,14,29.04,44,23.92,47.83,2026-02-26T09:00:00+08:00,2026-02-26T21:00:00+08:00,OPERATING,11.46,19.4,15.99,0,0,0,,2026-08-31T02:21:38.422656+00:00
2026-02-26,15,32.1,45,26.43,52.87,2026-02-26T09:00:00+08:00,2026-02-26T21:00:00+08:00,OPERATING,10.72,19.4,15.98,0,0,0,,2026-08-31T02:21:38.422656+00:00
2026-02-26,16,26.84,46,22.1,44.2,2026-02-26T09:00:00+08:00,2026-02-26T21:00:00+08:00,OPERATING,11.01,19.4,18.1,0,0,0,,2026-08-31T02:21:38.422656+00:00
2026-02-26,17,33.03,46,23.12,46.24,2026-02-26T09:00:00+08:00,2026-02-26T21:00:00+08:00,OPERATING,9.83,19.4,15.76,0,0,0,,2026-08-31T02:21:38.422656+00:00
2026-02-26,18,28.07,47,19.65,39.3,2026-02-26T09:00:00+08:00,2026-02-26T21:00:00+08:00,OPERATING,11.94,19.4,16.67,0,0,0,,2026-08-31T02:21:38.422656+00:00
2026-02-26,19,26.9,47,18.83,37.66,2026-02-26T09:00:00+08:00,2026-02-26T21:00:00+08:00,OPERATING,10.4,19.4,14.19,0,0,0,,2026-08-31T02:21:38.422656+00:00
2026-02-26,20,23.55,44,16.49,32.98,2026-02-26T09:00:00+08:00,2026-02-26T21:00:00+08:00,OPERATING,10.8,19.4,16.36,0,0,0,,2026-08-31T02:21:38.422656+00:00
2026-02-26,21,16.78,43,11.74,23.49,2026-02-26T09:00:00+08:00,2026-02-26T21:00:00+08:00,OPERATING,11.97,19.4,16.51,0,0,0,,2026-08-31T02:21:38.422656+00:00
2026-02-27,9,22.98,44,16.09,32.18,2026-02-27T09:00:00+08:00,2026-02-27T21:00:00+08:00,OPERATING,10.05,5.3,16.85,0,0,0,,2026-08-31T02:21:38.422656+00:00
2026-02-27,10,28.01,44,19.61,39.21,2026-02-27T09:00:00+08:00,2026-02-27T21:00:00+08:00,OPERATING,9.29,5.3,15.8,0,0,0,,2026-08-31T02:21:38.422656+00:00
2026-02-27,11,37.38,44,26.17,52.33,2026-02-27T09:00:00+08:00,2026-02-27T21:00:00+08:00,OPERATING,10.95,5.3,15.15,0,0,0,,2026-08-31T02:21:38.422656+00:00
2026-02-27,12,44.7,44,31.29,62.58,2026-02-27T09:00:00+08:00,2026-02-27T21:00:00+08:00,OPERATING,8.58,5.3,14.89,0,0,0,,2026-08-31T02:21:38.422656+00:00
2026-02-27,13,39.84,46,32.81,65.62,2026-02-27T09:00:00+08:00,2026-02-27T21:00:00+08:00,OPERATING,10.79,5.3,17.46,0,0,0,,2026-08-31T02:21:38.422656+00:00
2026-02-27,14,38.28,45,31.52,63.04,2026-02-27T09:00:00+08:00,2026-02-27T21:00:00+08:00,OPERATING,9.12,5.3,16.34,0,0,0,,2026-08-31T02:21:38.422656+00:00
2026-02-27,15,40.19,46,33.09,66.19,2026-02-27T09:00:00+08:00,2026-02-27T21:00:00+08:00,OPERATING,9.77,5.3,14.6,0,0,0,,2026-08-31T02:21:38.422656+00:00
2026-02-27,16,39.23,47,32.3,64.61,2026-02-27T09:00:00+08:00,2026-02-27T21:00:00+08:00,OPERATING,10.83,5.3,17.38,0,0,0,,2026-08-31T02:21:38.422656+00:00
2026-02-27,17,43.21,45,30.25,60.49,2026-02-27T09:00:00+08:00,2026-02-27T21:00:00+08:00,OPERATING,9.69,5.3,17.39,0,0,0,,2026-08-31T02:21:38.422656+00:00
2026-02-27,18,39.12,46,27.38,54.77,2026-02-27T09:00:00+08:00,2026-02-27T21:00:00+08:00,OPERATING,9.04,5.3,14.8,0,0,0,,2026-08-31T02:21:38.422656+00:00
2026-02-27,19,35.91,45,25.14,50.27,2026-02-27T09:00:00+08:00,2026-02-27T21:00:00+08:00,OPERATING,10.37,5.3,15.36,0,0,0,,2026-08-31T02:21:38.422656+00:00
2026-02-27,20,25.19,46,17.63,35.26,2026-02-27T09:00:00+08:00,2026-02-27T21:00:00+08:00,OPERATING,9.18,5.3,15.55,0,0,0,,2026-08-31T02:21:38.422656+00:00
2026-02-27,21,20.62,45,14.44,28.87,2026-02-27T09:00:00+08:00,2026-02-27T21:00:00+08:00,OPERATING,9.56,5.3,15.37,0,0,0,,2026-08-31T02:21:38.422656+00:00
2026-02-28,9,30.85,43,21.6,43.19,2026-02-28T09:00:00+08:00,2026-02-28T21:00:00+08:00,OPERATING,10.63,0.0,13.08,0,1,0,,2026-08-31T02:21:38.422656+00:00
2026-02-28,10,38.5,45,26.95,53.89,2026-02-28T09:00:00+08:00,2026-02-28T21:00:00+08:00,OPERATING,9.08,0.0,11.81,0,1,0,,2026-08-31T02:21:38.422656+00:00
2026-02-28,11,53.58,45,37.51,75.02,2026-02-28T09:00:00+08:00,2026-02-28T21:00:00+08:00,OPERATING,10.63,0.0,12.36,0,1,0,,2026-08-31T02:21:38.422656+00:00
2026-02-28,12,62.23,45,43.56,87.12,2026-02-28T09:00:00+08:00,2026-02-28T21:00:00+08:00,OPERATING,9.32,0.0,11.15,0,1,0,,2026-08-31T02:21:38.422656+00:00
2026-02-28,13,60.96,43,42.67,85.34,2026-02-28T09:00:00+08:00,2026-02-28T21:00:00+08:00,OPERATING,9.94,0.0,11.99,0,1,0,,2026-08-31T02:21:38.422656+00:00
2026-02-28,14,66.45,47,46.51,93.03,2026-02-28T09:00:00+08:00,2026-02-28T21:00:00+08:00,OPERATING,11.28,0.0,11.86,0,1,0,,2026-08-31T02:21:38.422656+00:00
2026-02-28,15,70.84,45,49.59,99.18,2026-02-28T09:00:00+08:00,2026-02-28T21:00:00+08:00,OPERATING,9.95,0.0,11.35,0,1,0,,2026-08-31T02:21:38.422656+00:00
2026-02-28,16,67.11,44,46.98,93.96,2026-02-28T09:00:00+08:00,2026-02-28T21:00:00+08:00,OPERATING,10.9,0.0,13.0,0,1,0,,2026-08-31T02:21:38.422656+00:00
2026-02-28,17,58.72,44,41.11,82.21,2026-02-28T09:00:00+08:00,2026-02-28T21:00:00+08:00,OPERATING,9.61,0.0,10.14,0,1,0,,2026-08-31T02:21:38.422656+00:00
2026-02-28,18,53.93,47,37.75,75.51,2026-02-28T09:00:00+08:00,2026-02-28T21:00:00+08:00,OPERATING,9.98,0.0,14.12,0,1,0,,2026-08-31T02:21:38.422656+00:00
2026-02-28,19,48.5,46,33.95,67.89,2026-02-28T09:00:00+08:00,2026-02-28T21:00:00+08:00,OPERATING,9.43,0.0,13.0,0,1,0,,2026-08-31T02:21:38.422656+00:00
2026-02-28,20,40.79,47,28.56,57.11,2026-02-28T09:00:00+08:00,2026-02-28T21:00:00+08:00,OPERATING,9.7,0.0,11.74,0,1,0,,2026-08-31T02:21:38.422656+00:00
2026-02-28,21,26.28,47,18.39,36.79,2026-02-28T09:00:00+08:00,2026-02-28T21:00:00+08:00,OPERATING,9.45,0.0,12.44,0,1,0,,2026-08-31T02:21:38.422656+00:00
2026-03-01,9,32.91,46,23.03,46.07,2026-03-01T09:00:00+08:00,2026-03-01T21:00:00+08:00,OPERATING,11.84,24.7,15.29,1,1,0,,2026-08-31T02:21:38.422656+00:00
2026-03-01,10,44.12,46,30.89,61.77,2026-03-01T09:00:00+08:00,2026-03-01T21:00:00+08:00,OPERATING,11.78,24.7,16.9,1,1,0,,2026-08-31T02:21:38.422656+00:00
2026-03-01,11,56.95,43,39.86,79.73,2026-03-01T09:00:00+08:00,2026-03-01T21:00:00+08:00,OPERATING,12.45,24.7,16.01,1,1,0,,2026-08-31T02:21:38.422656+00:00
2026-03-01,12,59.77,45,41.84,83.68,2026-03-01T09:00:00+08:00,2026-03-01T21:00:00+08:00,OPERATING,11.84,24.7,16.69,1,1,0,,2026-08-31T02:21:38.422656+00:00
2026-03-01,13,51.93,46,42.76,85.53,2026-03-01T09:00:00+08:00,2026-03-01T21:00:00+08:00,OPERATING,13.47,24.7,16.02,1,1,0,,2026-08-31T02:21:38.422656+00:00
2026-03-01,14,54.35,43,44.76,89.53,2026-03-01T09:00:00+08:00,2026-03-01T21:00:00+08:00,OPERATING,10.33,24.7,15.7,1,1,0,,2026-08-31T02:21:38.422656+00:00
2026-03-01,15,58.12,43,47.86,95.73,2026-03-01T09:00:00+08:00,2026-03-01T21:00:00+08:00,OPERATING,12.39,24.7,14.52,1,1,0,,2026-08-31T02:21:38.422656+00:00
2026-03-01,16,56.2,47,46.28,92.56,2026-03-01T09:00:00+08:00,2026-03-01T21:00:00+08:00,OPERATING,12.18,24.7,16.87,1,1,0,,2026-08-31T02:21:38.422656+00:00
2026-03-01,17,56.52,44,39.57,79.13,2026-03-01T09:00:00+08:00,2026-03-01T21:00:00+08:00,OPERATING,12.43,24.7,17.59,1,1,0,,2026-08-31T02:21:38.422656+00:00
2026-03-01,18,52.72,46,36.91,73.81,2026-03-01T09:00:00+08:00,2026-03-01T21:00:00+08:00,OPERATING,12.55,24.7,16.81,1,1,0,,2026-08-31T02:21:38.422656+00:00
2026-03-01,19,50.8,45,35.56,71.12,2026-03-01T09:00:00+08:00,2026-03-01T21:00:00+08:00,OPERATING,12.8,24.7,16.38,1,1,0,,2026-08-31T02:21:38.422656+00:00
2026-03-01,20,38.42,46,26.89,53.78,2026-03-01T09:00:00+08:00,2026-03-01T21:00:00+08:00,OPERATING,12.97,24.7,15.23,1,1,0,,2026-08-31T02:21:38.422656+00:00
2026-03-01,21,29.84,46,20.89,41.78,2026-03-01T09:00:00+08:00,2026-03-01T21:00:00+08:00,OPERATING,12.21,24.7,15.84,1,1,0,,2026-08-31T02:21:38.422656+00:00
2026-03-02,9,24.68,44,17.28,34.56,2026-03-02T09:00:00+08:00,2026-03-02T21:00:00+08:00,OPERATING,11.97,0.6,28.01,0,0,0,,2026-08-31T02:21:38.422656+00:00
2026-03-02,10,33.01,46,23.11,46.21,2026-03-02T09:00:00+08:00,2026-03-02T21:00:00+08:00,OPERATING,10.02,0.6,29.52,0,0,0,,2026-08-31T02:21:38.422656+00:00
2026-03-02,11,45.91,46,32.14,64.28,2026-03-02T09:00:00+08:00,2026-03-02T21:00:00+08:00,OPERATING,9.93,0.6,27.52,0,0,0,,2026-08-31T02:21:38.422656+00:00
2026-03-02,12,51.64,47,36.15,72.3,2026-03-02T09:00:00+08:00,2026-03-02T21:00:00+08:00,OPERATING,10.04,0.6,28.7,0,0,0,,2026-08-31T02:21:38.422656+00:00
2026-03-02,13,53.93,43,37.75,75.5,2026-03-02T09:00:00+08:00,2026-03-02T21:00:00+08:00,OPERATING,9.58,0.6,26.93,0,0,0,,2026-08-31T02:21:38.422656+00:00
2026-03-02,14,50.04,46,35.03,70.06,2026-03-02T09:00:00+08:00,2026-03-02T21:00:00+08:00,OPERATING,8.77,0.6,27.46,0,0,0,,2026-08-31T02:21:38.422656+00:00
2026-03-02,15,53.78,45,37.65,75.3,2026-03-02T09:00:00+08:00,2026-03-02T21:00:00+08:00,OPERATING,11.38,0.6,28.08,0,0,0,,2026-08-31T02:21:38.422656+00:00
2026-03-02,16,54.85,46,38.4,76.8,2026-03-02T09:00:00+08:00,2026-03-02T21:00:00+08:00,OPERATING,10.75,0.6,29.62,0,0,0,,2026-08-31T02:21:38.422656+00:00
2026-03-02,17,46.67,44,32.67,65.33,2026-03-02T09:00:00+08:00,2026-03-02T21:00:00+08:00,OPERATING,11.18,0.6,27.56,0,0,0,,2026-08-31T02:21:38.422656+00:00
2026-03-02,18,43.93,45,30.75,61.5,2026-03-02T09:00:00+08:00,2026-03-02T21:00:00+08:00,OPERATING,11.37,0.6,30.41,0,0,0,,2026-08-31T02:21:38.422656+00:00
2026-03-02,19,35.6,43,24.92,49.84,2026-03-02T09:00:00+08:00,2026-03-02T21:00:00+08:00,OPERATING,10.39,0.6,29.26,0,0,0,,2026-08-31T02:21:38.422656+00:00
2026-03-02,20,32.04,47,22.43,44.85,2026-03-02T09:00:00+08:00,2026-03-02T21:00:00+08:00,OPERATING,10.77,0.6,30.43,0,0,0,,2026-08-31T02:21:38.422656+00:00
2026-03-02,21,20.7,43,14.49,28.98,2026-03-02T09:00:00+08:00,2026-03-02T21:00:00+08:00,OPERATING,10.58,0.6,27.27,0,0,0,,2026-08-31T02:21:38.422656+00:00
2026-03-03,9,26.08,45,18.25,36.51,2026-03-03T09:00:00+08:00,2026-03-03T21:00:00+08:00,OPERATING,7.2,0.1,19.47,0,0,0,,2026-08-31T02:21:38.422656+00:00
2026-03-03,10,38.55,46,26.99,53.97,2026-03-03T09:00:00+08:00,2026-03-03T21:00:00+08:00,OPERATING,7.62,0.1,18.61,0,0,0,,2026-08-31T02:21:38.422656+00:00
2026-03-03,11,52.93,45,37.05,74.1,2026-03-03T09:00:00+08:00,2026-03-03T21:00:00+08:00,OPERATING,7.75,0.1,19.86,0,0,0,,2026-08-31T02:21:38.422656+00:00
2026-03-03,12,56.56,45,39.59,79.19,2026-03-03T09:00:00+08:00,2026-03-03T21:00:00+08:00,OPERATING,8.15,0.1,19.02,0,0,0,,2026-08-31T02:21:38.422656+00:00
2026-03-03,13,60.67,44,42.47,84.93,2026-03-03T09:00:00+08:00,2026-03-03T21:00:00+08:00,OPERATING,8.79,0.1,18.55,0,0,0,,2026-08-31T02:21:38.422656+00:00
2026-03-03,14,62.46,46,43.72,87.44,2026-03-03T09:00:00+08:00,2026-03-03T21:00:00+08:00,OPERATING,7.27,0.1,18.32,0,0,0,,2026-08-31T02:21:38.422656+00:00
2026-03-03,15,60.67,44,42.47,84.93,2026-03-03T09:00:00+08:00,2026-03-03T21:00:00+08:00,OPERATING,7.34,0.1,19.26,0,0,0,,2026-08-31T02:21:38.422656+00:00
2026-03-03,16,60.07,43,42.05,84.1,2026-03-03T09:00:00+08:00,2026-03-03T21:00:00+08:00,OPERATING,7.99,0.1,19.38,0,0,0,,2026-08-31T02:21:38.422656+00:00
2026-03-03,17,54.66,46,38.26,76.53,2026-03-03T09:00:00+08:00,2026-03-03T21:00:00+08:00,OPERATING,7.37,0.1,20.22,0,0,0,,2026-08-31T02:21:38.422656+00:00
2026-03-03,18,49.78,47,34.85,69.7,2026-03-03T09:00:00+08:00,2026-03-03T21:00:00+08:00,OPERATING,8.06,0.1,18.12,0,0,0,,2026-08-31T02:21:38.422656+00:00
2026-03-03,19,45.06,44,31.54,63.08,2026-03-03T09:00:00+08:00,2026-03-03T21:00:00+08:00,OPERATING,7.96,0.1,21.46,0,0,0,,2026-08-31T02:21:38.422656+00:00
2026-03-03,20,35.13,43,24.59,49.19,2026-03-03T09:00:00+08:00,2026-03-03T21:00:00+08:00,OPERATING,7.24,0.1,18.37,0,0,0,,2026-08-31T02:21:38.422656+00:00
2026-03-03,21,26.39,43,18.47,36.95,2026-03-03T09:00:00+08:00,2026-03-03T21:00:00+08:00,OPERATING,9.59,0.1,19.72,0,0,0,,2026-08-31T02:21:38.422656+00:00
2026-03-04,9,27.8,47,19.46,38.91,2026-03-04T09:00:00+08:00,2026-03-04T21:00:00+08:00,OPERATING,8.97,0.0,9.84,0,0,0,,2026-08-31T02:21:38.422656+00:00
2026-03-04,10,38.03,44,26.62,53.24,2026-03-04T09:00:00+08:00,2026-03-04T21:00:00+08:00,OPERATING,8.14,0.0,9.74,0,0,0,,2026-08-31T02:21:38.422656+00:00
2026-03-04,11,54.25,44,37.97,75.95,2026-03-04T09:00:00+08:00,2026-03-04T21:00:00+08:00,OPERATING,8.7,0.0,11.77,0,0,0,,2026-08-31T02:21:38.422656+00:00
2026-03-04,12,53.79,44,37.65,75.31,2026-03-04T09:00:00+08:00,2026-03-04T21:00:00+08:00,OPERATING,9.64,0.0,13.07,0,0,0,,2026-08-31T02:21:38.422656+00:00
2026-03-04,13,56.87,43,39.81,79.62,2026-03-04T09:00:00+08:00,2026-03-04T21:00:00+08:00,OPERATING,9.79,0.0,12.48,0,0,0,,2026-08-31T02:21:38.422656+00:00
2026-03-04,14,58.54,47,40.98,81.95,2026-03-04T09:00:00+08:00,2026-03-04T21:00:00+08:00,OPERATING,9.12,0.0,11.05,0,0,0,,2026-08-31T02:21:38.422656+00:00
2026-03-04,15,65.53,44,45.87,91.74,2026-03-04T09:00:00+08:00,2026-03-04T21:00:00+08:00,OPERATING,8.69,0.0,10.96,0,0,0,,2026-08-31T02:21:38.422656+00:00
2026-03-04,16,65.57,43,45.9,91.8,2026-03-04T09:00:00+08:00,2026-03-04T21:00:00+08:00,OPERATING,9.74,0.0,11.37,0,0,0,,2026-08-31T02:21:38.422656+00:00
2026-03-04,17,50.55,44,35.38,70.77,2026-03-04T09:00:00+08:00,2026-03-04T21:00:00+08:00,OPERATING,8.18,0.0,11.92,0,0,0,,2026-08-31T02:21:38.422656+00:00
2026-03-04,18,56.91,44,39.84,79.68,2026-03-04T09:00:00+08:00,2026-03-04T21:00:00+08:00,OPERATING,8.87,0.0,13.53,0,0,0,,2026-08-31T02:21:38.422656+00:00
2026-03-04,19,48.07,43,33.65,67.29,2026-03-04T09:00:00+08:00,2026-03-04T21:00:00+08:00,OPERATING,8.05,0.0,11.78,0,0,0,,2026-08-31T02:21:38.422656+00:00
2026-03-04,20,34.81,46,24.36,48.73,2026-03-04T09:00:00+08:00,2026-03-04T21:00:00+08:00,OPERATING,7.41,0.0,12.09,0,0,0,,2026-08-31T02:21:38.422656+00:00
2026-03-04,21,25.38,46,17.77,35.53,2026-03-04T09:00:00+08:00,2026-03-04T21:00:00+08:00,OPERATING,10.21,0.0,12.65,0,0,0,,2026-08-31T02:21:38.422656+00:00
2026-03-05,9,27.18,46,19.02,38.05,2026-03-05T09:00:00+08:00,2026-03-05T21:00:00+08:00,OPERATING,9.8,4.4,8.9,0,0,0,,2026-08-31T02:21:38.422656+00:00
2026-03-05,10,28.56,46,19.99,39.98,2026-03-05T09:00:00+08:00,2026-03-05T21:00:00+08:00,OPERATING,9.43,4.4,10.86,0,0,0,,2026-08-31T02:21:38.422656+00:00
2026-03-05,11,41.0,44,28.7,57.4,2026-03-05T09:00:00+08:00,2026-03-05T21:00:00+08:00,OPERATING,9.98,4.4,11.29,0,0,0,,2026-08-31T02:21:38.422656+00:00
2026-03-05,12,42.45,47,29.71,59.42,2026-03-05T09:00:00+08:00,2026-03-05T21:00:00+08:00,OPERATING,9.9,4.4,9.45,0,0,0,,2026-08-31T02:21:38.422656+00:00
2026-03-05,13,48.41,44,33.89,67.77,2026-03-05T09:00:00+08:00,2026-03-05T21:00:00+08:00,OPERATING,9.1,4.4,12.8,0,0,0,,2026-08-31T02:21:38.422656+00:00
2026-03-05,14,49.36,43,34.55,69.1,2026-03-05T09:00:00+08:00,2026-03-05T21:00:00+08:00,OPERATING,10.09,4.4,12.05,0,0,0,,2026-08-31T02:21:38.422656+00:00
2026-03-05,15,49.69,46,34.78,69.57,2026-03-05T09:00:00+08:00,2026-03-05T21:00:00+08:00,OPERATING,9.07,4.4,10.05,0,0,0,,2026-08-31T02:21:38.422656+00:00
2026-03-05,16,50.77,46,35.54,71.08,2026-03-05T09:00:00+08:00,2026-03-05T21:00:00+08:00,OPERATING,9.42,4.4,9.43,0,0,0,,2026-08-31T02:21:38.422656+00:00
2026-03-05,17,49.38,45,34.57,69.13,2026-03-05T09:00:00+08:00,2026-03-05T21:00:00+08:00,OPERATING,9.04,4.4,10.09,0,0,0,,2026-08-31T02:21:38.422656+00:00
2026-03-05,18,40.96,44,28.67,57.35,2026-03-05T09:00:00+08:00,2026-03-05T21:00:00+08:00,OPERATING,10.97,4.4,10.31,0,0,0,,2026-08-31T02:21:38.422656+00:00
2026-03-05,19,34.92,46,24.44,48.89,2026-03-05T09:00:00+08:00,2026-03-05T21:00:00+08:00,OPERATING,9.67,4.4,9.37,0,0,0,,2026-08-31T02:21:38.422656+00:00
2026-03-05,20,30.89,43,21.62,43.24,2026-03-05T09:00:00+08:00,2026-03-05T21:00:00+08:00,OPERATING,10.91,4.4,9.62,0,0,0,,2026-08-31T02:21:38.422656+00:00
2026-03-05,21,23.2,44,16.24,32.48,2026-03-05T09:00:00+08:00,2026-03-05T21:00:00+08:00,OPERATING,9.29,4.4,9.65,0,0,0,,2026-08-31T02:21:38.422656+00:00
2026-03-06,9,27.6,46,19.32,38.64,2026-03-06T09:00:00+08:00,2026-03-06T21:00:00+08:00,OPERATING,6.86,0.0,20.2,0,0,0,,2026-08-31T02:21:38.422656+00:00
2026-03-06,10,36.02,43,25.22,50.43,2026-03-06T09:00:00+08:00,2026-03-06T21:00:00+08:00,OPERATING,7.57,0.0,19.52,0,0,0,,2026-08-31T02:21:38.422656+00:00
2026-03-06,11,48.48,44,33.93,67.87,2026-03-06T09:00:00+08:00,2026-03-06T21:00:00+08:00,OPERATING,8.26,0.0,19.89,0,0,0,,2026-08-31T02:21:38.422656+00:00
2026-03-06,12,50.51,43,35.36,70.71,2026-03-06T09:00:00+08:00,2026-03-06T21:00:00+08:00,OPERATING,8.2,0.0,18.55,0,0,0,,2026-08-31T02:21:38.422656+00:00
2026-03-06,13,52.85,46,37.0,73.99,2026-03-06T09:00:00+08:00,2026-03-06T21:00:00+08:00,OPERATING,6.95,0.0,19.74,0,0,0,,2026-08-31T02:21:38.422656+00:00
2026-03-06,14,53.45,43,37.42,74.83,2026-03-06T09:00:00+08:00,2026-03-06T21:00:00+08:00,OPERATING,8.96,0.0,21.1,0,0,0,,2026-08-31T02:21:38.422656+00:00
2026-03-06,15,59.1,46,41.37,82.74,2026-03-06T09:00:00+08:00,2026-03-06T21:00:00+08:00,OPERATING,6.28,0.0,17.99,0,0,0,,2026-08-31T02:21:38.422656+00:00
2026-03-06,16,58.08,44,40.66,81.32,2026-03-06T09:00:00+08:00,2026-03-06T21:00:00+08:00,OPERATING,7.89,0.0,20.58,0,0,0,,2026-08-31T02:21:38.422656+00:00
2026-03-06,17,51.52,45,36.06,72.13,2026-03-06T09:00:00+08:00,2026-03-06T21:00:00+08:00,OPERATING,7.87,0.0,19.49,0,0,0,,2026-08-31T02:21:38.422656+00:00
2026-03-06,18,43.75,45,30.63,61.26,2026-03-06T09:00:00+08:00,2026-03-06T21:00:00+08:00,OPERATING,7.19,0.0,19.42,0,0,0,,2026-08-31T02:21:38.422656+00:00
2026-03-06,19,38.38,43,26.87,53.73,2026-03-06T09:00:00+08:00,2026-03-06T21:00:00+08:00,OPERATING,8.79,0.0,19.71,0,0,0,,2026-08-31T02:21:38.422656+00:00
2026-03-06,20,36.53,46,25.57,51.14,2026-03-06T09:00:00+08:00,2026-03-06T21:00:00+08:00,OPERATING,7.35,0.0,17.86,0,0,0,,2026-08-31T02:21:38.422656+00:00
2026-03-06,21,25.06,45,17.55,35.09,2026-03-06T09:00:00+08:00,2026-03-06T21:00:00+08:00,OPERATING,7.91,0.0,19.94,0,0,0,,2026-08-31T02:21:38.422656+00:00
2026-03-07,9,36.41,46,25.49,50.98,2026-03-07T09:00:00+08:00,2026-03-07T21:00:00+08:00,OPERATING,6.21,0.0,13.59,1,1,0,,2026-08-31T02:21:38.422656+00:00
2026-03-07,10,52.58,43,36.81,73.61,2026-03-07T09:00:00+08:00,2026-03-07T21:00:00+08:00,OPERATING,5.61,0.0,13.43,1,1,0,,2026-08-31T02:21:38.422656+00:00
2026-03-07,11,65.33,44,45.73,91.47,2026-03-07T09:00:00+08:00,2026-03-07T21:00:00+08:00,OPERATING,6.65,0.0,14.95,1,1,0,,2026-08-31T02:21:38.422656+00:00
2026-03-07,12,71.86,45,50.31,100.61,2026-03-07T09:00:00+08:00,2026-03-07T21:00:00+08:00,OPERATING,6.56,0.0,14.88,1,1,0,,2026-08-31T02:21:38.422656+00:00
2026-03-07,13,74.56,47,52.19,104.38,2026-03-07T09:00:00+08:00,2026-03-07T21:00:00+08:00,OPERATING,6.79,0.0,14.36,1,1,0,,2026-08-31T02:21:38.422656+00:00
2026-03-07,14,82.38,43,57.67,115.33,2026-03-07T09:00:00+08:00,2026-03-07T21:00:00+08:00,OPERATING,5.99,0.0,13.35,1,1,0,,2026-08-31T02:21:38.422656+00:00
2026-03-07,15,88.18,46,61.73,123.45,2026-03-07T09:00:00+08:00,2026-03-07T21:00:00+08:00,OPERATING,7.94,0.0,14.33,1,1,0,,2026-08-31T02:21:38.422656+00:00
2026-03-07,16,83.79,44,58.65,117.31,2026-03-07T09:00:00+08:00,2026-03-07T21:00:00+08:00,OPERATING,6.01,0.0,14.77,1,1,0,,2026-08-31T02:21:38.422656+00:00
2026-03-07,17,75.08,46,52.56,105.11,2026-03-07T09:00:00+08:00,2026-03-07T21:00:00+08:00,OPERATING,6.75,0.0,13.12,1,1,0,,2026-08-31T02:21:38.422656+00:00
2026-03-07,18,66.67,43,46.67,93.34,2026-03-07T09:00:00+08:00,2026-03-07T21:00:00+08:00,OPERATING,6.5,0.0,15.47,1,1,0,,2026-08-31T02:21:38.422656+00:00
2026-03-07,19,59.55,45,41.68,83.37,2026-03-07T09:00:00+08:00,2026-03-07T21:00:00+08:00,OPERATING,6.02,0.0,14.29,1,1,0,,2026-08-31T02:21:38.422656+00:00
2026-03-07,20,46.05,45,32.23,64.46,2026-03-07T09:00:00+08:00,2026-03-07T21:00:00+08:00,OPERATING,6.92,0.0,15.84,1,1,0,,2026-08-31T02:21:38.422656+00:00
2026-03-07,21,33.52,46,23.46,46.92,2026-03-07T09:00:00+08:00,2026-03-07T21:00:00+08:00,OPERATING,6.9,0.0,14.91,1,1,0,,2026-08-31T02:21:38.422656+00:00
2026-03-08,9,34.75,46,24.32,48.65,2026-03-08T09:00:00+08:00,2026-03-08T21:00:00+08:00,OPERATING,6.55,0.0,12.68,1,1,0,,2026-08-31T02:21:38.422656+00:00
2026-03-08,10,48.53,43,33.97,67.94,2026-03-08T09:00:00+08:00,2026-03-08T21:00:00+08:00,OPERATING,8.27,0.0,11.55,1,1,0,,2026-08-31T02:21:38.422656+00:00
2026-03-08,11,56.5,47,39.55,79.1,2026-03-08T09:00:00+08:00,2026-03-08T21:00:00+08:00,OPERATING,6.88,0.0,11.45,1,1,0,,2026-08-31T02:21:38.422656+00:00
2026-03-08,12,65.12,43,45.58,91.16,2026-03-08T09:00:00+08:00,2026-03-08T21:00:00+08:00,OPERATING,6.86,0.0,10.59,1,1,0,,2026-08-31T02:21:38.422656+00:00
2026-03-08,13,64.86,45,45.4,90.81,2026-03-08T09:00:00+08:00,2026-03-08T21:00:00+08:00,OPERATING,5.82,0.0,11.38,1,1,0,,2026-08-31T02:21:38.422656+00:00
2026-03-08,14,72.27,44,50.59,101.18,2026-03-08T09:00:00+08:00,2026-03-08T21:00:00+08:00,OPERATING,7.15,0.0,11.22,1,1,0,,2026-08-31T02:21:38.422656+00:00
2026-03-08,15,74.8,45,52.36,104.72,2026-03-08T09:00:00+08:00,2026-03-08T21:00:00+08:00,OPERATING,7.77,0.0,11.45,1,1,0,,2026-08-31T02:21:38.422656+00:00
2026-03-08,16,71.9,47,50.33,100.66,2026-03-08T09:00:00+08:00,2026-03-08T21:00:00+08:00,OPERATING,6.97,0.0,11.91,1,1,0,,2026-08-31T02:21:38.422656+00:00
2026-03-08,17,63.18,45,44.23,88.46,2026-03-08T09:00:00+08:00,2026-03-08T21:00:00+08:00,OPERATING,6.46,0.0,11.58,1,1,0,,2026-08-31T02:21:38.422656+00:00
2026-03-08,18,59.18,46,41.43,82.85,2026-03-08T09:00:00+08:00,2026-03-08T21:00:00+08:00,OPERATING,6.45,0.0,10.6,1,1,0,,2026-08-31T02:21:38.422656+00:00
2026-03-08,19,54.13,45,37.89,75.78,2026-03-08T09:00:00+08:00,2026-03-08T21:00:00+08:00,OPERATING,8.03,0.0,11.16,1,1,0,,2026-08-31T02:21:38.422656+00:00
2026-03-08,20,43.85,47,30.69,61.39,2026-03-08T09:00:00+08:00,2026-03-08T21:00:00+08:00,OPERATING,6.6,0.0,9.9,1,1,0,,2026-08-31T02:21:38.422656+00:00
2026-03-08,21,31.7,44,22.19,44.38,2026-03-08T09:00:00+08:00,2026-03-08T21:00:00+08:00,OPERATING,7.0,0.0,11.68,1,1,0,,2026-08-31T02:21:38.422656+00:00
2026-03-09,9,25.69,44,17.99,35.97,2026-03-09T09:00:00+08:00,2026-03-09T21:00:00+08:00,OPERATING,7.3,0.0,21.61,0,0,0,,2026-08-31T02:21:38.422656+00:00
2026-03-09,10,34.66,46,24.26,48.53,2026-03-09T09:00:00+08:00,2026-03-09T21:00:00+08:00,OPERATING,7.48,0.0,18.87,0,0,0,,2026-08-31T02:21:38.422656+00:00
2026-03-09,11,46.32,46,32.43,64.85,2026-03-09T09:00:00+08:00,2026-03-09T21:00:00+08:00,OPERATING,8.91,0.0,18.54,0,0,0,,2026-08-31T02:21:38.422656+00:00
2026-03-09,12,54.42,43,38.1,76.19,2026-03-09T09:00:00+08:00,2026-03-09T21:00:00+08:00,OPERATING,7.64,0.0,17.29,0,0,0,,2026-08-31T02:21:38.422656+00:00
2026-03-09,13,54.2,47,37.94,75.88,2026-03-09T09:00:00+08:00,2026-03-09T21:00:00+08:00,OPERATING,6.87,0.0,16.54,0,0,0,,2026-08-31T02:21:38.422656+00:00
2026-03-09,14,59.42,45,41.6,83.19,2026-03-09T09:00:00+08:00,2026-03-09T21:00:00+08:00,OPERATING,8.09,0.0,19.99,0,0,0,,2026-08-31T02:21:38.422656+00:00
2026-03-09,15,59.78,47,41.85,83.69,2026-03-09T09:00:00+08:00,2026-03-09T21:00:00+08:00,OPERATING,8.52,0.0,17.91,0,0,0,,2026-08-31T02:21:38.422656+00:00
2026-03-09,16,55.71,46,38.99,77.99,2026-03-09T09:00:00+08:00,2026-03-09T21:00:00+08:00,OPERATING,8.32,0.0,17.38,0,0,0,,2026-08-31T02:21:38.422656+00:00
2026-03-09,17,50.05,47,35.03,70.07,2026-03-09T09:00:00+08:00,2026-03-09T21:00:00+08:00,OPERATING,6.74,0.0,20.04,0,0,0,,2026-08-31T02:21:38.422656+00:00
2026-03-09,18,48.91,46,34.24,68.47,2026-03-09T09:00:00+08:00,2026-03-09T21:00:00+08:00,OPERATING,8.26,0.0,19.32,0,0,0,,2026-08-31T02:21:38.422656+00:00
2026-03-09,19,43.84,47,30.69,61.38,2026-03-09T09:00:00+08:00,2026-03-09T21:00:00+08:00,OPERATING,5.83,0.0,17.15,0,0,0,,2026-08-31T02:21:38.422656+00:00
2026-03-09,20,35.8,47,25.06,50.12,2026-03-09T09:00:00+08:00,2026-03-09T21:00:00+08:00,OPERATING,8.77,0.0,19.96,0,0,0,,2026-08-31T02:21:38.422656+00:00
2026-03-09,21,27.11,43,18.98,37.95,2026-03-09T09:00:00+08:00,2026-03-09T21:00:00+08:00,OPERATING,6.83,0.0,18.75,0,0,0,,2026-08-31T02:21:38.422656+00:00
2026-03-10,9,27.03,46,18.92,37.85,2026-03-10T09:00:00+08:00,2026-03-10T21:00:00+08:00,OPERATING,6.45,0.0,10.95,0,0,0,,2026-08-31T02:21:38.422656+00:00
2026-03-10,10,37.53,44,26.27,52.54,2026-03-10T09:00:00+08:00,2026-03-10T21:00:00+08:00,OPERATING,6.34,0.0,11.19,0,0,0,,2026-08-31T02:21:38.422656+00:00
2026-03-10,11,40.52,46,28.36,56.72,2026-03-10T09:00:00+08:00,2026-03-10T21:00:00+08:00,OPERATING,6.16,0.0,11.2,0,0,0,,2026-08-31T02:21:38.422656+00:00
2026-03-10,12,46.91,43,32.84,65.68,2026-03-10T09:00:00+08:00,2026-03-10T21:00:00+08:00,OPERATING,7.08,0.0,11.75,0,0,0,,2026-08-31T02:21:38.422656+00:00
2026-03-10,13,55.06,47,38.54,77.09,2026-03-10T09:00:00+08:00,2026-03-10T21:00:00+08:00,OPERATING,5.85,0.0,9.12,0,0,0,,2026-08-31T02:21:38.422656+00:00
2026-03-10,14,56.67,46,39.67,79.33,2026-03-10T09:00:00+08:00,2026-03-10T21:00:00+08:00,OPERATING,4.95,0.0,10.46,0,0,0,,2026-08-31T02:21:38.422656+00:00
2026-03-10,15,52.82,44,36.98,73.95,2026-03-10T09:00:00+08:00,2026-03-10T21:00:00+08:00,OPERATING,6.0,0.0,11.0,0,0,0,,2026-08-31T02:21:38.422656+00:00
2026-03-10,16,52.06,45,36.44,72.88,2026-03-10T09:00:00+08:00,2026-03-10T21:00:00+08:00,OPERATING,5.19,0.0,11.19,0,0,0,,2026-08-31T02:21:38.422656+00:00
2026-03-10,17,46.44,43,32.51,65.02,2026-03-10T09:00:00+08:00,2026-03-10T21:00:00+08:00,OPERATING,6.12,0.0,11.78,0,0,0,,2026-08-31T02:21:38.422656+00:00
2026-03-10,18,43.26,47,30.28,60.57,2026-03-10T09:00:00+08:00,2026-03-10T21:00:00+08:00,OPERATING,6.04,0.0,9.17,0,0,0,,2026-08-31T02:21:38.422656+00:00
2026-03-10,19,40.35,46,28.24,56.48,2026-03-10T09:00:00+08:00,2026-03-10T21:00:00+08:00,OPERATING,6.61,0.0,11.41,0,0,0,,2026-08-31T02:21:38.422656+00:00
2026-03-10,20,31.37,46,21.96,43.91,2026-03-10T09:00:00+08:00,2026-03-10T21:00:00+08:00,OPERATING,6.06,0.0,9.64,0,0,0,,2026-08-31T02:21:38.422656+00:00
2026-03-10,21,23.27,46,16.29,32.57,2026-03-10T09:00:00+08:00,2026-03-10T21:00:00+08:00,OPERATING,6.16,0.0,9.5,0,0,0,,2026-08-31T02:21:38.422656+00:00
2026-03-11,9,24.75,45,17.33,34.65,2026-03-11T09:00:00+08:00,2026-03-11T21:00:00+08:00,OPERATING,7.69,0.2,13.65,0,0,0,,2026-08-31T02:21:38.422656+00:00
2026-03-11,10,35.12,45,24.58,49.16,2026-03-11T09:00:00+08:00,2026-03-11T21:00:00+08:00,OPERATING,8.92,0.2,13.21,0,0,0,,2026-08-31T02:21:38.422656+00:00
2026-03-11,11,42.67,45,29.87,59.74,2026-03-11T09:00:00+08:00,2026-03-11T21:00:00+08:00,OPERATING,8.14,0.2,12.62,0,0,0,,2026-08-31T02:21:38.422656+00:00
2026-03-11,12,48.39,47,33.87,67.75,2026-03-11T09:00:00+08:00,2026-03-11T21:00:00+08:00,OPERATING,6.58,0.2,12.49,0,0,0,,2026-08-31T02:21:38.422656+00:00
2026-03-11,13,51.77,47,36.24,72.48,2026-03-11T09:00:00+08:00,2026-03-11T21:00:00+08:00,OPERATING,8.0,0.2,14.05,0,0,0,,2026-08-31T02:21:38.422656+00:00
2026-03-11,14,56.48,47,39.54,79.07,2026-03-11T09:00:00+08:00,2026-03-11T21:00:00+08:00,OPERATING,8.13,0.2,14.5,0,0,0,,2026-08-31T02:21:38.422656+00:00
2026-03-11,15,54.53,47,38.17,76.34,2026-03-11T09:00:00+08:00,2026-03-11T21:00:00+08:00,OPERATING,7.83,0.2,12.96,0,0,0,,2026-08-31T02:21:38.422656+00:00
2026-03-11,16,53.4,45,37.38,74.76,2026-03-11T09:00:00+08:00,2026-03-11T21:00:00+08:00,OPERATING,8.57,0.2,13.53,0,0,0,,2026-08-31T02:21:38.422656+00:00
2026-03-11,17,45.92,47,32.14,64.29,2026-03-11T09:00:00+08:00,2026-03-11T21:00:00+08:00,OPERATING,8.82,0.2,15.2,0,0,0,,2026-08-31T02:21:38.422656+00:00
2026-03-11,18,44.9,45,31.43,62.87,2026-03-11T09:00:00+08:00,2026-03-11T21:00:00+08:00,OPERATING,9.54,0.2,14.46,0,0,0,,2026-08-31T02:21:38.422656+00:00
2026-03-11,19,42.6,47,29.82,59.63,2026-03-11T09:00:00+08:00,2026-03-11T21:00:00+08:00,OPERATING,7.55,0.2,13.65,0,0,0,,2026-08-31T02:21:38.422656+00:00
2026-03-11,20,32.36,47,22.65,45.3,2026-03-11T09:00:00+08:00,2026-03-11T21:00:00+08:00,OPERATING,7.98,0.2,13.81,0,0,0,,2026-08-31T02:21:38.422656+00:00
2026-03-11,21,24.38,47,17.07,34.13,2026-03-11T09:00:00+08:00,2026-03-11T21:00:00+08:00,OPERATING,8.79,0.2,14.25,0,0,0,,2026-08-31T02:21:38.422656+00:00
2026-03-12,9,20.99,47,14.69,29.39,2026-03-12T09:00:00+08:00,2026-03-12T21:00:00+08:00,OPERATING,9.5,0.0,16.56,0,0,0,,2026-08-31T02:21:38.422656+00:00
2026-03-12,10,29.29,47,20.5,41.01,2026-03-12T09:00:00+08:00,2026-03-12T21:00:00+08:00,OPERATING,8.94,0.0,15.91,0,0,0,,2026-08-31T02:21:38.422656+00:00
2026-03-12,11,39.37,43,27.56,55.12,2026-03-12T09:00:00+08:00,2026-03-12T21:00:00+08:00,OPERATING,9.16,0.0,15.33,0,0,0,,2026-08-31T02:21:38.422656+00:00
2026-03-12,12,45.03,46,31.52,63.04,2026-03-12T09:00:00+08:00,2026-03-12T21:00:00+08:00,OPERATING,9.99,0.0,18.21,0,0,0,,2026-08-31T02:21:38.422656+00:00
2026-03-12,13,46.73,43,32.71,65.43,2026-03-12T09:00:00+08:00,2026-03-12T21:00:00+08:00,OPERATING,9.79,0.0,15.61,0,0,0,,2026-08-31T02:21:38.422656+00:00
2026-03-12,14,46.04,44,32.23,64.45,2026-03-12T09:00:00+08:00,2026-03-12T21:00:00+08:00,OPERATING,10.1,0.0,17.51,0,0,0,,2026-08-31T02:21:38.422656+00:00
2026-03-12,15,47.07,46,32.95,65.9,2026-03-12T09:00:00+08:00,2026-03-12T21:00:00+08:00,OPERATING,8.11,0.0,17.12,0,0,0,,2026-08-31T02:21:38.422656+00:00
2026-03-12,16,48.19,47,33.73,67.47,2026-03-12T09:00:00+08:00,2026-03-12T21:00:00+08:00,OPERATING,10.11,0.0,16.53,0,0,0,,2026-08-31T02:21:38.422656+00:00
2026-03-12,17,43.1,46,30.17,60.34,2026-03-12T09:00:00+08:00,2026-03-12T21:00:00+08:00,OPERATING,8.86,0.0,16.49,0,0,0,,2026-08-31T02:21:38.422656+00:00
2026-03-12,18,39.27,45,27.49,54.97,2026-03-12T09:00:00+08:00,2026-03-12T21:00:00+08:00,OPERATING,9.27,0.0,17.61,0,0,0,,2026-08-31T02:21:38.422656+00:00
2026-03-12,19,30.81,46,21.57,43.14,2026-03-12T09:00:00+08:00,2026-03-12T21:00:00+08:00,OPERATING,9.01,0.0,15.95,0,0,0,,2026-08-31T02:21:38.422656+00:00
2026-03-12,20,27.57,47,19.3,38.6,2026-03-12T09:00:00+08:00,2026-03-12T21:00:00+08:00,OPERATING,9.93,0.0,15.15,0,0,0,,2026-08-31T02:21:38.422656+00:00
2026-03-12,21,19.46,46,13.62,27.24,2026-03-12T09:00:00+08:00,2026-03-12T21:00:00+08:00,OPERATING,7.47,0.0,14.74,0,0,0,,2026-08-31T02:21:38.422656+00:00
2026-03-13,9,27.7,44,19.39,38.78,2026-03-13T09:00:00+08:00,2026-03-13T21:00:00+08:00,OPERATING,8.79,0.0,12.28,0,0,0,,2026-08-31T02:21:38.422656+00:00
2026-03-13,10,35.98,46,25.19,50.38,2026-03-13T09:00:00+08:00,2026-03-13T21:00:00+08:00,OPERATING,9.56,0.0,9.76,0,0,0,,2026-08-31T02:21:38.422656+00:00
2026-03-13,11,45.39,46,31.77,63.54,2026-03-13T09:00:00+08:00,2026-03-13T21:00:00+08:00,OPERATING,8.72,0.0,10.32,0,0,0,,2026-08-31T02:21:38.422656+00:00
2026-03-13,12,49.18,46,34.43,68.85,2026-03-13T09:00:00+08:00,2026-03-13T21:00:00+08:00,OPERATING,7.98,0.0,9.87,0,0,0,,2026-08-31T02:21:38.422656+00:00
2026-03-13,13,50.86,43,35.61,71.21,2026-03-13T09:00:00+08:00,2026-03-13T21:00:00+08:00,OPERATING,8.43,0.0,11.41,0,0,0,,2026-08-31T02:21:38.422656+00:00
2026-03-13,14,55.77,45,39.04,78.08,2026-03-13T09:00:00+08:00,2026-03-13T21:00:00+08:00,OPERATING,9.36,0.0,11.39,0,0,0,,2026-08-31T02:21:38.422656+00:00
2026-03-13,15,58.04,46,40.63,81.25,2026-03-13T09:00:00+08:00,2026-03-13T21:00:00+08:00,OPERATING,8.98,0.0,11.93,0,0,0,,2026-08-31T02:21:38.422656+00:00
2026-03-13,16,53.5,46,37.45,74.91,2026-03-13T09:00:00+08:00,2026-03-13T21:00:00+08:00,OPERATING,7.56,0.0,12.17,0,0,0,,2026-08-31T02:21:38.422656+00:00
2026-03-13,17,52.85,44,36.99,73.99,2026-03-13T09:00:00+08:00,2026-03-13T21:00:00+08:00,OPERATING,9.13,0.0,10.06,0,0,0,,2026-08-31T02:21:38.422656+00:00
2026-03-13,18,47.56,47,33.29,66.58,2026-03-13T09:00:00+08:00,2026-03-13T21:00:00+08:00,OPERATING,8.09,0.0,9.13,0,0,0,,2026-08-31T02:21:38.422656+00:00
2026-03-13,19,38.27,43,26.79,53.58,2026-03-13T09:00:00+08:00,2026-03-13T21:00:00+08:00,OPERATING,8.66,0.0,9.48,0,0,0,,2026-08-31T02:21:38.422656+00:00
2026-03-13,20,31.25,44,21.87,43.75,2026-03-13T09:00:00+08:00,2026-03-13T21:00:00+08:00,OPERATING,9.27,0.0,11.0,0,0,0,,2026-08-31T02:21:38.422656+00:00
2026-03-13,21,24.7,46,17.29,34.58,2026-03-13T09:00:00+08:00,2026-03-13T21:00:00+08:00,OPERATING,7.91,0.0,10.99,0,0,0,,2026-08-31T02:21:38.422656+00:00
2026-03-14,9,40.92,46,28.64,57.29,2026-03-14T09:00:00+08:00,2026-03-14T21:00:00+08:00,OPERATING,11.85,0.0,14.49,1,1,0,,2026-08-31T02:21:38.422656+00:00
2026-03-14,10,55.16,47,38.61,77.23,2026-03-14T09:00:00+08:00,2026-03-14T21:00:00+08:00,OPERATING,9.95,0.0,16.85,1,1,0,,2026-08-31T02:21:38.422656+00:00
2026-03-14,11,67.7,45,47.39,94.79,2026-03-14T09:00:00+08:00,2026-03-14T21:00:00+08:00,OPERATING,9.57,0.0,17.39,1,1,0,,2026-08-31T02:21:38.422656+00:00
2026-03-14,12,77.57,44,54.3,108.6,2026-03-14T09:00:00+08:00,2026-03-14T21:00:00+08:00,OPERATING,10.51,0.0,16.04,1,1,0,,2026-08-31T02:21:38.422656+00:00
2026-03-14,13,80.5,46,56.35,112.7,2026-03-14T09:00:00+08:00,2026-03-14T21:00:00+08:00,OPERATING,9.23,0.0,17.4,1,1,0,,2026-08-31T02:21:38.422656+00:00
2026-03-14,14,83.48,47,58.44,116.88,2026-03-14T09:00:00+08:00,2026-03-14T21:00:00+08:00,OPERATING,10.09,0.0,17.48,1,1,0,,2026-08-31T02:21:38.422656+00:00
2026-03-14,15,84.88,45,59.42,118.84,2026-03-14T09:00:00+08:00,2026-03-14T21:00:00+08:00,OPERATING,11.05,0.0,16.05,1,1,0,,2026-08-31T02:21:38.422656+00:00
2026-03-14,16,84.11,43,58.88,117.75,2026-03-14T09:00:00+08:00,2026-03-14T21:00:00+08:00,OPERATING,11.07,0.0,15.96,1,1,0,,2026-08-31T02:21:38.422656+00:00
2026-03-14,17,78.45,43,54.92,109.84,2026-03-14T09:00:00+08:00,2026-03-14T21:00:00+08:00,OPERATING,10.71,0.0,18.24,1,1,0,,2026-08-31T02:21:38.422656+00:00
2026-03-14,18,70.58,43,49.41,98.81,2026-03-14T09:00:00+08:00,2026-03-14T21:00:00+08:00,OPERATING,10.64,0.0,18.22,1,1,0,,2026-08-31T02:21:38.422656+00:00
2026-03-14,19,60.8,43,42.56,85.13,2026-03-14T09:00:00+08:00,2026-03-14T21:00:00+08:00,OPERATING,9.64,0.0,15.41,1,1,0,,2026-08-31T02:21:38.422656+00:00
2026-03-14,20,50.47,46,35.33,70.65,2026-03-14T09:00:00+08:00,2026-03-14T21:00:00+08:00,OPERATING,9.92,0.0,16.08,1,1,0,,2026-08-31T02:21:38.422656+00:00
2026-03-14,21,31.35,47,21.95,43.89,2026-03-14T09:00:00+08:00,2026-03-14T21:00:00+08:00,OPERATING,9.98,0.0,16.71,1,1,0,,2026-08-31T02:21:38.422656+00:00
2026-03-15,9,38.45,46,26.92,53.83,2026-03-15T09:00:00+08:00,2026-03-15T21:00:00+08:00,OPERATING,11.8,0.4,11.44,1,1,0,,2026-08-31T02:21:38.422656+00:00
2026-03-15,10,45.25,46,31.68,63.35,2026-03-15T09:00:00+08:00,2026-03-15T21:00:00+08:00,OPERATING,11.19,0.4,11.52,1,1,0,,2026-08-31T02:21:38.422656+00:00
2026-03-15,11,62.58,43,43.81,87.61,2026-03-15T09:00:00+08:00,2026-03-15T21:00:00+08:00,OPERATING,10.74,0.4,8.93,1,1,0,,2026-08-31T02:21:38.422656+00:00
2026-03-15,12,65.71,43,46.0,91.99,2026-03-15T09:00:00+08:00,2026-03-15T21:00:00+08:00,OPERATING,10.65,0.4,11.66,1,1,0,,2026-08-31T02:21:38.422656+00:00
2026-03-15,13,67.92,47,47.54,95.08,2026-03-15T09:00:00+08:00,2026-03-15T21:00:00+08:00,OPERATING,12.89,0.4,11.29,1,1,0,,2026-08-31T02:21:38.422656+00:00
2026-03-15,14,72.99,46,51.09,102.18,2026-03-15T09:00:00+08:00,2026-03-15T21:00:00+08:00,OPERATING,11.92,0.4,10.94,1,1,0,,2026-08-31T02:21:38.422656+00:00
2026-03-15,15,73.83,45,51.68,103.36,2026-03-15T09:00:00+08:00,2026-03-15T21:00:00+08:00,OPERATING,12.71,0.4,11.43,1,1,0,,2026-08-31T02:21:38.422656+00:00
2026-03-15,16,73.77,45,51.64,103.28,2026-03-15T09:00:00+08:00,2026-03-15T21:00:00+08:00,OPERATING,11.63,0.4,10.85,1,1,0,,2026-08-31T02:21:38.422656+00:00
2026-03-15,17,68.66,43,48.06,96.12,2026-03-15T09:00:00+08:00,2026-03-15T21:00:00+08:00,OPERATING,10.17,0.4,12.15,1,1,0,,2026-08-31T02:21:38.422656+00:00
2026-03-15,18,58.76,46,41.13,82.26,2026-03-15T09:00:00+08:00,2026-03-15T21:00:00+08:00,OPERATING,11.73,0.4,9.78,1,1,0,,2026-08-31T02:21:38.422656+00:00
2026-03-15,19,51.02,47,35.71,71.42,2026-03-15T09:00:00+08:00,2026-03-15T21:00:00+08:00,OPERATING,11.21,0.4,11.31,1,1,0,,2026-08-31T02:21:38.422656+00:00
2026-03-15,20,43.33,44,30.33,60.67,2026-03-15T09:00:00+08:00,2026-03-15T21:00:00+08:00,OPERATING,12.31,0.4,11.58,1,1,0,,2026-08-31T02:21:38.422656+00:00
2026-03-15,21,33.54,46,23.48,46.96,2026-03-15T09:00:00+08:00,2026-03-15T21:00:00+08:00,OPERATING,12.75,0.4,9.5,1,1,0,,2026-08-31T02:21:38.422656+00:00
2026-03-16,9,28.55,47,19.98,39.96,2026-03-16T09:00:00+08:00,2026-03-16T21:00:00+08:00,OPERATING,11.16,1.5,11.27,0,0,0,,2026-08-31T02:21:38.422656+00:00
2026-03-16,10,36.97,44,25.88,51.76,2026-03-16T09:00:00+08:00,2026-03-16T21:00:00+08:00,OPERATING,9.62,1.5,12.68,0,0,0,,2026-08-31T02:21:38.422656+00:00
2026-03-16,11,45.21,45,31.64,63.29,2026-03-16T09:00:00+08:00,2026-03-16T21:00:00+08:00,OPERATING,10.56,1.5,11.48,0,0,0,,2026-08-31T02:21:38.422656+00:00
2026-03-16,12,43.83,47,30.68,61.36,2026-03-16T09:00:00+08:00,2026-03-16T21:00:00+08:00,OPERATING,9.71,1.5,12.86,0,0,0,,2026-08-31T02:21:38.422656+00:00
2026-03-16,13,52.73,46,36.91,73.82,2026-03-16T09:00:00+08:00,2026-03-16T21:00:00+08:00,OPERATING,10.19,1.5,12.05,0,0,0,,2026-08-31T02:21:38.422656+00:00
2026-03-16,14,55.19,43,38.63,77.27,2026-03-16T09:00:00+08:00,2026-03-16T21:00:00+08:00,OPERATING,10.93,1.5,12.62,0,0,0,,2026-08-31T02:21:38.422656+00:00
2026-03-16,15,56.9,46,39.83,79.66,2026-03-16T09:00:00+08:00,2026-03-16T21:00:00+08:00,OPERATING,10.04,1.5,12.69,0,0,0,,2026-08-31T02:21:38.422656+00:00
2026-03-16,16,56.48,46,39.54,79.07,2026-03-16T09:00:00+08:00,2026-03-16T21:00:00+08:00,OPERATING,11.4,1.5,11.34,0,0,0,,2026-08-31T02:21:38.422656+00:00
2026-03-16,17,51.46,43,36.03,72.05,2026-03-16T09:00:00+08:00,2026-03-16T21:00:00+08:00,OPERATING,9.71,1.5,11.12,0,0,0,,2026-08-31T02:21:38.422656+00:00
2026-03-16,18,46.02,45,32.22,64.43,2026-03-16T09:00:00+08:00,2026-03-16T21:00:00+08:00,OPERATING,10.56,1.5,13.2,0,0,0,,2026-08-31T02:21:38.422656+00:00
2026-03-16,19,41.7,44,29.19,58.38,2026-03-16T09:00:00+08:00,2026-03-16T21:00:00+08:00,OPERATING,10.3,1.5,11.46,0,0,0,,2026-08-31T02:21:38.422656+00:00
2026-03-16,20,33.29,47,23.3,46.61,2026-03-16T09:00:00+08:00,2026-03-16T21:00:00+08:00,OPERATING,10.34,1.5,13.13,0,0,0,,2026-08-31T02:21:38.422656+00:00
2026-03-16,21,25.11,45,17.58,35.16,2026-03-16T09:00:00+08:00,2026-03-16T21:00:00+08:00,OPERATING,10.07,1.5,13.33,0,0,0,,2026-08-31T02:21:38.422656+00:00
2026-03-17,9,23.83,45,16.68,33.36,2026-03-17T09:00:00+08:00,2026-03-17T21:00:00+08:00,OPERATING,10.02,5.5,16.07,0,0,0,,2026-08-31T02:21:38.422656+00:00
2026-03-17,10,30.52,46,21.36,42.73,2026-03-17T09:00:00+08:00,2026-03-17T21:00:00+08:00,OPERATING,11.84,5.5,14.86,0,0,0,,2026-08-31T02:21:38.422656+00:00
2026-03-17,11,37.81,43,26.46,52.93,2026-03-17T09:00:00+08:00,2026-03-17T21:00:00+08:00,OPERATING,12.43,5.5,16.27,0,0,0,,2026-08-31T02:21:38.422656+00:00
2026-03-17,12,42.84,46,29.99,59.98,2026-03-17T09:00:00+08:00,2026-03-17T21:00:00+08:00,OPERATING,10.43,5.5,14.84,0,0,0,,2026-08-31T02:21:38.422656+00:00
2026-03-17,13,41.3,44,34.01,68.02,2026-03-17T09:00:00+08:00,2026-03-17T21:00:00+08:00,OPERATING,10.95,5.5,17.27,0,0,0,,2026-08-31T02:21:38.422656+00:00
2026-03-17,14,41.29,44,34.0,68.0,2026-03-17T09:00:00+08:00,2026-03-17T21:00:00+08:00,OPERATING,9.91,5.5,14.49,0,0,0,,2026-08-31T02:21:38.422656+00:00
2026-03-17,15,43.93,43,36.18,72.36,2026-03-17T09:00:00+08:00,2026-03-17T21:00:00+08:00,OPERATING,10.22,5.5,15.8,0,0,0,,2026-08-31T02:21:38.422656+00:00
2026-03-17,16,44.94,46,37.01,74.02,2026-03-17T09:00:00+08:00,2026-03-17T21:00:00+08:00,OPERATING,10.94,5.5,16.49,0,0,0,,2026-08-31T02:21:38.422656+00:00
2026-03-17,17,45.85,44,32.09,64.18,2026-03-17T09:00:00+08:00,2026-03-17T21:00:00+08:00,OPERATING,10.43,5.5,16.62,0,0,0,,2026-08-31T02:21:38.422656+00:00
2026-03-17,18,42.68,46,29.88,59.76,2026-03-17T09:00:00+08:00,2026-03-17T21:00:00+08:00,OPERATING,9.36,5.5,15.14,0,0,0,,2026-08-31T02:21:38.422656+00:00
2026-03-17,19,37.34,44,26.14,52.28,2026-03-17T09:00:00+08:00,2026-03-17T21:00:00+08:00,OPERATING,9.88,5.5,16.89,0,0,0,,2026-08-31T02:21:38.422656+00:00
2026-03-17,20,30.51,43,21.36,42.72,2026-03-17T09:00:00+08:00,2026-03-17T21:00:00+08:00,OPERATING,11.18,5.5,15.82,0,0,0,,2026-08-31T02:21:38.422656+00:00
2026-03-17,21,22.61,47,15.83,31.66,2026-03-17T09:00:00+08:00,2026-03-17T21:00:00+08:00,OPERATING,9.23,5.5,17.77,0,0,0,,2026-08-31T02:21:38.422656+00:00
2026-03-18,9,18.3,47,12.81,25.61,2026-03-18T09:00:00+08:00,2026-03-18T21:00:00+08:00,OPERATING,11.04,14.2,14.8,0,0,0,,2026-08-31T02:21:38.422656+00:00
2026-03-18,10,20.13,47,14.09,28.18,2026-03-18T09:00:00+08:00,2026-03-18T21:00:00+08:00,OPERATING,10.11,14.2,15.33,0,0,0,,2026-08-31T02:21:38.422656+00:00
2026-03-18,11,29.61,43,20.73,41.45,2026-03-18T09:00:00+08:00,2026-03-18T21:00:00+08:00,OPERATING,11.06,14.2,13.9,0,0,0,,2026-08-31T02:21:38.422656+00:00
2026-03-18,12,30.68,44,21.47,42.95,2026-03-18T09:00:00+08:00,2026-03-18T21:00:00+08:00,OPERATING,10.1,14.2,17.06,0,0,0,,2026-08-31T02:21:38.422656+00:00
2026-03-18,13,29.08,47,23.95,47.9,2026-03-18T09:00:00+08:00,2026-03-18T21:00:00+08:00,OPERATING,10.57,14.2,13.99,0,0,0,,2026-08-31T02:21:38.422656+00:00
2026-03-18,14,31.5,45,25.94,51.89,2026-03-18T09:00:00+08:00,2026-03-18T21:00:00+08:00,OPERATING,9.27,14.2,15.49,0,0,0,,2026-08-31T02:21:38.422656+00:00
2026-03-18,15,33.79,44,27.83,55.66,2026-03-18T09:00:00+08:00,2026-03-18T21:00:00+08:00,OPERATING,9.87,14.2,15.4,0,0,0,,2026-08-31T02:21:38.422656+00:00
2026-03-18,16,33.31,46,27.43,54.86,2026-03-18T09:00:00+08:00,2026-03-18T21:00:00+08:00,OPERATING,11.26,14.2,14.67,0,0,0,,2026-08-31T02:21:38.422656+00:00
2026-03-18,17,33.15,47,23.2,46.41,2026-03-18T09:00:00+08:00,2026-03-18T21:00:00+08:00,OPERATING,11.02,14.2,13.74,0,0,0,,2026-08-31T02:21:38.422656+00:00
2026-03-18,18,28.82,45,20.17,40.35,2026-03-18T09:00:00+08:00,2026-03-18T21:00:00+08:00,OPERATING,11.82,14.2,16.52,0,0,0,,2026-08-31T02:21:38.422656+00:00
2026-03-18,19,25.61,45,17.93,35.86,2026-03-18T09:00:00+08:00,2026-03-18T21:00:00+08:00,OPERATING,12.18,14.2,14.76,0,0,0,,2026-08-31T02:21:38.422656+00:00
2026-03-18,20,21.31,45,14.92,29.84,2026-03-18T09:00:00+08:00,2026-03-18T21:00:00+08:00,OPERATING,11.3,14.2,15.89,0,0,0,,2026-08-31T02:21:38.422656+00:00
2026-03-18,21,15.55,44,10.88,21.77,2026-03-18T09:00:00+08:00,2026-03-18T21:00:00+08:00,OPERATING,9.81,14.2,15.61,0,0,0,,2026-08-31T02:21:38.422656+00:00
2026-03-19,9,28.46,43,19.92,39.85,2026-03-19T09:00:00+08:00,2026-03-19T21:00:00+08:00,OPERATING,7.34,0.0,10.87,0,0,0,,2026-08-31T02:21:38.422656+00:00
2026-03-19,10,37.23,43,26.06,52.12,2026-03-19T09:00:00+08:00,2026-03-19T21:00:00+08:00,OPERATING,8.37,0.0,10.16,0,0,0,,2026-08-31T02:21:38.422656+00:00
2026-03-19,11,49.35,47,34.54,69.08,2026-03-19T09:00:00+08:00,2026-03-19T21:00:00+08:00,OPERATING,8.57,0.0,11.8,0,0,0,,2026-08-31T02:21:38.422656+00:00
2026-03-19,12,50.85,43,35.6,71.2,2026-03-19T09:00:00+08:00,2026-03-19T21:00:00+08:00,OPERATING,8.73,0.0,10.73,0,0,0,,2026-08-31T02:21:38.422656+00:00
2026-03-19,13,59.53,44,41.67,83.34,2026-03-19T09:00:00+08:00,2026-03-19T21:00:00+08:00,OPERATING,8.94,0.0,11.32,0,0,0,,2026-08-31T02:21:38.422656+00:00
2026-03-19,14,59.4,44,41.58,83.17,2026-03-19T09:00:00+08:00,2026-03-19T21:00:00+08:00,OPERATING,9.09,0.0,11.83,0,0,0,,2026-08-31T02:21:38.422656+00:00
2026-03-19,15,59.27,44,41.49,82.98,2026-03-19T09:00:00+08:00,2026-03-19T21:00:00+08:00,OPERATING,9.4,0.0,12.12,0,0,0,,2026-08-31T02:21:38.422656+00:00
2026-03-19,16,59.86,43,41.9,83.8,2026-03-19T09:00:00+08:00,2026-03-19T21:00:00+08:00,OPERATING,9.43,0.0,11.07,0,0,0,,2026-08-31T02:21:38.422656+00:00
2026-03-19,17,56.08,44,39.26,78.51,2026-03-19T09:00:00+08:00,2026-03-19T21:00:00+08:00,OPERATING,10.66,0.0,11.99,0,0,0,,2026-08-31T02:21:38.422656+00:00
2026-03-19,18,49.95,45,34.97,69.93,2026-03-19T09:00:00+08:00,2026-03-19T21:00:00+08:00,OPERATING,8.59,0.0,12.05,0,0,0,,2026-08-31T02:21:38.422656+00:00
2026-03-19,19,44.0,47,30.8,61.6,2026-03-19T09:00:00+08:00,2026-03-19T21:00:00+08:00,OPERATING,8.41,0.0,12.44,0,0,0,,2026-08-31T02:21:38.422656+00:00
2026-03-19,20,33.49,43,23.44,46.89,2026-03-19T09:00:00+08:00,2026-03-19T21:00:00+08:00,OPERATING,9.77,0.0,11.66,0,0,0,,2026-08-31T02:21:38.422656+00:00
2026-03-19,21,22.24,44,15.57,31.14,2026-03-19T09:00:00+08:00,2026-03-19T21:00:00+08:00,OPERATING,7.54,0.0,10.52,0,0,0,,2026-08-31T02:21:38.422656+00:00
2026-03-20,9,35.22,46,24.65,49.31,2026-03-20T09:00:00+08:00,2026-03-20T21:00:00+08:00,OPERATING,8.45,0.3,11.66,0,0,0,,2026-08-31T02:21:38.422656+00:00
2026-03-20,10,42.1,46,29.47,58.94,2026-03-20T09:00:00+08:00,2026-03-20T21:00:00+08:00,OPERATING,9.31,0.3,10.95,0,0,0,,2026-08-31T02:21:38.422656+00:00
2026-03-20,11,47.02,45,32.91,65.83,2026-03-20T09:00:00+08:00,2026-03-20T21:00:00+08:00,OPERATING,9.74,0.3,11.85,0,0,0,,2026-08-31T02:21:38.422656+00:00
2026-03-20,12,54.69,45,38.29,76.57,2026-03-20T09:00:00+08:00,2026-03-20T21:00:00+08:00,OPERATING,9.2,0.3,10.54,0,0,0,,2026-08-31T02:21:38.422656+00:00
2026-03-20,13,59.6,46,41.72,83.45,2026-03-20T09:00:00+08:00,2026-03-20T21:00:00+08:00,OPERATING,9.6,0.3,10.83,0,0,0,,2026-08-31T02:21:38.422656+00:00
2026-03-20,14,66.78,43,46.75,93.49,2026-03-20T09:00:00+08:00,2026-03-20T21:00:00+08:00,OPERATING,8.67,0.3,12.24,0,0,0,,2026-08-31T02:21:38.422656+00:00
2026-03-20,15,67.17,43,47.02,94.04,2026-03-20T09:00:00+08:00,2026-03-20T21:00:00+08:00,OPERATING,9.2,0.3,10.11,0,0,0,,2026-08-31T02:21:38.422656+00:00
2026-03-20,16,64.65,46,45.25,90.51,2026-03-20T09:00:00+08:00,2026-03-20T21:00:00+08:00,OPERATING,9.57,0.3,11.38,0,0,0,,2026-08-31T02:21:38.422656+00:00
2026-03-20,17,55.39,47,38.78,77.55,2026-03-20T09:00:00+08:00,2026-03-20T21:00:00+08:00,OPERATING,8.93,0.3,12.38,0,0,0,,2026-08-31T02:21:38.422656+00:00
2026-03-20,18,49.0,47,34.3,68.6,2026-03-20T09:00:00+08:00,2026-03-20T21:00:00+08:00,OPERATING,8.7,0.3,12.58,0,0,0,,2026-08-31T02:21:38.422656+00:00
2026-03-20,19,47.71,44,33.4,66.8,2026-03-20T09:00:00+08:00,2026-03-20T21:00:00+08:00,OPERATING,8.86,0.3,13.52,0,0,0,,2026-08-31T02:21:38.422656+00:00
2026-03-20,20,37.07,45,25.95,51.9,2026-03-20T09:00:00+08:00,2026-03-20T21:00:00+08:00,OPERATING,9.57,0.3,12.87,0,0,0,,2026-08-31T02:21:38.422656+00:00
2026-03-20,21,28.05,47,19.63,39.27,2026-03-20T09:00:00+08:00,2026-03-20T21:00:00+08:00,OPERATING,9.34,0.3,13.07,0,0,0,,2026-08-31T02:21:38.422656+00:00
2026-03-21,9,41.87,44,29.31,58.62,2026-03-21T09:00:00+08:00,2026-03-21T21:00:00+08:00,OPERATING,8.9,0.0,11.69,1,1,0,,2026-08-31T02:21:38.422656+00:00
2026-03-21,10,55.64,47,38.95,77.89,2026-03-21T09:00:00+08:00,2026-03-21T21:00:00+08:00,OPERATING,10.02,0.0,13.36,1,1,0,,2026-08-31T02:21:38.422656+00:00
2026-03-21,11,69.35,45,48.55,97.09,2026-03-21T09:00:00+08:00,2026-03-21T21:00:00+08:00,OPERATING,10.49,0.0,11.75,1,1,0,,2026-08-31T02:21:38.422656+00:00
2026-03-21,12,80.93,47,56.65,113.3,2026-03-21T09:00:00+08:00,2026-03-21T21:00:00+08:00,OPERATING,8.65,0.0,9.56,1,1,0,,2026-08-31T02:21:38.422656+00:00
2026-03-21,13,81.53,44,57.07,114.14,2026-03-21T09:00:00+08:00,2026-03-21T21:00:00+08:00,OPERATING,9.26,0.0,10.37,1,1,0,,2026-08-31T02:21:38.422656+00:00
2026-03-21,14,86.0,46,60.2,120.4,2026-03-21T09:00:00+08:00,2026-03-21T21:00:00+08:00,OPERATING,8.11,0.0,13.17,1,1,0,,2026-08-31T02:21:38.422656+00:00
2026-03-21,15,90.6,44,63.42,126.83,2026-03-21T09:00:00+08:00,2026-03-21T21:00:00+08:00,OPERATING,8.85,0.0,9.97,1,1,0,,2026-08-31T02:21:38.422656+00:00
2026-03-21,16,86.08,43,60.26,120.52,2026-03-21T09:00:00+08:00,2026-03-21T21:00:00+08:00,OPERATING,8.84,0.0,12.3,1,1,0,,2026-08-31T02:21:38.422656+00:00
2026-03-21,17,79.67,45,55.77,111.54,2026-03-21T09:00:00+08:00,2026-03-21T21:00:00+08:00,OPERATING,10.44,0.0,12.89,1,1,0,,2026-08-31T02:21:38.422656+00:00
2026-03-21,18,71.63,45,50.14,100.28,2026-03-21T09:00:00+08:00,2026-03-21T21:00:00+08:00,OPERATING,9.63,0.0,11.56,1,1,0,,2026-08-31T02:21:38.422656+00:00
2026-03-21,19,64.01,44,44.81,89.61,2026-03-21T09:00:00+08:00,2026-03-21T21:00:00+08:00,OPERATING,9.34,0.0,11.61,1,1,0,,2026-08-31T02:21:38.422656+00:00
2026-03-21,20,56.38,46,39.47,78.93,2026-03-21T09:00:00+08:00,2026-03-21T21:00:00+08:00,OPERATING,8.79,0.0,12.15,1,1,0,,2026-08-31T02:21:38.422656+00:00
2026-03-21,21,38.0,45,26.6,53.19,2026-03-21T09:00:00+08:00,2026-03-21T21:00:00+08:00,OPERATING,9.0,0.0,11.85,1,1,0,,2026-08-31T02:21:38.422656+00:00
2026-03-22,9,41.23,47,28.86,57.73,2026-03-22T09:00:00+08:00,2026-03-22T21:00:00+08:00,OPERATING,13.92,0.0,10.8,1,1,0,,2026-08-31T02:21:38.422656+00:00
2026-03-22,10,46.32,44,32.43,64.85,2026-03-22T09:00:00+08:00,2026-03-22T21:00:00+08:00,OPERATING,13.32,0.0,12.22,1,1,0,,2026-08-31T02:21:38.422656+00:00
2026-03-22,11,60.52,47,42.36,84.72,2026-03-22T09:00:00+08:00,2026-03-22T21:00:00+08:00,OPERATING,13.2,0.0,10.01,1,1,0,,2026-08-31T02:21:38.422656+00:00
2026-03-22,12,70.57,43,49.4,98.8,2026-03-22T09:00:00+08:00,2026-03-22T21:00:00+08:00,OPERATING,12.82,0.0,11.84,1,1,0,,2026-08-31T02:21:38.422656+00:00
2026-03-22,13,69.14,45,48.4,96.8,2026-03-22T09:00:00+08:00,2026-03-22T21:00:00+08:00,OPERATING,14.05,0.0,11.31,1,1,0,,2026-08-31T02:21:38.422656+00:00
2026-03-22,14,74.27,44,51.99,103.98,2026-03-22T09:00:00+08:00,2026-03-22T21:00:00+08:00,OPERATING,13.51,0.0,12.31,1,1,0,,2026-08-31T02:21:38.422656+00:00
2026-03-22,15,81.83,45,57.28,114.56,2026-03-22T09:00:00+08:00,2026-03-22T21:00:00+08:00,OPERATING,13.28,0.0,11.22,1,1,0,,2026-08-31T02:21:38.422656+00:00
2026-03-22,16,75.34,45,52.74,105.48,2026-03-22T09:00:00+08:00,2026-03-22T21:00:00+08:00,OPERATING,13.16,0.0,10.07,1,1,0,,2026-08-31T02:21:38.422656+00:00
2026-03-22,17,69.38,45,48.57,97.14,2026-03-22T09:00:00+08:00,2026-03-22T21:00:00+08:00,OPERATING,12.61,0.0,11.29,1,1,0,,2026-08-31T02:21:38.422656+00:00
2026-03-22,18,60.09,44,42.07,84.13,2026-03-22T09:00:00+08:00,2026-03-22T21:00:00+08:00,OPERATING,14.25,0.0,10.69,1,1,0,,2026-08-31T02:21:38.422656+00:00
2026-03-22,19,55.23,47,38.66,77.32,2026-03-22T09:00:00+08:00,2026-03-22T21:00:00+08:00,OPERATING,12.38,0.0,9.98,1,1,0,,2026-08-31T02:21:38.422656+00:00
2026-03-22,20,46.95,43,32.86,65.73,2026-03-22T09:00:00+08:00,2026-03-22T21:00:00+08:00,OPERATING,13.08,0.0,10.6,1,1,0,,2026-08-31T02:21:38.422656+00:00
2026-03-22,21,29.99,45,21.0,41.99,2026-03-22T09:00:00+08:00,2026-03-22T21:00:00+08:00,OPERATING,12.72,0.0,11.93,1,1,0,,2026-08-31T02:21:38.422656+00:00
2026-03-23,9,32.53,45,22.77,45.54,2026-03-23T09:00:00+08:00,2026-03-23T21:00:00+08:00,OPERATING,13.67,0.0,14.29,0,0,0,,2026-08-31T02:21:38.422656+00:00
2026-03-23,10,37.78,43,26.45,52.9,2026-03-23T09:00:00+08:00,2026-03-23T21:00:00+08:00,OPERATING,12.41,0.0,10.79,0,0,0,,2026-08-31T02:21:38.422656+00:00
2026-03-23,11,50.85,47,35.59,71.19,2026-03-23T09:00:00+08:00,2026-03-23T21:00:00+08:00,OPERATING,12.88,0.0,11.81,0,0,0,,2026-08-31T02:21:38.422656+00:00
2026-03-23,12,52.98,45,37.09,74.17,2026-03-23T09:00:00+08:00,2026-03-23T21:00:00+08:00,OPERATING,15.24,0.0,11.6,0,0,0,,2026-08-31T02:21:38.422656+00:00
2026-03-23,13,55.96,44,39.17,78.34,2026-03-23T09:00:00+08:00,2026-03-23T21:00:00+08:00,OPERATING,12.77,0.0,11.03,0,0,0,,2026-08-31T02:21:38.422656+00:00
2026-03-23,14,56.44,45,39.51,79.02,2026-03-23T09:00:00+08:00,2026-03-23T21:00:00+08:00,OPERATING,13.92,0.0,11.27,0,0,0,,2026-08-31T02:21:38.422656+00:00
2026-03-23,15,62.64,47,43.85,87.7,2026-03-23T09:00:00+08:00,2026-03-23T21:00:00+08:00,OPERATING,12.69,0.0,10.91,0,0,0,,2026-08-31T02:21:38.422656+00:00
2026-03-23,16,56.04,45,39.22,78.45,2026-03-23T09:00:00+08:00,2026-03-23T21:00:00+08:00,OPERATING,12.76,0.0,13.09,0,0,0,,2026-08-31T02:21:38.422656+00:00
2026-03-23,17,51.46,44,36.02,72.04,2026-03-23T09:00:00+08:00,2026-03-23T21:00:00+08:00,OPERATING,14.14,0.0,11.55,0,0,0,,2026-08-31T02:21:38.422656+00:00
2026-03-23,18,46.63,44,32.64,65.28,2026-03-23T09:00:00+08:00,2026-03-23T21:00:00+08:00,OPERATING,12.68,0.0,11.22,0,0,0,,2026-08-31T02:21:38.422656+00:00
2026-03-23,19,44.07,44,30.85,61.7,2026-03-23T09:00:00+08:00,2026-03-23T21:00:00+08:00,OPERATING,12.66,0.0,13.97,0,0,0,,2026-08-31T02:21:38.422656+00:00
2026-03-23,20,34.0,47,23.8,47.6,2026-03-23T09:00:00+08:00,2026-03-23T21:00:00+08:00,OPERATING,12.74,0.0,12.96,0,0,0,,2026-08-31T02:21:38.422656+00:00
2026-03-23,21,24.0,45,16.8,33.6,2026-03-23T09:00:00+08:00,2026-03-23T21:00:00+08:00,OPERATING,12.0,0.0,11.49,0,0,0,,2026-08-31T02:21:38.422656+00:00
2026-03-24,9,17.93,45,12.55,25.1,2026-03-24T09:00:00+08:00,2026-03-24T21:00:00+08:00,OPERATING,13.23,10.6,11.14,0,0,0,,2026-08-31T02:21:38.422656+00:00
2026-03-24,10,15.75,43,11.02,22.05,2026-03-24T09:00:00+08:00,2026-03-24T21:00:00+08:00,OPERATING,11.93,10.6,8.56,0,0,0,,2026-08-31T02:21:38.422656+00:00
2026-03-24,11,28.0,46,19.6,39.2,2026-03-24T09:00:00+08:00,2026-03-24T21:00:00+08:00,OPERATING,13.26,10.6,10.85,0,0,0,,2026-08-31T02:21:38.422656+00:00
2026-03-24,12,27.81,45,19.47,38.94,2026-03-24T09:00:00+08:00,2026-03-24T21:00:00+08:00,OPERATING,11.18,10.6,10.13,0,0,0,,2026-08-31T02:21:38.422656+00:00
2026-03-24,13,23.63,45,19.46,38.92,2026-03-24T09:00:00+08:00,2026-03-24T21:00:00+08:00,OPERATING,11.33,10.6,10.27,0,0,0,,2026-08-31T02:21:38.422656+00:00
2026-03-24,14,25.04,46,20.62,41.25,2026-03-24T09:00:00+08:00,2026-03-24T21:00:00+08:00,OPERATING,12.67,10.6,9.58,0,0,0,,2026-08-31T02:21:38.422656+00:00
2026-03-24,15,26.33,47,21.68,43.36,2026-03-24T09:00:00+08:00,2026-03-24T21:00:00+08:00,OPERATING,12.5,10.6,10.27,0,0,0,,2026-08-31T02:21:38.422656+00:00
2026-03-24,16,23.95,47,19.73,39.45,2026-03-24T09:00:00+08:00,2026-03-24T21:00:00+08:00,OPERATING,12.45,10.6,10.13,0,0,0,,2026-08-31T02:21:38.422656+00:00
2026-03-24,17,29.78,47,20.85,41.7,2026-03-24T09:00:00+08:00,2026-03-24T21:00:00+08:00,OPERATING,11.88,10.6,8.96,0,0,0,,2026-08-31T02:21:38.422656+00:00
2026-03-24,18,26.26,43,18.38,36.77,2026-03-24T09:00:00+08:00,2026-03-24T21:00:00+08:00,OPERATING,11.92,10.6,9.34,0,0,0,,2026-08-31T02:21:38.422656+00:00
2026-03-24,19,23.66,45,16.56,33.12,2026-03-24T09:00:00+08:00,2026-03-24T21:00:00+08:00,OPERATING,11.02,10.6,10.27,0,0,0,,2026-08-31T02:21:38.422656+00:00
2026-03-24,20,18.8,47,13.16,26.31,2026-03-24T09:00:00+08:00,2026-03-24T21:00:00+08:00,OPERATING,9.95,10.6,11.45,0,0,0,,2026-08-31T02:21:38.422656+00:00
2026-03-24,21,13.25,43,9.27,18.55,2026-03-24T09:00:00+08:00,2026-03-24T21:00:00+08:00,OPERATING,12.32,10.6,10.08,0,0,0,,2026-08-31T02:21:38.422656+00:00
2026-03-25,9,25.4,45,17.78,35.56,2026-03-25T09:00:00+08:00,2026-03-25T21:00:00+08:00,OPERATING,12.29,0.0,11.01,0,0,0,,2026-08-31T02:21:38.422656+00:00
2026-03-25,10,40.04,47,28.03,56.06,2026-03-25T09:00:00+08:00,2026-03-25T21:00:00+08:00,OPERATING,11.15,0.0,10.8,0,0,0,,2026-08-31T02:21:38.422656+00:00
2026-03-25,11,48.89,47,34.22,68.44,2026-03-25T09:00:00+08:00,2026-03-25T21:00:00+08:00,OPERATING,11.81,0.0,11.68,0,0,0,,2026-08-31T02:21:38.422656+00:00
2026-03-25,12,53.03,45,37.12,74.24,2026-03-25T09:00:00+08:00,2026-03-25T21:00:00+08:00,OPERATING,12.09,0.0,12.64,0,0,0,,2026-08-31T02:21:38.422656+00:00
2026-03-25,13,56.13,46,39.29,78.59,2026-03-25T09:00:00+08:00,2026-03-25T21:00:00+08:00,OPERATING,11.92,0.0,10.35,0,0,0,,2026-08-31T02:21:38.422656+00:00
2026-03-25,14,57.24,45,40.07,80.13,2026-03-25T09:00:00+08:00,2026-03-25T21:00:00+08:00,OPERATING,10.78,0.0,10.09,0,0,0,,2026-08-31T02:21:38.422656+00:00
2026-03-25,15,60.08,43,42.06,84.12,2026-03-25T09:00:00+08:00,2026-03-25T21:00:00+08:00,OPERATING,11.47,0.0,11.61,0,0,0,,2026-08-31T02:21:38.422656+00:00
2026-03-25,16,57.93,47,40.55,81.11,2026-03-25T09:00:00+08:00,2026-03-25T21:00:00+08:00,OPERATING,12.84,0.0,10.98,0,0,0,,2026-08-31T02:21:38.422656+00:00
2026-03-25,17,51.92,46,36.34,72.68,2026-03-25T09:00:00+08:00,2026-03-25T21:00:00+08:00,OPERATING,11.49,0.0,12.17,0,0,0,,2026-08-31T02:21:38.422656+00:00
2026-03-25,18,45.29,45,31.71,63.41,2026-03-25T09:00:00+08:00,2026-03-25T21:00:00+08:00,OPERATING,11.16,0.0,11.47,0,0,0,,2026-08-31T02:21:38.422656+00:00
2026-03-25,19,43.33,44,30.33,60.66,2026-03-25T09:00:00+08:00,2026-03-25T21:00:00+08:00,OPERATING,12.95,0.0,11.9,0,0,0,,2026-08-31T02:21:38.422656+00:00
2026-03-25,20,34.74,46,24.31,48.63,2026-03-25T09:00:00+08:00,2026-03-25T21:00:00+08:00,OPERATING,9.73,0.0,11.63,0,0,0,,2026-08-31T02:21:38.422656+00:00
2026-03-25,21,23.59,45,16.51,33.02,2026-03-25T09:00:00+08:00,2026-03-25T21:00:00+08:00,OPERATING,11.68,0.0,12.82,0,0,0,,2026-08-31T02:21:38.422656+00:00
2026-03-26,9,25.99,45,18.19,36.39,2026-03-26T09:00:00+08:00,2026-03-26T21:00:00+08:00,OPERATING,12.78,1.0,8.62,0,0,0,,2026-08-31T02:21:38.422656+00:00
2026-03-26,10,35.45,43,24.82,49.63,2026-03-26T09:00:00+08:00,2026-03-26T21:00:00+08:00,OPERATING,12.19,1.0,7.4,0,0,0,,2026-08-31T02:21:38.422656+00:00
2026-03-26,11,40.54,47,28.38,56.75,2026-03-26T09:00:00+08:00,2026-03-26T21:00:00+08:00,OPERATING,12.4,1.0,8.49,0,0,0,,2026-08-31T02:21:38.422656+00:00
2026-03-26,12,47.13,43,32.99,65.98,2026-03-26T09:00:00+08:00,2026-03-26T21:00:00+08:00,OPERATING,12.47,1.0,8.22,0,0,0,,2026-08-31T02:21:38.422656+00:00
2026-03-26,13,52.42,47,36.7,73.39,2026-03-26T09:00:00+08:00,2026-03-26T21:00:00+08:00,OPERATING,13.63,1.0,9.47,0,0,0,,2026-08-31T02:21:38.422656+00:00
2026-03-26,14,51.71,43,36.2,72.4,2026-03-26T09:00:00+08:00,2026-03-26T21:00:00+08:00,OPERATING,13.06,1.0,8.67,0,0,0,,2026-08-31T02:21:38.422656+00:00
2026-03-26,15,54.93,46,38.45,76.9,2026-03-26T09:00:00+08:00,2026-03-26T21:00:00+08:00,OPERATING,11.41,1.0,7.89,0,0,0,,2026-08-31T02:21:38.422656+00:00
2026-03-26,16,52.23,43,36.56,73.12,2026-03-26T09:00:00+08:00,2026-03-26T21:00:00+08:00,OPERATING,11.47,1.0,8.22,0,0,0,,2026-08-31T02:21:38.422656+00:00
2026-03-26,17,44.81,46,31.36,62.73,2026-03-26T09:00:00+08:00,2026-03-26T21:00:00+08:00,OPERATING,11.9,1.0,9.48,0,0,0,,2026-08-31T02:21:38.422656+00:00
2026-03-26,18,43.79,46,30.65,61.31,2026-03-26T09:00:00+08:00,2026-03-26T21:00:00+08:00,OPERATING,10.3,1.0,8.43,0,0,0,,2026-08-31T02:21:38.422656+00:00
2026-03-26,19,40.66,45,28.46,56.93,2026-03-26T09:00:00+08:00,2026-03-26T21:00:00+08:00,OPERATING,12.41,1.0,9.2,0,0,0,,2026-08-31T02:21:38.422656+00:00
2026-03-26,20,32.85,47,22.99,45.99,2026-03-26T09:00:00+08:00,2026-03-26T21:00:00+08:00,OPERATING,12.87,1.0,7.32,0,0,0,,2026-08-31T02:21:38.422656+00:00
2026-03-26,21,27.63,43,19.34,38.68,2026-03-26T09:00:00+08:00,2026-03-26T21:00:00+08:00,OPERATING,12.1,1.0,8.85,0,0,0,,2026-08-31T02:21:38.422656+00:00
2026-03-27,9,15.32,44,10.73,21.45,2026-03-27T09:00:00+08:00,2026-03-27T21:00:00+08:00,OPERATING,14.1,2.4,8.52,0,0,0,,2026-08-31T02:21:38.422656+00:00
2026-03-27,10,24.86,47,17.4,34.8,2026-03-27T09:00:00+08:00,2026-03-27T21:00:00+08:00,OPERATING,12.57,2.4,9.88,0,0,0,,2026-08-31T02:21:38.422656+00:00
2026-03-27,11,32.98,47,23.09,46.17,2026-03-27T09:00:00+08:00,2026-03-27T21:00:00+08:00,OPERATING,13.15,2.4,9.32,0,0,0,,2026-08-31T02:21:38.422656+00:00
2026-03-27,12,35.59,46,24.91,49.82,2026-03-27T09:00:00+08:00,2026-03-27T21:00:00+08:00,OPERATING,13.24,2.4,9.61,0,0,0,,2026-08-31T02:21:38.422656+00:00
2026-03-27,13,33.63,43,23.54,47.08,2026-03-27T09:00:00+08:00,2026-03-27T21:00:00+08:00,OPERATING,11.76,2.4,7.94,0,0,0,,2026-08-31T02:21:38.422656+00:00
2026-03-27,14,38.36,44,26.85,53.7,2026-03-27T09:00:00+08:00,2026-03-27T21:00:00+08:00,OPERATING,13.33,2.4,10.1,0,0,0,,2026-08-31T02:21:38.422656+00:00
2026-03-27,15,38.77,47,27.14,54.28,2026-03-27T09:00:00+08:00,2026-03-27T21:00:00+08:00,OPERATING,15.53,2.4,10.65,0,0,0,,2026-08-31T02:21:38.422656+00:00
2026-03-27,16,39.06,46,27.34,54.68,2026-03-27T09:00:00+08:00,2026-03-27T21:00:00+08:00,OPERATING,12.93,2.4,8.94,0,0,0,,2026-08-31T02:21:38.422656+00:00
2026-03-27,17,41.25,47,28.88,57.75,2026-03-27T09:00:00+08:00,2026-03-27T21:00:00+08:00,OPERATING,15.06,2.4,8.46,0,0,0,,2026-08-31T02:21:38.422656+00:00
2026-03-27,18,29.67,44,20.77,41.54,2026-03-27T09:00:00+08:00,2026-03-27T21:00:00+08:00,OPERATING,12.81,2.4,9.91,0,0,0,,2026-08-31T02:21:38.422656+00:00
2026-03-27,19,29.81,46,20.86,41.73,2026-03-27T09:00:00+08:00,2026-03-27T21:00:00+08:00,OPERATING,13.14,2.4,8.32,0,0,0,,2026-08-31T02:21:38.422656+00:00
2026-03-27,20,26.41,45,18.49,36.98,2026-03-27T09:00:00+08:00,2026-03-27T21:00:00+08:00,OPERATING,12.71,2.4,9.89,0,0,0,,2026-08-31T02:21:38.422656+00:00
2026-03-27,21,16.45,46,11.51,23.02,2026-03-27T09:00:00+08:00,2026-03-27T21:00:00+08:00,OPERATING,12.57,2.4,10.42,0,0,0,,2026-08-31T02:21:38.422656+00:00
2026-03-28,9,43.56,43,30.49,60.98,2026-03-28T09:00:00+08:00,2026-03-28T21:00:00+08:00,OPERATING,11.73,0.0,11.1,1,1,0,,2026-08-31T02:21:38.422656+00:00
2026-03-28,10,59.95,46,41.97,83.93,2026-03-28T09:00:00+08:00,2026-03-28T21:00:00+08:00,OPERATING,13.5,0.0,10.08,1,1,0,,2026-08-31T02:21:38.422656+00:00
2026-03-28,11,73.36,46,51.36,102.71,2026-03-28T09:00:00+08:00,2026-03-28T21:00:00+08:00,OPERATING,13.89,0.0,9.33,1,1,0,,2026-08-31T02:21:38.422656+00:00
2026-03-28,12,78.08,45,54.66,109.31,2026-03-28T09:00:00+08:00,2026-03-28T21:00:00+08:00,OPERATING,12.97,0.0,13.07,1,1,0,,2026-08-31T02:21:38.422656+00:00
2026-03-28,13,86.32,43,60.42,120.84,2026-03-28T09:00:00+08:00,2026-03-28T21:00:00+08:00,OPERATING,13.86,0.0,10.48,1,1,0,,2026-08-31T02:21:38.422656+00:00
2026-03-28,14,94.27,46,65.99,131.98,2026-03-28T09:00:00+08:00,2026-03-28T21:00:00+08:00,OPERATING,13.09,0.0,10.66,1,1,0,,2026-08-31T02:21:38.422656+00:00
2026-03-28,15,94.86,46,66.4,132.81,2026-03-28T09:00:00+08:00,2026-03-28T21:00:00+08:00,OPERATING,13.8,0.0,11.7,1,1,0,,2026-08-31T02:21:38.422656+00:00
2026-03-28,16,91.16,47,63.81,127.62,2026-03-28T09:00:00+08:00,2026-03-28T21:00:00+08:00,OPERATING,13.54,0.0,12.5,1,1,0,,2026-08-31T02:21:38.422656+00:00
2026-03-28,17,80.12,46,56.08,112.16,2026-03-28T09:00:00+08:00,2026-03-28T21:00:00+08:00,OPERATING,13.32,0.0,9.6,1,1,0,,2026-08-31T02:21:38.422656+00:00
2026-03-28,18,71.98,45,50.38,100.77,2026-03-28T09:00:00+08:00,2026-03-28T21:00:00+08:00,OPERATING,13.27,0.0,11.72,1,1,0,,2026-08-31T02:21:38.422656+00:00
2026-03-28,19,66.41,44,46.49,92.98,2026-03-28T09:00:00+08:00,2026-03-28T21:00:00+08:00,OPERATING,14.03,0.0,12.28,1,1,0,,2026-08-31T02:21:38.422656+00:00
2026-03-28,20,55.93,44,39.15,78.3,2026-03-28T09:00:00+08:00,2026-03-28T21:00:00+08:00,OPERATING,13.11,0.0,11.77,1,1,0,,2026-08-31T02:21:38.422656+00:00
2026-03-28,21,39.09,46,27.37,54.73,2026-03-28T09:00:00+08:00,2026-03-28T21:00:00+08:00,OPERATING,11.85,0.0,11.54,1,1,0,,2026-08-31T02:21:38.422656+00:00
2026-03-29,9,45.44,46,31.81,63.61,2026-03-29T09:00:00+08:00,2026-03-29T21:00:00+08:00,OPERATING,17.19,0.3,18.34,1,1,0,,2026-08-31T02:21:38.422656+00:00
2026-03-29,10,60.23,43,42.16,84.32,2026-03-29T09:00:00+08:00,2026-03-29T21:00:00+08:00,OPERATING,15.29,0.3,19.04,1,1,0,,2026-08-31T02:21:38.422656+00:00
2026-03-29,11,72.41,44,50.69,101.38,2026-03-29T09:00:00+08:00,2026-03-29T21:00:00+08:00,OPERATING,15.5,0.3,17.29,1,1,0,,2026-08-31T02:21:38.422656+00:00
2026-03-29,12,83.34,46,58.34,116.67,2026-03-29T09:00:00+08:00,2026-03-29T21:00:00+08:00,OPERATING,15.44,0.3,16.55,1,1,0,,2026-08-31T02:21:38.422656+00:00
2026-03-29,13,87.52,44,61.26,122.52,2026-03-29T09:00:00+08:00,2026-03-29T21:00:00+08:00,OPERATING,15.87,0.3,18.17,1,1,0,,2026-08-31T02:21:38.422656+00:00
2026-03-29,14,87.51,45,61.26,122.51,2026-03-29T09:00:00+08:00,2026-03-29T21:00:00+08:00,OPERATING,15.31,0.3,16.83,1,1,0,,2026-08-31T02:21:38.422656+00:00
2026-03-29,15,96.38,46,67.47,134.93,2026-03-29T09:00:00+08:00,2026-03-29T21:00:00+08:00,OPERATING,16.26,0.3,20.44,1,1,0,,2026-08-31T02:21:38.422656+00:00
2026-03-29,16,91.42,46,63.99,127.99,2026-03-29T09:00:00+08:00,2026-03-29T21:00:00+08:00,OPERATING,15.2,0.3,16.53,1,1,0,,2026-08-31T02:21:38.422656+00:00
2026-03-29,17,77.28,44,54.1,108.19,2026-03-29T09:00:00+08:00,2026-03-29T21:00:00+08:00,OPERATING,16.25,0.3,18.01,1,1,0,,2026-08-31T02:21:38.422656+00:00
2026-03-29,18,75.32,46,52.72,105.44,2026-03-29T09:00:00+08:00,2026-03-29T21:00:00+08:00,OPERATING,15.16,0.3,17.68,1,1,0,,2026-08-31T02:21:38.422656+00:00
2026-03-29,19,66.26,44,46.38,92.77,2026-03-29T09:00:00+08:00,2026-03-29T21:00:00+08:00,OPERATING,16.67,0.3,15.8,1,1,0,,2026-08-31T02:21:38.422656+00:00
2026-03-29,20,57.38,43,40.17,80.34,2026-03-29T09:00:00+08:00,2026-03-29T21:00:00+08:00,OPERATING,15.76,0.3,15.25,1,1,0,,2026-08-31T02:21:38.422656+00:00
2026-03-29,21,37.1,44,25.97,51.95,2026-03-29T09:00:00+08:00,2026-03-29T21:00:00+08:00,OPERATING,15.43,0.3,17.72,1,1,0,,2026-08-31T02:21:38.422656+00:00
2026-03-30,9,22.33,45,15.63,31.26,2026-03-30T09:00:00+08:00,2026-03-30T21:00:00+08:00,OPERATING,15.06,17.7,21.85,0,0,0,,2026-08-31T02:21:38.422656+00:00
2026-03-30,10,27.63,44,19.34,38.68,2026-03-30T09:00:00+08:00,2026-03-30T21:00:00+08:00,OPERATING,17.41,17.7,21.15,0,0,0,,2026-08-31T02:21:38.422656+00:00
2026-03-30,11,33.2,47,23.24,46.48,2026-03-30T09:00:00+08:00,2026-03-30T21:00:00+08:00,OPERATING,16.57,17.7,21.59,0,0,0,,2026-08-31T02:21:38.422656+00:00
2026-03-30,12,42.27,44,29.59,59.18,2026-03-30T09:00:00+08:00,2026-03-30T21:00:00+08:00,OPERATING,17.76,17.7,21.61,0,0,0,,2026-08-31T02:21:38.422656+00:00
2026-03-30,13,34.83,44,28.69,57.37,2026-03-30T09:00:00+08:00,2026-03-30T21:00:00+08:00,OPERATING,16.5,17.7,18.92,0,0,0,,2026-08-31T02:21:38.422656+00:00
2026-03-30,14,35.0,44,28.82,57.65,2026-03-30T09:00:00+08:00,2026-03-30T21:00:00+08:00,OPERATING,16.9,17.7,21.89,0,0,0,,2026-08-31T02:21:38.422656+00:00
2026-03-30,15,39.63,47,32.64,65.27,2026-03-30T09:00:00+08:00,2026-03-30T21:00:00+08:00,OPERATING,16.44,17.7,22.72,0,0,0,,2026-08-31T02:21:38.422656+00:00
2026-03-30,16,39.19,46,32.27,64.54,2026-03-30T09:00:00+08:00,2026-03-30T21:00:00+08:00,OPERATING,18.23,17.7,19.3,0,0,0,,2026-08-31T02:21:38.422656+00:00
2026-03-30,17,42.63,44,29.84,59.69,2026-03-30T09:00:00+08:00,2026-03-30T21:00:00+08:00,OPERATING,17.47,17.7,21.28,0,0,0,,2026-08-31T02:21:38.422656+00:00
2026-03-30,18,36.15,44,25.3,50.61,2026-03-30T09:00:00+08:00,2026-03-30T21:00:00+08:00,OPERATING,17.99,17.7,21.44,0,0,0,,2026-08-31T02:21:38.422656+00:00
2026-03-30,19,29.75,47,20.82,41.65,2026-03-30T09:00:00+08:00,2026-03-30T21:00:00+08:00,OPERATING,16.24,17.7,21.31,0,0,0,,2026-08-31T02:21:38.422656+00:00
2026-03-30,20,25.72,46,18.01,36.01,2026-03-30T09:00:00+08:00,2026-03-30T21:00:00+08:00,OPERATING,17.59,17.7,22.26,0,0,0,,2026-08-31T02:21:38.422656+00:00
2026-03-30,21,15.63,47,10.94,21.88,2026-03-30T09:00:00+08:00,2026-03-30T21:00:00+08:00,OPERATING,17.26,17.7,21.02,0,0,0,,2026-08-31T02:21:38.422656+00:00
2026-03-31,9,19.42,44,13.6,27.19,2026-03-31T09:00:00+08:00,2026-03-31T21:00:00+08:00,OPERATING,14.2,9.8,14.84,0,0,0,,2026-08-31T02:21:38.422656+00:00
2026-03-31,10,26.87,45,18.81,37.62,2026-03-31T09:00:00+08:00,2026-03-31T21:00:00+08:00,OPERATING,13.58,9.8,17.92,0,0,0,,2026-08-31T02:21:38.422656+00:00
2026-03-31,11,33.87,46,23.71,47.42,2026-03-31T09:00:00+08:00,2026-03-31T21:00:00+08:00,OPERATING,13.85,9.8,17.14,0,0,0,,2026-08-31T02:21:38.422656+00:00
2026-03-31,12,32.16,43,22.51,45.03,2026-03-31T09:00:00+08:00,2026-03-31T21:00:00+08:00,OPERATING,13.79,9.8,17.79,0,0,0,,2026-08-31T02:21:38.422656+00:00
2026-03-31,13,33.64,46,27.7,55.4,2026-03-31T09:00:00+08:00,2026-03-31T21:00:00+08:00,OPERATING,13.98,9.8,18.69,0,0,0,,2026-08-31T02:21:38.422656+00:00
2026-03-31,14,32.73,44,26.95,53.91,2026-03-31T09:00:00+08:00,2026-03-31T21:00:00+08:00,OPERATING,13.3,9.8,16.47,0,0,0,,2026-08-31T02:21:38.422656+00:00
2026-03-31,15,36.28,46,29.88,59.76,2026-03-31T09:00:00+08:00,2026-03-31T21:00:00+08:00,OPERATING,13.62,9.8,18.22,0,0,0,,2026-08-31T02:21:38.422656+00:00
2026-03-31,16,32.11,47,26.45,52.89,2026-03-31T09:00:00+08:00,2026-03-31T21:00:00+08:00,OPERATING,14.22,9.8,16.68,0,0,0,,2026-08-31T02:21:38.422656+00:00
2026-03-31,17,32.46,45,22.72,45.44,2026-03-31T09:00:00+08:00,2026-03-31T21:00:00+08:00,OPERATING,13.64,9.8,17.55,0,0,0,,2026-08-31T02:21:38.422656+00:00
2026-03-31,18,33.28,44,23.3,46.59,2026-03-31T09:00:00+08:00,2026-03-31T21:00:00+08:00,OPERATING,14.41,9.8,16.44,0,0,0,,2026-08-31T02:21:38.422656+00:00
2026-03-31,19,31.69,47,22.19,44.37,2026-03-31T09:00:00+08:00,2026-03-31T21:00:00+08:00,OPERATING,14.49,9.8,17.79,0,0,0,,2026-08-31T02:21:38.422656+00:00
2026-03-31,20,24.36,45,17.05,34.1,2026-03-31T09:00:00+08:00,2026-03-31T21:00:00+08:00,OPERATING,14.55,9.8,16.41,0,0,0,,2026-08-31T02:21:38.422656+00:00
2026-03-31,21,18.89,44,13.22,26.44,2026-03-31T09:00:00+08:00,2026-03-31T21:00:00+08:00,OPERATING,13.36,9.8,16.96,0,0,0,,2026-08-31T02:21:38.422656+00:00
2026-04-01,9,20.74,47,14.52,29.03,2026-04-01T09:00:00+08:00,2026-04-01T21:00:00+08:00,OPERATING,14.11,6.5,10.88,0,0,0,,2026-08-31T02:21:38.422656+00:00
2026-04-01,10,23.15,46,16.2,32.4,2026-04-01T09:00:00+08:00,2026-04-01T21:00:00+08:00,OPERATING,14.73,6.5,10.15,0,0,0,,2026-08-31T02:21:38.422656+00:00
2026-04-01,11,31.99,46,22.39,44.79,2026-04-01T09:00:00+08:00,2026-04-01T21:00:00+08:00,OPERATING,16.05,6.5,12.13,0,0,0,,2026-08-31T02:21:38.422656+00:00
2026-04-01,12,38.6,46,27.02,54.04,2026-04-01T09:00:00+08:00,2026-04-01T21:00:00+08:00,OPERATING,14.15,6.5,9.73,0,0,0,,2026-08-31T02:21:38.422656+00:00
2026-04-01,13,28.67,46,23.61,47.23,2026-04-01T09:00:00+08:00,2026-04-01T21:00:00+08:00,OPERATING,13.52,6.5,11.92,0,0,0,,2026-08-31T02:21:38.422656+00:00
2026-04-01,14,32.54,43,26.8,53.59,2026-04-01T09:00:00+08:00,2026-04-01T21:00:00+08:00,OPERATING,14.05,6.5,8.13,0,0,0,,2026-08-31T02:21:38.422656+00:00
2026-04-01,15,36.14,43,29.76,59.52,2026-04-01T09:00:00+08:00,2026-04-01T21:00:00+08:00,OPERATING,16.05,6.5,12.53,0,0,0,,2026-08-31T02:21:38.422656+00:00
2026-04-01,16,34.77,46,28.63,57.27,2026-04-01T09:00:00+08:00,2026-04-01T21:00:00+08:00,OPERATING,15.22,6.5,9.54,0,0,0,,2026-08-31T02:21:38.422656+00:00
2026-04-01,17,35.79,47,25.05,50.11,2026-04-01T09:00:00+08:00,2026-04-01T21:00:00+08:00,OPERATING,15.36,6.5,11.32,0,0,0,,2026-08-31T02:21:38.422656+00:00
2026-04-01,18,34.8,47,24.36,48.72,2026-04-01T09:00:00+08:00,2026-04-01T21:00:00+08:00,OPERATING,15.46,6.5,10.03,0,0,0,,2026-08-31T02:21:38.422656+00:00
2026-04-01,19,28.98,46,20.29,40.58,2026-04-01T09:00:00+08:00,2026-04-01T21:00:00+08:00,OPERATING,14.1,6.5,10.37,0,0,0,,2026-08-31T02:21:38.422656+00:00
2026-04-01,20,25.08,44,17.55,35.11,2026-04-01T09:00:00+08:00,2026-04-01T21:00:00+08:00,OPERATING,14.01,6.5,9.55,0,0,0,,2026-08-31T02:21:38.422656+00:00
2026-04-01,21,15.83,44,11.08,22.16,2026-04-01T09:00:00+08:00,2026-04-01T21:00:00+08:00,OPERATING,15.28,6.5,10.07,0,0,0,,2026-08-31T02:21:38.422656+00:00
2026-04-02,9,29.68,43,20.78,41.56,2026-04-02T09:00:00+08:00,2026-04-02T21:00:00+08:00,OPERATING,17.91,0.0,14.96,0,0,0,,2026-08-31T02:21:38.422656+00:00
2026-04-02,10,36.64,46,25.65,51.29,2026-04-02T09:00:00+08:00,2026-04-02T21:00:00+08:00,OPERATING,17.0,0.0,14.44,0,0,0,,2026-08-31T02:21:38.422656+00:00
2026-04-02,11,49.35,46,34.54,69.08,2026-04-02T09:00:00+08:00,2026-04-02T21:00:00+08:00,OPERATING,15.34,0.0,16.1,0,0,0,,2026-08-31T02:21:38.422656+00:00
2026-04-02,12,52.37,43,36.66,73.32,2026-04-02T09:00:00+08:00,2026-04-02T21:00:00+08:00,OPERATING,17.39,0.0,14.87,0,0,0,,2026-08-31T02:21:38.422656+00:00
2026-04-02,13,55.77,44,39.04,78.08,2026-04-02T09:00:00+08:00,2026-04-02T21:00:00+08:00,OPERATING,17.44,0.0,15.83,0,0,0,,2026-08-31T02:21:38.422656+00:00
2026-04-02,14,56.19,43,39.33,78.66,2026-04-02T09:00:00+08:00,2026-04-02T21:00:00+08:00,OPERATING,16.81,0.0,15.78,0,0,0,,2026-08-31T02:21:38.422656+00:00
2026-04-02,15,60.83,47,42.58,85.16,2026-04-02T09:00:00+08:00,2026-04-02T21:00:00+08:00,OPERATING,16.41,0.0,13.94,0,0,0,,2026-08-31T02:21:38.422656+00:00
2026-04-02,16,54.72,46,38.31,76.61,2026-04-02T09:00:00+08:00,2026-04-02T21:00:00+08:00,OPERATING,16.22,0.0,14.69,0,0,0,,2026-08-31T02:21:38.422656+00:00
2026-04-02,17,52.47,47,36.73,73.46,2026-04-02T09:00:00+08:00,2026-04-02T21:00:00+08:00,OPERATING,15.25,0.0,14.38,0,0,0,,2026-08-31T02:21:38.422656+00:00
2026-04-02,18,46.57,46,32.6,65.2,2026-04-02T09:00:00+08:00,2026-04-02T21:00:00+08:00,OPERATING,15.63,0.0,13.47,0,0,0,,2026-08-31T02:21:38.422656+00:00
2026-04-02,19,42.89,47,30.02,60.04,2026-04-02T09:00:00+08:00,2026-04-02T21:00:00+08:00,OPERATING,16.2,0.0,13.99,0,0,0,,2026-08-31T02:21:38.422656+00:00
2026-04-02,20,32.92,45,23.04,46.08,2026-04-02T09:00:00+08:00,2026-04-02T21:00:00+08:00,OPERATING,16.07,0.0,15.46,0,0,0,,2026-08-31T02:21:38.422656+00:00
2026-04-02,21,28.98,44,20.29,40.57,2026-04-02T09:00:00+08:00,2026-04-02T21:00:00+08:00,OPERATING,14.59,0.0,14.83,0,0,0,,2026-08-31T02:21:38.422656+00:00
2026-04-03,9,19.26,47,13.48,26.96,2026-04-03T09:00:00+08:00,2026-04-03T21:00:00+08:00,OPERATING,13.74,22.0,19.77,0,0,0,,2026-08-31T02:21:38.422656+00:00
2026-04-03,10,22.74,47,15.92,31.84,2026-04-03T09:00:00+08:00,2026-04-03T21:00:00+08:00,OPERATING,16.12,22.0,17.65,0,0,0,,2026-08-31T02:21:38.422656+00:00
2026-04-03,11,27.52,46,19.26,38.52,2026-04-03T09:00:00+08:00,2026-04-03T21:00:00+08:00,OPERATING,15.37,22.0,20.26,0,0,0,,2026-08-31T02:21:38.422656+00:00
2026-04-03,12,31.08,43,21.75,43.51,2026-04-03T09:00:00+08:00,2026-04-03T21:00:00+08:00,OPERATING,15.51,22.0,20.86,0,0,0,,2026-08-31T02:21:38.422656+00:00
2026-04-03,13,29.34,45,24.17,48.33,2026-04-03T09:00:00+08:00,2026-04-03T21:00:00+08:00,OPERATING,15.91,22.0,19.92,0,0,0,,2026-08-31T02:21:38.422656+00:00
2026-04-03,14,28.87,46,23.77,47.54,2026-04-03T09:00:00+08:00,2026-04-03T21:00:00+08:00,OPERATING,15.73,22.0,21.31,0,0,0,,2026-08-31T02:21:38.422656+00:00
2026-04-03,15,31.25,43,25.74,51.47,2026-04-03T09:00:00+08:00,2026-04-03T21:00:00+08:00,OPERATING,14.83,22.0,19.55,0,0,0,,2026-08-31T02:21:38.422656+00:00
2026-04-03,16,28.46,43,23.44,46.87,2026-04-03T09:00:00+08:00,2026-04-03T21:00:00+08:00,OPERATING,16.06,22.0,21.41,0,0,0,,2026-08-31T02:21:38.422656+00:00
2026-04-03,17,30.59,44,21.41,42.83,2026-04-03T09:00:00+08:00,2026-04-03T21:00:00+08:00,OPERATING,15.87,22.0,20.35,0,0,0,,2026-08-31T02:21:38.422656+00:00
2026-04-03,18,30.67,44,21.47,42.94,2026-04-03T09:00:00+08:00,2026-04-03T21:00:00+08:00,OPERATING,13.74,22.0,20.22,0,0,0,,2026-08-31T02:21:38.422656+00:00
2026-04-03,19,22.66,45,15.86,31.73,2026-04-03T09:00:00+08:00,2026-04-03T21:00:00+08:00,OPERATING,13.24,22.0,19.49,0,0,0,,2026-08-31T02:21:38.422656+00:00
2026-04-03,20,18.98,44,13.29,26.57,2026-04-03T09:00:00+08:00,2026-04-03T21:00:00+08:00,OPERATING,15.21,22.0,19.61,0,0,0,,2026-08-31T02:21:38.422656+00:00
2026-04-03,21,14.97,45,10.48,20.95,2026-04-03T09:00:00+08:00,2026-04-03T21:00:00+08:00,OPERATING,14.82,22.0,19.96,0,0,0,,2026-08-31T02:21:38.422656+00:00
2026-04-04,9,39.65,47,27.76,55.52,2026-04-04T09:00:00+08:00,2026-04-04T21:00:00+08:00,OPERATING,15.09,1.4,18.18,1,1,0,,2026-08-31T02:21:38.422656+00:00
2026-04-04,10,53.42,47,37.39,74.78,2026-04-04T09:00:00+08:00,2026-04-04T21:00:00+08:00,OPERATING,15.59,1.4,17.38,1,1,0,,2026-08-31T02:21:38.422656+00:00
2026-04-04,11,62.99,47,44.09,88.19,2026-04-04T09:00:00+08:00,2026-04-04T21:00:00+08:00,OPERATING,15.9,1.4,20.34,1,1,0,,2026-08-31T02:21:38.422656+00:00
2026-04-04,12,76.8,43,53.76,107.51,2026-04-04T09:00:00+08:00,2026-04-04T21:00:00+08:00,OPERATING,15.16,1.4,19.16,1,1,0,,2026-08-31T02:21:38.422656+00:00
2026-04-04,13,80.02,45,56.01,112.03,2026-04-04T09:00:00+08:00,2026-04-04T21:00:00+08:00,OPERATING,15.34,1.4,20.0,1,1,0,,2026-08-31T02:21:38.422656+00:00
2026-04-04,14,80.61,43,56.43,112.86,2026-04-04T09:00:00+08:00,2026-04-04T21:00:00+08:00,OPERATING,17.77,1.4,17.73,1,1,0,,2026-08-31T02:21:38.422656+00:00
2026-04-04,15,85.58,44,59.91,119.81,2026-04-04T09:00:00+08:00,2026-04-04T21:00:00+08:00,OPERATING,16.11,1.4,17.56,1,1,0,,2026-08-31T02:21:38.422656+00:00
2026-04-04,16,79.16,45,55.41,110.83,2026-04-04T09:00:00+08:00,2026-04-04T21:00:00+08:00,OPERATING,15.85,1.4,18.9,1,1,0,,2026-08-31T02:21:38.422656+00:00
2026-04-04,17,74.86,44,52.4,104.8,2026-04-04T09:00:00+08:00,2026-04-04T21:00:00+08:00,OPERATING,17.16,1.4,19.1,1,1,0,,2026-08-31T02:21:38.422656+00:00
2026-04-04,18,65.54,44,45.88,91.76,2026-04-04T09:00:00+08:00,2026-04-04T21:00:00+08:00,OPERATING,15.3,1.4,17.68,1,1,0,,2026-08-31T02:21:38.422656+00:00
2026-04-04,19,61.75,47,43.22,86.45,2026-04-04T09:00:00+08:00,2026-04-04T21:00:00+08:00,OPERATING,16.28,1.4,20.03,1,1,0,,2026-08-31T02:21:38.422656+00:00
2026-04-04,20,50.15,46,35.11,70.21,2026-04-04T09:00:00+08:00,2026-04-04T21:00:00+08:00,OPERATING,16.21,1.4,19.5,1,1,0,,2026-08-31T02:21:38.422656+00:00
2026-04-04,21,35.02,45,24.51,49.03,2026-04-04T09:00:00+08:00,2026-04-04T21:00:00+08:00,OPERATING,17.64,1.4,19.66,1,1,0,,2026-08-31T02:21:38.422656+00:00
2026-04-05,9,44.85,46,31.39,62.79,2026-04-05T09:00:00+08:00,2026-04-05T21:00:00+08:00,OPERATING,19.22,0.0,15.86,1,1,0,,2026-08-31T02:21:38.422656+00:00
2026-04-05,10,59.12,43,41.38,82.76,2026-04-05T09:00:00+08:00,2026-04-05T21:00:00+08:00,OPERATING,18.68,0.0,17.34,1,1,0,,2026-08-31T02:21:38.422656+00:00
2026-04-05,11,73.28,45,51.29,102.59,2026-04-05T09:00:00+08:00,2026-04-05T21:00:00+08:00,OPERATING,16.6,0.0,16.06,1,1,0,,2026-08-31T02:21:38.422656+00:00
2026-04-05,12,78.06,43,54.64,109.29,2026-04-05T09:00:00+08:00,2026-04-05T21:00:00+08:00,OPERATING,17.23,0.0,17.87,1,1,0,,2026-08-31T02:21:38.422656+00:00
2026-04-05,13,83.66,44,58.56,117.13,2026-04-05T09:00:00+08:00,2026-04-05T21:00:00+08:00,OPERATING,18.1,0.0,14.47,1,1,0,,2026-08-31T02:21:38.422656+00:00
2026-04-05,14,88.74,47,62.12,124.23,2026-04-05T09:00:00+08:00,2026-04-05T21:00:00+08:00,OPERATING,17.35,0.0,16.76,1,1,0,,2026-08-31T02:21:38.422656+00:00
2026-04-05,15,92.47,46,64.73,129.46,2026-04-05T09:00:00+08:00,2026-04-05T21:00:00+08:00,OPERATING,16.36,0.0,16.94,1,1,0,,2026-08-31T02:21:38.422656+00:00
2026-04-05,16,86.21,43,60.35,120.69,2026-04-05T09:00:00+08:00,2026-04-05T21:00:00+08:00,OPERATING,18.11,0.0,16.63,1,1,0,,2026-08-31T02:21:38.422656+00:00
2026-04-05,17,83.1,44,58.17,116.34,2026-04-05T09:00:00+08:00,2026-04-05T21:00:00+08:00,OPERATING,18.05,0.0,16.59,1,1,0,,2026-08-31T02:21:38.422656+00:00
2026-04-05,18,72.71,43,50.9,101.8,2026-04-05T09:00:00+08:00,2026-04-05T21:00:00+08:00,OPERATING,18.28,0.0,17.04,1,1,0,,2026-08-31T02:21:38.422656+00:00
2026-04-05,19,65.38,45,45.76,91.53,2026-04-05T09:00:00+08:00,2026-04-05T21:00:00+08:00,OPERATING,17.81,0.0,17.33,1,1,0,,2026-08-31T02:21:38.422656+00:00
2026-04-05,20,53.51,47,37.46,74.92,2026-04-05T09:00:00+08:00,2026-04-05T21:00:00+08:00,OPERATING,17.01,0.0,17.3,1,1,0,,2026-08-31T02:21:38.422656+00:00
2026-04-05,21,39.3,44,27.51,55.02,2026-04-05T09:00:00+08:00,2026-04-05T21:00:00+08:00,OPERATING,18.84,0.0,15.82,1,1,0,,2026-08-31T02:21:38.422656+00:00
2026-04-06,9,36.29,43,25.41,50.81,2026-04-06T09:00:00+08:00,2026-04-06T21:00:00+08:00,OPERATING,20.09,0.0,17.94,1,0,0,,2026-08-31T02:21:38.422656+00:00
2026-04-06,10,55.5,45,38.85,77.7,2026-04-06T09:00:00+08:00,2026-04-06T21:00:00+08:00,OPERATING,19.8,0.0,18.5,1,0,0,,2026-08-31T02:21:38.422656+00:00
2026-04-06,11,69.18,43,48.43,96.85,2026-04-06T09:00:00+08:00,2026-04-06T21:00:00+08:00,OPERATING,18.27,0.0,16.81,1,0,0,,2026-08-31T02:21:38.422656+00:00
2026-04-06,12,73.38,47,51.37,102.74,2026-04-06T09:00:00+08:00,2026-04-06T21:00:00+08:00,OPERATING,20.26,0.0,16.65,1,0,0,,2026-08-31T02:21:38.422656+00:00
2026-04-06,13,82.28,46,57.59,115.19,2026-04-06T09:00:00+08:00,2026-04-06T21:00:00+08:00,OPERATING,21.06,0.0,15.67,1,0,0,,2026-08-31T02:21:38.422656+00:00
2026-04-06,14,81.84,47,57.29,114.57,2026-04-06T09:00:00+08:00,2026-04-06T21:00:00+08:00,OPERATING,19.38,0.0,16.69,1,0,0,,2026-08-31T02:21:38.422656+00:00
2026-04-06,15,83.32,45,58.33,116.65,2026-04-06T09:00:00+08:00,2026-04-06T21:00:00+08:00,OPERATING,19.32,0.0,15.62,1,0,0,,2026-08-31T02:21:38.422656+00:00
2026-04-06,16,86.48,45,60.54,121.07,2026-04-06T09:00:00+08:00,2026-04-06T21:00:00+08:00,OPERATING,19.99,0.0,19.89,1,0,0,,2026-08-31T02:21:38.422656+00:00
2026-04-06,17,74.31,45,52.01,104.03,2026-04-06T09:00:00+08:00,2026-04-06T21:00:00+08:00,OPERATING,19.93,0.0,16.15,1,0,0,,2026-08-31T02:21:38.422656+00:00
2026-04-06,18,66.69,46,46.68,93.36,2026-04-06T09:00:00+08:00,2026-04-06T21:00:00+08:00,OPERATING,19.76,0.0,16.93,1,0,0,,2026-08-31T02:21:38.422656+00:00
2026-04-06,19,64.8,46,45.36,90.72,2026-04-06T09:00:00+08:00,2026-04-06T21:00:00+08:00,OPERATING,18.71,0.0,16.61,1,0,0,,2026-08-31T02:21:38.422656+00:00
2026-04-06,20,48.48,47,33.94,67.87,2026-04-06T09:00:00+08:00,2026-04-06T21:00:00+08:00,OPERATING,20.57,0.0,17.27,1,0,0,,2026-08-31T02:21:38.422656+00:00
2026-04-06,21,35.81,43,25.06,50.13,2026-04-06T09:00:00+08:00,2026-04-06T21:00:00+08:00,OPERATING,18.89,0.0,16.33,1,0,0,,2026-08-31T02:21:38.422656+00:00
2026-04-07,9,27.85,47,19.49,38.99,2026-04-07T09:00:00+08:00,2026-04-07T21:00:00+08:00,OPERATING,13.78,0.0,18.9,0,0,0,,2026-08-31T02:21:38.422656+00:00
2026-04-07,10,38.3,46,26.81,53.62,2026-04-07T09:00:00+08:00,2026-04-07T21:00:00+08:00,OPERATING,11.95,0.0,20.51,0,0,0,,2026-08-31T02:21:38.422656+00:00
2026-04-07,11,48.9,47,34.23,68.46,2026-04-07T09:00:00+08:00,2026-04-07T21:00:00+08:00,OPERATING,14.61,0.0,19.0,0,0,0,,2026-08-31T02:21:38.422656+00:00
2026-04-07,12,52.48,43,36.74,73.47,2026-04-07T09:00:00+08:00,2026-04-07T21:00:00+08:00,OPERATING,12.88,0.0,17.56,0,0,0,,2026-08-31T02:21:38.422656+00:00
2026-04-07,13,56.34,43,39.44,78.88,2026-04-07T09:00:00+08:00,2026-04-07T21:00:00+08:00,OPERATING,13.52,0.0,19.7,0,0,0,,2026-08-31T02:21:38.422656+00:00
2026-04-07,14,57.83,44,40.48,80.97,2026-04-07T09:00:00+08:00,2026-04-07T21:00:00+08:00,OPERATING,12.69,0.0,18.75,0,0,0,,2026-08-31T02:21:38.422656+00:00
2026-04-07,15,63.69,47,44.58,89.17,2026-04-07T09:00:00+08:00,2026-04-07T21:00:00+08:00,OPERATING,13.51,0.0,19.67,0,0,0,,2026-08-31T02:21:38.422656+00:00
2026-04-07,16,56.07,46,39.25,78.5,2026-04-07T09:00:00+08:00,2026-04-07T21:00:00+08:00,OPERATING,12.64,0.0,18.8,0,0,0,,2026-08-31T02:21:38.422656+00:00
2026-04-07,17,55.63,46,38.94,77.89,2026-04-07T09:00:00+08:00,2026-04-07T21:00:00+08:00,OPERATING,12.78,0.0,19.9,0,0,0,,2026-08-31T02:21:38.422656+00:00
2026-04-07,18,49.1,43,34.37,68.74,2026-04-07T09:00:00+08:00,2026-04-07T21:00:00+08:00,OPERATING,13.6,0.0,20.63,0,0,0,,2026-08-31T02:21:38.422656+00:00
2026-04-07,19,42.82,47,29.97,59.94,2026-04-07T09:00:00+08:00,2026-04-07T21:00:00+08:00,OPERATING,13.71,0.0,21.21,0,0,0,,2026-08-31T02:21:38.422656+00:00
2026-04-07,20,34.15,46,23.9,47.81,2026-04-07T09:00:00+08:00,2026-04-07T21:00:00+08:00,OPERATING,12.22,0.0,19.24,0,0,0,,2026-08-31T02:21:38.422656+00:00
2026-04-07,21,23.99,43,16.79,33.59,2026-04-07T09:00:00+08:00,2026-04-07T21:00:00+08:00,OPERATING,14.78,0.0,19.6,0,0,0,,2026-08-31T02:21:38.422656+00:00
2026-04-08,9,27.76,45,19.43,38.87,2026-04-08T09:00:00+08:00,2026-04-08T21:00:00+08:00,OPERATING,14.92,0.0,24.81,0,0,0,,2026-08-31T02:21:38.422656+00:00
2026-04-08,10,37.59,47,26.31,52.62,2026-04-08T09:00:00+08:00,2026-04-08T21:00:00+08:00,OPERATING,14.38,0.0,23.09,0,0,0,,2026-08-31T02:21:38.422656+00:00
2026-04-08,11,44.86,47,31.4,62.8,2026-04-08T09:00:00+08:00,2026-04-08T21:00:00+08:00,OPERATING,13.18,0.0,23.21,0,0,0,,2026-08-31T02:21:38.422656+00:00
2026-04-08,12,51.15,45,35.8,71.61,2026-04-08T09:00:00+08:00,2026-04-08T21:00:00+08:00,OPERATING,13.6,0.0,26.04,0,0,0,,2026-08-31T02:21:38.422656+00:00
2026-04-08,13,53.34,47,37.33,74.67,2026-04-08T09:00:00+08:00,2026-04-08T21:00:00+08:00,OPERATING,13.66,0.0,24.28,0,0,0,,2026-08-31T02:21:38.422656+00:00
2026-04-08,14,55.23,43,38.66,77.32,2026-04-08T09:00:00+08:00,2026-04-08T21:00:00+08:00,OPERATING,15.32,0.0,24.94,0,0,0,,2026-08-31T02:21:38.422656+00:00
2026-04-08,15,59.14,47,41.4,82.79,2026-04-08T09:00:00+08:00,2026-04-08T21:00:00+08:00,OPERATING,13.88,0.0,23.39,0,0,0,,2026-08-31T02:21:38.422656+00:00
2026-04-08,16,54.69,46,38.28,76.57,2026-04-08T09:00:00+08:00,2026-04-08T21:00:00+08:00,OPERATING,14.01,0.0,23.88,0,0,0,,2026-08-31T02:21:38.422656+00:00
2026-04-08,17,51.38,44,35.97,71.93,2026-04-08T09:00:00+08:00,2026-04-08T21:00:00+08:00,OPERATING,14.25,0.0,26.25,0,0,0,,2026-08-31T02:21:38.422656+00:00
2026-04-08,18,46.06,45,32.24,64.48,2026-04-08T09:00:00+08:00,2026-04-08T21:00:00+08:00,OPERATING,14.09,0.0,24.16,0,0,0,,2026-08-31T02:21:38.422656+00:00
2026-04-08,19,40.15,45,28.1,56.2,2026-04-08T09:00:00+08:00,2026-04-08T21:00:00+08:00,OPERATING,14.0,0.0,24.62,0,0,0,,2026-08-31T02:21:38.422656+00:00
2026-04-08,20,36.67,47,25.67,51.34,2026-04-08T09:00:00+08:00,2026-04-08T21:00:00+08:00,OPERATING,13.86,0.0,26.64,0,0,0,,2026-08-31T02:21:38.422656+00:00
2026-04-08,21,25.6,43,17.92,35.84,2026-04-08T09:00:00+08:00,2026-04-08T21:00:00+08:00,OPERATING,15.14,0.0,23.41,0,0,0,,2026-08-31T02:21:38.422656+00:00
2026-04-09,9,23.39,45,16.38,32.75,2026-04-09T09:00:00+08:00,2026-04-09T21:00:00+08:00,OPERATING,21.36,5.1,25.25,0,0,0,,2026-08-31T02:21:38.422656+00:00
2026-04-09,10,36.96,43,25.87,51.74,2026-04-09T09:00:00+08:00,2026-04-09T21:00:00+08:00,OPERATING,21.8,5.1,25.79,0,0,0,,2026-08-31T02:21:38.422656+00:00
2026-04-09,11,44.59,43,31.21,62.43,2026-04-09T09:00:00+08:00,2026-04-09T21:00:00+08:00,OPERATING,23.61,5.1,27.08,0,0,0,,2026-08-31T02:21:38.422656+00:00
2026-04-09,12,51.74,43,36.22,72.44,2026-04-09T09:00:00+08:00,2026-04-09T21:00:00+08:00,OPERATING,22.03,5.1,26.1,0,0,0,,2026-08-31T02:21:38.422656+00:00
2026-04-09,13,48.77,43,40.17,80.33,2026-04-09T09:00:00+08:00,2026-04-09T21:00:00+08:00,OPERATING,21.37,5.1,25.55,0,0,0,,2026-08-31T02:21:38.422656+00:00
2026-04-09,14,51.14,47,42.12,84.24,2026-04-09T09:00:00+08:00,2026-04-09T21:00:00+08:00,OPERATING,22.16,5.1,25.28,0,0,0,,2026-08-31T02:21:38.422656+00:00
2026-04-09,15,51.1,44,42.09,84.17,2026-04-09T09:00:00+08:00,2026-04-09T21:00:00+08:00,OPERATING,22.56,5.1,25.43,0,0,0,,2026-08-31T02:21:38.422656+00:00
2026-04-09,16,47.91,44,39.46,78.91,2026-04-09T09:00:00+08:00,2026-04-09T21:00:00+08:00,OPERATING,22.04,5.1,25.85,0,0,0,,2026-08-31T02:21:38.422656+00:00
2026-04-09,17,53.74,47,37.62,75.24,2026-04-09T09:00:00+08:00,2026-04-09T21:00:00+08:00,OPERATING,21.28,5.1,26.07,0,0,0,,2026-08-31T02:21:38.422656+00:00
2026-04-09,18,46.04,43,32.23,64.45,2026-04-09T09:00:00+08:00,2026-04-09T21:00:00+08:00,OPERATING,22.64,5.1,24.58,0,0,0,,2026-08-31T02:21:38.422656+00:00
2026-04-09,19,37.95,45,26.56,53.13,2026-04-09T09:00:00+08:00,2026-04-09T21:00:00+08:00,OPERATING,22.39,5.1,25.17,0,0,0,,2026-08-31T02:21:38.422656+00:00
2026-04-09,20,34.68,47,24.28,48.56,2026-04-09T09:00:00+08:00,2026-04-09T21:00:00+08:00,OPERATING,21.58,5.1,26.01,0,0,0,,2026-08-31T02:21:38.422656+00:00
2026-04-09,21,25.54,47,17.88,35.76,2026-04-09T09:00:00+08:00,2026-04-09T21:00:00+08:00,OPERATING,24.15,5.1,26.02,0,0,0,,2026-08-31T02:21:38.422656+00:00
2026-04-10,9,25.47,45,17.83,35.66,2026-04-10T09:00:00+08:00,2026-04-10T21:00:00+08:00,OPERATING,20.32,4.9,12.7,0,0,0,,2026-08-31T02:21:38.422656+00:00
2026-04-10,10,35.39,45,24.77,49.55,2026-04-10T09:00:00+08:00,2026-04-10T21:00:00+08:00,OPERATING,20.24,4.9,11.38,0,0,0,,2026-08-31T02:21:38.422656+00:00
2026-04-10,11,44.39,45,31.07,62.15,2026-04-10T09:00:00+08:00,2026-04-10T21:00:00+08:00,OPERATING,17.88,4.9,10.67,0,0,0,,2026-08-31T02:21:38.422656+00:00
2026-04-10,12,50.83,44,35.58,71.16,2026-04-10T09:00:00+08:00,2026-04-10T21:00:00+08:00,OPERATING,18.84,4.9,11.65,0,0,0,,2026-08-31T02:21:38.422656+00:00
2026-04-10,13,49.94,45,34.96,69.92,2026-04-10T09:00:00+08:00,2026-04-10T21:00:00+08:00,OPERATING,20.56,4.9,11.54,0,0,0,,2026-08-31T02:21:38.422656+00:00
2026-04-10,14,51.78,43,36.25,72.5,2026-04-10T09:00:00+08:00,2026-04-10T21:00:00+08:00,OPERATING,19.16,4.9,13.48,0,0,0,,2026-08-31T02:21:38.422656+00:00
2026-04-10,15,56.62,45,39.63,79.26,2026-04-10T09:00:00+08:00,2026-04-10T21:00:00+08:00,OPERATING,19.54,4.9,10.86,0,0,0,,2026-08-31T02:21:38.422656+00:00
2026-04-10,16,56.8,43,39.76,79.52,2026-04-10T09:00:00+08:00,2026-04-10T21:00:00+08:00,OPERATING,20.17,4.9,10.75,0,0,0,,2026-08-31T02:21:38.422656+00:00
2026-04-10,17,55.1,43,38.57,77.14,2026-04-10T09:00:00+08:00,2026-04-10T21:00:00+08:00,OPERATING,20.03,4.9,10.9,0,0,0,,2026-08-31T02:21:38.422656+00:00
2026-04-10,18,43.83,45,30.68,61.36,2026-04-10T09:00:00+08:00,2026-04-10T21:00:00+08:00,OPERATING,20.78,4.9,10.4,0,0,0,,2026-08-31T02:21:38.422656+00:00
2026-04-10,19,41.68,46,29.18,58.35,2026-04-10T09:00:00+08:00,2026-04-10T21:00:00+08:00,OPERATING,19.98,4.9,13.06,0,0,0,,2026-08-31T02:21:38.422656+00:00
2026-04-10,20,30.45,47,21.31,42.63,2026-04-10T09:00:00+08:00,2026-04-10T21:00:00+08:00,OPERATING,19.15,4.9,11.73,0,0,0,,2026-08-31T02:21:38.422656+00:00
2026-04-10,21,21.5,46,15.05,30.09,2026-04-10T09:00:00+08:00,2026-04-10T21:00:00+08:00,OPERATING,19.53,4.9,11.26,0,0,0,,2026-08-31T02:21:38.422656+00:00
2026-04-11,9,32.86,47,23.0,46.0,2026-04-11T09:00:00+08:00,2026-04-11T21:00:00+08:00,OPERATING,14.93,6.5,16.18,1,1,0,,2026-08-31T02:21:38.422656+00:00
2026-04-11,10,46.45,45,32.51,65.03,2026-04-11T09:00:00+08:00,2026-04-11T21:00:00+08:00,OPERATING,15.36,6.5,13.81,1,1,0,,2026-08-31T02:21:38.422656+00:00
2026-04-11,11,62.36,45,43.65,87.3,2026-04-11T09:00:00+08:00,2026-04-11T21:00:00+08:00,OPERATING,15.7,6.5,15.2,1,1,0,,2026-08-31T02:21:38.422656+00:00
2026-04-11,12,65.89,43,46.12,92.25,2026-04-11T09:00:00+08:00,2026-04-11T21:00:00+08:00,OPERATING,15.11,6.5,14.08,1,1,0,,2026-08-31T02:21:38.422656+00:00
2026-04-11,13,57.88,44,47.67,95.33,2026-04-11T09:00:00+08:00,2026-04-11T21:00:00+08:00,OPERATING,17.0,6.5,14.81,1,1,0,,2026-08-31T02:21:38.422656+00:00
2026-04-11,14,59.54,43,49.03,98.06,2026-04-11T09:00:00+08:00,2026-04-11T21:00:00+08:00,OPERATING,16.54,6.5,14.99,1,1,0,,2026-08-31T02:21:38.422656+00:00
2026-04-11,15,64.15,43,52.83,105.65,2026-04-11T09:00:00+08:00,2026-04-11T21:00:00+08:00,OPERATING,15.46,6.5,13.52,1,1,0,,2026-08-31T02:21:38.422656+00:00
2026-04-11,16,62.35,47,51.34,102.69,2026-04-11T09:00:00+08:00,2026-04-11T21:00:00+08:00,OPERATING,14.14,6.5,16.27,1,1,0,,2026-08-31T02:21:38.422656+00:00
2026-04-11,17,65.84,47,46.09,92.18,2026-04-11T09:00:00+08:00,2026-04-11T21:00:00+08:00,OPERATING,15.36,6.5,17.08,1,1,0,,2026-08-31T02:21:38.422656+00:00
2026-04-11,18,57.36,43,40.15,80.31,2026-04-11T09:00:00+08:00,2026-04-11T21:00:00+08:00,OPERATING,13.29,6.5,16.04,1,1,0,,2026-08-31T02:21:38.422656+00:00
2026-04-11,19,50.5,45,35.35,70.7,2026-04-11T09:00:00+08:00,2026-04-11T21:00:00+08:00,OPERATING,15.02,6.5,14.3,1,1,0,,2026-08-31T02:21:38.422656+00:00
2026-04-11,20,45.89,44,32.12,64.24,2026-04-11T09:00:00+08:00,2026-04-11T21:00:00+08:00,OPERATING,14.8,6.5,15.06,1,1,0,,2026-08-31T02:21:38.422656+00:00
2026-04-11,21,35.95,46,25.17,50.34,2026-04-11T09:00:00+08:00,2026-04-11T21:00:00+08:00,OPERATING,15.6,6.5,16.67,1,1,0,,2026-08-31T02:21:38.422656+00:00
2026-04-12,9,31.0,43,21.7,43.4,2026-04-12T09:00:00+08:00,2026-04-12T21:00:00+08:00,OPERATING,15.49,12.5,19.44,1,1,0,,2026-08-31T02:21:38.422656+00:00
2026-04-12,10,37.97,43,26.58,53.15,2026-04-12T09:00:00+08:00,2026-04-12T21:00:00+08:00,OPERATING,14.19,12.5,19.56,1,1,0,,2026-08-31T02:21:38.422656+00:00
2026-04-12,11,50.32,43,35.23,70.45,2026-04-12T09:00:00+08:00,2026-04-12T21:00:00+08:00,OPERATING,14.82,12.5,18.9,1,1,0,,2026-08-31T02:21:38.422656+00:00
2026-04-12,12,58.03,46,40.62,81.25,2026-04-12T09:00:00+08:00,2026-04-12T21:00:00+08:00,OPERATING,13.96,12.5,19.44,1,1,0,,2026-08-31T02:21:38.422656+00:00
2026-04-12,13,52.48,45,43.22,86.43,2026-04-12T09:00:00+08:00,2026-04-12T21:00:00+08:00,OPERATING,15.43,12.5,18.3,1,1,0,,2026-08-31T02:21:38.422656+00:00
2026-04-12,14,53.15,44,43.77,87.54,2026-04-12T09:00:00+08:00,2026-04-12T21:00:00+08:00,OPERATING,14.41,12.5,21.05,1,1,0,,2026-08-31T02:21:38.422656+00:00
2026-04-12,15,55.99,45,46.11,92.22,2026-04-12T09:00:00+08:00,2026-04-12T21:00:00+08:00,OPERATING,14.01,12.5,18.63,1,1,0,,2026-08-31T02:21:38.422656+00:00
2026-04-12,16,55.56,45,45.76,91.51,2026-04-12T09:00:00+08:00,2026-04-12T21:00:00+08:00,OPERATING,13.86,12.5,20.62,1,1,0,,2026-08-31T02:21:38.422656+00:00
2026-04-12,17,56.53,46,39.57,79.14,2026-04-12T09:00:00+08:00,2026-04-12T21:00:00+08:00,OPERATING,13.96,12.5,19.0,1,1,0,,2026-08-31T02:21:38.422656+00:00
2026-04-12,18,52.41,44,36.68,73.37,2026-04-12T09:00:00+08:00,2026-04-12T21:00:00+08:00,OPERATING,13.68,12.5,19.9,1,1,0,,2026-08-31T02:21:38.422656+00:00
2026-04-12,19,46.17,47,32.32,64.64,2026-04-12T09:00:00+08:00,2026-04-12T21:00:00+08:00,OPERATING,14.21,12.5,18.95,1,1,0,,2026-08-31T02:21:38.422656+00:00
2026-04-12,20,40.55,44,28.38,56.77,2026-04-12T09:00:00+08:00,2026-04-12T21:00:00+08:00,OPERATING,13.83,12.5,19.6,1,1,0,,2026-08-31T02:21:38.422656+00:00
2026-04-12,21,22.4,43,15.68,31.36,2026-04-12T09:00:00+08:00,2026-04-12T21:00:00+08:00,OPERATING,13.77,12.5,18.93,1,1,0,,2026-08-31T02:21:38.422656+00:00
2026-04-13,9,28.49,47,19.94,39.88,2026-04-13T09:00:00+08:00,2026-04-13T21:00:00+08:00,OPERATING,16.54,0.6,10.29,0,0,0,,2026-08-31T02:21:38.422656+00:00
2026-04-13,10,40.98,43,28.69,57.37,2026-04-13T09:00:00+08:00,2026-04-13T21:00:00+08:00,OPERATING,15.73,0.6,9.42,0,0,0,,2026-08-31T02:21:38.422656+00:00
2026-04-13,11,53.8,45,37.66,75.33,2026-04-13T09:00:00+08:00,2026-04-13T21:00:00+08:00,OPERATING,16.72,0.6,10.87,0,0,0,,2026-08-31T02:21:38.422656+00:00
2026-04-13,12,56.58,44,39.6,79.21,2026-04-13T09:00:00+08:00,2026-04-13T21:00:00+08:00,OPERATING,15.63,0.6,10.29,0,0,0,,2026-08-31T02:21:38.422656+00:00
2026-04-13,13,62.53,44,43.77,87.54,2026-04-13T09:00:00+08:00,2026-04-13T21:00:00+08:00,OPERATING,15.25,0.6,11.15,0,0,0,,2026-08-31T02:21:38.422656+00:00
2026-04-13,14,67.52,44,47.26,94.53,2026-04-13T09:00:00+08:00,2026-04-13T21:00:00+08:00,OPERATING,16.67,0.6,10.01,0,0,0,,2026-08-31T02:21:38.422656+00:00
2026-04-13,15,71.02,47,49.71,99.43,2026-04-13T09:00:00+08:00,2026-04-13T21:00:00+08:00,OPERATING,17.64,0.6,13.18,0,0,0,,2026-08-31T02:21:38.422656+00:00
2026-04-13,16,62.23,47,43.56,87.12,2026-04-13T09:00:00+08:00,2026-04-13T21:00:00+08:00,OPERATING,15.74,0.6,11.25,0,0,0,,2026-08-31T02:21:38.422656+00:00
2026-04-13,17,56.05,46,39.23,78.46,2026-04-13T09:00:00+08:00,2026-04-13T21:00:00+08:00,OPERATING,15.51,0.6,11.37,0,0,0,,2026-08-31T02:21:38.422656+00:00
2026-04-13,18,50.65,43,35.46,70.91,2026-04-13T09:00:00+08:00,2026-04-13T21:00:00+08:00,OPERATING,16.45,0.6,10.6,0,0,0,,2026-08-31T02:21:38.422656+00:00
2026-04-13,19,46.65,43,32.65,65.3,2026-04-13T09:00:00+08:00,2026-04-13T21:00:00+08:00,OPERATING,15.59,0.6,9.69,0,0,0,,2026-08-31T02:21:38.422656+00:00
2026-04-13,20,37.37,44,26.16,52.32,2026-04-13T09:00:00+08:00,2026-04-13T21:00:00+08:00,OPERATING,17.97,0.6,11.07,0,0,0,,2026-08-31T02:21:38.422656+00:00
2026-04-13,21,27.45,45,19.21,38.42,2026-04-13T09:00:00+08:00,2026-04-13T21:00:00+08:00,OPERATING,15.83,0.6,10.22,0,0,0,,2026-08-31T02:21:38.422656+00:00
2026-04-14,9,30.0,45,21.0,42.0,2026-04-14T09:00:00+08:00,2026-04-14T21:00:00+08:00,OPERATING,17.04,2.8,11.7,0,0,0,,2026-08-31T02:21:38.422656+00:00
2026-04-14,10,34.48,46,24.14,48.28,2026-04-14T09:00:00+08:00,2026-04-14T21:00:00+08:00,OPERATING,18.41,2.8,11.01,0,0,0,,2026-08-31T02:21:38.422656+00:00
2026-04-14,11,40.91,45,28.64,57.27,2026-04-14T09:00:00+08:00,2026-04-14T21:00:00+08:00,OPERATING,16.12,2.8,12.47,0,0,0,,2026-08-31T02:21:38.422656+00:00
2026-04-14,12,45.97,47,32.18,64.36,2026-04-14T09:00:00+08:00,2026-04-14T21:00:00+08:00,OPERATING,15.85,2.8,11.74,0,0,0,,2026-08-31T02:21:38.422656+00:00
2026-04-14,13,48.98,46,34.29,68.58,2026-04-14T09:00:00+08:00,2026-04-14T21:00:00+08:00,OPERATING,16.37,2.8,9.19,0,0,0,,2026-08-31T02:21:38.422656+00:00
2026-04-14,14,55.25,47,38.67,77.35,2026-04-14T09:00:00+08:00,2026-04-14T21:00:00+08:00,OPERATING,15.55,2.8,11.29,0,0,0,,2026-08-31T02:21:38.422656+00:00
2026-04-14,15,57.63,45,40.34,80.68,2026-04-14T09:00:00+08:00,2026-04-14T21:00:00+08:00,OPERATING,16.47,2.8,12.84,0,0,0,,2026-08-31T02:21:38.422656+00:00
2026-04-14,16,53.88,45,37.72,75.43,2026-04-14T09:00:00+08:00,2026-04-14T21:00:00+08:00,OPERATING,16.24,2.8,11.12,0,0,0,,2026-08-31T02:21:38.422656+00:00
2026-04-14,17,49.02,46,34.32,68.63,2026-04-14T09:00:00+08:00,2026-04-14T21:00:00+08:00,OPERATING,17.85,2.8,11.57,0,0,0,,2026-08-31T02:21:38.422656+00:00
2026-04-14,18,44.47,43,31.13,62.26,2026-04-14T09:00:00+08:00,2026-04-14T21:00:00+08:00,OPERATING,16.01,2.8,10.0,0,0,0,,2026-08-31T02:21:38.422656+00:00
2026-04-14,19,39.17,46,27.42,54.84,2026-04-14T09:00:00+08:00,2026-04-14T21:00:00+08:00,OPERATING,17.63,2.8,10.92,0,0,0,,2026-08-31T02:21:38.422656+00:00
2026-04-14,20,34.74,43,24.32,48.64,2026-04-14T09:00:00+08:00,2026-04-14T21:00:00+08:00,OPERATING,17.06,2.8,9.45,0,0,0,,2026-08-31T02:21:38.422656+00:00
2026-04-14,21,21.03,46,14.72,29.45,2026-04-14T09:00:00+08:00,2026-04-14T21:00:00+08:00,OPERATING,14.89,2.8,10.51,0,0,0,,2026-08-31T02:21:38.422656+00:00
2026-04-15,9,28.63,46,20.04,40.08,2026-04-15T09:00:00+08:00,2026-04-15T21:00:00+08:00,OPERATING,17.94,0.4,11.34,0,0,0,,2026-08-31T02:21:38.422656+00:00
2026-04-15,10,37.69,46,26.38,52.77,2026-04-15T09:00:00+08:00,2026-04-15T21:00:00+08:00,OPERATING,17.41,0.4,12.04,0,0,0,,2026-08-31T02:21:38.422656+00:00
2026-04-15,11,47.44,46,33.2,66.41,2026-04-15T09:00:00+08:00,2026-04-15T21:00:00+08:00,OPERATING,16.4,0.4,12.52,0,0,0,,2026-08-31T02:21:38.422656+00:00
2026-04-15,12,52.91,44,37.04,74.08,2026-04-15T09:00:00+08:00,2026-04-15T21:00:00+08:00,OPERATING,15.21,0.4,10.18,0,0,0,,2026-08-31T02:21:38.422656+00:00
2026-04-15,13,50.66,47,35.46,70.92,2026-04-15T09:00:00+08:00,2026-04-15T21:00:00+08:00,OPERATING,16.34,0.4,11.24,0,0,0,,2026-08-31T02:21:38.422656+00:00
2026-04-15,14,57.74,44,40.42,80.83,2026-04-15T09:00:00+08:00,2026-04-15T21:00:00+08:00,OPERATING,15.19,0.4,10.75,0,0,0,,2026-08-31T02:21:38.422656+00:00
2026-04-15,15,59.49,43,41.64,83.28,2026-04-15T09:00:00+08:00,2026-04-15T21:00:00+08:00,OPERATING,17.18,0.4,10.85,0,0,0,,2026-08-31T02:21:38.422656+00:00
2026-04-15,16,54.2,47,37.94,75.89,2026-04-15T09:00:00+08:00,2026-04-15T21:00:00+08:00,OPERATING,16.2,0.4,11.63,0,0,0,,2026-08-31T02:21:38.422656+00:00
2026-04-15,17,51.1,47,35.77,71.54,2026-04-15T09:00:00+08:00,2026-04-15T21:00:00+08:00,OPERATING,16.04,0.4,11.36,0,0,0,,2026-08-31T02:21:38.422656+00:00
2026-04-15,18,44.89,44,31.43,62.85,2026-04-15T09:00:00+08:00,2026-04-15T21:00:00+08:00,OPERATING,17.13,0.4,11.1,0,0,0,,2026-08-31T02:21:38.422656+00:00
2026-04-15,19,41.73,45,29.21,58.42,2026-04-15T09:00:00+08:00,2026-04-15T21:00:00+08:00,OPERATING,17.0,0.4,13.09,0,0,0,,2026-08-31T02:21:38.422656+00:00
2026-04-15,20,33.53,47,23.47,46.94,2026-04-15T09:00:00+08:00,2026-04-15T21:00:00+08:00,OPERATING,14.88,0.4,11.06,0,0,0,,2026-08-31T02:21:38.422656+00:00
2026-04-15,21,22.14,46,15.5,31.0,2026-04-15T09:00:00+08:00,2026-04-15T21:00:00+08:00,OPERATING,16.94,0.4,11.93,0,0,0,,2026-08-31T02:21:38.422656+00:00
2026-04-16,9,21.96,47,15.37,30.75,2026-04-16T09:00:00+08:00,2026-04-16T21:00:00+08:00,OPERATING,16.84,9.6,14.26,0,0,0,,2026-08-31T02:21:38.422656+00:00
2026-04-16,10,32.6,44,22.82,45.64,2026-04-16T09:00:00+08:00,2026-04-16T21:00:00+08:00,OPERATING,14.86,9.6,14.64,0,0,0,,2026-08-31T02:21:38.422656+00:00
2026-04-16,11,35.43,47,24.8,49.61,2026-04-16T09:00:00+08:00,2026-04-16T21:00:00+08:00,OPERATING,15.63,9.6,14.23,0,0,0,,2026-08-31T02:21:38.422656+00:00
2026-04-16,12,40.02,45,28.01,56.03,2026-04-16T09:00:00+08:00,2026-04-16T21:00:00+08:00,OPERATING,16.81,9.6,15.61,0,0,0,,2026-08-31T02:21:38.422656+00:00
2026-04-16,13,33.51,45,27.59,55.19,2026-04-16T09:00:00+08:00,2026-04-16T21:00:00+08:00,OPERATING,16.66,9.6,14.55,0,0,0,,2026-08-31T02:21:38.422656+00:00
2026-04-16,14,38.13,43,31.4,62.81,2026-04-16T09:00:00+08:00,2026-04-16T21:00:00+08:00,OPERATING,15.19,9.6,14.33,0,0,0,,2026-08-31T02:21:38.422656+00:00
2026-04-16,15,41.39,44,34.08,68.17,2026-04-16T09:00:00+08:00,2026-04-16T21:00:00+08:00,OPERATING,15.96,9.6,14.14,0,0,0,,2026-08-31T02:21:38.422656+00:00
2026-04-16,16,37.6,46,30.97,61.93,2026-04-16T09:00:00+08:00,2026-04-16T21:00:00+08:00,OPERATING,15.53,9.6,12.79,0,0,0,,2026-08-31T02:21:38.422656+00:00
2026-04-16,17,38.94,46,27.26,54.51,2026-04-16T09:00:00+08:00,2026-04-16T21:00:00+08:00,OPERATING,16.6,9.6,13.7,0,0,0,,2026-08-31T02:21:38.422656+00:00
2026-04-16,18,36.17,44,25.32,50.64,2026-04-16T09:00:00+08:00,2026-04-16T21:00:00+08:00,OPERATING,15.76,9.6,14.58,0,0,0,,2026-08-31T02:21:38.422656+00:00
2026-04-16,19,32.8,45,22.96,45.92,2026-04-16T09:00:00+08:00,2026-04-16T21:00:00+08:00,OPERATING,14.66,9.6,14.77,0,0,0,,2026-08-31T02:21:38.422656+00:00
2026-04-16,20,28.31,43,19.81,39.63,2026-04-16T09:00:00+08:00,2026-04-16T21:00:00+08:00,OPERATING,16.51,9.6,12.7,0,0,0,,2026-08-31T02:21:38.422656+00:00
2026-04-16,21,21.53,44,15.07,30.15,2026-04-16T09:00:00+08:00,2026-04-16T21:00:00+08:00,OPERATING,16.4,9.6,13.38,0,0,0,,2026-08-31T02:21:38.422656+00:00
2026-04-17,9,30.7,47,21.49,42.98,2026-04-17T09:00:00+08:00,2026-04-17T21:00:00+08:00,OPERATING,16.9,0.6,11.16,0,0,0,,2026-08-31T02:21:38.422656+00:00
2026-04-17,10,39.73,47,27.81,55.62,2026-04-17T09:00:00+08:00,2026-04-17T21:00:00+08:00,OPERATING,17.55,0.6,13.71,0,0,0,,2026-08-31T02:21:38.422656+00:00
2026-04-17,11,46.77,44,32.74,65.47,2026-04-17T09:00:00+08:00,2026-04-17T21:00:00+08:00,OPERATING,17.89,0.6,13.79,0,0,0,,2026-08-31T02:21:38.422656+00:00
2026-04-17,12,56.07,45,39.25,78.5,2026-04-17T09:00:00+08:00,2026-04-17T21:00:00+08:00,OPERATING,17.13,0.6,12.26,0,0,0,,2026-08-31T02:21:38.422656+00:00
2026-04-17,13,55.58,46,38.91,77.81,2026-04-17T09:00:00+08:00,2026-04-17T21:00:00+08:00,OPERATING,16.88,0.6,11.34,0,0,0,,2026-08-31T02:21:38.422656+00:00
2026-04-17,14,63.05,47,44.13,88.26,2026-04-17T09:00:00+08:00,2026-04-17T21:00:00+08:00,OPERATING,17.59,0.6,11.04,0,0,0,,2026-08-31T02:21:38.422656+00:00
2026-04-17,15,65.2,45,45.64,91.28,2026-04-17T09:00:00+08:00,2026-04-17T21:00:00+08:00,OPERATING,16.39,0.6,12.21,0,0,0,,2026-08-31T02:21:38.422656+00:00
2026-04-17,16,64.1,43,44.87,89.75,2026-04-17T09:00:00+08:00,2026-04-17T21:00:00+08:00,OPERATING,16.93,0.6,11.82,0,0,0,,2026-08-31T02:21:38.422656+00:00
2026-04-17,17,53.46,47,37.42,74.84,2026-04-17T09:00:00+08:00,2026-04-17T21:00:00+08:00,OPERATING,16.51,0.6,12.91,0,0,0,,2026-08-31T02:21:38.422656+00:00
2026-04-17,18,49.75,47,34.83,69.65,2026-04-17T09:00:00+08:00,2026-04-17T21:00:00+08:00,OPERATING,17.73,0.6,12.57,0,0,0,,2026-08-31T02:21:38.422656+00:00
2026-04-17,19,42.41,45,29.69,59.37,2026-04-17T09:00:00+08:00,2026-04-17T21:00:00+08:00,OPERATING,18.06,0.6,11.86,0,0,0,,2026-08-31T02:21:38.422656+00:00
2026-04-17,20,37.67,46,26.37,52.74,2026-04-17T09:00:00+08:00,2026-04-17T21:00:00+08:00,OPERATING,17.59,0.6,13.3,0,0,0,,2026-08-31T02:21:38.422656+00:00
2026-04-17,21,25.43,47,17.8,35.6,2026-04-17T09:00:00+08:00,2026-04-17T21:00:00+08:00,OPERATING,17.65,0.6,12.77,0,0,0,,2026-08-31T02:21:38.422656+00:00
2026-04-18,9,40.66,44,28.46,56.92,2026-04-18T09:00:00+08:00,2026-04-18T21:00:00+08:00,OPERATING,15.43,0.6,14.19,1,1,0,,2026-08-31T02:21:38.422656+00:00
2026-04-18,10,55.8,46,39.06,78.12,2026-04-18T09:00:00+08:00,2026-04-18T21:00:00+08:00,OPERATING,15.34,0.6,12.47,1,1,0,,2026-08-31T02:21:38.422656+00:00
2026-04-18,11,70.31,46,49.22,98.44,2026-04-18T09:00:00+08:00,2026-04-18T21:00:00+08:00,OPERATING,16.68,0.6,10.26,1,1,0,,2026-08-31T02:21:38.422656+00:00
2026-04-18,12,76.48,43,53.53,107.07,2026-04-18T09:00:00+08:00,2026-04-18T21:00:00+08:00,OPERATING,14.86,0.6,13.13,1,1,0,,2026-08-31T02:21:38.422656+00:00
2026-04-18,13,83.69,46,58.58,117.17,2026-04-18T09:00:00+08:00,2026-04-18T21:00:00+08:00,OPERATING,14.92,0.6,12.6,1,1,0,,2026-08-31T02:21:38.422656+00:00
2026-04-18,14,88.44,46,61.91,123.82,2026-04-18T09:00:00+08:00,2026-04-18T21:00:00+08:00,OPERATING,17.13,0.6,13.17,1,1,0,,2026-08-31T02:21:38.422656+00:00
2026-04-18,15,87.83,47,61.48,122.97,2026-04-18T09:00:00+08:00,2026-04-18T21:00:00+08:00,OPERATING,16.3,0.6,12.83,1,1,0,,2026-08-31T02:21:38.422656+00:00
2026-04-18,16,86.51,45,60.56,121.11,2026-04-18T09:00:00+08:00,2026-04-18T21:00:00+08:00,OPERATING,16.4,0.6,12.61,1,1,0,,2026-08-31T02:21:38.422656+00:00
2026-04-18,17,74.73,44,52.31,104.62,2026-04-18T09:00:00+08:00,2026-04-18T21:00:00+08:00,OPERATING,16.27,0.6,10.21,1,1,0,,2026-08-31T02:21:38.422656+00:00
2026-04-18,18,72.98,44,51.09,102.18,2026-04-18T09:00:00+08:00,2026-04-18T21:00:00+08:00,OPERATING,17.22,0.6,10.68,1,1,0,,2026-08-31T02:21:38.422656+00:00
2026-04-18,19,63.56,47,44.49,88.98,2026-04-18T09:00:00+08:00,2026-04-18T21:00:00+08:00,OPERATING,16.31,0.6,11.77,1,1,0,,2026-08-31T02:21:38.422656+00:00
2026-04-18,20,56.99,47,39.89,79.79,2026-04-18T09:00:00+08:00,2026-04-18T21:00:00+08:00,OPERATING,16.36,0.6,11.31,1,1,0,,2026-08-31T02:21:38.422656+00:00
2026-04-18,21,37.79,46,26.45,52.91,2026-04-18T09:00:00+08:00,2026-04-18T21:00:00+08:00,OPERATING,17.79,0.6,11.11,1,1,0,,2026-08-31T02:21:38.422656+00:00
2026-04-19,9,40.98,47,28.69,57.38,2026-04-19T09:00:00+08:00,2026-04-19T21:00:00+08:00,OPERATING,17.43,0.0,16.03,1,1,0,,2026-08-31T02:21:38.422656+00:00
2026-04-19,10,51.57,45,36.1,72.2,2026-04-19T09:00:00+08:00,2026-04-19T21:00:00+08:00,OPERATING,16.69,0.0,18.58,1,1,0,,2026-08-31T02:21:38.422656+00:00
2026-04-19,11,66.53,45,46.57,93.14,2026-04-19T09:00:00+08:00,2026-04-19T21:00:00+08:00,OPERATING,17.06,0.0,16.55,1,1,0,,2026-08-31T02:21:38.422656+00:00
2026-04-19,12,72.34,43,50.64,101.27,2026-04-19T09:00:00+08:00,2026-04-19T21:00:00+08:00,OPERATING,17.59,0.0,16.38,1,1,0,,2026-08-31T02:21:38.422656+00:00
2026-04-19,13,78.77,43,55.14,110.28,2026-04-19T09:00:00+08:00,2026-04-19T21:00:00+08:00,OPERATING,16.34,0.0,16.28,1,1,0,,2026-08-31T02:21:38.422656+00:00
2026-04-19,14,84.28,43,59.0,118.0,2026-04-19T09:00:00+08:00,2026-04-19T21:00:00+08:00,OPERATING,16.09,0.0,17.38,1,1,0,,2026-08-31T02:21:38.422656+00:00
2026-04-19,15,83.31,46,58.32,116.64,2026-04-19T09:00:00+08:00,2026-04-19T21:00:00+08:00,OPERATING,18.62,0.0,15.67,1,1,0,,2026-08-31T02:21:38.422656+00:00
2026-04-19,16,80.97,44,56.68,113.35,2026-04-19T09:00:00+08:00,2026-04-19T21:00:00+08:00,OPERATING,17.24,0.0,19.43,1,1,0,,2026-08-31T02:21:38.422656+00:00
2026-04-19,17,75.32,46,52.72,105.44,2026-04-19T09:00:00+08:00,2026-04-19T21:00:00+08:00,OPERATING,15.45,0.0,16.1,1,1,0,,2026-08-31T02:21:38.422656+00:00
2026-04-19,18,67.84,45,47.49,94.98,2026-04-19T09:00:00+08:00,2026-04-19T21:00:00+08:00,OPERATING,18.02,0.0,17.11,1,1,0,,2026-08-31T02:21:38.422656+00:00
2026-04-19,19,60.62,43,42.43,84.87,2026-04-19T09:00:00+08:00,2026-04-19T21:00:00+08:00,OPERATING,16.73,0.0,16.34,1,1,0,,2026-08-31T02:21:38.422656+00:00
2026-04-19,20,50.51,43,35.36,70.71,2026-04-19T09:00:00+08:00,2026-04-19T21:00:00+08:00,OPERATING,16.55,0.0,16.0,1,1,0,,2026-08-31T02:21:38.422656+00:00
2026-04-19,21,33.86,43,23.7,47.41,2026-04-19T09:00:00+08:00,2026-04-19T21:00:00+08:00,OPERATING,16.08,0.0,16.11,1,1,0,,2026-08-31T02:21:38.422656+00:00
2026-04-20,9,32.37,43,22.66,45.32,2026-04-20T09:00:00+08:00,2026-04-20T21:00:00+08:00,OPERATING,15.63,0.4,20.13,0,0,0,,2026-08-31T02:21:38.422656+00:00
2026-04-20,10,36.48,47,25.54,51.07,2026-04-20T09:00:00+08:00,2026-04-20T21:00:00+08:00,OPERATING,15.1,0.4,21.15,0,0,0,,2026-08-31T02:21:38.422656+00:00
2026-04-20,11,48.97,44,34.28,68.56,2026-04-20T09:00:00+08:00,2026-04-20T21:00:00+08:00,OPERATING,16.58,0.4,20.27,0,0,0,,2026-08-31T02:21:38.422656+00:00
2026-04-20,12,56.66,43,39.66,79.32,2026-04-20T09:00:00+08:00,2026-04-20T21:00:00+08:00,OPERATING,15.9,0.4,20.08,0,0,0,,2026-08-31T02:21:38.422656+00:00
2026-04-20,13,59.21,46,41.45,82.89,2026-04-20T09:00:00+08:00,2026-04-20T21:00:00+08:00,OPERATING,16.32,0.4,22.82,0,0,0,,2026-08-31T02:21:38.422656+00:00
2026-04-20,14,58.14,47,40.7,81.4,2026-04-20T09:00:00+08:00,2026-04-20T21:00:00+08:00,OPERATING,16.94,0.4,21.14,0,0,0,,2026-08-31T02:21:38.422656+00:00
2026-04-20,15,62.79,45,43.95,87.9,2026-04-20T09:00:00+08:00,2026-04-20T21:00:00+08:00,OPERATING,15.36,0.4,22.03,0,0,0,,2026-08-31T02:21:38.422656+00:00
2026-04-20,16,56.64,47,39.65,79.3,2026-04-20T09:00:00+08:00,2026-04-20T21:00:00+08:00,OPERATING,15.32,0.4,21.0,0,0,0,,2026-08-31T02:21:38.422656+00:00
2026-04-20,17,55.54,43,38.88,77.75,2026-04-20T09:00:00+08:00,2026-04-20T21:00:00+08:00,OPERATING,15.22,0.4,19.9,0,0,0,,2026-08-31T02:21:38.422656+00:00
2026-04-20,18,50.44,44,35.31,70.62,2026-04-20T09:00:00+08:00,2026-04-20T21:00:00+08:00,OPERATING,15.85,0.4,20.19,0,0,0,,2026-08-31T02:21:38.422656+00:00
2026-04-20,19,42.95,47,30.07,60.14,2026-04-20T09:00:00+08:00,2026-04-20T21:00:00+08:00,OPERATING,15.45,0.4,21.61,0,0,0,,2026-08-31T02:21:38.422656+00:00
2026-04-20,20,31.46,44,22.02,44.05,2026-04-20T09:00:00+08:00,2026-04-20T21:00:00+08:00,OPERATING,14.93,0.4,19.63,0,0,0,,2026-08-31T02:21:38.422656+00:00
2026-04-20,21,28.71,47,20.1,40.2,2026-04-20T09:00:00+08:00,2026-04-20T21:00:00+08:00,OPERATING,14.38,0.4,22.02,0,0,0,,2026-08-31T02:21:38.422656+00:00
2026-04-21,9,24.91,44,17.44,34.87,2026-04-21T09:00:00+08:00,2026-04-21T21:00:00+08:00,OPERATING,14.48,1.1,14.34,0,0,0,,2026-08-31T02:21:38.422656+00:00
2026-04-21,10,35.78,43,25.05,50.1,2026-04-21T09:00:00+08:00,2026-04-21T21:00:00+08:00,OPERATING,13.45,1.1,14.19,0,0,0,,2026-08-31T02:21:38.422656+00:00
2026-04-21,11,47.06,46,32.94,65.88,2026-04-21T09:00:00+08:00,2026-04-21T21:00:00+08:00,OPERATING,12.8,1.1,14.08,0,0,0,,2026-08-31T02:21:38.422656+00:00
2026-04-21,12,51.42,45,35.99,71.99,2026-04-21T09:00:00+08:00,2026-04-21T21:00:00+08:00,OPERATING,13.27,1.1,15.71,0,0,0,,2026-08-31T02:21:38.422656+00:00
2026-04-21,13,52.98,44,37.08,74.17,2026-04-21T09:00:00+08:00,2026-04-21T21:00:00+08:00,OPERATING,15.26,1.1,14.51,0,0,0,,2026-08-31T02:21:38.422656+00:00
2026-04-21,14,56.01,47,39.21,78.42,2026-04-21T09:00:00+08:00,2026-04-21T21:00:00+08:00,OPERATING,13.94,1.1,14.55,0,0,0,,2026-08-31T02:21:38.422656+00:00
2026-04-21,15,58.31,46,40.82,81.64,2026-04-21T09:00:00+08:00,2026-04-21T21:00:00+08:00,OPERATING,14.42,1.1,15.18,0,0,0,,2026-08-31T02:21:38.422656+00:00
2026-04-21,16,56.87,46,39.81,79.61,2026-04-21T09:00:00+08:00,2026-04-21T21:00:00+08:00,OPERATING,13.48,1.1,17.06,0,0,0,,2026-08-31T02:21:38.422656+00:00
2026-04-21,17,51.93,46,36.35,72.7,2026-04-21T09:00:00+08:00,2026-04-21T21:00:00+08:00,OPERATING,14.7,1.1,14.1,0,0,0,,2026-08-31T02:21:38.422656+00:00
2026-04-21,18,49.99,44,34.99,69.98,2026-04-21T09:00:00+08:00,2026-04-21T21:00:00+08:00,OPERATING,14.15,1.1,15.73,0,0,0,,2026-08-31T02:21:38.422656+00:00
2026-04-21,19,40.05,44,28.04,56.08,2026-04-21T09:00:00+08:00,2026-04-21T21:00:00+08:00,OPERATING,13.24,1.1,15.59,0,0,0,,2026-08-31T02:21:38.422656+00:00
2026-04-21,20,36.6,47,25.62,51.23,2026-04-21T09:00:00+08:00,2026-04-21T21:00:00+08:00,OPERATING,13.8,1.1,15.99,0,0,0,,2026-08-31T02:21:38.422656+00:00
2026-04-21,21,24.4,44,17.08,34.16,2026-04-21T09:00:00+08:00,2026-04-21T21:00:00+08:00,OPERATING,13.96,1.1,13.56,0,0,0,,2026-08-31T02:21:38.422656+00:00
2026-04-22,9,19.32,45,13.52,27.04,2026-04-22T09:00:00+08:00,2026-04-22T21:00:00+08:00,OPERATING,16.1,29.5,16.13,0,0,0,,2026-08-31T02:21:38.422656+00:00
2026-04-22,10,22.42,44,15.69,31.39,2026-04-22T09:00:00+08:00,2026-04-22T21:00:00+08:00,OPERATING,15.52,29.5,18.09,0,0,0,,2026-08-31T02:21:38.422656+00:00
2026-04-22,11,26.9,43,18.83,37.67,2026-04-22T09:00:00+08:00,2026-04-22T21:00:00+08:00,OPERATING,17.1,29.5,16.05,0,0,0,,2026-08-31T02:21:38.422656+00:00
2026-04-22,12,37.12,43,25.99,51.97,2026-04-22T09:00:00+08:00,2026-04-22T21:00:00+08:00,OPERATING,16.59,29.5,18.86,0,0,0,,2026-08-31T02:21:38.422656+00:00
2026-04-22,13,29.64,44,24.41,48.81,2026-04-22T09:00:00+08:00,2026-04-22T21:00:00+08:00,OPERATING,17.07,29.5,16.08,0,0,0,,2026-08-31T02:21:38.422656+00:00
2026-04-22,14,31.03,47,25.55,51.11,2026-04-22T09:00:00+08:00,2026-04-22T21:00:00+08:00,OPERATING,16.46,29.5,17.57,0,0,0,,2026-08-31T02:21:38.422656+00:00
2026-04-22,15,32.06,46,26.4,52.81,2026-04-22T09:00:00+08:00,2026-04-22T21:00:00+08:00,OPERATING,16.31,29.5,16.72,0,0,0,,2026-08-31T02:21:38.422656+00:00
2026-04-22,16,34.29,43,28.24,56.48,2026-04-22T09:00:00+08:00,2026-04-22T21:00:00+08:00,OPERATING,16.14,29.5,18.66,0,0,0,,2026-08-31T02:21:38.422656+00:00
2026-04-22,17,32.61,47,22.83,45.66,2026-04-22T09:00:00+08:00,2026-04-22T21:00:00+08:00,OPERATING,17.51,29.5,16.38,0,0,0,,2026-08-31T02:21:38.422656+00:00
2026-04-22,18,28.49,46,19.94,39.89,2026-04-22T09:00:00+08:00,2026-04-22T21:00:00+08:00,OPERATING,16.99,29.5,18.11,0,0,0,,2026-08-31T02:21:38.422656+00:00
2026-04-22,19,23.84,45,16.68,33.37,2026-04-22T09:00:00+08:00,2026-04-22T21:00:00+08:00,OPERATING,16.92,29.5,15.67,0,0,0,,2026-08-31T02:21:38.422656+00:00
2026-04-22,20,20.91,46,14.64,29.28,2026-04-22T09:00:00+08:00,2026-04-22T21:00:00+08:00,OPERATING,15.67,29.5,16.14,0,0,0,,2026-08-31T02:21:38.422656+00:00
2026-04-22,21,17.2,45,12.04,24.07,2026-04-22T09:00:00+08:00,2026-04-22T21:00:00+08:00,OPERATING,15.23,29.5,18.4,0,0,0,,2026-08-31T02:21:38.422656+00:00
2026-04-23,9,24.94,46,17.46,34.91,2026-04-23T09:00:00+08:00,2026-04-23T21:00:00+08:00,OPERATING,15.2,3.7,13.16,0,0,0,,2026-08-31T02:21:38.422656+00:00
2026-04-23,10,36.23,44,25.36,50.73,2026-04-23T09:00:00+08:00,2026-04-23T21:00:00+08:00,OPERATING,12.7,3.7,14.66,0,0,0,,2026-08-31T02:21:38.422656+00:00
2026-04-23,11,43.24,44,30.27,60.54,2026-04-23T09:00:00+08:00,2026-04-23T21:00:00+08:00,OPERATING,14.24,3.7,14.69,0,0,0,,2026-08-31T02:21:38.422656+00:00
2026-04-23,12,48.56,46,33.99,67.99,2026-04-23T09:00:00+08:00,2026-04-23T21:00:00+08:00,OPERATING,12.01,3.7,13.98,0,0,0,,2026-08-31T02:21:38.422656+00:00
2026-04-23,13,47.74,47,33.42,66.84,2026-04-23T09:00:00+08:00,2026-04-23T21:00:00+08:00,OPERATING,14.07,3.7,13.46,0,0,0,,2026-08-31T02:21:38.422656+00:00
2026-04-23,14,48.87,44,34.21,68.42,2026-04-23T09:00:00+08:00,2026-04-23T21:00:00+08:00,OPERATING,12.89,3.7,14.5,0,0,0,,2026-08-31T02:21:38.422656+00:00
2026-04-23,15,54.45,44,38.12,76.24,2026-04-23T09:00:00+08:00,2026-04-23T21:00:00+08:00,OPERATING,14.33,3.7,15.16,0,0,0,,2026-08-31T02:21:38.422656+00:00
2026-04-23,16,54.57,44,38.2,76.39,2026-04-23T09:00:00+08:00,2026-04-23T21:00:00+08:00,OPERATING,13.3,3.7,13.76,0,0,0,,2026-08-31T02:21:38.422656+00:00
2026-04-23,17,43.92,47,30.74,61.49,2026-04-23T09:00:00+08:00,2026-04-23T21:00:00+08:00,OPERATING,15.07,3.7,15.19,0,0,0,,2026-08-31T02:21:38.422656+00:00
2026-04-23,18,41.25,43,28.87,57.75,2026-04-23T09:00:00+08:00,2026-04-23T21:00:00+08:00,OPERATING,14.54,3.7,14.27,0,0,0,,2026-08-31T02:21:38.422656+00:00
2026-04-23,19,37.21,46,26.05,52.1,2026-04-23T09:00:00+08:00,2026-04-23T21:00:00+08:00,OPERATING,12.86,3.7,14.58,0,0,0,,2026-08-31T02:21:38.422656+00:00
2026-04-23,20,31.73,46,22.21,44.42,2026-04-23T09:00:00+08:00,2026-04-23T21:00:00+08:00,OPERATING,13.22,3.7,15.32,0,0,0,,2026-08-31T02:21:38.422656+00:00
2026-04-23,21,23.43,44,16.4,32.8,2026-04-23T09:00:00+08:00,2026-04-23T21:00:00+08:00,OPERATING,11.95,3.7,13.41,0,0,0,,2026-08-31T02:21:38.422656+00:00
2026-04-24,9,25.46,43,17.82,35.65,2026-04-24T09:00:00+08:00,2026-04-24T21:00:00+08:00,OPERATING,16.01,0.1,7.51,0,0,0,,2026-08-31T02:21:38.422656+00:00
2026-04-24,10,34.45,44,24.12,48.24,2026-04-24T09:00:00+08:00,2026-04-24T21:00:00+08:00,OPERATING,15.37,0.1,8.91,0,0,0,,2026-08-31T02:21:38.422656+00:00
2026-04-24,11,44.33,44,31.03,62.06,2026-04-24T09:00:00+08:00,2026-04-24T21:00:00+08:00,OPERATING,16.28,0.1,8.1,0,0,0,,2026-08-31T02:21:38.422656+00:00
2026-04-24,12,49.34,45,34.54,69.08,2026-04-24T09:00:00+08:00,2026-04-24T21:00:00+08:00,OPERATING,15.02,0.1,7.37,0,0,0,,2026-08-31T02:21:38.422656+00:00
2026-04-24,13,53.0,46,37.1,74.2,2026-04-24T09:00:00+08:00,2026-04-24T21:00:00+08:00,OPERATING,15.79,0.1,8.43,0,0,0,,2026-08-31T02:21:38.422656+00:00
2026-04-24,14,57.63,44,40.34,80.68,2026-04-24T09:00:00+08:00,2026-04-24T21:00:00+08:00,OPERATING,16.21,0.1,8.35,0,0,0,,2026-08-31T02:21:38.422656+00:00
2026-04-24,15,55.5,44,38.85,77.7,2026-04-24T09:00:00+08:00,2026-04-24T21:00:00+08:00,OPERATING,16.98,0.1,7.39,0,0,0,,2026-08-31T02:21:38.422656+00:00
2026-04-24,16,55.74,45,39.02,78.04,2026-04-24T09:00:00+08:00,2026-04-24T21:00:00+08:00,OPERATING,16.23,0.1,6.36,0,0,0,,2026-08-31T02:21:38.422656+00:00
2026-04-24,17,52.76,43,36.93,73.86,2026-04-24T09:00:00+08:00,2026-04-24T21:00:00+08:00,OPERATING,15.28,0.1,7.55,0,0,0,,2026-08-31T02:21:38.422656+00:00
2026-04-24,18,44.57,45,31.2,62.4,2026-04-24T09:00:00+08:00,2026-04-24T21:00:00+08:00,OPERATING,15.33,0.1,6.61,0,0,0,,2026-08-31T02:21:38.422656+00:00
2026-04-24,19,43.01,46,30.1,60.21,2026-04-24T09:00:00+08:00,2026-04-24T21:00:00+08:00,OPERATING,13.4,0.1,7.96,0,0,0,,2026-08-31T02:21:38.422656+00:00
2026-04-24,20,36.44,46,25.51,51.01,2026-04-24T09:00:00+08:00,2026-04-24T21:00:00+08:00,OPERATING,14.85,0.1,7.23,0,0,0,,2026-08-31T02:21:38.422656+00:00
2026-04-24,21,25.71,44,18.0,35.99,2026-04-24T09:00:00+08:00,2026-04-24T21:00:00+08:00,OPERATING,15.6,0.1,7.07,0,0,0,,2026-08-31T02:21:38.422656+00:00
2026-04-25,9,44.71,43,31.3,62.6,2026-04-25T09:00:00+08:00,2026-04-25T21:00:00+08:00,OPERATING,14.67,0.0,9.89,1,1,0,,2026-08-31T02:21:38.422656+00:00
2026-04-25,10,57.86,46,40.5,81.01,2026-04-25T09:00:00+08:00,2026-04-25T21:00:00+08:00,OPERATING,14.84,0.0,12.14,1,1,0,,2026-08-31T02:21:38.422656+00:00
2026-04-25,11,74.45,44,52.11,104.23,2026-04-25T09:00:00+08:00,2026-04-25T21:00:00+08:00,OPERATING,14.38,0.0,10.36,1,1,0,,2026-08-31T02:21:38.422656+00:00
2026-04-25,12,83.99,43,58.79,117.59,2026-04-25T09:00:00+08:00,2026-04-25T21:00:00+08:00,OPERATING,15.38,0.0,11.06,1,1,0,,2026-08-31T02:21:38.422656+00:00
2026-04-25,13,85.66,45,59.96,119.92,2026-04-25T09:00:00+08:00,2026-04-25T21:00:00+08:00,OPERATING,14.52,0.0,10.49,1,1,0,,2026-08-31T02:21:38.422656+00:00
2026-04-25,14,90.86,43,63.6,127.2,2026-04-25T09:00:00+08:00,2026-04-25T21:00:00+08:00,OPERATING,15.56,0.0,9.92,1,1,0,,2026-08-31T02:21:38.422656+00:00
2026-04-25,15,96.57,47,67.6,135.2,2026-04-25T09:00:00+08:00,2026-04-25T21:00:00+08:00,OPERATING,15.27,0.0,10.11,1,1,0,,2026-08-31T02:21:38.422656+00:00
2026-04-25,16,88.53,44,61.97,123.94,2026-04-25T09:00:00+08:00,2026-04-25T21:00:00+08:00,OPERATING,15.3,0.0,11.02,1,1,0,,2026-08-31T02:21:38.422656+00:00
2026-04-25,17,81.99,44,57.4,114.79,2026-04-25T09:00:00+08:00,2026-04-25T21:00:00+08:00,OPERATING,16.43,0.0,11.11,1,1,0,,2026-08-31T02:21:38.422656+00:00
2026-04-25,18,71.19,46,49.83,99.66,2026-04-25T09:00:00+08:00,2026-04-25T21:00:00+08:00,OPERATING,14.96,0.0,10.67,1,1,0,,2026-08-31T02:21:38.422656+00:00
2026-04-25,19,64.4,43,45.08,90.16,2026-04-25T09:00:00+08:00,2026-04-25T21:00:00+08:00,OPERATING,16.14,0.0,9.7,1,1,0,,2026-08-31T02:21:38.422656+00:00
2026-04-25,20,55.28,43,38.7,77.4,2026-04-25T09:00:00+08:00,2026-04-25T21:00:00+08:00,OPERATING,16.32,0.0,11.06,1,1,0,,2026-08-31T02:21:38.422656+00:00
2026-04-25,21,41.59,43,29.11,58.23,2026-04-25T09:00:00+08:00,2026-04-25T21:00:00+08:00,OPERATING,15.5,0.0,12.35,1,1,0,,2026-08-31T02:21:38.422656+00:00
2026-04-26,9,38.81,45,27.17,54.33,2026-04-26T09:00:00+08:00,2026-04-26T21:00:00+08:00,OPERATING,17.91,0.0,12.16,1,1,0,,2026-08-31T02:21:38.422656+00:00
2026-04-26,10,48.89,43,34.23,68.45,2026-04-26T09:00:00+08:00,2026-04-26T21:00:00+08:00,OPERATING,15.94,0.0,11.77,1,1,0,,2026-08-31T02:21:38.422656+00:00
2026-04-26,11,62.54,44,43.78,87.56,2026-04-26T09:00:00+08:00,2026-04-26T21:00:00+08:00,OPERATING,17.35,0.0,12.82,1,1,0,,2026-08-31T02:21:38.422656+00:00
2026-04-26,12,68.39,43,47.88,95.75,2026-04-26T09:00:00+08:00,2026-04-26T21:00:00+08:00,OPERATING,17.02,0.0,10.91,1,1,0,,2026-08-31T02:21:38.422656+00:00
2026-04-26,13,72.47,47,50.73,101.46,2026-04-26T09:00:00+08:00,2026-04-26T21:00:00+08:00,OPERATING,14.99,0.0,10.46,1,1,0,,2026-08-31T02:21:38.422656+00:00
2026-04-26,14,73.78,44,51.65,103.3,2026-04-26T09:00:00+08:00,2026-04-26T21:00:00+08:00,OPERATING,17.33,0.0,10.5,1,1,0,,2026-08-31T02:21:38.422656+00:00
2026-04-26,15,81.11,47,56.78,113.55,2026-04-26T09:00:00+08:00,2026-04-26T21:00:00+08:00,OPERATING,15.7,0.0,11.15,1,1,0,,2026-08-31T02:21:38.422656+00:00
2026-04-26,16,76.99,46,53.89,107.79,2026-04-26T09:00:00+08:00,2026-04-26T21:00:00+08:00,OPERATING,18.85,0.0,10.77,1,1,0,,2026-08-31T02:21:38.422656+00:00
2026-04-26,17,71.21,45,49.85,99.7,2026-04-26T09:00:00+08:00,2026-04-26T21:00:00+08:00,OPERATING,17.58,0.0,10.27,1,1,0,,2026-08-31T02:21:38.422656+00:00
2026-04-26,18,64.66,47,45.26,90.52,2026-04-26T09:00:00+08:00,2026-04-26T21:00:00+08:00,OPERATING,16.94,0.0,11.12,1,1,0,,2026-08-31T02:21:38.422656+00:00
2026-04-26,19,57.02,46,39.91,79.82,2026-04-26T09:00:00+08:00,2026-04-26T21:00:00+08:00,OPERATING,17.45,0.0,9.52,1,1,0,,2026-08-31T02:21:38.422656+00:00
2026-04-26,20,44.59,44,31.22,62.43,2026-04-26T09:00:00+08:00,2026-04-26T21:00:00+08:00,OPERATING,16.01,0.0,11.75,1,1,0,,2026-08-31T02:21:38.422656+00:00
2026-04-26,21,31.2,45,21.84,43.67,2026-04-26T09:00:00+08:00,2026-04-26T21:00:00+08:00,OPERATING,15.42,0.0,11.0,1,1,0,,2026-08-31T02:21:38.422656+00:00
2026-04-27,9,33.19,46,23.23,46.47,2026-04-27T09:00:00+08:00,2026-04-27T21:00:00+08:00,OPERATING,20.32,0.1,11.82,0,0,0,,2026-08-31T02:21:38.422656+00:00
2026-04-27,10,48.3,45,33.81,67.62,2026-04-27T09:00:00+08:00,2026-04-27T21:00:00+08:00,OPERATING,21.92,0.1,12.43,0,0,0,,2026-08-31T02:21:38.422656+00:00
2026-04-27,11,64.02,43,44.82,89.63,2026-04-27T09:00:00+08:00,2026-04-27T21:00:00+08:00,OPERATING,20.06,0.1,11.8,0,0,0,,2026-08-31T02:21:38.422656+00:00
2026-04-27,12,67.23,47,47.06,94.12,2026-04-27T09:00:00+08:00,2026-04-27T21:00:00+08:00,OPERATING,18.95,0.1,12.8,0,0,0,,2026-08-31T02:21:38.422656+00:00
2026-04-27,13,71.4,46,49.98,99.95,2026-04-27T09:00:00+08:00,2026-04-27T21:00:00+08:00,OPERATING,20.74,0.1,9.95,0,0,0,,2026-08-31T02:21:38.422656+00:00
2026-04-27,14,71.45,43,50.01,100.03,2026-04-27T09:00:00+08:00,2026-04-27T21:00:00+08:00,OPERATING,19.8,0.1,12.68,0,0,0,,2026-08-31T02:21:38.422656+00:00
2026-04-27,15,76.53,45,53.57,107.14,2026-04-27T09:00:00+08:00,2026-04-27T21:00:00+08:00,OPERATING,22.4,0.1,11.31,0,0,0,,2026-08-31T02:21:38.422656+00:00
2026-04-27,16,70.11,45,49.08,98.16,2026-04-27T09:00:00+08:00,2026-04-27T21:00:00+08:00,OPERATING,21.37,0.1,11.04,0,0,0,,2026-08-31T02:21:38.422656+00:00
2026-04-27,17,66.74,47,46.72,93.44,2026-04-27T09:00:00+08:00,2026-04-27T21:00:00+08:00,OPERATING,20.21,0.1,11.93,0,0,0,,2026-08-31T02:21:38.422656+00:00
2026-04-27,18,61.42,43,43.0,85.99,2026-04-27T09:00:00+08:00,2026-04-27T21:00:00+08:00,OPERATING,20.1,0.1,12.86,0,0,0,,2026-08-31T02:21:38.422656+00:00
2026-04-27,19,53.68,46,37.58,75.15,2026-04-27T09:00:00+08:00,2026-04-27T21:00:00+08:00,OPERATING,19.35,0.1,12.66,0,0,0,,2026-08-31T02:21:38.422656+00:00
2026-04-27,20,39.68,43,27.77,55.55,2026-04-27T09:00:00+08:00,2026-04-27T21:00:00+08:00,OPERATING,20.39,0.1,13.26,0,0,0,,2026-08-31T02:21:38.422656+00:00
2026-04-27,21,28.09,45,19.66,39.32,2026-04-27T09:00:00+08:00,2026-04-27T21:00:00+08:00,OPERATING,21.87,0.1,11.22,0,0,0,,2026-08-31T02:21:38.422656+00:00
2026-04-28,9,15.73,46,11.01,22.03,2026-04-28T09:00:00+08:00,2026-04-28T21:00:00+08:00,OPERATING,16.11,9.5,19.45,0,0,0,,2026-08-31T02:21:38.422656+00:00
2026-04-28,10,23.75,47,16.63,33.25,2026-04-28T09:00:00+08:00,2026-04-28T21:00:00+08:00,OPERATING,16.06,9.5,21.59,0,0,0,,2026-08-31T02:21:38.422656+00:00
2026-04-28,11,24.29,45,17.01,34.01,2026-04-28T09:00:00+08:00,2026-04-28T21:00:00+08:00,OPERATING,16.34,9.5,18.67,0,0,0,,2026-08-31T02:21:38.422656+00:00
2026-04-28,12,28.89,43,20.22,40.45,2026-04-28T09:00:00+08:00,2026-04-28T21:00:00+08:00,OPERATING,14.78,9.5,21.39,0,0,0,,2026-08-31T02:21:38.422656+00:00
2026-04-28,13,26.04,44,21.44,42.88,2026-04-28T09:00:00+08:00,2026-04-28T21:00:00+08:00,OPERATING,15.59,9.5,20.78,0,0,0,,2026-08-31T02:21:38.422656+00:00
2026-04-28,14,22.88,46,18.85,37.69,2026-04-28T09:00:00+08:00,2026-04-28T21:00:00+08:00,OPERATING,14.74,9.5,20.37,0,0,0,,2026-08-31T02:21:38.422656+00:00
2026-04-28,15,30.0,47,24.7,49.4,2026-04-28T09:00:00+08:00,2026-04-28T21:00:00+08:00,OPERATING,15.53,9.5,19.81,0,0,0,,2026-08-31T02:21:38.422656+00:00
2026-04-28,16,27.6,47,22.73,45.47,2026-04-28T09:00:00+08:00,2026-04-28T21:00:00+08:00,OPERATING,16.86,9.5,20.37,0,0,0,,2026-08-31T02:21:38.422656+00:00
2026-04-28,17,30.1,43,21.07,42.14,2026-04-28T09:00:00+08:00,2026-04-28T21:00:00+08:00,OPERATING,14.84,9.5,19.68,0,0,0,,2026-08-31T02:21:38.422656+00:00
2026-04-28,18,24.6,45,17.22,34.45,2026-04-28T09:00:00+08:00,2026-04-28T21:00:00+08:00,OPERATING,16.09,9.5,20.16,0,0,0,,2026-08-31T02:21:38.422656+00:00
2026-04-28,19,24.84,45,17.38,34.77,2026-04-28T09:00:00+08:00,2026-04-28T21:00:00+08:00,OPERATING,15.64,9.5,20.62,0,0,0,,2026-08-31T02:21:38.422656+00:00
2026-04-28,20,22.55,46,15.78,31.57,2026-04-28T09:00:00+08:00,2026-04-28T21:00:00+08:00,OPERATING,16.15,9.5,21.07,0,0,0,,2026-08-31T02:21:38.422656+00:00
2026-04-28,21,13.42,44,9.39,18.79,2026-04-28T09:00:00+08:00,2026-04-28T21:00:00+08:00,OPERATING,15.4,9.5,19.97,0,0,0,,2026-08-31T02:21:38.422656+00:00
2026-04-29,9,18.47,47,12.93,25.85,2026-04-29T09:00:00+08:00,2026-04-29T21:00:00+08:00,OPERATING,10.83,31.6,17.26,0,0,0,,2026-08-31T02:21:38.422656+00:00
2026-04-29,10,21.8,45,15.26,30.52,2026-04-29T09:00:00+08:00,2026-04-29T21:00:00+08:00,OPERATING,11.25,31.6,19.16,0,0,0,,2026-08-31T02:21:38.422656+00:00
2026-04-29,11,33.86,45,23.7,47.41,2026-04-29T09:00:00+08:00,2026-04-29T21:00:00+08:00,OPERATING,10.23,31.6,17.33,0,0,0,,2026-08-31T02:21:38.422656+00:00
2026-04-29,12,39.23,47,27.46,54.93,2026-04-29T09:00:00+08:00,2026-04-29T21:00:00+08:00,OPERATING,10.67,31.6,17.35,0,0,0,,2026-08-31T02:21:38.422656+00:00
2026-04-29,13,30.7,44,25.28,50.57,2026-04-29T09:00:00+08:00,2026-04-29T21:00:00+08:00,OPERATING,11.42,31.6,16.1,0,0,0,,2026-08-31T02:21:38.422656+00:00
2026-04-29,14,31.0,43,25.53,51.06,2026-04-29T09:00:00+08:00,2026-04-29T21:00:00+08:00,OPERATING,10.75,31.6,17.54,0,0,0,,2026-08-31T02:21:38.422656+00:00
2026-04-29,15,34.51,46,28.42,56.84,2026-04-29T09:00:00+08:00,2026-04-29T21:00:00+08:00,OPERATING,10.11,31.6,19.12,0,0,0,,2026-08-31T02:21:38.422656+00:00
2026-04-29,16,34.49,43,28.4,56.8,2026-04-29T09:00:00+08:00,2026-04-29T21:00:00+08:00,OPERATING,11.53,31.6,14.84,0,0,0,,2026-08-31T02:21:38.422656+00:00
2026-04-29,17,37.3,47,26.11,52.22,2026-04-29T09:00:00+08:00,2026-04-29T21:00:00+08:00,OPERATING,10.12,31.6,16.3,0,0,0,,2026-08-31T02:21:38.422656+00:00
2026-04-29,18,33.98,44,23.78,47.57,2026-04-29T09:00:00+08:00,2026-04-29T21:00:00+08:00,OPERATING,11.69,31.6,18.5,0,0,0,,2026-08-31T02:21:38.422656+00:00
2026-04-29,19,29.87,47,20.91,41.81,2026-04-29T09:00:00+08:00,2026-04-29T21:00:00+08:00,OPERATING,11.14,31.6,17.32,0,0,0,,2026-08-31T02:21:38.422656+00:00
2026-04-29,20,20.46,47,14.32,28.64,2026-04-29T09:00:00+08:00,2026-04-29T21:00:00+08:00,OPERATING,12.08,31.6,16.58,0,0,0,,2026-08-31T02:21:38.422656+00:00
2026-04-29,21,20.33,46,14.23,28.46,2026-04-29T09:00:00+08:00,2026-04-29T21:00:00+08:00,OPERATING,9.38,31.6,16.69,0,0,0,,2026-08-31T02:21:38.422656+00:00
2026-04-30,9,27.19,44,19.03,38.06,2026-04-30T09:00:00+08:00,2026-04-30T21:00:00+08:00,OPERATING,12.56,0.0,13.0,0,0,0,,2026-08-31T02:21:38.422656+00:00
2026-04-30,10,39.72,44,27.8,55.6,2026-04-30T09:00:00+08:00,2026-04-30T21:00:00+08:00,OPERATING,11.66,0.0,12.32,0,0,0,,2026-08-31T02:21:38.422656+00:00
2026-04-30,11,47.13,43,32.99,65.98,2026-04-30T09:00:00+08:00,2026-04-30T21:00:00+08:00,OPERATING,13.47,0.0,15.6,0,0,0,,2026-08-31T02:21:38.422656+00:00
2026-04-30,12,53.13,45,37.19,74.38,2026-04-30T09:00:00+08:00,2026-04-30T21:00:00+08:00,OPERATING,13.35,0.0,13.69,0,0,0,,2026-08-31T02:21:38.422656+00:00
2026-04-30,13,57.59,44,40.31,80.62,2026-04-30T09:00:00+08:00,2026-04-30T21:00:00+08:00,OPERATING,12.59,0.0,13.62,0,0,0,,2026-08-31T02:21:38.422656+00:00
2026-04-30,14,58.93,43,41.25,82.5,2026-04-30T09:00:00+08:00,2026-04-30T21:00:00+08:00,OPERATING,12.83,0.0,14.13,0,0,0,,2026-08-31T02:21:38.422656+00:00
2026-04-30,15,58.68,47,41.08,82.16,2026-04-30T09:00:00+08:00,2026-04-30T21:00:00+08:00,OPERATING,12.61,0.0,14.54,0,0,0,,2026-08-31T02:21:38.422656+00:00
2026-04-30,16,54.82,46,38.37,76.74,2026-04-30T09:00:00+08:00,2026-04-30T21:00:00+08:00,OPERATING,12.43,0.0,13.58,0,0,0,,2026-08-31T02:21:38.422656+00:00
2026-04-30,17,54.06,44,37.84,75.69,2026-04-30T09:00:00+08:00,2026-04-30T21:00:00+08:00,OPERATING,13.46,0.0,13.58,0,0,0,,2026-08-31T02:21:38.422656+00:00
2026-04-30,18,46.93,45,32.85,65.7,2026-04-30T09:00:00+08:00,2026-04-30T21:00:00+08:00,OPERATING,14.15,0.0,13.3,0,0,0,,2026-08-31T02:21:38.422656+00:00
2026-04-30,19,48.89,47,34.22,68.44,2026-04-30T09:00:00+08:00,2026-04-30T21:00:00+08:00,OPERATING,14.11,0.0,12.31,0,0,0,,2026-08-31T02:21:38.422656+00:00
2026-04-30,20,33.05,47,23.13,46.27,2026-04-30T09:00:00+08:00,2026-04-30T21:00:00+08:00,OPERATING,13.78,0.0,12.25,0,0,0,,2026-08-31T02:21:38.422656+00:00
2026-04-30,21,25.93,47,18.15,36.3,2026-04-30T09:00:00+08:00,2026-04-30T21:00:00+08:00,OPERATING,12.9,0.0,13.08,0,0,0,,2026-08-31T02:21:38.422656+00:00
2026-05-01,9,37.41,46,26.19,52.38,2026-05-01T09:00:00+08:00,2026-05-01T21:00:00+08:00,OPERATING,16.91,0.0,12.82,1,0,0,,2026-08-31T02:21:38.422656+00:00
2026-05-01,10,50.68,46,35.48,70.95,2026-05-01T09:00:00+08:00,2026-05-01T21:00:00+08:00,OPERATING,15.57,0.0,11.88,1,0,0,,2026-08-31T02:21:38.422656+00:00
2026-05-01,11,63.0,46,44.1,88.21,2026-05-01T09:00:00+08:00,2026-05-01T21:00:00+08:00,OPERATING,17.14,0.0,9.38,1,0,0,,2026-08-31T02:21:38.422656+00:00
2026-05-01,12,71.48,44,50.03,100.07,2026-05-01T09:00:00+08:00,2026-05-01T21:00:00+08:00,OPERATING,16.03,0.0,8.97,1,0,0,,2026-08-31T02:21:38.422656+00:00
2026-05-01,13,71.34,44,49.94,99.87,2026-05-01T09:00:00+08:00,2026-05-01T21:00:00+08:00,OPERATING,16.18,0.0,10.52,1,0,0,,2026-08-31T02:21:38.422656+00:00
2026-05-01,14,83.92,43,58.75,117.49,2026-05-01T09:00:00+08:00,2026-05-01T21:00:00+08:00,OPERATING,15.21,0.0,11.34,1,0,0,,2026-08-31T02:21:38.422656+00:00
2026-05-01,15,77.79,46,54.46,108.91,2026-05-01T09:00:00+08:00,2026-05-01T21:00:00+08:00,OPERATING,17.59,0.0,13.74,1,0,0,,2026-08-31T02:21:38.422656+00:00
2026-05-01,16,79.73,46,55.81,111.62,2026-05-01T09:00:00+08:00,2026-05-01T21:00:00+08:00,OPERATING,16.4,0.0,10.08,1,0,0,,2026-08-31T02:21:38.422656+00:00
2026-05-01,17,67.08,47,46.96,93.91,2026-05-01T09:00:00+08:00,2026-05-01T21:00:00+08:00,OPERATING,15.7,0.0,10.35,1,0,0,,2026-08-31T02:21:38.422656+00:00
2026-05-01,18,64.4,47,45.08,90.16,2026-05-01T09:00:00+08:00,2026-05-01T21:00:00+08:00,OPERATING,15.73,0.0,11.18,1,0,0,,2026-08-31T02:21:38.422656+00:00
2026-05-01,19,55.1,44,38.57,77.14,2026-05-01T09:00:00+08:00,2026-05-01T21:00:00+08:00,OPERATING,16.89,0.0,11.72,1,0,0,,2026-08-31T02:21:38.422656+00:00
2026-05-01,20,43.29,47,30.3,60.61,2026-05-01T09:00:00+08:00,2026-05-01T21:00:00+08:00,OPERATING,16.04,0.0,10.52,1,0,0,,2026-08-31T02:21:38.422656+00:00
2026-05-01,21,36.42,45,25.49,50.99,2026-05-01T09:00:00+08:00,2026-05-01T21:00:00+08:00,OPERATING,16.88,0.0,11.93,1,0,0,,2026-08-31T02:21:38.422656+00:00
2026-05-02,9,36.92,44,25.84,51.68,2026-05-02T09:00:00+08:00,2026-05-02T21:00:00+08:00,OPERATING,17.75,2.4,22.81,1,1,0,,2026-08-31T02:21:38.422656+00:00
2026-05-02,10,54.25,43,37.97,75.94,2026-05-02T09:00:00+08:00,2026-05-02T21:00:00+08:00,OPERATING,18.24,2.4,22.2,1,1,0,,2026-08-31T02:21:38.422656+00:00
2026-05-02,11,64.21,47,44.95,89.89,2026-05-02T09:00:00+08:00,2026-05-02T21:00:00+08:00,OPERATING,18.9,2.4,23.36,1,1,0,,2026-08-31T02:21:38.422656+00:00
2026-05-02,12,69.04,46,48.33,96.66,2026-05-02T09:00:00+08:00,2026-05-02T21:00:00+08:00,OPERATING,17.8,2.4,22.48,1,1,0,,2026-08-31T02:21:38.422656+00:00
2026-05-02,13,76.65,45,53.65,107.31,2026-05-02T09:00:00+08:00,2026-05-02T21:00:00+08:00,OPERATING,17.39,2.4,20.99,1,1,0,,2026-08-31T02:21:38.422656+00:00
2026-05-02,14,79.94,44,55.96,111.92,2026-05-02T09:00:00+08:00,2026-05-02T21:00:00+08:00,OPERATING,18.7,2.4,22.94,1,1,0,,2026-08-31T02:21:38.422656+00:00
2026-05-02,15,80.08,43,56.06,112.11,2026-05-02T09:00:00+08:00,2026-05-02T21:00:00+08:00,OPERATING,17.43,2.4,23.52,1,1,0,,2026-08-31T02:21:38.422656+00:00
2026-05-02,16,77.06,47,53.94,107.89,2026-05-02T09:00:00+08:00,2026-05-02T21:00:00+08:00,OPERATING,18.59,2.4,21.91,1,1,0,,2026-08-31T02:21:38.422656+00:00
2026-05-02,17,70.19,43,49.13,98.27,2026-05-02T09:00:00+08:00,2026-05-02T21:00:00+08:00,OPERATING,19.31,2.4,21.7,1,1,0,,2026-08-31T02:21:38.422656+00:00
2026-05-02,18,65.4,43,45.78,91.56,2026-05-02T09:00:00+08:00,2026-05-02T21:00:00+08:00,OPERATING,17.65,2.4,23.06,1,1,0,,2026-08-31T02:21:38.422656+00:00
2026-05-02,19,60.71,45,42.5,85.0,2026-05-02T09:00:00+08:00,2026-05-02T21:00:00+08:00,OPERATING,19.15,2.4,23.25,1,1,0,,2026-08-31T02:21:38.422656+00:00
2026-05-02,20,47.06,45,32.94,65.89,2026-05-02T09:00:00+08:00,2026-05-02T21:00:00+08:00,OPERATING,18.34,2.4,22.06,1,1,0,,2026-08-31T02:21:38.422656+00:00
2026-05-02,21,34.81,43,24.37,48.74,2026-05-02T09:00:00+08:00,2026-05-02T21:00:00+08:00,OPERATING,18.1,2.4,22.47,1,1,0,,2026-08-31T02:21:38.422656+00:00
2026-05-03,9,34.71,45,24.3,48.59,2026-05-03T09:00:00+08:00,2026-05-03T21:00:00+08:00,OPERATING,19.21,10.1,21.54,1,1,0,,2026-08-31T02:21:38.422656+00:00
2026-05-03,10,49.39,46,34.57,69.15,2026-05-03T09:00:00+08:00,2026-05-03T21:00:00+08:00,OPERATING,18.35,10.1,21.47,1,1,0,,2026-08-31T02:21:38.422656+00:00
2026-05-03,11,53.47,43,37.43,74.85,2026-05-03T09:00:00+08:00,2026-05-03T21:00:00+08:00,OPERATING,16.47,10.1,22.57,1,1,0,,2026-08-31T02:21:38.422656+00:00
2026-05-03,12,58.58,47,41.0,82.01,2026-05-03T09:00:00+08:00,2026-05-03T21:00:00+08:00,OPERATING,18.9,10.1,24.87,1,1,0,,2026-08-31T02:21:38.422656+00:00
2026-05-03,13,52.08,47,42.89,85.78,2026-05-03T09:00:00+08:00,2026-05-03T21:00:00+08:00,OPERATING,17.68,10.1,22.97,1,1,0,,2026-08-31T02:21:38.422656+00:00
2026-05-03,14,58.8,45,48.42,96.84,2026-05-03T09:00:00+08:00,2026-05-03T21:00:00+08:00,OPERATING,16.8,10.1,22.23,1,1,0,,2026-08-31T02:21:38.422656+00:00
2026-05-03,15,60.75,44,50.03,100.06,2026-05-03T09:00:00+08:00,2026-05-03T21:00:00+08:00,OPERATING,17.4,10.1,23.62,1,1,0,,2026-08-31T02:21:38.422656+00:00
2026-05-03,16,57.78,44,47.58,95.16,2026-05-03T09:00:00+08:00,2026-05-03T21:00:00+08:00,OPERATING,19.6,10.1,22.84,1,1,0,,2026-08-31T02:21:38.422656+00:00
2026-05-03,17,64.08,44,44.85,89.71,2026-05-03T09:00:00+08:00,2026-05-03T21:00:00+08:00,OPERATING,17.94,10.1,23.27,1,1,0,,2026-08-31T02:21:38.422656+00:00
2026-05-03,18,55.94,43,39.16,78.32,2026-05-03T09:00:00+08:00,2026-05-03T21:00:00+08:00,OPERATING,18.12,10.1,25.27,1,1,0,,2026-08-31T02:21:38.422656+00:00
2026-05-03,19,49.76,45,34.83,69.66,2026-05-03T09:00:00+08:00,2026-05-03T21:00:00+08:00,OPERATING,18.61,10.1,22.38,1,1,0,,2026-08-31T02:21:38.422656+00:00
2026-05-03,20,46.37,43,32.46,64.91,2026-05-03T09:00:00+08:00,2026-05-03T21:00:00+08:00,OPERATING,18.72,10.1,22.37,1,1,0,,2026-08-31T02:21:38.422656+00:00
2026-05-03,21,29.84,47,20.89,41.78,2026-05-03T09:00:00+08:00,2026-05-03T21:00:00+08:00,OPERATING,17.18,10.1,24.36,1,1,0,,2026-08-31T02:21:38.422656+00:00
2026-05-04,9,36.61,47,25.63,51.26,2026-05-04T09:00:00+08:00,2026-05-04T21:00:00+08:00,OPERATING,17.74,0.0,8.33,1,0,0,,2026-08-31T02:21:38.422656+00:00
2026-05-04,10,51.04,46,35.73,71.46,2026-05-04T09:00:00+08:00,2026-05-04T21:00:00+08:00,OPERATING,17.41,0.0,8.47,1,0,0,,2026-08-31T02:21:38.422656+00:00
2026-05-04,11,64.77,45,45.34,90.68,2026-05-04T09:00:00+08:00,2026-05-04T21:00:00+08:00,OPERATING,17.22,0.0,8.91,1,0,0,,2026-08-31T02:21:38.422656+00:00
2026-05-04,12,69.42,46,48.6,97.19,2026-05-04T09:00:00+08:00,2026-05-04T21:00:00+08:00,OPERATING,18.84,0.0,9.56,1,0,0,,2026-08-31T02:21:38.422656+00:00
2026-05-04,13,73.12,45,51.18,102.36,2026-05-04T09:00:00+08:00,2026-05-04T21:00:00+08:00,OPERATING,17.99,0.0,9.45,1,0,0,,2026-08-31T02:21:38.422656+00:00
2026-05-04,14,76.98,46,53.89,107.78,2026-05-04T09:00:00+08:00,2026-05-04T21:00:00+08:00,OPERATING,17.75,0.0,10.12,1,0,0,,2026-08-31T02:21:38.422656+00:00
2026-05-04,15,78.42,45,54.89,109.79,2026-05-04T09:00:00+08:00,2026-05-04T21:00:00+08:00,OPERATING,18.09,0.0,8.23,1,0,0,,2026-08-31T02:21:38.422656+00:00
2026-05-04,16,72.9,45,51.03,102.06,2026-05-04T09:00:00+08:00,2026-05-04T21:00:00+08:00,OPERATING,18.53,0.0,8.18,1,0,0,,2026-08-31T02:21:38.422656+00:00
2026-05-04,17,65.0,45,45.5,91.0,2026-05-04T09:00:00+08:00,2026-05-04T21:00:00+08:00,OPERATING,17.4,0.0,10.19,1,0,0,,2026-08-31T02:21:38.422656+00:00
2026-05-04,18,65.2,46,45.64,91.28,2026-05-04T09:00:00+08:00,2026-05-04T21:00:00+08:00,OPERATING,17.07,0.0,9.93,1,0,0,,2026-08-31T02:21:38.422656+00:00
2026-05-04,19,53.89,43,37.72,75.45,2026-05-04T09:00:00+08:00,2026-05-04T21:00:00+08:00,OPERATING,17.31,0.0,7.69,1,0,0,,2026-08-31T02:21:38.422656+00:00
2026-05-04,20,45.93,46,32.15,64.31,2026-05-04T09:00:00+08:00,2026-05-04T21:00:00+08:00,OPERATING,18.06,0.0,11.31,1,0,0,,2026-08-31T02:21:38.422656+00:00
2026-05-04,21,36.47,43,25.53,51.06,2026-05-04T09:00:00+08:00,2026-05-04T21:00:00+08:00,OPERATING,19.17,0.0,8.49,1,0,0,,2026-08-31T02:21:38.422656+00:00
2026-05-05,9,38.58,46,27.01,54.02,2026-05-05T09:00:00+08:00,2026-05-05T21:00:00+08:00,OPERATING,19.39,0.0,14.85,1,0,0,,2026-08-31T02:21:38.422656+00:00
2026-05-05,10,57.24,44,40.07,80.14,2026-05-05T09:00:00+08:00,2026-05-05T21:00:00+08:00,OPERATING,19.42,0.0,15.89,1,0,0,,2026-08-31T02:21:38.422656+00:00
2026-05-05,11,64.39,44,45.08,90.15,2026-05-05T09:00:00+08:00,2026-05-05T21:00:00+08:00,OPERATING,19.85,0.0,17.32,1,0,0,,2026-08-31T02:21:38.422656+00:00
2026-05-05,12,75.09,45,52.56,105.13,2026-05-05T09:00:00+08:00,2026-05-05T21:00:00+08:00,OPERATING,18.79,0.0,15.04,1,0,0,,2026-08-31T02:21:38.422656+00:00
2026-05-05,13,76.97,46,53.88,107.76,2026-05-05T09:00:00+08:00,2026-05-05T21:00:00+08:00,OPERATING,20.59,0.0,15.3,1,0,0,,2026-08-31T02:21:38.422656+00:00
2026-05-05,14,83.9,45,58.73,117.46,2026-05-05T09:00:00+08:00,2026-05-05T21:00:00+08:00,OPERATING,18.5,0.0,17.9,1,0,0,,2026-08-31T02:21:38.422656+00:00
2026-05-05,15,87.08,46,60.96,121.91,2026-05-05T09:00:00+08:00,2026-05-05T21:00:00+08:00,OPERATING,20.0,0.0,13.72,1,0,0,,2026-08-31T02:21:38.422656+00:00
2026-05-05,16,79.34,47,55.54,111.08,2026-05-05T09:00:00+08:00,2026-05-05T21:00:00+08:00,OPERATING,19.19,0.0,16.4,1,0,0,,2026-08-31T02:21:38.422656+00:00
2026-05-05,17,71.03,45,49.72,99.44,2026-05-05T09:00:00+08:00,2026-05-05T21:00:00+08:00,OPERATING,20.47,0.0,15.69,1,0,0,,2026-08-31T02:21:38.422656+00:00
2026-05-05,18,66.65,46,46.66,93.32,2026-05-05T09:00:00+08:00,2026-05-05T21:00:00+08:00,OPERATING,19.99,0.0,15.46,1,0,0,,2026-08-31T02:21:38.422656+00:00
2026-05-05,19,62.81,46,43.97,87.94,2026-05-05T09:00:00+08:00,2026-05-05T21:00:00+08:00,OPERATING,19.97,0.0,14.27,1,0,0,,2026-08-31T02:21:38.422656+00:00
2026-05-05,20,50.87,45,35.61,71.21,2026-05-05T09:00:00+08:00,2026-05-05T21:00:00+08:00,OPERATING,18.81,0.0,16.46,1,0,0,,2026-08-31T02:21:38.422656+00:00
2026-05-05,21,36.07,46,25.25,50.5,2026-05-05T09:00:00+08:00,2026-05-05T21:00:00+08:00,OPERATING,18.54,0.0,15.87,1,0,0,,2026-08-31T02:21:38.422656+00:00
2026-05-06,9,29.41,45,20.58,41.17,2026-05-06T09:00:00+08:00,2026-05-06T21:00:00+08:00,OPERATING,18.9,0.0,15.32,0,0,0,,2026-08-31T02:21:38.422656+00:00
2026-05-06,10,37.05,47,25.93,51.87,2026-05-06T09:00:00+08:00,2026-05-06T21:00:00+08:00,OPERATING,19.13,0.0,15.95,0,0,0,,2026-08-31T02:21:38.422656+00:00
2026-05-06,11,45.87,43,32.11,64.22,2026-05-06T09:00:00+08:00,2026-05-06T21:00:00+08:00,OPERATING,19.82,0.0,15.28,0,0,0,,2026-08-31T02:21:38.422656+00:00
2026-05-06,12,58.33,44,40.83,81.66,2026-05-06T09:00:00+08:00,2026-05-06T21:00:00+08:00,OPERATING,18.45,0.0,16.99,0,0,0,,2026-08-31T02:21:38.422656+00:00
2026-05-06,13,54.89,45,38.42,76.84,2026-05-06T09:00:00+08:00,2026-05-06T21:00:00+08:00,OPERATING,18.52,0.0,16.08,0,0,0,,2026-08-31T02:21:38.422656+00:00
2026-05-06,14,54.97,44,38.48,76.96,2026-05-06T09:00:00+08:00,2026-05-06T21:00:00+08:00,OPERATING,19.29,0.0,18.15,0,0,0,,2026-08-31T02:21:38.422656+00:00
2026-05-06,15,57.81,47,40.47,80.93,2026-05-06T09:00:00+08:00,2026-05-06T21:00:00+08:00,OPERATING,18.32,0.0,15.76,0,0,0,,2026-08-31T02:21:38.422656+00:00
2026-05-06,16,54.5,45,38.15,76.3,2026-05-06T09:00:00+08:00,2026-05-06T21:00:00+08:00,OPERATING,19.83,0.0,16.09,0,0,0,,2026-08-31T02:21:38.422656+00:00
2026-05-06,17,51.03,43,35.72,71.44,2026-05-06T09:00:00+08:00,2026-05-06T21:00:00+08:00,OPERATING,18.68,0.0,16.89,0,0,0,,2026-08-31T02:21:38.422656+00:00
2026-05-06,18,49.21,47,34.45,68.89,2026-05-06T09:00:00+08:00,2026-05-06T21:00:00+08:00,OPERATING,19.9,0.0,14.83,0,0,0,,2026-08-31T02:21:38.422656+00:00
2026-05-06,19,42.74,46,29.92,59.84,2026-05-06T09:00:00+08:00,2026-05-06T21:00:00+08:00,OPERATING,17.64,0.0,15.67,0,0,0,,2026-08-31T02:21:38.422656+00:00
2026-05-06,20,31.74,43,22.22,44.43,2026-05-06T09:00:00+08:00,2026-05-06T21:00:00+08:00,OPERATING,18.24,0.0,15.83,0,0,0,,2026-08-31T02:21:38.422656+00:00
2026-05-06,21,28.68,43,20.07,40.15,2026-05-06T09:00:00+08:00,2026-05-06T21:00:00+08:00,OPERATING,18.03,0.0,14.78,0,0,0,,2026-08-31T02:21:38.422656+00:00
2026-05-07,9,33.56,44,23.49,46.98,2026-05-07T09:00:00+08:00,2026-05-07T21:00:00+08:00,OPERATING,19.2,0.0,19.58,0,0,0,,2026-08-31T02:21:38.422656+00:00
2026-05-07,10,43.71,43,30.6,61.2,2026-05-07T09:00:00+08:00,2026-05-07T21:00:00+08:00,OPERATING,21.57,0.0,20.86,0,0,0,,2026-08-31T02:21:38.422656+00:00
2026-05-07,11,54.27,44,37.99,75.98,2026-05-07T09:00:00+08:00,2026-05-07T21:00:00+08:00,OPERATING,20.44,0.0,17.74,0,0,0,,2026-08-31T02:21:38.422656+00:00
2026-05-07,12,57.61,45,40.33,80.65,2026-05-07T09:00:00+08:00,2026-05-07T21:00:00+08:00,OPERATING,20.14,0.0,20.07,0,0,0,,2026-08-31T02:21:38.422656+00:00
2026-05-07,13,62.44,46,43.7,87.41,2026-05-07T09:00:00+08:00,2026-05-07T21:00:00+08:00,OPERATING,21.21,0.0,18.9,0,0,0,,2026-08-31T02:21:38.422656+00:00
2026-05-07,14,65.87,45,46.11,92.21,2026-05-07T09:00:00+08:00,2026-05-07T21:00:00+08:00,OPERATING,19.98,0.0,19.8,0,0,0,,2026-08-31T02:21:38.422656+00:00
2026-05-07,15,69.09,45,48.36,96.73,2026-05-07T09:00:00+08:00,2026-05-07T21:00:00+08:00,OPERATING,19.9,0.0,19.3,0,0,0,,2026-08-31T02:21:38.422656+00:00
2026-05-07,16,68.69,46,48.08,96.17,2026-05-07T09:00:00+08:00,2026-05-07T21:00:00+08:00,OPERATING,20.89,0.0,18.59,0,0,0,,2026-08-31T02:21:38.422656+00:00
2026-05-07,17,59.92,45,41.94,83.88,2026-05-07T09:00:00+08:00,2026-05-07T21:00:00+08:00,OPERATING,19.87,0.0,17.97,0,0,0,,2026-08-31T02:21:38.422656+00:00
2026-05-07,18,56.15,45,39.31,78.61,2026-05-07T09:00:00+08:00,2026-05-07T21:00:00+08:00,OPERATING,20.97,0.0,18.42,0,0,0,,2026-08-31T02:21:38.422656+00:00
2026-05-07,19,47.07,43,32.95,65.9,2026-05-07T09:00:00+08:00,2026-05-07T21:00:00+08:00,OPERATING,19.73,0.0,18.96,0,0,0,,2026-08-31T02:21:38.422656+00:00
2026-05-07,20,36.67,44,25.67,51.34,2026-05-07T09:00:00+08:00,2026-05-07T21:00:00+08:00,OPERATING,19.42,0.0,19.39,0,0,0,,2026-08-31T02:21:38.422656+00:00
2026-05-07,21,30.92,44,21.64,43.28,2026-05-07T09:00:00+08:00,2026-05-07T21:00:00+08:00,OPERATING,20.26,0.0,19.26,0,0,0,,2026-08-31T02:21:38.422656+00:00
2026-05-08,9,25.36,47,17.75,35.51,2026-05-08T09:00:00+08:00,2026-05-08T21:00:00+08:00,OPERATING,16.11,0.0,18.85,0,0,0,,2026-08-31T02:21:38.422656+00:00
2026-05-08,10,35.05,46,24.53,49.07,2026-05-08T09:00:00+08:00,2026-05-08T21:00:00+08:00,OPERATING,16.2,0.0,20.36,0,0,0,,2026-08-31T02:21:38.422656+00:00
2026-05-08,11,43.96,46,30.77,61.54,2026-05-08T09:00:00+08:00,2026-05-08T21:00:00+08:00,OPERATING,16.28,0.0,20.63,0,0,0,,2026-08-31T02:21:38.422656+00:00
2026-05-08,12,51.15,43,35.8,71.61,2026-05-08T09:00:00+08:00,2026-05-08T21:00:00+08:00,OPERATING,15.77,0.0,18.3,0,0,0,,2026-08-31T02:21:38.422656+00:00
2026-05-08,13,53.09,45,37.16,74.32,2026-05-08T09:00:00+08:00,2026-05-08T21:00:00+08:00,OPERATING,16.1,0.0,17.84,0,0,0,,2026-08-31T02:21:38.422656+00:00
2026-05-08,14,55.56,47,38.9,77.79,2026-05-08T09:00:00+08:00,2026-05-08T21:00:00+08:00,OPERATING,16.8,0.0,19.79,0,0,0,,2026-08-31T02:21:38.422656+00:00
2026-05-08,15,56.57,43,39.6,79.2,2026-05-08T09:00:00+08:00,2026-05-08T21:00:00+08:00,OPERATING,16.42,0.0,17.02,0,0,0,,2026-08-31T02:21:38.422656+00:00
2026-05-08,16,52.54,44,36.78,73.56,2026-05-08T09:00:00+08:00,2026-05-08T21:00:00+08:00,OPERATING,15.37,0.0,18.78,0,0,0,,2026-08-31T02:21:38.422656+00:00
2026-05-08,17,48.52,44,33.96,67.92,2026-05-08T09:00:00+08:00,2026-05-08T21:00:00+08:00,OPERATING,15.58,0.0,19.79,0,0,0,,2026-08-31T02:21:38.422656+00:00
2026-05-08,18,44.52,45,31.17,62.33,2026-05-08T09:00:00+08:00,2026-05-08T21:00:00+08:00,OPERATING,17.13,0.0,19.95,0,0,0,,2026-08-31T02:21:38.422656+00:00
2026-05-08,19,38.22,43,26.75,53.51,2026-05-08T09:00:00+08:00,2026-05-08T21:00:00+08:00,OPERATING,17.06,0.0,18.88,0,0,0,,2026-08-31T02:21:38.422656+00:00
2026-05-08,20,33.24,43,23.26,46.53,2026-05-08T09:00:00+08:00,2026-05-08T21:00:00+08:00,OPERATING,15.53,0.0,19.25,0,0,0,,2026-08-31T02:21:38.422656+00:00
2026-05-08,21,25.47,46,17.83,35.66,2026-05-08T09:00:00+08:00,2026-05-08T21:00:00+08:00,OPERATING,16.04,0.0,20.04,0,0,0,,2026-08-31T02:21:38.422656+00:00
2026-05-09,9,28.4,45,19.88,39.76,2026-05-09T09:00:00+08:00,2026-05-09T21:00:00+08:00,OPERATING,16.96,0.0,14.51,0,1,0,,2026-08-31T02:21:38.422656+00:00
2026-05-09,10,43.03,43,30.12,60.24,2026-05-09T09:00:00+08:00,2026-05-09T21:00:00+08:00,OPERATING,17.61,0.0,14.17,0,1,0,,2026-08-31T02:21:38.422656+00:00
2026-05-09,11,58.69,45,41.08,82.16,2026-05-09T09:00:00+08:00,2026-05-09T21:00:00+08:00,OPERATING,16.64,0.0,15.45,0,1,0,,2026-08-31T02:21:38.422656+00:00
2026-05-09,12,60.61,47,42.43,84.85,2026-05-09T09:00:00+08:00,2026-05-09T21:00:00+08:00,OPERATING,18.51,0.0,13.05,0,1,0,,2026-08-31T02:21:38.422656+00:00
2026-05-09,13,66.74,44,46.72,93.44,2026-05-09T09:00:00+08:00,2026-05-09T21:00:00+08:00,OPERATING,17.96,0.0,14.56,0,1,0,,2026-08-31T02:21:38.422656+00:00
2026-05-09,14,68.48,47,47.94,95.87,2026-05-09T09:00:00+08:00,2026-05-09T21:00:00+08:00,OPERATING,18.31,0.0,12.76,0,1,0,,2026-08-31T02:21:38.422656+00:00
2026-05-09,15,73.43,45,51.4,102.8,2026-05-09T09:00:00+08:00,2026-05-09T21:00:00+08:00,OPERATING,18.11,0.0,13.04,0,1,0,,2026-08-31T02:21:38.422656+00:00
2026-05-09,16,70.01,45,49.01,98.02,2026-05-09T09:00:00+08:00,2026-05-09T21:00:00+08:00,OPERATING,18.15,0.0,14.34,0,1,0,,2026-08-31T02:21:38.422656+00:00
2026-05-09,17,61.79,44,43.25,86.51,2026-05-09T09:00:00+08:00,2026-05-09T21:00:00+08:00,OPERATING,15.21,0.0,14.61,0,1,0,,2026-08-31T02:21:38.422656+00:00
2026-05-09,18,55.31,47,38.72,77.44,2026-05-09T09:00:00+08:00,2026-05-09T21:00:00+08:00,OPERATING,17.3,0.0,14.12,0,1,0,,2026-08-31T02:21:38.422656+00:00
2026-05-09,19,48.38,44,33.87,67.73,2026-05-09T09:00:00+08:00,2026-05-09T21:00:00+08:00,OPERATING,16.74,0.0,16.77,0,1,0,,2026-08-31T02:21:38.422656+00:00
2026-05-09,20,39.6,47,27.72,55.44,2026-05-09T09:00:00+08:00,2026-05-09T21:00:00+08:00,OPERATING,17.88,0.0,14.98,0,1,0,,2026-08-31T02:21:38.422656+00:00
2026-05-09,21,27.82,44,19.48,38.95,2026-05-09T09:00:00+08:00,2026-05-09T21:00:00+08:00,OPERATING,18.61,0.0,15.63,0,1,0,,2026-08-31T02:21:38.422656+00:00
2026-05-10,9,41.12,45,28.78,57.56,2026-05-10T09:00:00+08:00,2026-05-10T21:00:00+08:00,OPERATING,19.79,0.0,16.55,1,1,0,,2026-08-31T02:21:38.422656+00:00
2026-05-10,10,57.26,44,40.08,80.16,2026-05-10T09:00:00+08:00,2026-05-10T21:00:00+08:00,OPERATING,17.48,0.0,17.45,1,1,0,,2026-08-31T02:21:38.422656+00:00
2026-05-10,11,70.69,45,49.48,98.97,2026-05-10T09:00:00+08:00,2026-05-10T21:00:00+08:00,OPERATING,20.48,0.0,16.6,1,1,0,,2026-08-31T02:21:38.422656+00:00
2026-05-10,12,78.73,45,55.11,110.22,2026-05-10T09:00:00+08:00,2026-05-10T21:00:00+08:00,OPERATING,19.83,0.0,16.37,1,1,0,,2026-08-31T02:21:38.422656+00:00
2026-05-10,13,81.0,46,56.7,113.4,2026-05-10T09:00:00+08:00,2026-05-10T21:00:00+08:00,OPERATING,19.78,0.0,16.23,1,1,0,,2026-08-31T02:21:38.422656+00:00
2026-05-10,14,87.7,46,61.39,122.78,2026-05-10T09:00:00+08:00,2026-05-10T21:00:00+08:00,OPERATING,20.06,0.0,15.39,1,1,0,,2026-08-31T02:21:38.422656+00:00
2026-05-10,15,91.59,46,64.11,128.22,2026-05-10T09:00:00+08:00,2026-05-10T21:00:00+08:00,OPERATING,19.19,0.0,15.5,1,1,0,,2026-08-31T02:21:38.422656+00:00
2026-05-10,16,86.02,45,60.21,120.43,2026-05-10T09:00:00+08:00,2026-05-10T21:00:00+08:00,OPERATING,17.76,0.0,14.55,1,1,0,,2026-08-31T02:21:38.422656+00:00
2026-05-10,17,78.02,44,54.61,109.22,2026-05-10T09:00:00+08:00,2026-05-10T21:00:00+08:00,OPERATING,17.98,0.0,16.83,1,1,0,,2026-08-31T02:21:38.422656+00:00
2026-05-10,18,73.06,45,51.14,102.28,2026-05-10T09:00:00+08:00,2026-05-10T21:00:00+08:00,OPERATING,18.53,0.0,15.86,1,1,0,,2026-08-31T02:21:38.422656+00:00
2026-05-10,19,61.26,46,42.88,85.77,2026-05-10T09:00:00+08:00,2026-05-10T21:00:00+08:00,OPERATING,17.6,0.0,16.17,1,1,0,,2026-08-31T02:21:38.422656+00:00
2026-05-10,20,52.65,46,36.86,73.71,2026-05-10T09:00:00+08:00,2026-05-10T21:00:00+08:00,OPERATING,20.34,0.0,15.53,1,1,0,,2026-08-31T02:21:38.422656+00:00
2026-05-10,21,35.24,47,24.67,49.34,2026-05-10T09:00:00+08:00,2026-05-10T21:00:00+08:00,OPERATING,18.32,0.0,14.63,1,1,0,,2026-08-31T02:21:38.422656+00:00
2026-05-11,9,28.58,44,20.01,40.01,2026-05-11T09:00:00+08:00,2026-05-11T21:00:00+08:00,OPERATING,22.13,0.0,12.32,0,0,0,,2026-08-31T02:21:38.422656+00:00
2026-05-11,10,38.49,46,26.94,53.89,2026-05-11T09:00:00+08:00,2026-05-11T21:00:00+08:00,OPERATING,21.4,0.0,11.88,0,0,0,,2026-08-31T02:21:38.422656+00:00
2026-05-11,11,48.61,47,34.03,68.06,2026-05-11T09:00:00+08:00,2026-05-11T21:00:00+08:00,OPERATING,23.16,0.0,15.46,0,0,0,,2026-08-31T02:21:38.422656+00:00
2026-05-11,12,60.51,47,42.35,84.71,2026-05-11T09:00:00+08:00,2026-05-11T21:00:00+08:00,OPERATING,24.13,0.0,12.16,0,0,0,,2026-08-31T02:21:38.422656+00:00
2026-05-11,13,56.5,46,39.55,79.1,2026-05-11T09:00:00+08:00,2026-05-11T21:00:00+08:00,OPERATING,22.53,0.0,12.57,0,0,0,,2026-08-31T02:21:38.422656+00:00
2026-05-11,14,59.85,47,41.89,83.78,2026-05-11T09:00:00+08:00,2026-05-11T21:00:00+08:00,OPERATING,21.26,0.0,13.28,0,0,0,,2026-08-31T02:21:38.422656+00:00
2026-05-11,15,63.95,44,44.77,89.54,2026-05-11T09:00:00+08:00,2026-05-11T21:00:00+08:00,OPERATING,22.96,0.0,13.89,0,0,0,,2026-08-31T02:21:38.422656+00:00
2026-05-11,16,62.86,43,44.0,88.01,2026-05-11T09:00:00+08:00,2026-05-11T21:00:00+08:00,OPERATING,21.62,0.0,15.25,0,0,0,,2026-08-31T02:21:38.422656+00:00
2026-05-11,17,53.67,46,37.57,75.14,2026-05-11T09:00:00+08:00,2026-05-11T21:00:00+08:00,OPERATING,21.8,0.0,13.04,0,0,0,,2026-08-31T02:21:38.422656+00:00
2026-05-11,18,51.47,47,36.03,72.06,2026-05-11T09:00:00+08:00,2026-05-11T21:00:00+08:00,OPERATING,22.81,0.0,13.61,0,0,0,,2026-08-31T02:21:38.422656+00:00
2026-05-11,19,45.08,43,31.56,63.11,2026-05-11T09:00:00+08:00,2026-05-11T21:00:00+08:00,OPERATING,22.5,0.0,13.31,0,0,0,,2026-08-31T02:21:38.422656+00:00
2026-05-11,20,34.12,47,23.88,47.77,2026-05-11T09:00:00+08:00,2026-05-11T21:00:00+08:00,OPERATING,20.93,0.0,14.41,0,0,0,,2026-08-31T02:21:38.422656+00:00
2026-05-11,21,26.99,47,18.89,37.79,2026-05-11T09:00:00+08:00,2026-05-11T21:00:00+08:00,OPERATING,22.62,0.0,11.88,0,0,0,,2026-08-31T02:21:38.422656+00:00
2026-05-12,9,26.44,43,18.51,37.01,2026-05-12T09:00:00+08:00,2026-05-12T21:00:00+08:00,OPERATING,22.02,1.6,12.39,0,0,0,,2026-08-31T02:21:38.422656+00:00
2026-05-12,10,40.74,46,28.52,57.04,2026-05-12T09:00:00+08:00,2026-05-12T21:00:00+08:00,OPERATING,23.02,1.6,10.07,0,0,0,,2026-08-31T02:21:38.422656+00:00
2026-05-12,11,46.42,46,32.5,64.99,2026-05-12T09:00:00+08:00,2026-05-12T21:00:00+08:00,OPERATING,23.13,1.6,10.66,0,0,0,,2026-08-31T02:21:38.422656+00:00
2026-05-12,12,54.65,43,38.26,76.52,2026-05-12T09:00:00+08:00,2026-05-12T21:00:00+08:00,OPERATING,22.91,1.6,11.27,0,0,0,,2026-08-31T02:21:38.422656+00:00
2026-05-12,13,56.14,44,39.3,78.6,2026-05-12T09:00:00+08:00,2026-05-12T21:00:00+08:00,OPERATING,23.51,1.6,11.62,0,0,0,,2026-08-31T02:21:38.422656+00:00
2026-05-12,14,58.86,43,41.2,82.4,2026-05-12T09:00:00+08:00,2026-05-12T21:00:00+08:00,OPERATING,22.54,1.6,11.29,0,0,0,,2026-08-31T02:21:38.422656+00:00
2026-05-12,15,59.55,43,41.68,83.37,2026-05-12T09:00:00+08:00,2026-05-12T21:00:00+08:00,OPERATING,22.26,1.6,8.54,0,0,0,,2026-08-31T02:21:38.422656+00:00
2026-05-12,16,59.75,46,41.82,83.64,2026-05-12T09:00:00+08:00,2026-05-12T21:00:00+08:00,OPERATING,23.06,1.6,10.88,0,0,0,,2026-08-31T02:21:38.422656+00:00
2026-05-12,17,53.69,45,37.59,75.17,2026-05-12T09:00:00+08:00,2026-05-12T21:00:00+08:00,OPERATING,23.37,1.6,11.26,0,0,0,,2026-08-31T02:21:38.422656+00:00
2026-05-12,18,45.17,47,31.62,63.23,2026-05-12T09:00:00+08:00,2026-05-12T21:00:00+08:00,OPERATING,23.83,1.6,12.32,0,0,0,,2026-08-31T02:21:38.422656+00:00
2026-05-12,19,43.93,45,30.75,61.5,2026-05-12T09:00:00+08:00,2026-05-12T21:00:00+08:00,OPERATING,23.02,1.6,12.85,0,0,0,,2026-08-31T02:21:38.422656+00:00
2026-05-12,20,38.41,45,26.89,53.77,2026-05-12T09:00:00+08:00,2026-05-12T21:00:00+08:00,OPERATING,23.38,1.6,11.34,0,0,0,,2026-08-31T02:21:38.422656+00:00
2026-05-12,21,26.37,44,18.46,36.92,2026-05-12T09:00:00+08:00,2026-05-12T21:00:00+08:00,OPERATING,21.64,1.6,10.94,0,0,0,,2026-08-31T02:21:38.422656+00:00
2026-05-13,9,25.15,46,17.6,35.21,2026-05-13T09:00:00+08:00,2026-05-13T21:00:00+08:00,OPERATING,23.04,0.0,11.87,0,0,0,,2026-08-31T02:21:38.422656+00:00
2026-05-13,10,33.16,47,23.21,46.42,2026-05-13T09:00:00+08:00,2026-05-13T21:00:00+08:00,OPERATING,23.34,0.0,11.86,0,0,0,,2026-08-31T02:21:38.422656+00:00
2026-05-13,11,41.39,43,28.97,57.95,2026-05-13T09:00:00+08:00,2026-05-13T21:00:00+08:00,OPERATING,23.66,0.0,13.63,0,0,0,,2026-08-31T02:21:38.422656+00:00
2026-05-13,12,49.82,45,34.87,69.74,2026-05-13T09:00:00+08:00,2026-05-13T21:00:00+08:00,OPERATING,23.62,0.0,11.82,0,0,0,,2026-08-31T02:21:38.422656+00:00
2026-05-13,13,50.12,46,35.09,70.17,2026-05-13T09:00:00+08:00,2026-05-13T21:00:00+08:00,OPERATING,21.7,0.0,11.88,0,0,0,,2026-08-31T02:21:38.422656+00:00
2026-05-13,14,50.68,44,35.48,70.95,2026-05-13T09:00:00+08:00,2026-05-13T21:00:00+08:00,OPERATING,23.31,0.0,12.95,0,0,0,,2026-08-31T02:21:38.422656+00:00
2026-05-13,15,54.13,46,37.89,75.78,2026-05-13T09:00:00+08:00,2026-05-13T21:00:00+08:00,OPERATING,23.03,0.0,10.96,0,0,0,,2026-08-31T02:21:38.422656+00:00
2026-05-13,16,47.42,47,33.19,66.39,2026-05-13T09:00:00+08:00,2026-05-13T21:00:00+08:00,OPERATING,21.73,0.0,11.66,0,0,0,,2026-08-31T02:21:38.422656+00:00
2026-05-13,17,44.02,43,30.81,61.62,2026-05-13T09:00:00+08:00,2026-05-13T21:00:00+08:00,OPERATING,21.14,0.0,12.29,0,0,0,,2026-08-31T02:21:38.422656+00:00
2026-05-13,18,42.86,44,30.0,60.0,2026-05-13T09:00:00+08:00,2026-05-13T21:00:00+08:00,OPERATING,21.77,0.0,12.19,0,0,0,,2026-08-31T02:21:38.422656+00:00
2026-05-13,19,39.52,46,27.66,55.32,2026-05-13T09:00:00+08:00,2026-05-13T21:00:00+08:00,OPERATING,21.98,0.0,12.13,0,0,0,,2026-08-31T02:21:38.422656+00:00
2026-05-13,20,31.26,47,21.88,43.77,2026-05-13T09:00:00+08:00,2026-05-13T21:00:00+08:00,OPERATING,22.11,0.0,11.17,0,0,0,,2026-08-31T02:21:38.422656+00:00
2026-05-13,21,19.86,45,13.9,27.8,2026-05-13T09:00:00+08:00,2026-05-13T21:00:00+08:00,OPERATING,23.06,0.0,13.55,0,0,0,,2026-08-31T02:21:38.422656+00:00
2026-05-14,9,27.37,46,19.16,38.32,2026-05-14T09:00:00+08:00,2026-05-14T21:00:00+08:00,OPERATING,22.1,0.3,15.39,0,0,0,,2026-08-31T02:21:38.422656+00:00
2026-05-14,10,45.36,43,31.75,63.5,2026-05-14T09:00:00+08:00,2026-05-14T21:00:00+08:00,OPERATING,20.39,0.3,16.3,0,0,0,,2026-08-31T02:21:38.422656+00:00
2026-05-14,11,55.86,44,39.1,78.2,2026-05-14T09:00:00+08:00,2026-05-14T21:00:00+08:00,OPERATING,20.86,0.3,15.75,0,0,0,,2026-08-31T02:21:38.422656+00:00
2026-05-14,12,56.65,43,39.66,79.31,2026-05-14T09:00:00+08:00,2026-05-14T21:00:00+08:00,OPERATING,22.22,0.3,15.48,0,0,0,,2026-08-31T02:21:38.422656+00:00
2026-05-14,13,60.87,44,42.61,85.22,2026-05-14T09:00:00+08:00,2026-05-14T21:00:00+08:00,OPERATING,21.85,0.3,16.72,0,0,0,,2026-08-31T02:21:38.422656+00:00
2026-05-14,14,64.61,46,45.23,90.46,2026-05-14T09:00:00+08:00,2026-05-14T21:00:00+08:00,OPERATING,22.8,0.3,16.2,0,0,0,,2026-08-31T02:21:38.422656+00:00
2026-05-14,15,67.05,45,46.93,93.87,2026-05-14T09:00:00+08:00,2026-05-14T21:00:00+08:00,OPERATING,21.61,0.3,15.69,0,0,0,,2026-08-31T02:21:38.422656+00:00
2026-05-14,16,67.22,46,47.06,94.11,2026-05-14T09:00:00+08:00,2026-05-14T21:00:00+08:00,OPERATING,20.87,0.3,16.04,0,0,0,,2026-08-31T02:21:38.422656+00:00
2026-05-14,17,59.84,47,41.89,83.78,2026-05-14T09:00:00+08:00,2026-05-14T21:00:00+08:00,OPERATING,20.02,0.3,14.52,0,0,0,,2026-08-31T02:21:38.422656+00:00
2026-05-14,18,53.05,45,37.14,74.27,2026-05-14T09:00:00+08:00,2026-05-14T21:00:00+08:00,OPERATING,22.08,0.3,13.72,0,0,0,,2026-08-31T02:21:38.422656+00:00
2026-05-14,19,49.21,43,34.45,68.9,2026-05-14T09:00:00+08:00,2026-05-14T21:00:00+08:00,OPERATING,22.25,0.3,15.48,0,0,0,,2026-08-31T02:21:38.422656+00:00
2026-05-14,20,41.26,46,28.88,57.77,2026-05-14T09:00:00+08:00,2026-05-14T21:00:00+08:00,OPERATING,20.85,0.3,16.41,0,0,0,,2026-08-31T02:21:38.422656+00:00
2026-05-14,21,26.89,47,18.82,37.64,2026-05-14T09:00:00+08:00,2026-05-14T21:00:00+08:00,OPERATING,22.14,0.3,15.63,0,0,0,,2026-08-31T02:21:38.422656+00:00
2026-05-15,9,26.64,46,18.65,37.3,2026-05-15T09:00:00+08:00,2026-05-15T21:00:00+08:00,OPERATING,22.71,0.0,18.09,0,0,0,,2026-08-31T02:21:38.422656+00:00
2026-05-15,10,40.68,45,28.48,56.96,2026-05-15T09:00:00+08:00,2026-05-15T21:00:00+08:00,OPERATING,22.1,0.0,16.14,0,0,0,,2026-08-31T02:21:38.422656+00:00
2026-05-15,11,47.1,47,32.97,65.94,2026-05-15T09:00:00+08:00,2026-05-15T21:00:00+08:00,OPERATING,21.57,0.0,15.7,0,0,0,,2026-08-31T02:21:38.422656+00:00
2026-05-15,12,54.28,44,38.0,75.99,2026-05-15T09:00:00+08:00,2026-05-15T21:00:00+08:00,OPERATING,20.75,0.0,16.45,0,0,0,,2026-08-31T02:21:38.422656+00:00
2026-05-15,13,61.98,45,43.38,86.77,2026-05-15T09:00:00+08:00,2026-05-15T21:00:00+08:00,OPERATING,21.48,0.0,17.28,0,0,0,,2026-08-31T02:21:38.422656+00:00
2026-05-15,14,59.45,45,41.61,83.23,2026-05-15T09:00:00+08:00,2026-05-15T21:00:00+08:00,OPERATING,21.74,0.0,18.61,0,0,0,,2026-08-31T02:21:38.422656+00:00
2026-05-15,15,63.24,47,44.27,88.54,2026-05-15T09:00:00+08:00,2026-05-15T21:00:00+08:00,OPERATING,21.35,0.0,17.76,0,0,0,,2026-08-31T02:21:38.422656+00:00
2026-05-15,16,62.07,43,43.45,86.9,2026-05-15T09:00:00+08:00,2026-05-15T21:00:00+08:00,OPERATING,21.51,0.0,18.48,0,0,0,,2026-08-31T02:21:38.422656+00:00
2026-05-15,17,55.64,43,38.95,77.9,2026-05-15T09:00:00+08:00,2026-05-15T21:00:00+08:00,OPERATING,21.36,0.0,17.25,0,0,0,,2026-08-31T02:21:38.422656+00:00
2026-05-15,18,47.28,45,33.1,66.19,2026-05-15T09:00:00+08:00,2026-05-15T21:00:00+08:00,OPERATING,21.58,0.0,18.14,0,0,0,,2026-08-31T02:21:38.422656+00:00
2026-05-15,19,47.13,47,32.99,65.98,2026-05-15T09:00:00+08:00,2026-05-15T21:00:00+08:00,OPERATING,21.07,0.0,17.63,0,0,0,,2026-08-31T02:21:38.422656+00:00
2026-05-15,20,36.02,44,25.21,50.42,2026-05-15T09:00:00+08:00,2026-05-15T21:00:00+08:00,OPERATING,22.03,0.0,17.22,0,0,0,,2026-08-31T02:21:38.422656+00:00
2026-05-15,21,28.78,44,20.14,40.29,2026-05-15T09:00:00+08:00,2026-05-15T21:00:00+08:00,OPERATING,22.42,0.0,17.38,0,0,0,,2026-08-31T02:21:38.422656+00:00
2026-05-16,9,49.23,47,34.46,68.93,2026-05-16T09:00:00+08:00,2026-05-16T21:00:00+08:00,OPERATING,22.91,0.0,20.07,1,1,0,,2026-08-31T02:21:38.422656+00:00
2026-05-16,10,66.88,44,46.81,93.63,2026-05-16T09:00:00+08:00,2026-05-16T21:00:00+08:00,OPERATING,22.61,0.0,20.58,1,1,0,,2026-08-31T02:21:38.422656+00:00
2026-05-16,11,83.5,45,58.45,116.91,2026-05-16T09:00:00+08:00,2026-05-16T21:00:00+08:00,OPERATING,22.37,0.0,22.04,1,1,0,,2026-08-31T02:21:38.422656+00:00
2026-05-16,12,92.67,45,64.87,129.74,2026-05-16T09:00:00+08:00,2026-05-16T21:00:00+08:00,OPERATING,23.7,0.0,19.62,1,1,0,,2026-08-31T02:21:38.422656+00:00
2026-05-16,13,94.71,47,66.3,132.6,2026-05-16T09:00:00+08:00,2026-05-16T21:00:00+08:00,OPERATING,22.75,0.0,20.65,1,1,0,,2026-08-31T02:21:38.422656+00:00
2026-05-16,14,100.0,44,70.0,140.0,2026-05-16T09:00:00+08:00,2026-05-16T21:00:00+08:00,OPERATING,21.59,0.0,18.87,1,1,0,,2026-08-31T02:21:38.422656+00:00
2026-05-16,15,100.0,44,70.0,140.0,2026-05-16T09:00:00+08:00,2026-05-16T21:00:00+08:00,OPERATING,22.36,0.0,20.71,1,1,0,,2026-08-31T02:21:38.422656+00:00
2026-05-16,16,95.17,43,66.62,133.23,2026-05-16T09:00:00+08:00,2026-05-16T21:00:00+08:00,OPERATING,24.02,0.0,19.72,1,1,0,,2026-08-31T02:21:38.422656+00:00
2026-05-16,17,87.75,46,61.43,122.85,2026-05-16T09:00:00+08:00,2026-05-16T21:00:00+08:00,OPERATING,21.72,0.0,19.76,1,1,0,,2026-08-31T02:21:38.422656+00:00
2026-05-16,18,82.31,46,57.62,115.23,2026-05-16T09:00:00+08:00,2026-05-16T21:00:00+08:00,OPERATING,22.86,0.0,19.63,1,1,0,,2026-08-31T02:21:38.422656+00:00
2026-05-16,19,74.26,46,51.98,103.97,2026-05-16T09:00:00+08:00,2026-05-16T21:00:00+08:00,OPERATING,21.46,0.0,19.84,1,1,0,,2026-08-31T02:21:38.422656+00:00
2026-05-16,20,63.66,47,44.56,89.13,2026-05-16T09:00:00+08:00,2026-05-16T21:00:00+08:00,OPERATING,20.7,0.0,21.23,1,1,0,,2026-08-31T02:21:38.422656+00:00
2026-05-16,21,41.98,43,29.38,58.77,2026-05-16T09:00:00+08:00,2026-05-16T21:00:00+08:00,OPERATING,23.05,0.0,21.44,1,1,0,,2026-08-31T02:21:38.422656+00:00
2026-05-17,9,40.35,43,28.25,56.5,2026-05-17T09:00:00+08:00,2026-05-17T21:00:00+08:00,OPERATING,23.46,0.0,20.99,1,1,0,,2026-08-31T02:21:38.422656+00:00
2026-05-17,10,57.78,43,40.45,80.89,2026-05-17T09:00:00+08:00,2026-05-17T21:00:00+08:00,OPERATING,23.25,0.0,22.07,1,1,0,,2026-08-31T02:21:38.422656+00:00
2026-05-17,11,72.75,47,50.92,101.85,2026-05-17T09:00:00+08:00,2026-05-17T21:00:00+08:00,OPERATING,22.56,0.0,23.09,1,1,0,,2026-08-31T02:21:38.422656+00:00
2026-05-17,12,78.95,44,55.27,110.53,2026-05-17T09:00:00+08:00,2026-05-17T21:00:00+08:00,OPERATING,23.3,0.0,20.67,1,1,0,,2026-08-31T02:21:38.422656+00:00
2026-05-17,13,84.12,47,58.88,117.76,2026-05-17T09:00:00+08:00,2026-05-17T21:00:00+08:00,OPERATING,23.55,0.0,21.27,1,1,0,,2026-08-31T02:21:38.422656+00:00
2026-05-17,14,83.46,46,58.42,116.85,2026-05-17T09:00:00+08:00,2026-05-17T21:00:00+08:00,OPERATING,23.88,0.0,21.55,1,1,0,,2026-08-31T02:21:38.422656+00:00
2026-05-17,15,92.82,44,64.97,129.94,2026-05-17T09:00:00+08:00,2026-05-17T21:00:00+08:00,OPERATING,25.15,0.0,21.09,1,1,0,,2026-08-31T02:21:38.422656+00:00
2026-05-17,16,84.79,43,59.35,118.7,2026-05-17T09:00:00+08:00,2026-05-17T21:00:00+08:00,OPERATING,22.98,0.0,21.4,1,1,0,,2026-08-31T02:21:38.422656+00:00
2026-05-17,17,78.55,45,54.99,109.97,2026-05-17T09:00:00+08:00,2026-05-17T21:00:00+08:00,OPERATING,24.5,0.0,22.02,1,1,0,,2026-08-31T02:21:38.422656+00:00
2026-05-17,18,73.33,44,51.33,102.66,2026-05-17T09:00:00+08:00,2026-05-17T21:00:00+08:00,OPERATING,24.14,0.0,20.61,1,1,0,,2026-08-31T02:21:38.422656+00:00
2026-05-17,19,65.16,44,45.61,91.22,2026-05-17T09:00:00+08:00,2026-05-17T21:00:00+08:00,OPERATING,23.03,0.0,21.2,1,1,0,,2026-08-31T02:21:38.422656+00:00
2026-05-17,20,51.94,45,36.36,72.72,2026-05-17T09:00:00+08:00,2026-05-17T21:00:00+08:00,OPERATING,23.88,0.0,20.92,1,1,0,,2026-08-31T02:21:38.422656+00:00
2026-05-17,21,38.72,47,27.1,54.21,2026-05-17T09:00:00+08:00,2026-05-17T21:00:00+08:00,OPERATING,23.45,0.0,21.63,1,1,0,,2026-08-31T02:21:38.422656+00:00
2026-05-18,9,31.21,47,21.85,43.7,2026-05-18T09:00:00+08:00,2026-05-18T21:00:00+08:00,OPERATING,24.19,0.0,25.09,0,0,0,,2026-08-31T02:21:38.422656+00:00
2026-05-18,10,41.68,46,29.17,58.35,2026-05-18T09:00:00+08:00,2026-05-18T21:00:00+08:00,OPERATING,24.28,0.0,23.22,0,0,0,,2026-08-31T02:21:38.422656+00:00
2026-05-18,11,53.97,46,37.78,75.56,2026-05-18T09:00:00+08:00,2026-05-18T21:00:00+08:00,OPERATING,23.12,0.0,23.34,0,0,0,,2026-08-31T02:21:38.422656+00:00
2026-05-18,12,57.76,44,40.43,80.87,2026-05-18T09:00:00+08:00,2026-05-18T21:00:00+08:00,OPERATING,23.65,0.0,21.8,0,0,0,,2026-08-31T02:21:38.422656+00:00
2026-05-18,13,65.34,44,45.74,91.48,2026-05-18T09:00:00+08:00,2026-05-18T21:00:00+08:00,OPERATING,22.22,0.0,23.94,0,0,0,,2026-08-31T02:21:38.422656+00:00
2026-05-18,14,66.9,45,46.83,93.65,2026-05-18T09:00:00+08:00,2026-05-18T21:00:00+08:00,OPERATING,23.95,0.0,22.82,0,0,0,,2026-08-31T02:21:38.422656+00:00
2026-05-18,15,70.66,46,49.46,98.92,2026-05-18T09:00:00+08:00,2026-05-18T21:00:00+08:00,OPERATING,24.72,0.0,23.43,0,0,0,,2026-08-31T02:21:38.422656+00:00
2026-05-18,16,64.99,45,45.49,90.98,2026-05-18T09:00:00+08:00,2026-05-18T21:00:00+08:00,OPERATING,22.4,0.0,23.45,0,0,0,,2026-08-31T02:21:38.422656+00:00
2026-05-18,17,62.24,45,43.57,87.14,2026-05-18T09:00:00+08:00,2026-05-18T21:00:00+08:00,OPERATING,25.07,0.0,22.5,0,0,0,,2026-08-31T02:21:38.422656+00:00
2026-05-18,18,55.23,43,38.66,77.32,2026-05-18T09:00:00+08:00,2026-05-18T21:00:00+08:00,OPERATING,22.71,0.0,20.73,0,0,0,,2026-08-31T02:21:38.422656+00:00
2026-05-18,19,47.78,46,33.44,66.89,2026-05-18T09:00:00+08:00,2026-05-18T21:00:00+08:00,OPERATING,24.41,0.0,24.29,0,0,0,,2026-08-31T02:21:38.422656+00:00
2026-05-18,20,38.41,43,26.89,53.77,2026-05-18T09:00:00+08:00,2026-05-18T21:00:00+08:00,OPERATING,23.34,0.0,22.33,0,0,0,,2026-08-31T02:21:38.422656+00:00
2026-05-18,21,31.01,47,21.71,43.41,2026-05-18T09:00:00+08:00,2026-05-18T21:00:00+08:00,OPERATING,22.32,0.0,23.29,0,0,0,,2026-08-31T02:21:38.422656+00:00
2026-05-19,9,27.14,45,19.0,38.0,2026-05-19T09:00:00+08:00,2026-05-19T21:00:00+08:00,OPERATING,25.13,0.9,20.35,0,0,0,,2026-08-31T02:21:38.422656+00:00
2026-05-19,10,33.89,44,23.72,47.45,2026-05-19T09:00:00+08:00,2026-05-19T21:00:00+08:00,OPERATING,24.11,0.9,20.01,0,0,0,,2026-08-31T02:21:38.422656+00:00
2026-05-19,11,42.86,46,30.0,60.01,2026-05-19T09:00:00+08:00,2026-05-19T21:00:00+08:00,OPERATING,23.93,0.9,18.92,0,0,0,,2026-08-31T02:21:38.422656+00:00
2026-05-19,12,47.04,44,32.93,65.86,2026-05-19T09:00:00+08:00,2026-05-19T21:00:00+08:00,OPERATING,23.93,0.9,19.33,0,0,0,,2026-08-31T02:21:38.422656+00:00
2026-05-19,13,44.2,44,30.94,61.88,2026-05-19T09:00:00+08:00,2026-05-19T21:00:00+08:00,OPERATING,23.49,0.9,20.89,0,0,0,,2026-08-31T02:21:38.422656+00:00
2026-05-19,14,51.1,47,35.77,71.54,2026-05-19T09:00:00+08:00,2026-05-19T21:00:00+08:00,OPERATING,25.57,0.9,20.05,0,0,0,,2026-08-31T02:21:38.422656+00:00
2026-05-19,15,54.23,46,37.96,75.92,2026-05-19T09:00:00+08:00,2026-05-19T21:00:00+08:00,OPERATING,24.09,0.9,20.79,0,0,0,,2026-08-31T02:21:38.422656+00:00
2026-05-19,16,52.8,44,36.96,73.92,2026-05-19T09:00:00+08:00,2026-05-19T21:00:00+08:00,OPERATING,25.15,0.9,19.24,0,0,0,,2026-08-31T02:21:38.422656+00:00
2026-05-19,17,44.28,47,30.99,61.99,2026-05-19T09:00:00+08:00,2026-05-19T21:00:00+08:00,OPERATING,24.43,0.9,19.53,0,0,0,,2026-08-31T02:21:38.422656+00:00
2026-05-19,18,45.83,47,32.08,64.16,2026-05-19T09:00:00+08:00,2026-05-19T21:00:00+08:00,OPERATING,24.79,0.9,19.49,0,0,0,,2026-08-31T02:21:38.422656+00:00
2026-05-19,19,38.23,46,26.76,53.53,2026-05-19T09:00:00+08:00,2026-05-19T21:00:00+08:00,OPERATING,23.57,0.9,20.68,0,0,0,,2026-08-31T02:21:38.422656+00:00
2026-05-19,20,30.39,47,21.27,42.55,2026-05-19T09:00:00+08:00,2026-05-19T21:00:00+08:00,OPERATING,24.58,0.9,20.62,0,0,0,,2026-08-31T02:21:38.422656+00:00
2026-05-19,21,22.28,43,15.59,31.19,2026-05-19T09:00:00+08:00,2026-05-19T21:00:00+08:00,OPERATING,23.67,0.9,22.38,0,0,0,,2026-08-31T02:21:38.422656+00:00
2026-05-20,9,17.85,46,12.5,24.99,2026-05-20T09:00:00+08:00,2026-05-20T21:00:00+08:00,OPERATING,25.25,25.5,18.5,0,0,0,,2026-08-31T02:21:38.422656+00:00
2026-05-20,10,24.84,45,17.39,34.77,2026-05-20T09:00:00+08:00,2026-05-20T21:00:00+08:00,OPERATING,24.53,25.5,18.97,0,0,0,,2026-08-31T02:21:38.422656+00:00
2026-05-20,11,25.97,45,18.18,36.35,2026-05-20T09:00:00+08:00,2026-05-20T21:00:00+08:00,OPERATING,24.71,25.5,17.15,0,0,0,,2026-08-31T02:21:38.422656+00:00
2026-05-20,12,31.78,46,22.25,44.49,2026-05-20T09:00:00+08:00,2026-05-20T21:00:00+08:00,OPERATING,25.12,25.5,16.51,0,0,0,,2026-08-31T02:21:38.422656+00:00
2026-05-20,13,29.81,44,24.55,49.09,2026-05-20T09:00:00+08:00,2026-05-20T21:00:00+08:00,OPERATING,23.99,25.5,19.75,0,0,0,,2026-08-31T02:21:38.422656+00:00
2026-05-20,14,28.45,44,23.43,46.85,2026-05-20T09:00:00+08:00,2026-05-20T21:00:00+08:00,OPERATING,25.99,25.5,16.14,0,0,0,,2026-08-31T02:21:38.422656+00:00
2026-05-20,15,34.51,44,28.42,56.84,2026-05-20T09:00:00+08:00,2026-05-20T21:00:00+08:00,OPERATING,24.17,25.5,19.26,0,0,0,,2026-08-31T02:21:38.422656+00:00
2026-05-20,16,30.12,43,24.8,49.6,2026-05-20T09:00:00+08:00,2026-05-20T21:00:00+08:00,OPERATING,25.3,25.5,17.67,0,0,0,,2026-08-31T02:21:38.422656+00:00
2026-05-20,17,35.32,43,24.72,49.45,2026-05-20T09:00:00+08:00,2026-05-20T21:00:00+08:00,OPERATING,23.99,25.5,19.03,0,0,0,,2026-08-31T02:21:38.422656+00:00
2026-05-20,18,29.31,43,20.51,41.03,2026-05-20T09:00:00+08:00,2026-05-20T21:00:00+08:00,OPERATING,25.13,25.5,16.34,0,0,0,,2026-08-31T02:21:38.422656+00:00
2026-05-20,19,26.28,47,18.4,36.79,2026-05-20T09:00:00+08:00,2026-05-20T21:00:00+08:00,OPERATING,24.91,25.5,16.77,0,0,0,,2026-08-31T02:21:38.422656+00:00
2026-05-20,20,22.29,46,15.6,31.21,2026-05-20T09:00:00+08:00,2026-05-20T21:00:00+08:00,OPERATING,24.28,25.5,15.02,0,0,0,,2026-08-31T02:21:38.422656+00:00
2026-05-20,21,16.65,45,11.65,23.31,2026-05-20T09:00:00+08:00,2026-05-20T21:00:00+08:00,OPERATING,25.18,25.5,19.53,0,0,0,,2026-08-31T02:21:38.422656+00:00
2026-05-21,9,26.36,44,18.45,36.91,2026-05-21T09:00:00+08:00,2026-05-21T21:00:00+08:00,OPERATING,23.03,0.2,16.41,0,0,0,,2026-08-31T02:21:38.422656+00:00
2026-05-21,10,35.51,47,24.86,49.72,2026-05-21T09:00:00+08:00,2026-05-21T21:00:00+08:00,OPERATING,22.39,0.2,12.53,0,0,0,,2026-08-31T02:21:38.422656+00:00
2026-05-21,11,42.28,46,29.59,59.19,2026-05-21T09:00:00+08:00,2026-05-21T21:00:00+08:00,OPERATING,24.25,0.2,15.04,0,0,0,,2026-08-31T02:21:38.422656+00:00
2026-05-21,12,51.69,44,36.18,72.37,2026-05-21T09:00:00+08:00,2026-05-21T21:00:00+08:00,OPERATING,21.68,0.2,15.3,0,0,0,,2026-08-31T02:21:38.422656+00:00
2026-05-21,13,54.28,44,38.0,76.0,2026-05-21T09:00:00+08:00,2026-05-21T21:00:00+08:00,OPERATING,23.03,0.2,15.35,0,0,0,,2026-08-31T02:21:38.422656+00:00
2026-05-21,14,55.7,47,38.99,77.98,2026-05-21T09:00:00+08:00,2026-05-21T21:00:00+08:00,OPERATING,22.11,0.2,13.99,0,0,0,,2026-08-31T02:21:38.422656+00:00
2026-05-21,15,57.74,47,40.42,80.83,2026-05-21T09:00:00+08:00,2026-05-21T21:00:00+08:00,OPERATING,22.56,0.2,13.71,0,0,0,,2026-08-31T02:21:38.422656+00:00
2026-05-21,16,53.92,45,37.75,75.49,2026-05-21T09:00:00+08:00,2026-05-21T21:00:00+08:00,OPERATING,22.88,0.2,14.48,0,0,0,,2026-08-31T02:21:38.422656+00:00
2026-05-21,17,48.83,46,34.18,68.36,2026-05-21T09:00:00+08:00,2026-05-21T21:00:00+08:00,OPERATING,22.6,0.2,16.02,0,0,0,,2026-08-31T02:21:38.422656+00:00
2026-05-21,18,45.65,47,31.95,63.9,2026-05-21T09:00:00+08:00,2026-05-21T21:00:00+08:00,OPERATING,23.2,0.2,14.32,0,0,0,,2026-08-31T02:21:38.422656+00:00
2026-05-21,19,42.33,47,29.63,59.27,2026-05-21T09:00:00+08:00,2026-05-21T21:00:00+08:00,OPERATING,22.43,0.2,14.88,0,0,0,,2026-08-31T02:21:38.422656+00:00
2026-05-21,20,33.52,43,23.46,46.93,2026-05-21T09:00:00+08:00,2026-05-21T21:00:00+08:00,OPERATING,24.01,0.2,13.14,0,0,0,,2026-08-31T02:21:38.422656+00:00
2026-05-21,21,24.18,43,16.93,33.86,2026-05-21T09:00:00+08:00,2026-05-21T21:00:00+08:00,OPERATING,23.31,0.2,14.65,0,0,0,,2026-08-31T02:21:38.422656+00:00
2026-05-22,9,25.94,46,18.16,36.31,2026-05-22T09:00:00+08:00,2026-05-22T21:00:00+08:00,OPERATING,21.16,0.1,12.22,0,0,0,,2026-08-31T02:21:38.422656+00:00
2026-05-22,10,34.44,46,24.11,48.21,2026-05-22T09:00:00+08:00,2026-05-22T21:00:00+08:00,OPERATING,20.73,0.1,12.88,0,0,0,,2026-08-31T02:21:38.422656+00:00
2026-05-22,11,47.16,43,33.01,66.02,2026-05-22T09:00:00+08:00,2026-05-22T21:00:00+08:00,OPERATING,20.74,0.1,11.76,0,0,0,,2026-08-31T02:21:38.422656+00:00
2026-05-22,12,50.73,45,35.51,71.02,2026-05-22T09:00:00+08:00,2026-05-22T21:00:00+08:00,OPERATING,22.52,0.1,13.21,0,0,0,,2026-08-31T02:21:38.422656+00:00
2026-05-22,13,51.44,44,36.01,72.01,2026-05-22T09:00:00+08:00,2026-05-22T21:00:00+08:00,OPERATING,19.44,0.1,12.62,0,0,0,,2026-08-31T02:21:38.422656+00:00
2026-05-22,14,56.27,46,39.39,78.78,2026-05-22T09:00:00+08:00,2026-05-22T21:00:00+08:00,OPERATING,22.43,0.1,13.18,0,0,0,,2026-08-31T02:21:38.422656+00:00
2026-05-22,15,61.07,44,42.75,85.5,2026-05-22T09:00:00+08:00,2026-05-22T21:00:00+08:00,OPERATING,20.86,0.1,13.18,0,0,0,,2026-08-31T02:21:38.422656+00:00
2026-05-22,16,57.13,45,39.99,79.99,2026-05-22T09:00:00+08:00,2026-05-22T21:00:00+08:00,OPERATING,20.28,0.1,13.25,0,0,0,,2026-08-31T02:21:38.422656+00:00
2026-05-22,17,54.68,43,38.28,76.56,2026-05-22T09:00:00+08:00,2026-05-22T21:00:00+08:00,OPERATING,21.19,0.1,11.85,0,0,0,,2026-08-31T02:21:38.422656+00:00
2026-05-22,18,48.56,43,33.99,67.98,2026-05-22T09:00:00+08:00,2026-05-22T21:00:00+08:00,OPERATING,19.37,0.1,11.73,0,0,0,,2026-08-31T02:21:38.422656+00:00
2026-05-22,19,42.45,47,29.71,59.43,2026-05-22T09:00:00+08:00,2026-05-22T21:00:00+08:00,OPERATING,20.62,0.1,12.86,0,0,0,,2026-08-31T02:21:38.422656+00:00
2026-05-22,20,35.64,44,24.95,49.89,2026-05-22T09:00:00+08:00,2026-05-22T21:00:00+08:00,OPERATING,21.09,0.1,12.56,0,0,0,,2026-08-31T02:21:38.422656+00:00
2026-05-22,21,28.22,44,19.76,39.51,2026-05-22T09:00:00+08:00,2026-05-22T21:00:00+08:00,OPERATING,21.53,0.1,13.59,0,0,0,,2026-08-31T02:21:38.422656+00:00
2026-05-23,9,35.93,46,25.15,50.3,2026-05-23T09:00:00+08:00,2026-05-23T21:00:00+08:00,OPERATING,25.41,5.3,11.68,1,1,0,,2026-08-31T02:21:38.422656+00:00
2026-05-23,10,51.56,47,36.1,72.19,2026-05-23T09:00:00+08:00,2026-05-23T21:00:00+08:00,OPERATING,24.68,5.3,12.53,1,1,0,,2026-08-31T02:21:38.422656+00:00
2026-05-23,11,62.97,45,44.08,88.16,2026-05-23T09:00:00+08:00,2026-05-23T21:00:00+08:00,OPERATING,25.02,5.3,11.51,1,1,0,,2026-08-31T02:21:38.422656+00:00
2026-05-23,12,71.77,46,50.24,100.48,2026-05-23T09:00:00+08:00,2026-05-23T21:00:00+08:00,OPERATING,27.66,5.3,12.66,1,1,0,,2026-08-31T02:21:38.422656+00:00
2026-05-23,13,62.07,47,51.12,102.24,2026-05-23T09:00:00+08:00,2026-05-23T21:00:00+08:00,OPERATING,25.53,5.3,9.47,1,1,0,,2026-08-31T02:21:38.422656+00:00
2026-05-23,14,62.28,45,51.29,102.58,2026-05-23T09:00:00+08:00,2026-05-23T21:00:00+08:00,OPERATING,24.59,5.3,10.35,1,1,0,,2026-08-31T02:21:38.422656+00:00
2026-05-23,15,69.9,46,57.56,115.13,2026-05-23T09:00:00+08:00,2026-05-23T21:00:00+08:00,OPERATING,26.58,5.3,10.42,1,1,0,,2026-08-31T02:21:38.422656+00:00
2026-05-23,16,64.83,45,53.39,106.78,2026-05-23T09:00:00+08:00,2026-05-23T21:00:00+08:00,OPERATING,25.17,5.3,12.22,1,1,0,,2026-08-31T02:21:38.422656+00:00
2026-05-23,17,69.55,43,48.68,97.37,2026-05-23T09:00:00+08:00,2026-05-23T21:00:00+08:00,OPERATING,25.9,5.3,12.73,1,1,0,,2026-08-31T02:21:38.422656+00:00
2026-05-23,18,65.17,43,45.62,91.24,2026-05-23T09:00:00+08:00,2026-05-23T21:00:00+08:00,OPERATING,24.84,5.3,12.96,1,1,0,,2026-08-31T02:21:38.422656+00:00
2026-05-23,19,56.18,46,39.32,78.65,2026-05-23T09:00:00+08:00,2026-05-23T21:00:00+08:00,OPERATING,25.03,5.3,12.31,1,1,0,,2026-08-31T02:21:38.422656+00:00
2026-05-23,20,46.64,43,32.65,65.3,2026-05-23T09:00:00+08:00,2026-05-23T21:00:00+08:00,OPERATING,24.4,5.3,11.12,1,1,0,,2026-08-31T02:21:38.422656+00:00
2026-05-23,21,39.23,46,27.46,54.92,2026-05-23T09:00:00+08:00,2026-05-23T21:00:00+08:00,OPERATING,25.22,5.3,12.43,1,1,0,,2026-08-31T02:21:38.422656+00:00
2026-05-24,9,25.97,46,18.18,36.36,2026-05-24T09:00:00+08:00,2026-05-24T21:00:00+08:00,OPERATING,24.21,11.6,18.97,1,1,0,,2026-08-31T02:21:38.422656+00:00
2026-05-24,10,39.02,43,27.31,54.63,2026-05-24T09:00:00+08:00,2026-05-24T21:00:00+08:00,OPERATING,21.97,11.6,17.55,1,1,0,,2026-08-31T02:21:38.422656+00:00
2026-05-24,11,52.59,47,36.81,73.62,2026-05-24T09:00:00+08:00,2026-05-24T21:00:00+08:00,OPERATING,22.16,11.6,17.91,1,1,0,,2026-08-31T02:21:38.422656+00:00
2026-05-24,12,50.55,46,35.38,70.77,2026-05-24T09:00:00+08:00,2026-05-24T21:00:00+08:00,OPERATING,25.05,11.6,20.38,1,1,0,,2026-08-31T02:21:38.422656+00:00
2026-05-24,13,47.0,45,38.71,77.42,2026-05-24T09:00:00+08:00,2026-05-24T21:00:00+08:00,OPERATING,24.73,11.6,16.11,1,1,0,,2026-08-31T02:21:38.422656+00:00
2026-05-24,14,50.43,43,41.53,83.06,2026-05-24T09:00:00+08:00,2026-05-24T21:00:00+08:00,OPERATING,23.19,11.6,18.76,1,1,0,,2026-08-31T02:21:38.422656+00:00
2026-05-24,15,48.86,45,40.24,80.48,2026-05-24T09:00:00+08:00,2026-05-24T21:00:00+08:00,OPERATING,23.82,11.6,18.45,1,1,0,,2026-08-31T02:21:38.422656+00:00
2026-05-24,16,49.96,43,41.14,82.28,2026-05-24T09:00:00+08:00,2026-05-24T21:00:00+08:00,OPERATING,23.09,11.6,17.27,1,1,0,,2026-08-31T02:21:38.422656+00:00
2026-05-24,17,52.86,45,37.0,74.0,2026-05-24T09:00:00+08:00,2026-05-24T21:00:00+08:00,OPERATING,22.27,11.6,18.9,1,1,0,,2026-08-31T02:21:38.422656+00:00
2026-05-24,18,48.68,43,34.08,68.15,2026-05-24T09:00:00+08:00,2026-05-24T21:00:00+08:00,OPERATING,23.23,11.6,19.41,1,1,0,,2026-08-31T02:21:38.422656+00:00
2026-05-24,19,40.89,45,28.62,57.24,2026-05-24T09:00:00+08:00,2026-05-24T21:00:00+08:00,OPERATING,22.16,11.6,18.23,1,1,0,,2026-08-31T02:21:38.422656+00:00
2026-05-24,20,36.59,43,25.61,51.23,2026-05-24T09:00:00+08:00,2026-05-24T21:00:00+08:00,OPERATING,22.6,11.6,17.94,1,1,0,,2026-08-31T02:21:38.422656+00:00
2026-05-24,21,23.44,44,16.4,32.81,2026-05-24T09:00:00+08:00,2026-05-24T21:00:00+08:00,OPERATING,21.47,11.6,19.96,1,1,0,,2026-08-31T02:21:38.422656+00:00
2026-05-25,9,18.59,44,13.01,26.02,2026-05-25T09:00:00+08:00,2026-05-25T21:00:00+08:00,OPERATING,25.86,8.6,10.96,0,0,0,,2026-08-31T02:21:38.422656+00:00
2026-05-25,10,25.47,47,17.83,35.66,2026-05-25T09:00:00+08:00,2026-05-25T21:00:00+08:00,OPERATING,25.17,8.6,11.98,0,0,0,,2026-08-31T02:21:38.422656+00:00
2026-05-25,11,31.05,47,21.73,43.47,2026-05-25T09:00:00+08:00,2026-05-25T21:00:00+08:00,OPERATING,25.59,8.6,10.21,0,0,0,,2026-08-31T02:21:38.422656+00:00
2026-05-25,12,34.2,45,23.94,47.88,2026-05-25T09:00:00+08:00,2026-05-25T21:00:00+08:00,OPERATING,24.78,8.6,10.32,0,0,0,,2026-08-31T02:21:38.422656+00:00
2026-05-25,13,31.24,44,25.73,51.46,2026-05-25T09:00:00+08:00,2026-05-25T21:00:00+08:00,OPERATING,24.65,8.6,12.08,0,0,0,,2026-08-31T02:21:38.422656+00:00
2026-05-25,14,32.83,43,27.03,54.07,2026-05-25T09:00:00+08:00,2026-05-25T21:00:00+08:00,OPERATING,25.86,8.6,11.49,0,0,0,,2026-08-31T02:21:38.422656+00:00
2026-05-25,15,33.67,43,27.73,55.45,2026-05-25T09:00:00+08:00,2026-05-25T21:00:00+08:00,OPERATING,25.88,8.6,11.09,0,0,0,,2026-08-31T02:21:38.422656+00:00
2026-05-25,16,30.48,46,25.1,50.2,2026-05-25T09:00:00+08:00,2026-05-25T21:00:00+08:00,OPERATING,25.43,8.6,12.13,0,0,0,,2026-08-31T02:21:38.422656+00:00
2026-05-25,17,35.49,44,24.85,49.69,2026-05-25T09:00:00+08:00,2026-05-25T21:00:00+08:00,OPERATING,26.62,8.6,10.06,0,0,0,,2026-08-31T02:21:38.422656+00:00
2026-05-25,18,36.36,47,25.45,50.91,2026-05-25T09:00:00+08:00,2026-05-25T21:00:00+08:00,OPERATING,25.9,8.6,11.82,0,0,0,,2026-08-31T02:21:38.422656+00:00
2026-05-25,19,27.44,43,19.21,38.41,2026-05-25T09:00:00+08:00,2026-05-25T21:00:00+08:00,OPERATING,26.14,8.6,10.08,0,0,0,,2026-08-31T02:21:38.422656+00:00
2026-05-25,20,23.05,45,16.14,32.27,2026-05-25T09:00:00+08:00,2026-05-25T21:00:00+08:00,OPERATING,25.74,8.6,10.04,0,0,0,,2026-08-31T02:21:38.422656+00:00
2026-05-25,21,17.41,45,12.19,24.38,2026-05-25T09:00:00+08:00,2026-05-25T21:00:00+08:00,OPERATING,25.79,8.6,9.69,0,0,0,,2026-08-31T02:21:38.422656+00:00
2026-05-26,9,17.04,46,11.93,23.86,2026-05-26T09:00:00+08:00,2026-05-26T21:00:00+08:00,OPERATING,26.22,13.7,18.6,0,0,0,,2026-08-31T02:21:38.422656+00:00
2026-05-26,10,23.84,45,16.69,33.38,2026-05-26T09:00:00+08:00,2026-05-26T21:00:00+08:00,OPERATING,27.12,13.7,17.93,0,0,0,,2026-08-31T02:21:38.422656+00:00
2026-05-26,11,26.68,45,18.67,37.35,2026-05-26T09:00:00+08:00,2026-05-26T21:00:00+08:00,OPERATING,27.51,13.7,18.05,0,0,0,,2026-08-31T02:21:38.422656+00:00
2026-05-26,12,27.13,44,18.99,37.98,2026-05-26T09:00:00+08:00,2026-05-26T21:00:00+08:00,OPERATING,25.27,13.7,17.5,0,0,0,,2026-08-31T02:21:38.422656+00:00
2026-05-26,13,24.37,47,20.07,40.13,2026-05-26T09:00:00+08:00,2026-05-26T21:00:00+08:00,OPERATING,26.1,13.7,16.67,0,0,0,,2026-08-31T02:21:38.422656+00:00
2026-05-26,14,32.41,43,26.69,53.38,2026-05-26T09:00:00+08:00,2026-05-26T21:00:00+08:00,OPERATING,25.64,13.7,16.29,0,0,0,,2026-08-31T02:21:38.422656+00:00
2026-05-26,15,28.53,46,23.49,46.99,2026-05-26T09:00:00+08:00,2026-05-26T21:00:00+08:00,OPERATING,27.5,13.7,18.42,0,0,0,,2026-08-31T02:21:38.422656+00:00
2026-05-26,16,29.33,45,24.16,48.32,2026-05-26T09:00:00+08:00,2026-05-26T21:00:00+08:00,OPERATING,26.34,13.7,17.11,0,0,0,,2026-08-31T02:21:38.422656+00:00
2026-05-26,17,28.28,44,19.8,39.6,2026-05-26T09:00:00+08:00,2026-05-26T21:00:00+08:00,OPERATING,25.65,13.7,18.9,0,0,0,,2026-08-31T02:21:38.422656+00:00
2026-05-26,18,26.88,45,18.82,37.64,2026-05-26T09:00:00+08:00,2026-05-26T21:00:00+08:00,OPERATING,27.93,13.7,17.31,0,0,0,,2026-08-31T02:21:38.422656+00:00
2026-05-26,19,23.39,43,16.38,32.75,2026-05-26T09:00:00+08:00,2026-05-26T21:00:00+08:00,OPERATING,26.65,13.7,18.7,0,0,0,,2026-08-31T02:21:38.422656+00:00
2026-05-26,20,19.67,43,13.77,27.54,2026-05-26T09:00:00+08:00,2026-05-26T21:00:00+08:00,OPERATING,27.17,13.7,18.31,0,0,0,,2026-08-31T02:21:38.422656+00:00
2026-05-26,21,16.78,46,11.74,23.49,2026-05-26T09:00:00+08:00,2026-05-26T21:00:00+08:00,OPERATING,27.98,13.7,19.12,0,0,0,,2026-08-31T02:21:38.422656+00:00
2026-05-27,9,28.88,46,20.21,40.43,2026-05-27T09:00:00+08:00,2026-05-27T21:00:00+08:00,OPERATING,24.66,0.4,13.74,0,0,0,,2026-08-31T02:21:38.422656+00:00
2026-05-27,10,43.86,46,30.7,61.4,2026-05-27T09:00:00+08:00,2026-05-27T21:00:00+08:00,OPERATING,25.13,0.4,15.52,0,0,0,,2026-08-31T02:21:38.422656+00:00
2026-05-27,11,50.45,44,35.31,70.63,2026-05-27T09:00:00+08:00,2026-05-27T21:00:00+08:00,OPERATING,24.84,0.4,16.03,0,0,0,,2026-08-31T02:21:38.422656+00:00
2026-05-27,12,57.64,44,40.34,80.69,2026-05-27T09:00:00+08:00,2026-05-27T21:00:00+08:00,OPERATING,25.17,0.4,14.09,0,0,0,,2026-08-31T02:21:38.422656+00:00
2026-05-27,13,62.69,43,43.88,87.76,2026-05-27T09:00:00+08:00,2026-05-27T21:00:00+08:00,OPERATING,26.16,0.4,13.8,0,0,0,,2026-08-31T02:21:38.422656+00:00
2026-05-27,14,63.49,44,44.44,88.88,2026-05-27T09:00:00+08:00,2026-05-27T21:00:00+08:00,OPERATING,24.78,0.4,15.96,0,0,0,,2026-08-31T02:21:38.422656+00:00
2026-05-27,15,65.26,46,45.68,91.36,2026-05-27T09:00:00+08:00,2026-05-27T21:00:00+08:00,OPERATING,25.49,0.4,16.66,0,0,0,,2026-08-31T02:21:38.422656+00:00
2026-05-27,16,60.93,47,42.65,85.3,2026-05-27T09:00:00+08:00,2026-05-27T21:00:00+08:00,OPERATING,25.36,0.4,15.29,0,0,0,,2026-08-31T02:21:38.422656+00:00
2026-05-27,17,56.55,46,39.58,79.17,2026-05-27T09:00:00+08:00,2026-05-27T21:00:00+08:00,OPERATING,26.79,0.4,15.24,0,0,0,,2026-08-31T02:21:38.422656+00:00
2026-05-27,18,55.52,47,38.86,77.72,2026-05-27T09:00:00+08:00,2026-05-27T21:00:00+08:00,OPERATING,25.33,0.4,15.71,0,0,0,,2026-08-31T02:21:38.422656+00:00
2026-05-27,19,47.47,43,33.23,66.45,2026-05-27T09:00:00+08:00,2026-05-27T21:00:00+08:00,OPERATING,26.29,0.4,15.8,0,0,0,,2026-08-31T02:21:38.422656+00:00
2026-05-27,20,38.76,45,27.13,54.26,2026-05-27T09:00:00+08:00,2026-05-27T21:00:00+08:00,OPERATING,24.23,0.4,17.48,0,0,0,,2026-08-31T02:21:38.422656+00:00
2026-05-27,21,26.1,43,18.27,36.53,2026-05-27T09:00:00+08:00,2026-05-27T21:00:00+08:00,OPERATING,26.61,0.4,15.61,0,0,0,,2026-08-31T02:21:38.422656+00:00
2026-05-28,9,26.62,43,18.63,37.26,2026-05-28T09:00:00+08:00,2026-05-28T21:00:00+08:00,OPERATING,25.98,2.2,12.65,0,0,0,,2026-08-31T02:21:38.422656+00:00
2026-05-28,10,37.75,45,26.42,52.85,2026-05-28T09:00:00+08:00,2026-05-28T21:00:00+08:00,OPERATING,24.61,2.2,12.95,0,0,0,,2026-08-31T02:21:38.422656+00:00
2026-05-28,11,40.51,46,28.36,56.71,2026-05-28T09:00:00+08:00,2026-05-28T21:00:00+08:00,OPERATING,23.86,2.2,12.66,0,0,0,,2026-08-31T02:21:38.422656+00:00
2026-05-28,12,43.09,47,30.16,60.32,2026-05-28T09:00:00+08:00,2026-05-28T21:00:00+08:00,OPERATING,24.54,2.2,10.7,0,0,0,,2026-08-31T02:21:38.422656+00:00
2026-05-28,13,44.84,45,31.39,62.77,2026-05-28T09:00:00+08:00,2026-05-28T21:00:00+08:00,OPERATING,25.41,2.2,12.32,0,0,0,,2026-08-31T02:21:38.422656+00:00
2026-05-28,14,52.33,46,36.63,73.26,2026-05-28T09:00:00+08:00,2026-05-28T21:00:00+08:00,OPERATING,23.96,2.2,14.13,0,0,0,,2026-08-31T02:21:38.422656+00:00
2026-05-28,15,52.17,45,36.52,73.03,2026-05-28T09:00:00+08:00,2026-05-28T21:00:00+08:00,OPERATING,24.03,2.2,11.97,0,0,0,,2026-08-31T02:21:38.422656+00:00
2026-05-28,16,55.48,47,38.84,77.68,2026-05-28T09:00:00+08:00,2026-05-28T21:00:00+08:00,OPERATING,24.99,2.2,13.58,0,0,0,,2026-08-31T02:21:38.422656+00:00
2026-05-28,17,45.57,43,31.9,63.8,2026-05-28T09:00:00+08:00,2026-05-28T21:00:00+08:00,OPERATING,23.15,2.2,13.17,0,0,0,,2026-08-31T02:21:38.422656+00:00
2026-05-28,18,43.33,44,30.33,60.66,2026-05-28T09:00:00+08:00,2026-05-28T21:00:00+08:00,OPERATING,24.23,2.2,13.19,0,0,0,,2026-08-31T02:21:38.422656+00:00
2026-05-28,19,38.05,43,26.64,53.27,2026-05-28T09:00:00+08:00,2026-05-28T21:00:00+08:00,OPERATING,23.49,2.2,14.52,0,0,0,,2026-08-31T02:21:38.422656+00:00
2026-05-28,20,34.31,45,24.02,48.03,2026-05-28T09:00:00+08:00,2026-05-28T21:00:00+08:00,OPERATING,26.37,2.2,14.18,0,0,0,,2026-08-31T02:21:38.422656+00:00
2026-05-28,21,28.94,44,20.26,40.51,2026-05-28T09:00:00+08:00,2026-05-28T21:00:00+08:00,OPERATING,23.93,2.2,12.81,0,0,0,,2026-08-31T02:21:38.422656+00:00
2026-05-29,9,27.67,45,19.37,38.74,2026-05-29T09:00:00+08:00,2026-05-29T21:00:00+08:00,OPERATING,23.89,0.0,12.71,0,0,0,,2026-08-31T02:21:38.422656+00:00
2026-05-29,10,39.24,46,27.47,54.94,2026-05-29T09:00:00+08:00,2026-05-29T21:00:00+08:00,OPERATING,23.66,0.0,13.43,0,0,0,,2026-08-31T02:21:38.422656+00:00
2026-05-29,11,52.74,43,36.92,73.83,2026-05-29T09:00:00+08:00,2026-05-29T21:00:00+08:00,OPERATING,23.32,0.0,12.38,0,0,0,,2026-08-31T02:21:38.422656+00:00
2026-05-29,12,57.93,43,40.55,81.1,2026-05-29T09:00:00+08:00,2026-05-29T21:00:00+08:00,OPERATING,22.2,0.0,12.66,0,0,0,,2026-08-31T02:21:38.422656+00:00
2026-05-29,13,60.13,45,42.09,84.18,2026-05-29T09:00:00+08:00,2026-05-29T21:00:00+08:00,OPERATING,23.26,0.0,13.08,0,0,0,,2026-08-31T02:21:38.422656+00:00
2026-05-29,14,64.99,45,45.49,90.98,2026-05-29T09:00:00+08:00,2026-05-29T21:00:00+08:00,OPERATING,22.06,0.0,11.74,0,0,0,,2026-08-31T02:21:38.422656+00:00
2026-05-29,15,65.25,46,45.68,91.36,2026-05-29T09:00:00+08:00,2026-05-29T21:00:00+08:00,OPERATING,23.09,0.0,12.81,0,0,0,,2026-08-31T02:21:38.422656+00:00
2026-05-29,16,62.28,47,43.6,87.19,2026-05-29T09:00:00+08:00,2026-05-29T21:00:00+08:00,OPERATING,23.26,0.0,12.54,0,0,0,,2026-08-31T02:21:38.422656+00:00
2026-05-29,17,56.93,47,39.85,79.7,2026-05-29T09:00:00+08:00,2026-05-29T21:00:00+08:00,OPERATING,22.35,0.0,13.75,0,0,0,,2026-08-31T02:21:38.422656+00:00
2026-05-29,18,50.16,46,35.11,70.23,2026-05-29T09:00:00+08:00,2026-05-29T21:00:00+08:00,OPERATING,23.07,0.0,11.89,0,0,0,,2026-08-31T02:21:38.422656+00:00
2026-05-29,19,49.07,47,34.35,68.7,2026-05-29T09:00:00+08:00,2026-05-29T21:00:00+08:00,OPERATING,24.21,0.0,11.18,0,0,0,,2026-08-31T02:21:38.422656+00:00
2026-05-29,20,37.64,45,26.34,52.69,2026-05-29T09:00:00+08:00,2026-05-29T21:00:00+08:00,OPERATING,25.01,0.0,11.02,0,0,0,,2026-08-31T02:21:38.422656+00:00
2026-05-29,21,28.69,47,20.08,40.16,2026-05-29T09:00:00+08:00,2026-05-29T21:00:00+08:00,OPERATING,23.1,0.0,12.47,0,0,0,,2026-08-31T02:21:38.422656+00:00
2026-05-30,9,41.15,47,28.8,57.61,2026-05-30T09:00:00+08:00,2026-05-30T21:00:00+08:00,OPERATING,22.76,0.0,8.82,1,1,0,,2026-08-31T02:21:38.422656+00:00
2026-05-30,10,56.03,45,39.22,78.44,2026-05-30T09:00:00+08:00,2026-05-30T21:00:00+08:00,OPERATING,22.53,0.0,9.34,1,1,0,,2026-08-31T02:21:38.422656+00:00
2026-05-30,11,71.31,46,49.92,99.83,2026-05-30T09:00:00+08:00,2026-05-30T21:00:00+08:00,OPERATING,21.86,0.0,8.43,1,1,0,,2026-08-31T02:21:38.422656+00:00
2026-05-30,12,78.42,45,54.89,109.79,2026-05-30T09:00:00+08:00,2026-05-30T21:00:00+08:00,OPERATING,22.13,0.0,9.63,1,1,0,,2026-08-31T02:21:38.422656+00:00
2026-05-30,13,85.26,45,59.68,119.37,2026-05-30T09:00:00+08:00,2026-05-30T21:00:00+08:00,OPERATING,21.52,0.0,6.18,1,1,0,,2026-08-31T02:21:38.422656+00:00
2026-05-30,14,89.47,43,62.63,125.26,2026-05-30T09:00:00+08:00,2026-05-30T21:00:00+08:00,OPERATING,20.72,0.0,6.7,1,1,0,,2026-08-31T02:21:38.422656+00:00
2026-05-30,15,100.0,46,70.0,140.0,2026-05-30T09:00:00+08:00,2026-05-30T21:00:00+08:00,OPERATING,23.48,0.0,9.53,1,1,0,,2026-08-31T02:21:38.422656+00:00
2026-05-30,16,87.82,46,61.47,122.94,2026-05-30T09:00:00+08:00,2026-05-30T21:00:00+08:00,OPERATING,22.98,0.0,8.32,1,1,0,,2026-08-31T02:21:38.422656+00:00
2026-05-30,17,83.34,45,58.34,116.67,2026-05-30T09:00:00+08:00,2026-05-30T21:00:00+08:00,OPERATING,22.59,0.0,6.8,1,1,0,,2026-08-31T02:21:38.422656+00:00
2026-05-30,18,75.59,43,52.92,105.83,2026-05-30T09:00:00+08:00,2026-05-30T21:00:00+08:00,OPERATING,21.77,0.0,7.9,1,1,0,,2026-08-31T02:21:38.422656+00:00
2026-05-30,19,70.12,46,49.08,98.17,2026-05-30T09:00:00+08:00,2026-05-30T21:00:00+08:00,OPERATING,21.55,0.0,8.58,1,1,0,,2026-08-31T02:21:38.422656+00:00
2026-05-30,20,56.81,44,39.77,79.54,2026-05-30T09:00:00+08:00,2026-05-30T21:00:00+08:00,OPERATING,21.69,0.0,8.82,1,1,0,,2026-08-31T02:21:38.422656+00:00
2026-05-30,21,36.59,43,25.62,51.23,2026-05-30T09:00:00+08:00,2026-05-30T21:00:00+08:00,OPERATING,22.22,0.0,10.84,1,1,0,,2026-08-31T02:21:38.422656+00:00
2026-05-31,9,41.55,47,29.09,58.17,2026-05-31T09:00:00+08:00,2026-05-31T21:00:00+08:00,OPERATING,23.33,0.0,14.1,1,1,0,,2026-08-31T02:21:38.422656+00:00
2026-05-31,10,50.82,47,35.58,71.15,2026-05-31T09:00:00+08:00,2026-05-31T21:00:00+08:00,OPERATING,23.43,0.0,13.76,1,1,0,,2026-08-31T02:21:38.422656+00:00
2026-05-31,11,67.97,45,47.58,95.15,2026-05-31T09:00:00+08:00,2026-05-31T21:00:00+08:00,OPERATING,23.7,0.0,15.01,1,1,0,,2026-08-31T02:21:38.422656+00:00
2026-05-31,12,80.68,44,56.47,112.95,2026-05-31T09:00:00+08:00,2026-05-31T21:00:00+08:00,OPERATING,22.04,0.0,14.37,1,1,0,,2026-08-31T02:21:38.422656+00:00
2026-05-31,13,76.06,47,53.24,106.48,2026-05-31T09:00:00+08:00,2026-05-31T21:00:00+08:00,OPERATING,20.4,0.0,14.25,1,1,0,,2026-08-31T02:21:38.422656+00:00
2026-05-31,14,88.18,46,61.73,123.45,2026-05-31T09:00:00+08:00,2026-05-31T21:00:00+08:00,OPERATING,22.45,0.0,11.77,1,1,0,,2026-08-31T02:21:38.422656+00:00
2026-05-31,15,87.82,43,61.47,122.95,2026-05-31T09:00:00+08:00,2026-05-31T21:00:00+08:00,OPERATING,22.68,0.0,13.11,1,1,0,,2026-08-31T02:21:38.422656+00:00
2026-05-31,16,84.16,43,58.91,117.82,2026-05-31T09:00:00+08:00,2026-05-31T21:00:00+08:00,OPERATING,23.02,0.0,13.7,1,1,0,,2026-08-31T02:21:38.422656+00:00
2026-05-31,17,78.39,47,54.87,109.75,2026-05-31T09:00:00+08:00,2026-05-31T21:00:00+08:00,OPERATING,23.15,0.0,14.92,1,1,0,,2026-08-31T02:21:38.422656+00:00
2026-05-31,18,69.19,44,48.43,96.86,2026-05-31T09:00:00+08:00,2026-05-31T21:00:00+08:00,OPERATING,24.08,0.0,14.54,1,1,0,,2026-08-31T02:21:38.422656+00:00
2026-05-31,19,62.79,44,43.95,87.9,2026-05-31T09:00:00+08:00,2026-05-31T21:00:00+08:00,OPERATING,23.11,0.0,13.77,1,1,0,,2026-08-31T02:21:38.422656+00:00
2026-05-31,20,51.21,43,35.85,71.7,2026-05-31T09:00:00+08:00,2026-05-31T21:00:00+08:00,OPERATING,21.71,0.0,12.62,1,1,0,,2026-08-31T02:21:38.422656+00:00
2026-05-31,21,39.11,45,27.38,54.76,2026-05-31T09:00:00+08:00,2026-05-31T21:00:00+08:00,OPERATING,23.42,0.0,13.4,1,1,0,,2026-08-31T02:21:38.422656+00:00
2026-06-01,9,25.46,47,17.82,35.64,2026-06-01T09:00:00+08:00,2026-06-01T21:00:00+08:00,OPERATING,23.83,0.0,11.44,0,0,0,,2026-08-31T02:21:38.422656+00:00
2026-06-01,10,38.05,44,26.64,53.27,2026-06-01T09:00:00+08:00,2026-06-01T21:00:00+08:00,OPERATING,23.14,0.0,11.14,0,0,0,,2026-08-31T02:21:38.422656+00:00
2026-06-01,11,47.68,47,33.37,66.75,2026-06-01T09:00:00+08:00,2026-06-01T21:00:00+08:00,OPERATING,24.54,0.0,12.0,0,0,0,,2026-08-31T02:21:38.422656+00:00
2026-06-01,12,56.58,45,39.6,79.21,2026-06-01T09:00:00+08:00,2026-06-01T21:00:00+08:00,OPERATING,25.02,0.0,10.44,0,0,0,,2026-08-31T02:21:38.422656+00:00
2026-06-01,13,60.63,47,42.44,84.88,2026-06-01T09:00:00+08:00,2026-06-01T21:00:00+08:00,OPERATING,22.95,0.0,12.37,0,0,0,,2026-08-31T02:21:38.422656+00:00
2026-06-01,14,57.06,47,39.94,79.88,2026-06-01T09:00:00+08:00,2026-06-01T21:00:00+08:00,OPERATING,25.24,0.0,12.0,0,0,0,,2026-08-31T02:21:38.422656+00:00
2026-06-01,15,57.99,43,40.59,81.19,2026-06-01T09:00:00+08:00,2026-06-01T21:00:00+08:00,OPERATING,24.83,0.0,10.8,0,0,0,,2026-08-31T02:21:38.422656+00:00
2026-06-01,16,57.48,44,40.23,80.47,2026-06-01T09:00:00+08:00,2026-06-01T21:00:00+08:00,OPERATING,23.72,0.0,10.11,0,0,0,,2026-08-31T02:21:38.422656+00:00
2026-06-01,17,56.76,43,39.73,79.46,2026-06-01T09:00:00+08:00,2026-06-01T21:00:00+08:00,OPERATING,24.07,0.0,11.81,0,0,0,,2026-08-31T02:21:38.422656+00:00
2026-06-01,18,48.54,44,33.98,67.96,2026-06-01T09:00:00+08:00,2026-06-01T21:00:00+08:00,OPERATING,21.96,0.0,12.77,0,0,0,,2026-08-31T02:21:38.422656+00:00
2026-06-01,19,40.13,43,28.09,56.18,2026-06-01T09:00:00+08:00,2026-06-01T21:00:00+08:00,OPERATING,25.16,0.0,12.08,0,0,0,,2026-08-31T02:21:38.422656+00:00
2026-06-01,20,35.03,45,24.52,49.04,2026-06-01T09:00:00+08:00,2026-06-01T21:00:00+08:00,OPERATING,25.47,0.0,13.75,0,0,0,,2026-08-31T02:21:38.422656+00:00
2026-06-01,21,25.22,43,17.65,35.31,2026-06-01T09:00:00+08:00,2026-06-01T21:00:00+08:00,OPERATING,24.41,0.0,12.93,0,0,0,,2026-08-31T02:21:38.422656+00:00
2026-06-02,9,32.12,46,22.48,44.97,2026-06-02T09:00:00+08:00,2026-06-02T21:00:00+08:00,OPERATING,27.56,0.0,16.78,0,0,0,,2026-08-31T02:21:38.422656+00:00
2026-06-02,10,45.04,45,31.53,63.06,2026-06-02T09:00:00+08:00,2026-06-02T21:00:00+08:00,OPERATING,27.37,0.0,15.85,0,0,0,,2026-08-31T02:21:38.422656+00:00
2026-06-02,11,59.28,46,41.5,82.99,2026-06-02T09:00:00+08:00,2026-06-02T21:00:00+08:00,OPERATING,26.01,0.0,15.31,0,0,0,,2026-08-31T02:21:38.422656+00:00
2026-06-02,12,62.66,44,43.86,87.72,2026-06-02T09:00:00+08:00,2026-06-02T21:00:00+08:00,OPERATING,26.68,0.0,17.11,0,0,0,,2026-08-31T02:21:38.422656+00:00
2026-06-02,13,67.46,45,47.22,94.45,2026-06-02T09:00:00+08:00,2026-06-02T21:00:00+08:00,OPERATING,26.2,0.0,17.77,0,0,0,,2026-08-31T02:21:38.422656+00:00
2026-06-02,14,70.34,46,49.24,98.48,2026-06-02T09:00:00+08:00,2026-06-02T21:00:00+08:00,OPERATING,26.63,0.0,15.67,0,0,0,,2026-08-31T02:21:38.422656+00:00
2026-06-02,15,72.08,47,50.46,100.92,2026-06-02T09:00:00+08:00,2026-06-02T21:00:00+08:00,OPERATING,25.61,0.0,14.74,0,0,0,,2026-08-31T02:21:38.422656+00:00
2026-06-02,16,68.11,44,47.68,95.35,2026-06-02T09:00:00+08:00,2026-06-02T21:00:00+08:00,OPERATING,25.24,0.0,18.43,0,0,0,,2026-08-31T02:21:38.422656+00:00
2026-06-02,17,66.57,47,46.6,93.2,2026-06-02T09:00:00+08:00,2026-06-02T21:00:00+08:00,OPERATING,25.4,0.0,15.24,0,0,0,,2026-08-31T02:21:38.422656+00:00
2026-06-02,18,55.73,47,39.01,78.02,2026-06-02T09:00:00+08:00,2026-06-02T21:00:00+08:00,OPERATING,24.96,0.0,16.27,0,0,0,,2026-08-31T02:21:38.422656+00:00
2026-06-02,19,52.19,46,36.53,73.07,2026-06-02T09:00:00+08:00,2026-06-02T21:00:00+08:00,OPERATING,26.16,0.0,16.32,0,0,0,,2026-08-31T02:21:38.422656+00:00
2026-06-02,20,42.54,45,29.78,59.56,2026-06-02T09:00:00+08:00,2026-06-02T21:00:00+08:00,OPERATING,26.34,0.0,17.89,0,0,0,,2026-08-31T02:21:38.422656+00:00
2026-06-02,21,31.93,45,22.35,44.7,2026-06-02T09:00:00+08:00,2026-06-02T21:00:00+08:00,OPERATING,26.05,0.0,16.58,0,0,0,,2026-08-31T02:21:38.422656+00:00
2026-06-03,9,19.36,47,13.55,27.11,2026-06-03T09:00:00+08:00,2026-06-03T21:00:00+08:00,OPERATING,26.89,14.4,11.71,0,0,0,,2026-08-31T02:21:38.422656+00:00
2026-06-03,10,31.15,45,21.81,43.61,2026-06-03T09:00:00+08:00,2026-06-03T21:00:00+08:00,OPERATING,26.35,14.4,10.16,0,0,0,,2026-08-31T02:21:38.422656+00:00
2026-06-03,11,32.48,46,22.74,45.47,2026-06-03T09:00:00+08:00,2026-06-03T21:00:00+08:00,OPERATING,26.53,14.4,10.3,0,0,0,,2026-08-31T02:21:38.422656+00:00
2026-06-03,12,38.62,46,27.03,54.06,2026-06-03T09:00:00+08:00,2026-06-03T21:00:00+08:00,OPERATING,26.16,14.4,8.88,0,0,0,,2026-08-31T02:21:38.422656+00:00
2026-06-03,13,35.87,43,29.54,59.07,2026-06-03T09:00:00+08:00,2026-06-03T21:00:00+08:00,OPERATING,26.83,14.4,10.49,0,0,0,,2026-08-31T02:21:38.422656+00:00
2026-06-03,14,37.4,45,30.8,61.6,2026-06-03T09:00:00+08:00,2026-06-03T21:00:00+08:00,OPERATING,25.37,14.4,11.09,0,0,0,,2026-08-31T02:21:38.422656+00:00
2026-06-03,15,36.52,43,30.08,60.16,2026-06-03T09:00:00+08:00,2026-06-03T21:00:00+08:00,OPERATING,26.11,14.4,11.47,0,0,0,,2026-08-31T02:21:38.422656+00:00
2026-06-03,16,36.72,47,30.24,60.48,2026-06-03T09:00:00+08:00,2026-06-03T21:00:00+08:00,OPERATING,27.01,14.4,10.94,0,0,0,,2026-08-31T02:21:38.422656+00:00
2026-06-03,17,38.43,43,26.9,53.8,2026-06-03T09:00:00+08:00,2026-06-03T21:00:00+08:00,OPERATING,26.34,14.4,10.9,0,0,0,,2026-08-31T02:21:38.422656+00:00
2026-06-03,18,31.09,46,21.76,43.53,2026-06-03T09:00:00+08:00,2026-06-03T21:00:00+08:00,OPERATING,25.98,14.4,9.86,0,0,0,,2026-08-31T02:21:38.422656+00:00
2026-06-03,19,28.84,47,20.19,40.37,2026-06-03T09:00:00+08:00,2026-06-03T21:00:00+08:00,OPERATING,25.41,14.4,11.42,0,0,0,,2026-08-31T02:21:38.422656+00:00
2026-06-03,20,28.11,47,19.68,39.35,2026-06-03T09:00:00+08:00,2026-06-03T21:00:00+08:00,OPERATING,26.28,14.4,11.71,0,0,0,,2026-08-31T02:21:38.422656+00:00
2026-06-03,21,18.51,46,12.96,25.91,2026-06-03T09:00:00+08:00,2026-06-03T21:00:00+08:00,OPERATING,27.37,14.4,10.87,0,0,0,,2026-08-31T02:21:38.422656+00:00
2026-06-04,9,14.84,44,10.39,20.77,2026-06-04T09:00:00+08:00,2026-06-04T21:00:00+08:00,OPERATING,24.09,22.2,12.28,0,0,0,,2026-08-31T02:21:38.422656+00:00
2026-06-04,10,20.94,47,14.65,29.31,2026-06-04T09:00:00+08:00,2026-06-04T21:00:00+08:00,OPERATING,24.87,22.2,13.26,0,0,0,,2026-08-31T02:21:38.422656+00:00
2026-06-04,11,26.03,47,18.22,36.45,2026-06-04T09:00:00+08:00,2026-06-04T21:00:00+08:00,OPERATING,26.11,22.2,13.41,0,0,0,,2026-08-31T02:21:38.422656+00:00
2026-06-04,12,32.41,45,22.69,45.38,2026-06-04T09:00:00+08:00,2026-06-04T21:00:00+08:00,OPERATING,25.01,22.2,11.38,0,0,0,,2026-08-31T02:21:38.422656+00:00
2026-06-04,13,26.47,43,21.8,43.6,2026-06-04T09:00:00+08:00,2026-06-04T21:00:00+08:00,OPERATING,26.11,22.2,12.15,0,0,0,,2026-08-31T02:21:38.422656+00:00
2026-06-04,14,25.61,44,21.09,42.18,2026-06-04T09:00:00+08:00,2026-06-04T21:00:00+08:00,OPERATING,26.03,22.2,11.1,0,0,0,,2026-08-31T02:21:38.422656+00:00
2026-06-04,15,29.55,45,24.33,48.66,2026-06-04T09:00:00+08:00,2026-06-04T21:00:00+08:00,OPERATING,25.87,22.2,13.22,0,0,0,,2026-08-31T02:21:38.422656+00:00
2026-06-04,16,26.13,43,21.52,43.03,2026-06-04T09:00:00+08:00,2026-06-04T21:00:00+08:00,OPERATING,26.57,22.2,12.09,0,0,0,,2026-08-31T02:21:38.422656+00:00
2026-06-04,17,29.8,47,20.86,41.72,2026-06-04T09:00:00+08:00,2026-06-04T21:00:00+08:00,OPERATING,26.41,22.2,12.59,0,0,0,,2026-08-31T02:21:38.422656+00:00
2026-06-04,18,25.78,43,18.04,36.09,2026-06-04T09:00:00+08:00,2026-06-04T21:00:00+08:00,OPERATING,25.82,22.2,11.18,0,0,0,,2026-08-31T02:21:38.422656+00:00
2026-06-04,19,23.2,46,16.24,32.48,2026-06-04T09:00:00+08:00,2026-06-04T21:00:00+08:00,OPERATING,25.79,22.2,13.02,0,0,0,,2026-08-31T02:21:38.422656+00:00
2026-06-04,20,21.21,43,14.85,29.69,2026-06-04T09:00:00+08:00,2026-06-04T21:00:00+08:00,OPERATING,25.87,22.2,11.86,0,0,0,,2026-08-31T02:21:38.422656+00:00
2026-06-04,21,14.26,43,9.98,19.96,2026-06-04T09:00:00+08:00,2026-06-04T21:00:00+08:00,OPERATING,27.49,22.2,12.89,0,0,0,,2026-08-31T02:21:38.422656+00:00
2026-06-05,9,22.94,43,16.06,32.12,2026-06-05T09:00:00+08:00,2026-06-05T21:00:00+08:00,OPERATING,23.3,0.2,15.26,0,0,0,,2026-08-31T02:21:38.422656+00:00
2026-06-05,10,33.46,47,23.42,46.84,2026-06-05T09:00:00+08:00,2026-06-05T21:00:00+08:00,OPERATING,23.05,0.2,12.73,0,0,0,,2026-08-31T02:21:38.422656+00:00
2026-06-05,11,45.18,44,31.63,63.26,2026-06-05T09:00:00+08:00,2026-06-05T21:00:00+08:00,OPERATING,22.82,0.2,14.58,0,0,0,,2026-08-31T02:21:38.422656+00:00
2026-06-05,12,48.75,43,34.12,68.25,2026-06-05T09:00:00+08:00,2026-06-05T21:00:00+08:00,OPERATING,21.94,0.2,14.08,0,0,0,,2026-08-31T02:21:38.422656+00:00
2026-06-05,13,48.15,44,33.7,67.4,2026-06-05T09:00:00+08:00,2026-06-05T21:00:00+08:00,OPERATING,23.15,0.2,14.2,0,0,0,,2026-08-31T02:21:38.422656+00:00
2026-06-05,14,54.71,45,38.29,76.59,2026-06-05T09:00:00+08:00,2026-06-05T21:00:00+08:00,OPERATING,25.39,0.2,16.34,0,0,0,,2026-08-31T02:21:38.422656+00:00
2026-06-05,15,56.71,43,39.7,79.39,2026-06-05T09:00:00+08:00,2026-06-05T21:00:00+08:00,OPERATING,23.65,0.2,14.89,0,0,0,,2026-08-31T02:21:38.422656+00:00
2026-06-05,16,55.7,46,38.99,77.98,2026-06-05T09:00:00+08:00,2026-06-05T21:00:00+08:00,OPERATING,23.11,0.2,15.42,0,0,0,,2026-08-31T02:21:38.422656+00:00
2026-06-05,17,51.82,43,36.27,72.55,2026-06-05T09:00:00+08:00,2026-06-05T21:00:00+08:00,OPERATING,23.06,0.2,13.66,0,0,0,,2026-08-31T02:21:38.422656+00:00
2026-06-05,18,44.25,46,30.98,61.96,2026-06-05T09:00:00+08:00,2026-06-05T21:00:00+08:00,OPERATING,22.95,0.2,14.32,0,0,0,,2026-08-31T02:21:38.422656+00:00
2026-06-05,19,42.25,44,29.57,59.14,2026-06-05T09:00:00+08:00,2026-06-05T21:00:00+08:00,OPERATING,21.99,0.2,14.6,0,0,0,,2026-08-31T02:21:38.422656+00:00
2026-06-05,20,30.54,46,21.38,42.75,2026-06-05T09:00:00+08:00,2026-06-05T21:00:00+08:00,OPERATING,23.11,0.2,12.57,0,0,0,,2026-08-31T02:21:38.422656+00:00
2026-06-05,21,23.97,43,16.78,33.56,2026-06-05T09:00:00+08:00,2026-06-05T21:00:00+08:00,OPERATING,21.67,0.2,15.71,0,0,0,,2026-08-31T02:21:38.422656+00:00
2026-06-06,9,43.04,46,30.13,60.25,2026-06-06T09:00:00+08:00,2026-06-06T21:00:00+08:00,OPERATING,22.47,0.3,15.58,1,1,0,,2026-08-31T02:21:38.422656+00:00
2026-06-06,10,56.22,45,39.35,78.71,2026-06-06T09:00:00+08:00,2026-06-06T21:00:00+08:00,OPERATING,19.88,0.3,16.71,1,1,0,,2026-08-31T02:21:38.422656+00:00
2026-06-06,11,71.73,43,50.21,100.42,2026-06-06T09:00:00+08:00,2026-06-06T21:00:00+08:00,OPERATING,22.29,0.3,13.27,1,1,0,,2026-08-31T02:21:38.422656+00:00
2026-06-06,12,80.37,44,56.26,112.51,2026-06-06T09:00:00+08:00,2026-06-06T21:00:00+08:00,OPERATING,21.31,0.3,15.35,1,1,0,,2026-08-31T02:21:38.422656+00:00
2026-06-06,13,81.71,47,57.2,114.4,2026-06-06T09:00:00+08:00,2026-06-06T21:00:00+08:00,OPERATING,21.75,0.3,17.31,1,1,0,,2026-08-31T02:21:38.422656+00:00
2026-06-06,14,81.64,45,57.15,114.3,2026-06-06T09:00:00+08:00,2026-06-06T21:00:00+08:00,OPERATING,22.38,0.3,13.15,1,1,0,,2026-08-31T02:21:38.422656+00:00
2026-06-06,15,86.45,44,60.51,121.03,2026-06-06T09:00:00+08:00,2026-06-06T21:00:00+08:00,OPERATING,21.51,0.3,14.56,1,1,0,,2026-08-31T02:21:38.422656+00:00
2026-06-06,16,80.79,43,56.55,113.11,2026-06-06T09:00:00+08:00,2026-06-06T21:00:00+08:00,OPERATING,21.97,0.3,14.54,1,1,0,,2026-08-31T02:21:38.422656+00:00
2026-06-06,17,77.91,45,54.54,109.08,2026-06-06T09:00:00+08:00,2026-06-06T21:00:00+08:00,OPERATING,23.5,0.3,17.91,1,1,0,,2026-08-31T02:21:38.422656+00:00
2026-06-06,18,74.47,46,52.13,104.25,2026-06-06T09:00:00+08:00,2026-06-06T21:00:00+08:00,OPERATING,22.28,0.3,14.84,1,1,0,,2026-08-31T02:21:38.422656+00:00
2026-06-06,19,61.95,44,43.37,86.74,2026-06-06T09:00:00+08:00,2026-06-06T21:00:00+08:00,OPERATING,22.72,0.3,14.32,1,1,0,,2026-08-31T02:21:38.422656+00:00
2026-06-06,20,53.93,46,37.75,75.51,2026-06-06T09:00:00+08:00,2026-06-06T21:00:00+08:00,OPERATING,20.72,0.3,13.31,1,1,0,,2026-08-31T02:21:38.422656+00:00
2026-06-06,21,37.78,47,26.45,52.89,2026-06-06T09:00:00+08:00,2026-06-06T21:00:00+08:00,OPERATING,22.18,0.3,14.72,1,1,0,,2026-08-31T02:21:38.422656+00:00
2026-06-07,9,40.3,44,28.21,56.42,2026-06-07T09:00:00+08:00,2026-06-07T21:00:00+08:00,OPERATING,22.29,0.0,16.1,1,1,0,,2026-08-31T02:21:38.422656+00:00
2026-06-07,10,59.05,46,41.33,82.67,2026-06-07T09:00:00+08:00,2026-06-07T21:00:00+08:00,OPERATING,23.62,0.0,14.51,1,1,0,,2026-08-31T02:21:38.422656+00:00
2026-06-07,11,70.15,45,49.1,98.21,2026-06-07T09:00:00+08:00,2026-06-07T21:00:00+08:00,OPERATING,23.04,0.0,13.52,1,1,0,,2026-08-31T02:21:38.422656+00:00
2026-06-07,12,80.6,45,56.42,112.85,2026-06-07T09:00:00+08:00,2026-06-07T21:00:00+08:00,OPERATING,23.84,0.0,15.25,1,1,0,,2026-08-31T02:21:38.422656+00:00
2026-06-07,13,81.47,45,57.03,114.05,2026-06-07T09:00:00+08:00,2026-06-07T21:00:00+08:00,OPERATING,22.86,0.0,16.26,1,1,0,,2026-08-31T02:21:38.422656+00:00
2026-06-07,14,85.49,43,59.85,119.69,2026-06-07T09:00:00+08:00,2026-06-07T21:00:00+08:00,OPERATING,23.37,0.0,13.4,1,1,0,,2026-08-31T02:21:38.422656+00:00
2026-06-07,15,87.46,46,61.23,122.45,2026-06-07T09:00:00+08:00,2026-06-07T21:00:00+08:00,OPERATING,22.74,0.0,14.99,1,1,0,,2026-08-31T02:21:38.422656+00:00
2026-06-07,16,80.72,47,56.51,113.01,2026-06-07T09:00:00+08:00,2026-06-07T21:00:00+08:00,OPERATING,22.6,0.0,15.08,1,1,0,,2026-08-31T02:21:38.422656+00:00
2026-06-07,17,76.77,47,53.74,107.48,2026-06-07T09:00:00+08:00,2026-06-07T21:00:00+08:00,OPERATING,23.36,0.0,14.32,1,1,0,,2026-08-31T02:21:38.422656+00:00
2026-06-07,18,71.57,44,50.1,100.2,2026-06-07T09:00:00+08:00,2026-06-07T21:00:00+08:00,OPERATING,22.76,0.0,14.42,1,1,0,,2026-08-31T02:21:38.422656+00:00
2026-06-07,19,60.97,47,42.68,85.35,2026-06-07T09:00:00+08:00,2026-06-07T21:00:00+08:00,OPERATING,23.02,0.0,14.23,1,1,0,,2026-08-31T02:21:38.422656+00:00
2026-06-07,20,48.86,43,34.2,68.41,2026-06-07T09:00:00+08:00,2026-06-07T21:00:00+08:00,OPERATING,23.82,0.0,11.19,1,1,0,,2026-08-31T02:21:38.422656+00:00
2026-06-07,21,40.24,44,28.17,56.33,2026-06-07T09:00:00+08:00,2026-06-07T21:00:00+08:00,OPERATING,22.22,0.0,13.21,1,1,0,,2026-08-31T02:21:38.422656+00:00
2026-06-08,9,27.34,46,19.14,38.28,2026-06-08T09:00:00+08:00,2026-06-08T21:00:00+08:00,OPERATING,20.54,0.4,17.97,0,0,0,,2026-08-31T02:21:38.422656+00:00
2026-06-08,10,34.89,43,24.42,48.84,2026-06-08T09:00:00+08:00,2026-06-08T21:00:00+08:00,OPERATING,21.33,0.4,15.63,0,0,0,,2026-08-31T02:21:38.422656+00:00
2026-06-08,11,42.57,45,29.8,59.6,2026-06-08T09:00:00+08:00,2026-06-08T21:00:00+08:00,OPERATING,20.51,0.4,17.17,0,0,0,,2026-08-31T02:21:38.422656+00:00
2026-06-08,12,51.06,47,35.74,71.49,2026-06-08T09:00:00+08:00,2026-06-08T21:00:00+08:00,OPERATING,20.71,0.4,15.72,0,0,0,,2026-08-31T02:21:38.422656+00:00
2026-06-08,13,51.66,45,36.16,72.32,2026-06-08T09:00:00+08:00,2026-06-08T21:00:00+08:00,OPERATING,21.43,0.4,16.35,0,0,0,,2026-08-31T02:21:38.422656+00:00
2026-06-08,14,54.18,45,37.93,75.86,2026-06-08T09:00:00+08:00,2026-06-08T21:00:00+08:00,OPERATING,20.32,0.4,17.72,0,0,0,,2026-08-31T02:21:38.422656+00:00
2026-06-08,15,55.98,46,39.19,78.37,2026-06-08T09:00:00+08:00,2026-06-08T21:00:00+08:00,OPERATING,21.11,0.4,16.28,0,0,0,,2026-08-31T02:21:38.422656+00:00
2026-06-08,16,53.65,44,37.55,75.1,2026-06-08T09:00:00+08:00,2026-06-08T21:00:00+08:00,OPERATING,22.21,0.4,15.9,0,0,0,,2026-08-31T02:21:38.422656+00:00
2026-06-08,17,48.05,43,33.63,67.27,2026-06-08T09:00:00+08:00,2026-06-08T21:00:00+08:00,OPERATING,19.66,0.4,18.42,0,0,0,,2026-08-31T02:21:38.422656+00:00
2026-06-08,18,45.77,47,32.04,64.08,2026-06-08T09:00:00+08:00,2026-06-08T21:00:00+08:00,OPERATING,20.42,0.4,16.42,0,0,0,,2026-08-31T02:21:38.422656+00:00
2026-06-08,19,39.17,47,27.42,54.84,2026-06-08T09:00:00+08:00,2026-06-08T21:00:00+08:00,OPERATING,20.23,0.4,18.62,0,0,0,,2026-08-31T02:21:38.422656+00:00
2026-06-08,20,34.27,47,23.99,47.98,2026-06-08T09:00:00+08:00,2026-06-08T21:00:00+08:00,OPERATING,20.99,0.4,17.34,0,0,0,,2026-08-31T02:21:38.422656+00:00
2026-06-08,21,22.09,46,15.46,30.93,2026-06-08T09:00:00+08:00,2026-06-08T21:00:00+08:00,OPERATING,21.5,0.4,16.18,0,0,0,,2026-08-31T02:21:38.422656+00:00
2026-06-09,9,24.87,43,17.41,34.82,2026-06-09T09:00:00+08:00,2026-06-09T21:00:00+08:00,OPERATING,19.84,0.9,8.95,0,0,0,,2026-08-31T02:21:38.422656+00:00
2026-06-09,10,35.38,45,24.77,49.54,2026-06-09T09:00:00+08:00,2026-06-09T21:00:00+08:00,OPERATING,20.47,0.9,11.64,0,0,0,,2026-08-31T02:21:38.422656+00:00
2026-06-09,11,41.34,47,28.93,57.87,2026-06-09T09:00:00+08:00,2026-06-09T21:00:00+08:00,OPERATING,21.86,0.9,9.62,0,0,0,,2026-08-31T02:21:38.422656+00:00
2026-06-09,12,47.17,45,33.02,66.04,2026-06-09T09:00:00+08:00,2026-06-09T21:00:00+08:00,OPERATING,21.58,0.9,9.8,0,0,0,,2026-08-31T02:21:38.422656+00:00
2026-06-09,13,47.9,47,33.53,67.06,2026-06-09T09:00:00+08:00,2026-06-09T21:00:00+08:00,OPERATING,21.54,0.9,9.62,0,0,0,,2026-08-31T02:21:38.422656+00:00
2026-06-09,14,48.36,43,33.85,67.71,2026-06-09T09:00:00+08:00,2026-06-09T21:00:00+08:00,OPERATING,21.08,0.9,8.07,0,0,0,,2026-08-31T02:21:38.422656+00:00
2026-06-09,15,50.97,45,35.68,71.36,2026-06-09T09:00:00+08:00,2026-06-09T21:00:00+08:00,OPERATING,20.69,0.9,9.35,0,0,0,,2026-08-31T02:21:38.422656+00:00
2026-06-09,16,51.08,45,35.75,71.51,2026-06-09T09:00:00+08:00,2026-06-09T21:00:00+08:00,OPERATING,20.82,0.9,9.1,0,0,0,,2026-08-31T02:21:38.422656+00:00
2026-06-09,17,44.38,47,31.07,62.14,2026-06-09T09:00:00+08:00,2026-06-09T21:00:00+08:00,OPERATING,21.43,0.9,11.15,0,0,0,,2026-08-31T02:21:38.422656+00:00
2026-06-09,18,40.5,47,28.35,56.71,2026-06-09T09:00:00+08:00,2026-06-09T21:00:00+08:00,OPERATING,20.8,0.9,10.65,0,0,0,,2026-08-31T02:21:38.422656+00:00
2026-06-09,19,36.88,45,25.82,51.63,2026-06-09T09:00:00+08:00,2026-06-09T21:00:00+08:00,OPERATING,20.35,0.9,11.5,0,0,0,,2026-08-31T02:21:38.422656+00:00
2026-06-09,20,29.53,45,20.67,41.35,2026-06-09T09:00:00+08:00,2026-06-09T21:00:00+08:00,OPERATING,22.03,0.9,9.29,0,0,0,,2026-08-31T02:21:38.422656+00:00
2026-06-09,21,23.28,45,16.3,32.59,2026-06-09T09:00:00+08:00,2026-06-09T21:00:00+08:00,OPERATING,20.55,0.9,9.44,0,0,0,,2026-08-31T02:21:38.422656+00:00
2026-06-10,9,29.14,45,20.4,40.8,2026-06-10T09:00:00+08:00,2026-06-10T21:00:00+08:00,OPERATING,21.48,0.0,11.85,0,0,0,,2026-08-31T02:21:38.422656+00:00
2026-06-10,10,40.47,46,28.33,56.65,2026-06-10T09:00:00+08:00,2026-06-10T21:00:00+08:00,OPERATING,22.28,0.0,11.79,0,0,0,,2026-08-31T02:21:38.422656+00:00
2026-06-10,11,50.41,43,35.29,70.57,2026-06-10T09:00:00+08:00,2026-06-10T21:00:00+08:00,OPERATING,22.78,0.0,12.02,0,0,0,,2026-08-31T02:21:38.422656+00:00
2026-06-10,12,54.33,46,38.03,76.07,2026-06-10T09:00:00+08:00,2026-06-10T21:00:00+08:00,OPERATING,21.12,0.0,12.64,0,0,0,,2026-08-31T02:21:38.422656+00:00
2026-06-10,13,54.18,46,37.93,75.85,2026-06-10T09:00:00+08:00,2026-06-10T21:00:00+08:00,OPERATING,21.67,0.0,12.64,0,0,0,,2026-08-31T02:21:38.422656+00:00
2026-06-10,14,59.82,47,41.88,83.75,2026-06-10T09:00:00+08:00,2026-06-10T21:00:00+08:00,OPERATING,21.84,0.0,11.22,0,0,0,,2026-08-31T02:21:38.422656+00:00
2026-06-10,15,62.97,43,44.08,88.16,2026-06-10T09:00:00+08:00,2026-06-10T21:00:00+08:00,OPERATING,22.74,0.0,11.71,0,0,0,,2026-08-31T02:21:38.422656+00:00
2026-06-10,16,59.27,47,41.49,82.98,2026-06-10T09:00:00+08:00,2026-06-10T21:00:00+08:00,OPERATING,23.04,0.0,13.32,0,0,0,,2026-08-31T02:21:38.422656+00:00
2026-06-10,17,58.34,44,40.83,81.67,2026-06-10T09:00:00+08:00,2026-06-10T21:00:00+08:00,OPERATING,22.17,0.0,10.55,0,0,0,,2026-08-31T02:21:38.422656+00:00
2026-06-10,18,54.32,44,38.03,76.05,2026-06-10T09:00:00+08:00,2026-06-10T21:00:00+08:00,OPERATING,20.64,0.0,13.14,0,0,0,,2026-08-31T02:21:38.422656+00:00
2026-06-10,19,42.11,47,29.48,58.96,2026-06-10T09:00:00+08:00,2026-06-10T21:00:00+08:00,OPERATING,21.93,0.0,10.39,0,0,0,,2026-08-31T02:21:38.422656+00:00
2026-06-10,20,33.56,47,23.49,46.98,2026-06-10T09:00:00+08:00,2026-06-10T21:00:00+08:00,OPERATING,20.87,0.0,11.87,0,0,0,,2026-08-31T02:21:38.422656+00:00
2026-06-10,21,25.55,44,17.89,35.78,2026-06-10T09:00:00+08:00,2026-06-10T21:00:00+08:00,OPERATING,23.63,0.0,10.47,0,0,0,,2026-08-31T02:21:38.422656+00:00
2026-06-11,9,27.49,46,19.24,38.49,2026-06-11T09:00:00+08:00,2026-06-11T21:00:00+08:00,OPERATING,24.2,0.0,14.23,0,0,0,,2026-08-31T02:21:38.422656+00:00
2026-06-11,10,41.19,43,28.83,57.67,2026-06-11T09:00:00+08:00,2026-06-11T21:00:00+08:00,OPERATING,22.98,0.0,11.98,0,0,0,,2026-08-31T02:21:38.422656+00:00
2026-06-11,11,46.2,43,32.34,64.68,2026-06-11T09:00:00+08:00,2026-06-11T21:00:00+08:00,OPERATING,24.04,0.0,13.22,0,0,0,,2026-08-31T02:21:38.422656+00:00
2026-06-11,12,56.12,47,39.28,78.57,2026-06-11T09:00:00+08:00,2026-06-11T21:00:00+08:00,OPERATING,24.22,0.0,14.39,0,0,0,,2026-08-31T02:21:38.422656+00:00
2026-06-11,13,58.16,47,40.71,81.42,2026-06-11T09:00:00+08:00,2026-06-11T21:00:00+08:00,OPERATING,25.37,0.0,12.6,0,0,0,,2026-08-31T02:21:38.422656+00:00
2026-06-11,14,61.91,46,43.34,86.68,2026-06-11T09:00:00+08:00,2026-06-11T21:00:00+08:00,OPERATING,22.86,0.0,12.8,0,0,0,,2026-08-31T02:21:38.422656+00:00
2026-06-11,15,64.89,46,45.42,90.84,2026-06-11T09:00:00+08:00,2026-06-11T21:00:00+08:00,OPERATING,24.52,0.0,11.75,0,0,0,,2026-08-31T02:21:38.422656+00:00
2026-06-11,16,61.38,46,42.97,85.94,2026-06-11T09:00:00+08:00,2026-06-11T21:00:00+08:00,OPERATING,24.4,0.0,14.0,0,0,0,,2026-08-31T02:21:38.422656+00:00
2026-06-11,17,56.16,47,39.31,78.63,2026-06-11T09:00:00+08:00,2026-06-11T21:00:00+08:00,OPERATING,25.56,0.0,11.9,0,0,0,,2026-08-31T02:21:38.422656+00:00
2026-06-11,18,50.19,46,35.13,70.27,2026-06-11T09:00:00+08:00,2026-06-11T21:00:00+08:00,OPERATING,25.13,0.0,13.11,0,0,0,,2026-08-31T02:21:38.422656+00:00
2026-06-11,19,46.13,44,32.29,64.59,2026-06-11T09:00:00+08:00,2026-06-11T21:00:00+08:00,OPERATING,24.34,0.0,12.81,0,0,0,,2026-08-31T02:21:38.422656+00:00
2026-06-11,20,35.24,45,24.67,49.33,2026-06-11T09:00:00+08:00,2026-06-11T21:00:00+08:00,OPERATING,23.7,0.0,13.1,0,0,0,,2026-08-31T02:21:38.422656+00:00
2026-06-11,21,28.86,46,20.2,40.4,2026-06-11T09:00:00+08:00,2026-06-11T21:00:00+08:00,OPERATING,24.66,0.0,13.18,0,0,0,,2026-08-31T02:21:38.422656+00:00
2026-06-12,9,21.68,44,15.18,30.36,2026-06-12T09:00:00+08:00,2026-06-12T21:00:00+08:00,OPERATING,25.83,0.0,12.25,0,0,0,,2026-08-31T02:21:38.422656+00:00
2026-06-12,10,35.81,45,25.06,50.13,2026-06-12T09:00:00+08:00,2026-06-12T21:00:00+08:00,OPERATING,28.46,0.0,13.13,0,0,0,,2026-08-31T02:21:38.422656+00:00
2026-06-12,11,43.54,45,30.48,60.96,2026-06-12T09:00:00+08:00,2026-06-12T21:00:00+08:00,OPERATING,27.54,0.0,13.38,0,0,0,,2026-08-31T02:21:38.422656+00:00
2026-06-12,12,50.39,43,35.27,70.54,2026-06-12T09:00:00+08:00,2026-06-12T21:00:00+08:00,OPERATING,24.87,0.0,13.26,0,0,0,,2026-08-31T02:21:38.422656+00:00
2026-06-12,13,50.16,44,35.11,70.23,2026-06-12T09:00:00+08:00,2026-06-12T21:00:00+08:00,OPERATING,25.95,0.0,12.91,0,0,0,,2026-08-31T02:21:38.422656+00:00
2026-06-12,14,56.85,47,39.8,79.59,2026-06-12T09:00:00+08:00,2026-06-12T21:00:00+08:00,OPERATING,26.21,0.0,13.13,0,0,0,,2026-08-31T02:21:38.422656+00:00
2026-06-12,15,54.44,44,38.1,76.21,2026-06-12T09:00:00+08:00,2026-06-12T21:00:00+08:00,OPERATING,25.39,0.0,14.08,0,0,0,,2026-08-31T02:21:38.422656+00:00
2026-06-12,16,52.53,46,36.77,73.54,2026-06-12T09:00:00+08:00,2026-06-12T21:00:00+08:00,OPERATING,26.3,0.0,14.75,0,0,0,,2026-08-31T02:21:38.422656+00:00
2026-06-12,17,49.85,44,34.89,69.79,2026-06-12T09:00:00+08:00,2026-06-12T21:00:00+08:00,OPERATING,26.19,0.0,14.72,0,0,0,,2026-08-31T02:21:38.422656+00:00
2026-06-12,18,45.71,47,32.0,63.99,2026-06-12T09:00:00+08:00,2026-06-12T21:00:00+08:00,OPERATING,26.26,0.0,13.26,0,0,0,,2026-08-31T02:21:38.422656+00:00
2026-06-12,19,36.72,46,25.7,51.4,2026-06-12T09:00:00+08:00,2026-06-12T21:00:00+08:00,OPERATING,26.47,0.0,13.93,0,0,0,,2026-08-31T02:21:38.422656+00:00
2026-06-12,20,34.6,45,24.22,48.44,2026-06-12T09:00:00+08:00,2026-06-12T21:00:00+08:00,OPERATING,26.14,0.0,14.36,0,0,0,,2026-08-31T02:21:38.422656+00:00
2026-06-12,21,21.0,45,14.7,29.39,2026-06-12T09:00:00+08:00,2026-06-12T21:00:00+08:00,OPERATING,24.79,0.0,13.85,0,0,0,,2026-08-31T02:21:38.422656+00:00
2026-06-13,9,27.56,44,19.29,38.59,2026-06-13T09:00:00+08:00,2026-06-13T21:00:00+08:00,OPERATING,24.08,5.8,17.11,1,1,0,,2026-08-31T02:21:38.422656+00:00
2026-06-13,10,42.66,44,29.86,59.73,2026-06-13T09:00:00+08:00,2026-06-13T21:00:00+08:00,OPERATING,22.44,5.8,18.54,1,1,0,,2026-08-31T02:21:38.422656+00:00
2026-06-13,11,59.77,47,41.84,83.68,2026-06-13T09:00:00+08:00,2026-06-13T21:00:00+08:00,OPERATING,24.28,5.8,18.89,1,1,0,,2026-08-31T02:21:38.422656+00:00
2026-06-13,12,61.84,46,43.29,86.58,2026-06-13T09:00:00+08:00,2026-06-13T21:00:00+08:00,OPERATING,25.03,5.8,20.19,1,1,0,,2026-08-31T02:21:38.422656+00:00
2026-06-13,13,55.78,46,45.94,91.88,2026-06-13T09:00:00+08:00,2026-06-13T21:00:00+08:00,OPERATING,23.33,5.8,19.59,1,1,0,,2026-08-31T02:21:38.422656+00:00
2026-06-13,14,58.19,45,47.92,95.84,2026-06-13T09:00:00+08:00,2026-06-13T21:00:00+08:00,OPERATING,23.51,5.8,19.23,1,1,0,,2026-08-31T02:21:38.422656+00:00
2026-06-13,15,58.77,46,48.4,96.8,2026-06-13T09:00:00+08:00,2026-06-13T21:00:00+08:00,OPERATING,23.49,5.8,17.42,1,1,0,,2026-08-31T02:21:38.422656+00:00
2026-06-13,16,56.1,44,46.2,92.4,2026-06-13T09:00:00+08:00,2026-06-13T21:00:00+08:00,OPERATING,22.88,5.8,19.74,1,1,0,,2026-08-31T02:21:38.422656+00:00
2026-06-13,17,61.75,45,43.22,86.45,2026-06-13T09:00:00+08:00,2026-06-13T21:00:00+08:00,OPERATING,22.77,5.8,19.12,1,1,0,,2026-08-31T02:21:38.422656+00:00
2026-06-13,18,57.93,47,40.55,81.1,2026-06-13T09:00:00+08:00,2026-06-13T21:00:00+08:00,OPERATING,22.71,5.8,19.91,1,1,0,,2026-08-31T02:21:38.422656+00:00
2026-06-13,19,48.3,43,33.81,67.62,2026-06-13T09:00:00+08:00,2026-06-13T21:00:00+08:00,OPERATING,23.7,5.8,17.9,1,1,0,,2026-08-31T02:21:38.422656+00:00
2026-06-13,20,38.72,44,27.11,54.21,2026-06-13T09:00:00+08:00,2026-06-13T21:00:00+08:00,OPERATING,22.88,5.8,17.94,1,1,0,,2026-08-31T02:21:38.422656+00:00
2026-06-13,21,30.75,43,21.52,43.04,2026-06-13T09:00:00+08:00,2026-06-13T21:00:00+08:00,OPERATING,23.93,5.8,18.01,1,1,0,,2026-08-31T02:21:38.422656+00:00
2026-06-14,9,24.86,45,17.4,34.8,2026-06-14T09:00:00+08:00,2026-06-14T21:00:00+08:00,OPERATING,22.73,9.2,16.86,1,1,0,,2026-08-31T02:21:38.422656+00:00
2026-06-14,10,37.12,44,25.98,51.97,2026-06-14T09:00:00+08:00,2026-06-14T21:00:00+08:00,OPERATING,22.53,9.2,17.15,1,1,0,,2026-08-31T02:21:38.422656+00:00
2026-06-14,11,49.46,43,34.62,69.24,2026-06-14T09:00:00+08:00,2026-06-14T21:00:00+08:00,OPERATING,20.21,9.2,16.15,1,1,0,,2026-08-31T02:21:38.422656+00:00
2026-06-14,12,47.97,46,33.58,67.16,2026-06-14T09:00:00+08:00,2026-06-14T21:00:00+08:00,OPERATING,21.75,9.2,15.72,1,1,0,,2026-08-31T02:21:38.422656+00:00
2026-06-14,13,44.91,44,36.98,73.97,2026-06-14T09:00:00+08:00,2026-06-14T21:00:00+08:00,OPERATING,22.46,9.2,19.04,1,1,0,,2026-08-31T02:21:38.422656+00:00
2026-06-14,14,48.04,46,39.56,79.13,2026-06-14T09:00:00+08:00,2026-06-14T21:00:00+08:00,OPERATING,20.97,9.2,17.96,1,1,0,,2026-08-31T02:21:38.422656+00:00
2026-06-14,15,52.17,47,42.96,85.92,2026-06-14T09:00:00+08:00,2026-06-14T21:00:00+08:00,OPERATING,22.14,9.2,18.08,1,1,0,,2026-08-31T02:21:38.422656+00:00
2026-06-14,16,46.51,43,38.31,76.61,2026-06-14T09:00:00+08:00,2026-06-14T21:00:00+08:00,OPERATING,22.48,9.2,16.34,1,1,0,,2026-08-31T02:21:38.422656+00:00
2026-06-14,17,47.26,44,33.08,66.16,2026-06-14T09:00:00+08:00,2026-06-14T21:00:00+08:00,OPERATING,20.85,9.2,17.48,1,1,0,,2026-08-31T02:21:38.422656+00:00
2026-06-14,18,43.96,46,30.77,61.55,2026-06-14T09:00:00+08:00,2026-06-14T21:00:00+08:00,OPERATING,22.63,9.2,16.08,1,1,0,,2026-08-31T02:21:38.422656+00:00
2026-06-14,19,41.38,46,28.97,57.93,2026-06-14T09:00:00+08:00,2026-06-14T21:00:00+08:00,OPERATING,22.05,9.2,16.51,1,1,0,,2026-08-31T02:21:38.422656+00:00
2026-06-14,20,32.82,46,22.97,45.95,2026-06-14T09:00:00+08:00,2026-06-14T21:00:00+08:00,OPERATING,22.68,9.2,17.58,1,1,0,,2026-08-31T02:21:38.422656+00:00
2026-06-14,21,24.55,47,17.18,34.37,2026-06-14T09:00:00+08:00,2026-06-14T21:00:00+08:00,OPERATING,22.45,9.2,17.32,1,1,0,,2026-08-31T02:21:38.422656+00:00
2026-06-15,9,21.87,45,15.31,30.62,2026-06-15T09:00:00+08:00,2026-06-15T21:00:00+08:00,OPERATING,22.83,6.1,17.32,0,0,0,,2026-08-31T02:21:38.422656+00:00
2026-06-15,10,27.68,47,19.38,38.75,2026-06-15T09:00:00+08:00,2026-06-15T21:00:00+08:00,OPERATING,23.83,6.1,17.53,0,0,0,,2026-08-31T02:21:38.422656+00:00
2026-06-15,11,36.48,46,25.54,51.07,2026-06-15T09:00:00+08:00,2026-06-15T21:00:00+08:00,OPERATING,23.08,6.1,17.44,0,0,0,,2026-08-31T02:21:38.422656+00:00
2026-06-15,12,36.64,43,25.64,51.29,2026-06-15T09:00:00+08:00,2026-06-15T21:00:00+08:00,OPERATING,23.04,6.1,17.37,0,0,0,,2026-08-31T02:21:38.422656+00:00
2026-06-15,13,34.46,44,28.38,56.76,2026-06-15T09:00:00+08:00,2026-06-15T21:00:00+08:00,OPERATING,23.18,6.1,18.34,0,0,0,,2026-08-31T02:21:38.422656+00:00
2026-06-15,14,36.18,47,29.8,59.6,2026-06-15T09:00:00+08:00,2026-06-15T21:00:00+08:00,OPERATING,22.66,6.1,17.83,0,0,0,,2026-08-31T02:21:38.422656+00:00
2026-06-15,15,35.21,45,29.0,58.0,2026-06-15T09:00:00+08:00,2026-06-15T21:00:00+08:00,OPERATING,22.75,6.1,18.47,0,0,0,,2026-08-31T02:21:38.422656+00:00
2026-06-15,16,37.76,46,31.1,62.19,2026-06-15T09:00:00+08:00,2026-06-15T21:00:00+08:00,OPERATING,23.3,6.1,18.47,0,0,0,,2026-08-31T02:21:38.422656+00:00
2026-06-15,17,37.88,47,26.52,53.03,2026-06-15T09:00:00+08:00,2026-06-15T21:00:00+08:00,OPERATING,23.83,6.1,16.57,0,0,0,,2026-08-31T02:21:38.422656+00:00
2026-06-15,18,40.31,44,28.22,56.44,2026-06-15T09:00:00+08:00,2026-06-15T21:00:00+08:00,OPERATING,23.56,6.1,18.63,0,0,0,,2026-08-31T02:21:38.422656+00:00
2026-06-15,19,33.28,45,23.29,46.59,2026-06-15T09:00:00+08:00,2026-06-15T21:00:00+08:00,OPERATING,23.26,6.1,15.02,0,0,0,,2026-08-31T02:21:38.422656+00:00
2026-06-15,20,25.65,47,17.96,35.91,2026-06-15T09:00:00+08:00,2026-06-15T21:00:00+08:00,OPERATING,22.18,6.1,16.01,0,0,0,,2026-08-31T02:21:38.422656+00:00
2026-06-15,21,18.9,46,13.23,26.47,2026-06-15T09:00:00+08:00,2026-06-15T21:00:00+08:00,OPERATING,22.58,6.1,17.16,0,0,0,,2026-08-31T02:21:38.422656+00:00
2026-06-16,9,22.25,44,15.58,31.15,2026-06-16T09:00:00+08:00,2026-06-16T21:00:00+08:00,OPERATING,24.19,2.4,16.26,0,0,0,,2026-08-31T02:21:38.422656+00:00
2026-06-16,10,31.65,47,22.16,44.31,2026-06-16T09:00:00+08:00,2026-06-16T21:00:00+08:00,OPERATING,22.42,2.4,15.97,0,0,0,,2026-08-31T02:21:38.422656+00:00
2026-06-16,11,40.24,44,28.17,56.33,2026-06-16T09:00:00+08:00,2026-06-16T21:00:00+08:00,OPERATING,23.65,2.4,15.85,0,0,0,,2026-08-31T02:21:38.422656+00:00
2026-06-16,12,44.48,46,31.13,62.27,2026-06-16T09:00:00+08:00,2026-06-16T21:00:00+08:00,OPERATING,24.44,2.4,16.35,0,0,0,,2026-08-31T02:21:38.422656+00:00
2026-06-16,13,44.41,47,31.09,62.17,2026-06-16T09:00:00+08:00,2026-06-16T21:00:00+08:00,OPERATING,23.93,2.4,16.28,0,0,0,,2026-08-31T02:21:38.422656+00:00
2026-06-16,14,45.58,47,31.91,63.82,2026-06-16T09:00:00+08:00,2026-06-16T21:00:00+08:00,OPERATING,25.23,2.4,15.33,0,0,0,,2026-08-31T02:21:38.422656+00:00
2026-06-16,15,51.48,47,36.04,72.08,2026-06-16T09:00:00+08:00,2026-06-16T21:00:00+08:00,OPERATING,23.17,2.4,17.15,0,0,0,,2026-08-31T02:21:38.422656+00:00
2026-06-16,16,46.29,46,32.4,64.81,2026-06-16T09:00:00+08:00,2026-06-16T21:00:00+08:00,OPERATING,24.33,2.4,16.52,0,0,0,,2026-08-31T02:21:38.422656+00:00
2026-06-16,17,42.46,47,29.72,59.44,2026-06-16T09:00:00+08:00,2026-06-16T21:00:00+08:00,OPERATING,22.64,2.4,15.27,0,0,0,,2026-08-31T02:21:38.422656+00:00
2026-06-16,18,40.67,47,28.47,56.93,2026-06-16T09:00:00+08:00,2026-06-16T21:00:00+08:00,OPERATING,24.53,2.4,16.55,0,0,0,,2026-08-31T02:21:38.422656+00:00
2026-06-16,19,39.51,47,27.66,55.31,2026-06-16T09:00:00+08:00,2026-06-16T21:00:00+08:00,OPERATING,24.24,2.4,14.52,0,0,0,,2026-08-31T02:21:38.422656+00:00
2026-06-16,20,32.21,43,22.55,45.09,2026-06-16T09:00:00+08:00,2026-06-16T21:00:00+08:00,OPERATING,25.08,2.4,16.0,0,0,0,,2026-08-31T02:21:38.422656+00:00
2026-06-16,21,22.05,44,15.44,30.87,2026-06-16T09:00:00+08:00,2026-06-16T21:00:00+08:00,OPERATING,22.91,2.4,17.71,0,0,0,,2026-08-31T02:21:38.422656+00:00
2026-06-17,9,27.73,43,19.41,38.82,2026-06-17T09:00:00+08:00,2026-06-17T21:00:00+08:00,OPERATING,25.91,0.8,10.39,0,0,0,,2026-08-31T02:21:38.422656+00:00
2026-06-17,10,39.57,45,27.7,55.4,2026-06-17T09:00:00+08:00,2026-06-17T21:00:00+08:00,OPERATING,24.05,0.8,7.83,0,0,0,,2026-08-31T02:21:38.422656+00:00
2026-06-17,11,45.26,43,31.68,63.36,2026-06-17T09:00:00+08:00,2026-06-17T21:00:00+08:00,OPERATING,26.0,0.8,10.54,0,0,0,,2026-08-31T02:21:38.422656+00:00
2026-06-17,12,49.77,46,34.84,69.67,2026-06-17T09:00:00+08:00,2026-06-17T21:00:00+08:00,OPERATING,24.95,0.8,8.41,0,0,0,,2026-08-31T02:21:38.422656+00:00
2026-06-17,13,54.27,43,37.99,75.98,2026-06-17T09:00:00+08:00,2026-06-17T21:00:00+08:00,OPERATING,24.35,0.8,10.39,0,0,0,,2026-08-31T02:21:38.422656+00:00
2026-06-17,14,58.81,46,41.17,82.33,2026-06-17T09:00:00+08:00,2026-06-17T21:00:00+08:00,OPERATING,26.24,0.8,9.2,0,0,0,,2026-08-31T02:21:38.422656+00:00
2026-06-17,15,58.19,46,40.74,81.47,2026-06-17T09:00:00+08:00,2026-06-17T21:00:00+08:00,OPERATING,24.86,0.8,10.98,0,0,0,,2026-08-31T02:21:38.422656+00:00
2026-06-17,16,56.7,46,39.69,79.38,2026-06-17T09:00:00+08:00,2026-06-17T21:00:00+08:00,OPERATING,25.55,0.8,9.56,0,0,0,,2026-08-31T02:21:38.422656+00:00
2026-06-17,17,52.17,43,36.52,73.03,2026-06-17T09:00:00+08:00,2026-06-17T21:00:00+08:00,OPERATING,26.0,0.8,9.43,0,0,0,,2026-08-31T02:21:38.422656+00:00
2026-06-17,18,43.38,45,30.37,60.73,2026-06-17T09:00:00+08:00,2026-06-17T21:00:00+08:00,OPERATING,25.07,0.8,10.49,0,0,0,,2026-08-31T02:21:38.422656+00:00
2026-06-17,19,40.25,47,28.17,56.34,2026-06-17T09:00:00+08:00,2026-06-17T21:00:00+08:00,OPERATING,24.41,0.8,8.8,0,0,0,,2026-08-31T02:21:38.422656+00:00
2026-06-17,20,35.31,43,24.72,49.44,2026-06-17T09:00:00+08:00,2026-06-17T21:00:00+08:00,OPERATING,26.47,0.8,9.53,0,0,0,,2026-08-31T02:21:38.422656+00:00
2026-06-17,21,24.2,43,16.94,33.88,2026-06-17T09:00:00+08:00,2026-06-17T21:00:00+08:00,OPERATING,24.57,0.8,9.88,0,0,0,,2026-08-31T02:21:38.422656+00:00
2026-06-18,9,22.74,45,15.92,31.83,2026-06-18T09:00:00+08:00,2026-06-18T21:00:00+08:00,OPERATING,23.09,7.0,10.54,0,0,0,,2026-08-31T02:21:38.422656+00:00
2026-06-18,10,24.73,43,17.31,34.63,2026-06-18T09:00:00+08:00,2026-06-18T21:00:00+08:00,OPERATING,25.72,7.0,11.19,0,0,0,,2026-08-31T02:21:38.422656+00:00
2026-06-18,11,26.98,44,18.89,37.77,2026-06-18T09:00:00+08:00,2026-06-18T21:00:00+08:00,OPERATING,25.26,7.0,10.75,0,0,0,,2026-08-31T02:21:38.422656+00:00
2026-06-18,12,28.18,43,19.72,39.45,2026-06-18T09:00:00+08:00,2026-06-18T21:00:00+08:00,OPERATING,25.3,7.0,12.91,0,0,0,,2026-08-31T02:21:38.422656+00:00
2026-06-18,13,28.82,46,23.74,47.47,2026-06-18T09:00:00+08:00,2026-06-18T21:00:00+08:00,OPERATING,24.78,7.0,10.83,0,0,0,,2026-08-31T02:21:38.422656+00:00
2026-06-18,14,30.06,43,24.76,49.52,2026-06-18T09:00:00+08:00,2026-06-18T21:00:00+08:00,OPERATING,25.61,7.0,12.17,0,0,0,,2026-08-31T02:21:38.422656+00:00
2026-06-18,15,30.41,43,25.04,50.08,2026-06-18T09:00:00+08:00,2026-06-18T21:00:00+08:00,OPERATING,25.19,7.0,10.24,0,0,0,,2026-08-31T02:21:38.422656+00:00
2026-06-18,16,31.88,45,26.26,52.51,2026-06-18T09:00:00+08:00,2026-06-18T21:00:00+08:00,OPERATING,25.26,7.0,12.02,0,0,0,,2026-08-31T02:21:38.422656+00:00
2026-06-18,17,31.57,46,22.1,44.2,2026-06-18T09:00:00+08:00,2026-06-18T21:00:00+08:00,OPERATING,25.47,7.0,12.39,0,0,0,,2026-08-31T02:21:38.422656+00:00
2026-06-18,18,30.6,45,21.42,42.84,2026-06-18T09:00:00+08:00,2026-06-18T21:00:00+08:00,OPERATING,24.78,7.0,9.58,0,0,0,,2026-08-31T02:21:38.422656+00:00
2026-06-18,19,25.2,43,17.64,35.28,2026-06-18T09:00:00+08:00,2026-06-18T21:00:00+08:00,OPERATING,24.99,7.0,12.15,0,0,0,,2026-08-31T02:21:38.422656+00:00
2026-06-18,20,20.15,45,14.11,28.21,2026-06-18T09:00:00+08:00,2026-06-18T21:00:00+08:00,OPERATING,26.16,7.0,9.0,0,0,0,,2026-08-31T02:21:38.422656+00:00
2026-06-18,21,19.57,44,13.7,27.4,2026-06-18T09:00:00+08:00,2026-06-18T21:00:00+08:00,OPERATING,24.05,7.0,12.0,0,0,0,,2026-08-31T02:21:38.422656+00:00
2026-06-19,9,28.13,46,19.69,39.39,2026-06-19T09:00:00+08:00,2026-06-19T21:00:00+08:00,OPERATING,24.93,13.8,18.91,1,0,0,,2026-08-31T02:21:38.422656+00:00
2026-06-19,10,41.03,43,28.72,57.45,2026-06-19T09:00:00+08:00,2026-06-19T21:00:00+08:00,OPERATING,26.84,13.8,20.76,1,0,0,,2026-08-31T02:21:38.422656+00:00
2026-06-19,11,47.91,44,33.53,67.07,2026-06-19T09:00:00+08:00,2026-06-19T21:00:00+08:00,OPERATING,26.79,13.8,20.75,1,0,0,,2026-08-31T02:21:38.422656+00:00
2026-06-19,12,52.78,46,36.94,73.89,2026-06-19T09:00:00+08:00,2026-06-19T21:00:00+08:00,OPERATING,25.61,13.8,20.53,1,0,0,,2026-08-31T02:21:38.422656+00:00
2026-06-19,13,45.35,47,37.35,74.69,2026-06-19T09:00:00+08:00,2026-06-19T21:00:00+08:00,OPERATING,24.8,13.8,18.64,1,0,0,,2026-08-31T02:21:38.422656+00:00
2026-06-19,14,51.11,44,42.09,84.19,2026-06-19T09:00:00+08:00,2026-06-19T21:00:00+08:00,OPERATING,26.48,13.8,17.53,1,0,0,,2026-08-31T02:21:38.422656+00:00
2026-06-19,15,54.58,43,44.95,89.9,2026-06-19T09:00:00+08:00,2026-06-19T21:00:00+08:00,OPERATING,24.57,13.8,19.61,1,0,0,,2026-08-31T02:21:38.422656+00:00
2026-06-19,16,49.67,44,40.91,81.82,2026-06-19T09:00:00+08:00,2026-06-19T21:00:00+08:00,OPERATING,26.41,13.8,19.98,1,0,0,,2026-08-31T02:21:38.422656+00:00
2026-06-19,17,57.22,46,40.05,80.11,2026-06-19T09:00:00+08:00,2026-06-19T21:00:00+08:00,OPERATING,26.93,13.8,19.59,1,0,0,,2026-08-31T02:21:38.422656+00:00
2026-06-19,18,48.33,44,33.83,67.67,2026-06-19T09:00:00+08:00,2026-06-19T21:00:00+08:00,OPERATING,25.84,13.8,19.18,1,0,0,,2026-08-31T02:21:38.422656+00:00
2026-06-19,19,46.58,47,32.61,65.22,2026-06-19T09:00:00+08:00,2026-06-19T21:00:00+08:00,OPERATING,24.42,13.8,20.24,1,0,0,,2026-08-31T02:21:38.422656+00:00
2026-06-19,20,34.79,44,24.35,48.71,2026-06-19T09:00:00+08:00,2026-06-19T21:00:00+08:00,OPERATING,26.44,13.8,18.6,1,0,0,,2026-08-31T02:21:38.422656+00:00
2026-06-19,21,25.15,44,17.6,35.21,2026-06-19T09:00:00+08:00,2026-06-19T21:00:00+08:00,OPERATING,26.57,13.8,19.46,1,0,0,,2026-08-31T02:21:38.422656+00:00
2026-06-20,9,23.31,46,16.31,32.63,2026-06-20T09:00:00+08:00,2026-06-20T21:00:00+08:00,OPERATING,26.28,11.0,19.12,1,1,0,,2026-08-31T02:21:38.422656+00:00
2026-06-20,10,39.34,45,27.54,55.07,2026-06-20T09:00:00+08:00,2026-06-20T21:00:00+08:00,OPERATING,26.4,11.0,19.28,1,1,0,,2026-08-31T02:21:38.422656+00:00
2026-06-20,11,47.7,43,33.39,66.79,2026-06-20T09:00:00+08:00,2026-06-20T21:00:00+08:00,OPERATING,26.02,11.0,20.31,1,1,0,,2026-08-31T02:21:38.422656+00:00
2026-06-20,12,53.12,45,37.18,74.36,2026-06-20T09:00:00+08:00,2026-06-20T21:00:00+08:00,OPERATING,26.36,11.0,20.38,1,1,0,,2026-08-31T02:21:38.422656+00:00
2026-06-20,13,47.79,47,39.35,78.71,2026-06-20T09:00:00+08:00,2026-06-20T21:00:00+08:00,OPERATING,26.12,11.0,17.58,1,1,0,,2026-08-31T02:21:38.422656+00:00
2026-06-20,14,49.15,44,40.48,80.96,2026-06-20T09:00:00+08:00,2026-06-20T21:00:00+08:00,OPERATING,26.5,11.0,19.56,1,1,0,,2026-08-31T02:21:38.422656+00:00
2026-06-20,15,52.91,45,43.57,87.14,2026-06-20T09:00:00+08:00,2026-06-20T21:00:00+08:00,OPERATING,25.88,11.0,20.82,1,1,0,,2026-08-31T02:21:38.422656+00:00
2026-06-20,16,51.0,45,42.0,84.0,2026-06-20T09:00:00+08:00,2026-06-20T21:00:00+08:00,OPERATING,26.31,11.0,19.68,1,1,0,,2026-08-31T02:21:38.422656+00:00
2026-06-20,17,54.6,45,38.22,76.45,2026-06-20T09:00:00+08:00,2026-06-20T21:00:00+08:00,OPERATING,26.0,11.0,19.08,1,1,0,,2026-08-31T02:21:38.422656+00:00
2026-06-20,18,50.86,47,35.6,71.21,2026-06-20T09:00:00+08:00,2026-06-20T21:00:00+08:00,OPERATING,25.91,11.0,21.05,1,1,0,,2026-08-31T02:21:38.422656+00:00
2026-06-20,19,40.92,47,28.65,57.29,2026-06-20T09:00:00+08:00,2026-06-20T21:00:00+08:00,OPERATING,27.06,11.0,18.37,1,1,0,,2026-08-31T02:21:38.422656+00:00
2026-06-20,20,35.68,46,24.98,49.96,2026-06-20T09:00:00+08:00,2026-06-20T21:00:00+08:00,OPERATING,25.84,11.0,18.53,1,1,0,,2026-08-31T02:21:38.422656+00:00
2026-06-20,21,23.84,44,16.69,33.38,2026-06-20T09:00:00+08:00,2026-06-20T21:00:00+08:00,OPERATING,27.12,11.0,20.22,1,1,0,,2026-08-31T02:21:38.422656+00:00
2026-06-21,9,29.53,44,20.67,41.35,2026-06-21T09:00:00+08:00,2026-06-21T21:00:00+08:00,OPERATING,25.66,18.1,12.55,1,1,0,,2026-08-31T02:21:38.422656+00:00
2026-06-21,10,41.94,46,29.36,58.71,2026-06-21T09:00:00+08:00,2026-06-21T21:00:00+08:00,OPERATING,24.59,18.1,12.05,1,1,0,,2026-08-31T02:21:38.422656+00:00
2026-06-21,11,47.54,44,33.28,66.56,2026-06-21T09:00:00+08:00,2026-06-21T21:00:00+08:00,OPERATING,23.81,18.1,11.23,1,1,0,,2026-08-31T02:21:38.422656+00:00
2026-06-21,12,55.34,47,38.74,77.47,2026-06-21T09:00:00+08:00,2026-06-21T21:00:00+08:00,OPERATING,25.67,18.1,11.96,1,1,0,,2026-08-31T02:21:38.422656+00:00
2026-06-21,13,45.9,45,37.8,75.6,2026-06-21T09:00:00+08:00,2026-06-21T21:00:00+08:00,OPERATING,24.66,18.1,11.31,1,1,0,,2026-08-31T02:21:38.422656+00:00
2026-06-21,14,50.26,46,41.39,82.77,2026-06-21T09:00:00+08:00,2026-06-21T21:00:00+08:00,OPERATING,25.27,18.1,12.21,1,1,0,,2026-08-31T02:21:38.422656+00:00
2026-06-21,15,52.69,45,43.39,86.78,2026-06-21T09:00:00+08:00,2026-06-21T21:00:00+08:00,OPERATING,23.34,18.1,12.89,1,1,0,,2026-08-31T02:21:38.422656+00:00
2026-06-21,16,50.44,43,41.54,83.08,2026-06-21T09:00:00+08:00,2026-06-21T21:00:00+08:00,OPERATING,24.84,18.1,12.11,1,1,0,,2026-08-31T02:21:38.422656+00:00
2026-06-21,17,54.28,46,37.99,75.99,2026-06-21T09:00:00+08:00,2026-06-21T21:00:00+08:00,OPERATING,25.09,18.1,13.9,1,1,0,,2026-08-31T02:21:38.422656+00:00
2026-06-21,18,44.32,44,31.03,62.05,2026-06-21T09:00:00+08:00,2026-06-21T21:00:00+08:00,OPERATING,22.84,18.1,12.32,1,1,0,,2026-08-31T02:21:38.422656+00:00
2026-06-21,19,40.5,46,28.35,56.69,2026-06-21T09:00:00+08:00,2026-06-21T21:00:00+08:00,OPERATING,24.2,18.1,12.06,1,1,0,,2026-08-31T02:21:38.422656+00:00
2026-06-21,20,36.61,44,25.62,51.25,2026-06-21T09:00:00+08:00,2026-06-21T21:00:00+08:00,OPERATING,25.03,18.1,13.22,1,1,0,,2026-08-31T02:21:38.422656+00:00
2026-06-21,21,22.23,44,15.56,31.12,2026-06-21T09:00:00+08:00,2026-06-21T21:00:00+08:00,OPERATING,24.03,18.1,13.02,1,1,0,,2026-08-31T02:21:38.422656+00:00
2026-06-22,9,15.89,46,11.12,22.24,2026-06-22T09:00:00+08:00,2026-06-22T21:00:00+08:00,OPERATING,22.62,42.9,21.39,0,0,0,,2026-08-31T02:21:38.422656+00:00
2026-06-22,10,24.47,44,17.13,34.26,2026-06-22T09:00:00+08:00,2026-06-22T21:00:00+08:00,OPERATING,24.45,42.9,21.02,0,0,0,,2026-08-31T02:21:38.422656+00:00
2026-06-22,11,30.93,45,21.65,43.31,2026-06-22T09:00:00+08:00,2026-06-22T21:00:00+08:00,OPERATING,22.66,42.9,20.91,0,0,0,,2026-08-31T02:21:38.422656+00:00
2026-06-22,12,32.69,47,22.88,45.76,2026-06-22T09:00:00+08:00,2026-06-22T21:00:00+08:00,OPERATING,23.66,42.9,21.76,0,0,0,,2026-08-31T02:21:38.422656+00:00
2026-06-22,13,31.92,43,26.29,52.57,2026-06-22T09:00:00+08:00,2026-06-22T21:00:00+08:00,OPERATING,22.99,42.9,22.52,0,0,0,,2026-08-31T02:21:38.422656+00:00
2026-06-22,14,33.91,44,27.93,55.85,2026-06-22T09:00:00+08:00,2026-06-22T21:00:00+08:00,OPERATING,21.98,42.9,21.65,0,0,0,,2026-08-31T02:21:38.422656+00:00
2026-06-22,15,33.11,47,27.27,54.53,2026-06-22T09:00:00+08:00,2026-06-22T21:00:00+08:00,OPERATING,22.23,42.9,20.96,0,0,0,,2026-08-31T02:21:38.422656+00:00
2026-06-22,16,33.79,43,27.83,55.65,2026-06-22T09:00:00+08:00,2026-06-22T21:00:00+08:00,OPERATING,23.75,42.9,20.48,0,0,0,,2026-08-31T02:21:38.422656+00:00
2026-06-22,17,36.62,47,25.64,51.27,2026-06-22T09:00:00+08:00,2026-06-22T21:00:00+08:00,OPERATING,21.71,42.9,20.11,0,0,0,,2026-08-31T02:21:38.422656+00:00
2026-06-22,18,28.66,47,20.06,40.12,2026-06-22T09:00:00+08:00,2026-06-22T21:00:00+08:00,OPERATING,22.28,42.9,19.81,0,0,0,,2026-08-31T02:21:38.422656+00:00
2026-06-22,19,26.64,43,18.65,37.3,2026-06-22T09:00:00+08:00,2026-06-22T21:00:00+08:00,OPERATING,23.45,42.9,19.25,0,0,0,,2026-08-31T02:21:38.422656+00:00
2026-06-22,20,25.23,43,17.66,35.33,2026-06-22T09:00:00+08:00,2026-06-22T21:00:00+08:00,OPERATING,24.4,42.9,21.25,0,0,0,,2026-08-31T02:21:38.422656+00:00
2026-06-22,21,13.25,44,9.28,18.55,2026-06-22T09:00:00+08:00,2026-06-22T21:00:00+08:00,OPERATING,23.29,42.9,20.25,0,0,0,,2026-08-31T02:21:38.422656+00:00
2026-06-23,9,19.86,44,13.9,27.81,2026-06-23T09:00:00+08:00,2026-06-23T21:00:00+08:00,OPERATING,22.07,18.8,10.71,0,0,0,,2026-08-31T02:21:38.422656+00:00
2026-06-23,10,25.06,45,17.54,35.08,2026-06-23T09:00:00+08:00,2026-06-23T21:00:00+08:00,OPERATING,22.9,18.8,12.58,0,0,0,,2026-08-31T02:21:38.422656+00:00
2026-06-23,11,37.99,47,26.59,53.19,2026-06-23T09:00:00+08:00,2026-06-23T21:00:00+08:00,OPERATING,22.97,18.8,12.88,0,0,0,,2026-08-31T02:21:38.422656+00:00
2026-06-23,12,41.52,45,29.06,58.13,2026-06-23T09:00:00+08:00,2026-06-23T21:00:00+08:00,OPERATING,22.92,18.8,10.6,0,0,0,,2026-08-31T02:21:38.422656+00:00
2026-06-23,13,31.76,47,26.15,52.3,2026-06-23T09:00:00+08:00,2026-06-23T21:00:00+08:00,OPERATING,22.04,18.8,13.41,0,0,0,,2026-08-31T02:21:38.422656+00:00
2026-06-23,14,35.15,45,28.95,57.89,2026-06-23T09:00:00+08:00,2026-06-23T21:00:00+08:00,OPERATING,22.25,18.8,12.81,0,0,0,,2026-08-31T02:21:38.422656+00:00
2026-06-23,15,36.58,43,30.12,60.25,2026-06-23T09:00:00+08:00,2026-06-23T21:00:00+08:00,OPERATING,22.97,18.8,11.87,0,0,0,,2026-08-31T02:21:38.422656+00:00
2026-06-23,16,37.36,44,30.76,61.53,2026-06-23T09:00:00+08:00,2026-06-23T21:00:00+08:00,OPERATING,23.27,18.8,11.53,0,0,0,,2026-08-31T02:21:38.422656+00:00
2026-06-23,17,41.2,46,28.84,57.68,2026-06-23T09:00:00+08:00,2026-06-23T21:00:00+08:00,OPERATING,21.72,18.8,11.98,0,0,0,,2026-08-31T02:21:38.422656+00:00
2026-06-23,18,39.57,45,27.7,55.4,2026-06-23T09:00:00+08:00,2026-06-23T21:00:00+08:00,OPERATING,21.64,18.8,13.54,0,0,0,,2026-08-31T02:21:38.422656+00:00
2026-06-23,19,30.96,46,21.67,43.35,2026-06-23T09:00:00+08:00,2026-06-23T21:00:00+08:00,OPERATING,22.55,18.8,11.44,0,0,0,,2026-08-31T02:21:38.422656+00:00
2026-06-23,20,24.85,47,17.39,34.79,2026-06-23T09:00:00+08:00,2026-06-23T21:00:00+08:00,OPERATING,23.26,18.8,13.41,0,0,0,,2026-08-31T02:21:38.422656+00:00
2026-06-23,21,16.59,44,11.61,23.23,2026-06-23T09:00:00+08:00,2026-06-23T21:00:00+08:00,OPERATING,22.97,18.8,11.5,0,0,0,,2026-08-31T02:21:38.422656+00:00
2026-06-24,9,16.02,43,11.21,22.42,2026-06-24T09:00:00+08:00,2026-06-24T21:00:00+08:00,OPERATING,23.51,31.5,13.82,0,0,0,,2026-08-31T02:21:38.422656+00:00
2026-06-24,10,22.92,43,16.05,32.09,2026-06-24T09:00:00+08:00,2026-06-24T21:00:00+08:00,OPERATING,23.13,31.5,13.65,0,0,0,,2026-08-31T02:21:38.422656+00:00
2026-06-24,11,29.58,44,20.7,41.41,2026-06-24T09:00:00+08:00,2026-06-24T21:00:00+08:00,OPERATING,22.99,31.5,14.3,0,0,0,,2026-08-31T02:21:38.422656+00:00
2026-06-24,12,29.65,45,20.75,41.51,2026-06-24T09:00:00+08:00,2026-06-24T21:00:00+08:00,OPERATING,23.6,31.5,14.6,0,0,0,,2026-08-31T02:21:38.422656+00:00
2026-06-24,13,30.43,46,25.06,50.12,2026-06-24T09:00:00+08:00,2026-06-24T21:00:00+08:00,OPERATING,23.52,31.5,14.75,0,0,0,,2026-08-31T02:21:38.422656+00:00
2026-06-24,14,29.34,47,24.17,48.33,2026-06-24T09:00:00+08:00,2026-06-24T21:00:00+08:00,OPERATING,23.73,31.5,13.25,0,0,0,,2026-08-31T02:21:38.422656+00:00
2026-06-24,15,31.65,45,26.06,52.12,2026-06-24T09:00:00+08:00,2026-06-24T21:00:00+08:00,OPERATING,21.93,31.5,13.66,0,0,0,,2026-08-31T02:21:38.422656+00:00
2026-06-24,16,29.17,45,24.02,48.04,2026-06-24T09:00:00+08:00,2026-06-24T21:00:00+08:00,OPERATING,22.33,31.5,13.46,0,0,0,,2026-08-31T02:21:38.422656+00:00
2026-06-24,17,37.03,44,25.92,51.84,2026-06-24T09:00:00+08:00,2026-06-24T21:00:00+08:00,OPERATING,22.52,31.5,16.07,0,0,0,,2026-08-31T02:21:38.422656+00:00
2026-06-24,18,29.72,43,20.81,41.61,2026-06-24T09:00:00+08:00,2026-06-24T21:00:00+08:00,OPERATING,22.99,31.5,14.04,0,0,0,,2026-08-31T02:21:38.422656+00:00
2026-06-24,19,24.97,44,17.48,34.95,2026-06-24T09:00:00+08:00,2026-06-24T21:00:00+08:00,OPERATING,21.63,31.5,14.1,0,0,0,,2026-08-31T02:21:38.422656+00:00
2026-06-24,20,20.17,47,14.12,28.24,2026-06-24T09:00:00+08:00,2026-06-24T21:00:00+08:00,OPERATING,21.86,31.5,13.72,0,0,0,,2026-08-31T02:21:38.422656+00:00
2026-06-24,21,16.17,44,11.32,22.64,2026-06-24T09:00:00+08:00,2026-06-24T21:00:00+08:00,OPERATING,22.6,31.5,15.36,0,0,0,,2026-08-31T02:21:38.422656+00:00
2026-06-25,9,22.61,44,15.82,31.65,2026-06-25T09:00:00+08:00,2026-06-25T21:00:00+08:00,OPERATING,24.29,0.6,14.55,0,0,0,,2026-08-31T02:21:38.422656+00:00
2026-06-25,10,34.44,47,24.11,48.22,2026-06-25T09:00:00+08:00,2026-06-25T21:00:00+08:00,OPERATING,21.92,0.6,11.31,0,0,0,,2026-08-31T02:21:38.422656+00:00
2026-06-25,11,35.83,47,25.08,50.17,2026-06-25T09:00:00+08:00,2026-06-25T21:00:00+08:00,OPERATING,22.53,0.6,13.13,0,0,0,,2026-08-31T02:21:38.422656+00:00
2026-06-25,12,38.0,43,26.6,53.2,2026-06-25T09:00:00+08:00,2026-06-25T21:00:00+08:00,OPERATING,23.55,0.6,13.69,0,0,0,,2026-08-31T02:21:38.422656+00:00
2026-06-25,13,43.91,47,30.74,61.47,2026-06-25T09:00:00+08:00,2026-06-25T21:00:00+08:00,OPERATING,24.01,0.6,14.16,0,0,0,,2026-08-31T02:21:38.422656+00:00
2026-06-25,14,42.93,46,30.05,60.1,2026-06-25T09:00:00+08:00,2026-06-25T21:00:00+08:00,OPERATING,23.61,0.6,15.04,0,0,0,,2026-08-31T02:21:38.422656+00:00
2026-06-25,15,46.72,44,32.71,65.41,2026-06-25T09:00:00+08:00,2026-06-25T21:00:00+08:00,OPERATING,22.92,0.6,10.6,0,0,0,,2026-08-31T02:21:38.422656+00:00
2026-06-25,16,46.41,44,32.49,64.97,2026-06-25T09:00:00+08:00,2026-06-25T21:00:00+08:00,OPERATING,22.02,0.6,12.37,0,0,0,,2026-08-31T02:21:38.422656+00:00
2026-06-25,17,39.43,46,27.6,55.2,2026-06-25T09:00:00+08:00,2026-06-25T21:00:00+08:00,OPERATING,23.49,0.6,13.57,0,0,0,,2026-08-31T02:21:38.422656+00:00
2026-06-25,18,39.75,43,27.83,55.65,2026-06-25T09:00:00+08:00,2026-06-25T21:00:00+08:00,OPERATING,23.03,0.6,13.93,0,0,0,,2026-08-31T02:21:38.422656+00:00
2026-06-25,19,31.54,47,22.07,44.15,2026-06-25T09:00:00+08:00,2026-06-25T21:00:00+08:00,OPERATING,22.8,0.6,13.01,0,0,0,,2026-08-31T02:21:38.422656+00:00
2026-06-25,20,28.21,47,19.75,39.49,2026-06-25T09:00:00+08:00,2026-06-25T21:00:00+08:00,OPERATING,22.18,0.6,12.87,0,0,0,,2026-08-31T02:21:38.422656+00:00
2026-06-25,21,19.39,47,13.58,27.15,2026-06-25T09:00:00+08:00,2026-06-25T21:00:00+08:00,OPERATING,22.68,0.6,12.88,0,0,0,,2026-08-31T02:21:38.422656+00:00
2026-06-26,9,33.35,46,23.35,46.69,2026-06-26T09:00:00+08:00,2026-06-26T21:00:00+08:00,OPERATING,23.58,0.0,8.95,0,0,0,,2026-08-31T02:21:38.422656+00:00
2026-06-26,10,41.06,45,28.74,57.48,2026-06-26T09:00:00+08:00,2026-06-26T21:00:00+08:00,OPERATING,23.47,0.0,8.53,0,0,0,,2026-08-31T02:21:38.422656+00:00
2026-06-26,11,52.56,44,36.79,73.58,2026-06-26T09:00:00+08:00,2026-06-26T21:00:00+08:00,OPERATING,23.19,0.0,8.57,0,0,0,,2026-08-31T02:21:38.422656+00:00
2026-06-26,12,61.28,45,42.9,85.79,2026-06-26T09:00:00+08:00,2026-06-26T21:00:00+08:00,OPERATING,23.53,0.0,8.75,0,0,0,,2026-08-31T02:21:38.422656+00:00
2026-06-26,13,63.67,43,44.57,89.14,2026-06-26T09:00:00+08:00,2026-06-26T21:00:00+08:00,OPERATING,24.21,0.0,6.82,0,0,0,,2026-08-31T02:21:38.422656+00:00
2026-06-26,14,63.71,45,44.6,89.2,2026-06-26T09:00:00+08:00,2026-06-26T21:00:00+08:00,OPERATING,24.35,0.0,8.81,0,0,0,,2026-08-31T02:21:38.422656+00:00
2026-06-26,15,72.47,43,50.73,101.46,2026-06-26T09:00:00+08:00,2026-06-26T21:00:00+08:00,OPERATING,21.26,0.0,7.3,0,0,0,,2026-08-31T02:21:38.422656+00:00
2026-06-26,16,67.18,45,47.02,94.05,2026-06-26T09:00:00+08:00,2026-06-26T21:00:00+08:00,OPERATING,24.36,0.0,9.09,0,0,0,,2026-08-31T02:21:38.422656+00:00
2026-06-26,17,56.7,43,39.69,79.38,2026-06-26T09:00:00+08:00,2026-06-26T21:00:00+08:00,OPERATING,23.67,0.0,7.84,0,0,0,,2026-08-31T02:21:38.422656+00:00
2026-06-26,18,54.82,46,38.37,76.74,2026-06-26T09:00:00+08:00,2026-06-26T21:00:00+08:00,OPERATING,23.16,0.0,7.95,0,0,0,,2026-08-31T02:21:38.422656+00:00
2026-06-26,19,51.28,47,35.89,71.79,2026-06-26T09:00:00+08:00,2026-06-26T21:00:00+08:00,OPERATING,23.57,0.0,8.7,0,0,0,,2026-08-31T02:21:38.422656+00:00
2026-06-26,20,36.46,44,25.52,51.04,2026-06-26T09:00:00+08:00,2026-06-26T21:00:00+08:00,OPERATING,24.11,0.0,10.61,0,0,0,,2026-08-31T02:21:38.422656+00:00
2026-06-26,21,29.43,47,20.6,41.21,2026-06-26T09:00:00+08:00,2026-06-26T21:00:00+08:00,OPERATING,23.07,0.0,8.56,0,0,0,,2026-08-31T02:21:38.422656+00:00
2026-06-27,9,32.41,46,22.69,45.38,2026-06-27T09:00:00+08:00,2026-06-27T21:00:00+08:00,OPERATING,23.54,0.9,11.52,1,1,0,,2026-08-31T02:21:38.422656+00:00
2026-06-27,10,49.7,45,34.79,69.59,2026-06-27T09:00:00+08:00,2026-06-27T21:00:00+08:00,OPERATING,24.76,0.9,13.05,1,1,0,,2026-08-31T02:21:38.422656+00:00
2026-06-27,11,61.61,44,43.12,86.25,2026-06-27T09:00:00+08:00,2026-06-27T21:00:00+08:00,OPERATING,24.61,0.9,11.07,1,1,0,,2026-08-31T02:21:38.422656+00:00
2026-06-27,12,70.06,46,49.04,98.08,2026-06-27T09:00:00+08:00,2026-06-27T21:00:00+08:00,OPERATING,22.63,0.9,10.89,1,1,0,,2026-08-31T02:21:38.422656+00:00
2026-06-27,13,69.97,47,48.98,97.95,2026-06-27T09:00:00+08:00,2026-06-27T21:00:00+08:00,OPERATING,23.0,0.9,11.06,1,1,0,,2026-08-31T02:21:38.422656+00:00
2026-06-27,14,77.24,46,54.07,108.14,2026-06-27T09:00:00+08:00,2026-06-27T21:00:00+08:00,OPERATING,23.89,0.9,12.46,1,1,0,,2026-08-31T02:21:38.422656+00:00
2026-06-27,15,77.09,44,53.97,107.93,2026-06-27T09:00:00+08:00,2026-06-27T21:00:00+08:00,OPERATING,24.37,0.9,11.81,1,1,0,,2026-08-31T02:21:38.422656+00:00
2026-06-27,16,72.85,45,50.99,101.98,2026-06-27T09:00:00+08:00,2026-06-27T21:00:00+08:00,OPERATING,23.17,0.9,11.49,1,1,0,,2026-08-31T02:21:38.422656+00:00
2026-06-27,17,68.62,43,48.04,96.07,2026-06-27T09:00:00+08:00,2026-06-27T21:00:00+08:00,OPERATING,24.25,0.9,10.62,1,1,0,,2026-08-31T02:21:38.422656+00:00
2026-06-27,18,58.54,46,40.98,81.95,2026-06-27T09:00:00+08:00,2026-06-27T21:00:00+08:00,OPERATING,23.39,0.9,11.03,1,1,0,,2026-08-31T02:21:38.422656+00:00
2026-06-27,19,53.31,44,37.32,74.63,2026-06-27T09:00:00+08:00,2026-06-27T21:00:00+08:00,OPERATING,23.79,0.9,9.85,1,1,0,,2026-08-31T02:21:38.422656+00:00
2026-06-27,20,43.31,43,30.31,60.63,2026-06-27T09:00:00+08:00,2026-06-27T21:00:00+08:00,OPERATING,24.81,0.9,12.54,1,1,0,,2026-08-31T02:21:38.422656+00:00
2026-06-27,21,29.01,47,20.31,40.62,2026-06-27T09:00:00+08:00,2026-06-27T21:00:00+08:00,OPERATING,23.58,0.9,11.53,1,1,0,,2026-08-31T02:21:38.422656+00:00
2026-06-28,9,37.01,44,25.91,51.82,2026-06-28T09:00:00+08:00,2026-06-28T21:00:00+08:00,OPERATING,26.55,0.5,17.38,1,1,0,,2026-08-31T02:21:38.422656+00:00
2026-06-28,10,51.48,47,36.04,72.08,2026-06-28T09:00:00+08:00,2026-06-28T21:00:00+08:00,OPERATING,24.33,0.5,13.27,1,1,0,,2026-08-31T02:21:38.422656+00:00
2026-06-28,11,62.35,45,43.64,87.28,2026-06-28T09:00:00+08:00,2026-06-28T21:00:00+08:00,OPERATING,25.13,0.5,14.37,1,1,0,,2026-08-31T02:21:38.422656+00:00
2026-06-28,12,70.52,46,49.36,98.73,2026-06-28T09:00:00+08:00,2026-06-28T21:00:00+08:00,OPERATING,25.23,0.5,15.25,1,1,0,,2026-08-31T02:21:38.422656+00:00
2026-06-28,13,75.52,43,52.87,105.73,2026-06-28T09:00:00+08:00,2026-06-28T21:00:00+08:00,OPERATING,26.42,0.5,14.22,1,1,0,,2026-08-31T02:21:38.422656+00:00
2026-06-28,14,76.98,46,53.88,107.77,2026-06-28T09:00:00+08:00,2026-06-28T21:00:00+08:00,OPERATING,26.55,0.5,17.65,1,1,0,,2026-08-31T02:21:38.422656+00:00
2026-06-28,15,85.14,44,59.6,119.19,2026-06-28T09:00:00+08:00,2026-06-28T21:00:00+08:00,OPERATING,24.54,0.5,16.13,1,1,0,,2026-08-31T02:21:38.422656+00:00
2026-06-28,16,77.7,43,54.39,108.77,2026-06-28T09:00:00+08:00,2026-06-28T21:00:00+08:00,OPERATING,24.06,0.5,16.15,1,1,0,,2026-08-31T02:21:38.422656+00:00
2026-06-28,17,72.49,43,50.74,101.49,2026-06-28T09:00:00+08:00,2026-06-28T21:00:00+08:00,OPERATING,26.53,0.5,15.21,1,1,0,,2026-08-31T02:21:38.422656+00:00
2026-06-28,18,65.38,45,45.76,91.53,2026-06-28T09:00:00+08:00,2026-06-28T21:00:00+08:00,OPERATING,27.02,0.5,15.43,1,1,0,,2026-08-31T02:21:38.422656+00:00
2026-06-28,19,60.01,45,42.01,84.01,2026-06-28T09:00:00+08:00,2026-06-28T21:00:00+08:00,OPERATING,24.55,0.5,14.91,1,1,0,,2026-08-31T02:21:38.422656+00:00
2026-06-28,20,48.06,45,33.64,67.28,2026-06-28T09:00:00+08:00,2026-06-28T21:00:00+08:00,OPERATING,25.45,0.5,14.35,1,1,0,,2026-08-31T02:21:38.422656+00:00
2026-06-28,21,33.05,45,23.13,46.27,2026-06-28T09:00:00+08:00,2026-06-28T21:00:00+08:00,OPERATING,25.99,0.5,15.62,1,1,0,,2026-08-31T02:21:38.422656+00:00
2026-06-29,9,22.25,47,15.57,31.15,2026-06-29T09:00:00+08:00,2026-06-29T21:00:00+08:00,OPERATING,25.68,4.0,15.68,0,0,0,,2026-08-31T02:21:38.422656+00:00
2026-06-29,10,29.59,47,20.71,41.42,2026-06-29T09:00:00+08:00,2026-06-29T21:00:00+08:00,OPERATING,26.04,4.0,14.52,0,0,0,,2026-08-31T02:21:38.422656+00:00
2026-06-29,11,39.6,46,27.72,55.44,2026-06-29T09:00:00+08:00,2026-06-29T21:00:00+08:00,OPERATING,25.94,4.0,14.33,0,0,0,,2026-08-31T02:21:38.422656+00:00
2026-06-29,12,42.44,47,29.71,59.42,2026-06-29T09:00:00+08:00,2026-06-29T21:00:00+08:00,OPERATING,24.23,4.0,13.82,0,0,0,,2026-08-31T02:21:38.422656+00:00
2026-06-29,13,45.84,47,32.08,64.17,2026-06-29T09:00:00+08:00,2026-06-29T21:00:00+08:00,OPERATING,25.17,4.0,14.96,0,0,0,,2026-08-31T02:21:38.422656+00:00
2026-06-29,14,49.15,46,34.4,68.8,2026-06-29T09:00:00+08:00,2026-06-29T21:00:00+08:00,OPERATING,25.31,4.0,14.41,0,0,0,,2026-08-31T02:21:38.422656+00:00
2026-06-29,15,49.46,43,34.62,69.25,2026-06-29T09:00:00+08:00,2026-06-29T21:00:00+08:00,OPERATING,24.6,4.0,13.93,0,0,0,,2026-08-31T02:21:38.422656+00:00
2026-06-29,16,49.19,43,34.43,68.86,2026-06-29T09:00:00+08:00,2026-06-29T21:00:00+08:00,OPERATING,23.64,4.0,13.07,0,0,0,,2026-08-31T02:21:38.422656+00:00
2026-06-29,17,44.12,45,30.89,61.77,2026-06-29T09:00:00+08:00,2026-06-29T21:00:00+08:00,OPERATING,26.76,4.0,13.41,0,0,0,,2026-08-31T02:21:38.422656+00:00
2026-06-29,18,37.31,47,26.12,52.24,2026-06-29T09:00:00+08:00,2026-06-29T21:00:00+08:00,OPERATING,26.27,4.0,13.65,0,0,0,,2026-08-31T02:21:38.422656+00:00
2026-06-29,19,33.33,47,23.33,46.66,2026-06-29T09:00:00+08:00,2026-06-29T21:00:00+08:00,OPERATING,27.45,4.0,15.97,0,0,0,,2026-08-31T02:21:38.422656+00:00
2026-06-29,20,26.25,45,18.37,36.75,2026-06-29T09:00:00+08:00,2026-06-29T21:00:00+08:00,OPERATING,24.88,4.0,14.61,0,0,0,,2026-08-31T02:21:38.422656+00:00
2026-06-29,21,21.52,44,15.07,30.13,2026-06-29T09:00:00+08:00,2026-06-29T21:00:00+08:00,OPERATING,25.4,4.0,14.19,0,0,0,,2026-08-31T02:21:38.422656+00:00
2026-06-30,9,14.95,47,10.47,20.93,2026-06-30T09:00:00+08:00,2026-06-30T21:00:00+08:00,OPERATING,25.64,25.9,16.38,0,0,0,,2026-08-31T02:21:38.422656+00:00
2026-06-30,10,16.71,43,11.7,23.39,2026-06-30T09:00:00+08:00,2026-06-30T21:00:00+08:00,OPERATING,24.79,25.9,15.28,0,0,0,,2026-08-31T02:21:38.422656+00:00
2026-06-30,11,22.29,47,15.6,31.21,2026-06-30T09:00:00+08:00,2026-06-30T21:00:00+08:00,OPERATING,25.99,25.9,13.26,0,0,0,,2026-08-31T02:21:38.422656+00:00
2026-06-30,12,25.33,47,17.73,35.46,2026-06-30T09:00:00+08:00,2026-06-30T21:00:00+08:00,OPERATING,24.12,25.9,14.61,0,0,0,,2026-08-31T02:21:38.422656+00:00
2026-06-30,13,21.01,46,17.31,34.61,2026-06-30T09:00:00+08:00,2026-06-30T21:00:00+08:00,OPERATING,23.97,25.9,14.19,0,0,0,,2026-08-31T02:21:38.422656+00:00
2026-06-30,14,22.29,45,18.36,36.72,2026-06-30T09:00:00+08:00,2026-06-30T21:00:00+08:00,OPERATING,25.11,25.9,12.61,0,0,0,,2026-08-31T02:21:38.422656+00:00
2026-06-30,15,23.02,43,18.96,37.92,2026-06-30T09:00:00+08:00,2026-06-30T21:00:00+08:00,OPERATING,24.77,25.9,15.19,0,0,0,,2026-08-31T02:21:38.422656+00:00
2026-06-30,16,22.8,47,18.78,37.55,2026-06-30T09:00:00+08:00,2026-06-30T21:00:00+08:00,OPERATING,25.0,25.9,14.43,0,0,0,,2026-08-31T02:21:38.422656+00:00
2026-06-30,17,25.13,45,17.59,35.18,2026-06-30T09:00:00+08:00,2026-06-30T21:00:00+08:00,OPERATING,25.07,25.9,15.28,0,0,0,,2026-08-31T02:21:38.422656+00:00
2026-06-30,18,24.13,45,16.89,33.78,2026-06-30T09:00:00+08:00,2026-06-30T21:00:00+08:00,OPERATING,25.71,25.9,15.4,0,0,0,,2026-08-31T02:21:38.422656+00:00
2026-06-30,19,21.63,47,15.14,30.28,2026-06-30T09:00:00+08:00,2026-06-30T21:00:00+08:00,OPERATING,25.06,25.9,15.0,0,0,0,,2026-08-31T02:21:38.422656+00:00
2026-06-30,20,20.03,46,14.02,28.04,2026-06-30T09:00:00+08:00,2026-06-30T21:00:00+08:00,OPERATING,25.24,25.9,15.44,0,0,0,,2026-08-31T02:21:38.422656+00:00
2026-06-30,21,11.88,45,8.32,16.63,2026-06-30T09:00:00+08:00,2026-06-30T21:00:00+08:00,OPERATING,25.41,25.9,14.72,0,0,0,,2026-08-31T02:21:38.422656+00:00
2026-07-01,9,23.66,46,16.56,33.13,2026-07-01T09:00:00+08:00,2026-07-01T21:00:00+08:00,OPERATING,26.13,33.0,9.63,0,0,1,summer,2026-08-31T02:21:38.422656+00:00
2026-07-01,10,30.83,46,21.58,43.16,2026-07-01T09:00:00+08:00,2026-07-01T21:00:00+08:00,OPERATING,25.32,33.0,9.93,0,0,1,summer,2026-08-31T02:21:38.422656+00:00
2026-07-01,11,41.39,47,28.97,57.95,2026-07-01T09:00:00+08:00,2026-07-01T21:00:00+08:00,OPERATING,24.85,33.0,9.12,0,0,1,summer,2026-08-31T02:21:38.422656+00:00
2026-07-01,12,43.99,46,30.79,61.58,2026-07-01T09:00:00+08:00,2026-07-01T21:00:00+08:00,OPERATING,23.72,33.0,10.27,0,0,1,summer,2026-08-31T02:21:38.422656+00:00
2026-07-01,13,40.88,46,33.67,67.34,2026-07-01T09:00:00+08:00,2026-07-01T21:00:00+08:00,OPERATING,24.24,33.0,7.52,0,0,1,summer,2026-08-31T02:21:38.422656+00:00
2026-07-01,14,45.32,45,37.32,74.64,2026-07-01T09:00:00+08:00,2026-07-01T21:00:00+08:00,OPERATING,25.09,33.0,10.29,0,0,1,summer,2026-08-31T02:21:38.422656+00:00
2026-07-01,15,44.66,46,36.78,73.55,2026-07-01T09:00:00+08:00,2026-07-01T21:00:00+08:00,OPERATING,24.76,33.0,10.71,0,0,1,summer,2026-08-31T02:21:38.422656+00:00
2026-07-01,16,42.18,45,34.74,69.48,2026-07-01T09:00:00+08:00,2026-07-01T21:00:00+08:00,OPERATING,23.75,33.0,9.66,0,0,1,summer,2026-08-31T02:21:38.422656+00:00
2026-07-01,17,50.41,44,35.29,70.57,2026-07-01T09:00:00+08:00,2026-07-01T21:00:00+08:00,OPERATING,23.52,33.0,9.57,0,0,1,summer,2026-08-31T02:21:38.422656+00:00
2026-07-01,18,35.7,43,24.99,49.99,2026-07-01T09:00:00+08:00,2026-07-01T21:00:00+08:00,OPERATING,23.0,33.0,10.49,0,0,1,summer,2026-08-31T02:21:38.422656+00:00
2026-07-01,19,37.12,43,25.99,51.97,2026-07-01T09:00:00+08:00,2026-07-01T21:00:00+08:00,OPERATING,25.23,33.0,11.85,0,0,1,summer,2026-08-31T02:21:38.422656+00:00
2026-07-01,20,32.39,46,22.68,45.35,2026-07-01T09:00:00+08:00,2026-07-01T21:00:00+08:00,OPERATING,24.72,33.0,9.63,0,0,1,summer,2026-08-31T02:21:38.422656+00:00
2026-07-01,21,22.95,45,16.07,32.13,2026-07-01T09:00:00+08:00,2026-07-01T21:00:00+08:00,OPERATING,24.98,33.0,10.34,0,0,1,summer,2026-08-31T02:21:38.422656+00:00
2026-07-02,9,20.25,45,14.18,28.35,2026-07-02T09:00:00+08:00,2026-07-02T21:00:00+08:00,OPERATING,24.26,18.3,11.93,0,0,1,summer,2026-08-31T02:21:38.422656+00:00
2026-07-02,10,28.56,43,19.99,39.98,2026-07-02T09:00:00+08:00,2026-07-02T21:00:00+08:00,OPERATING,26.41,18.3,9.46,0,0,1,summer,2026-08-31T02:21:38.422656+00:00
2026-07-02,11,32.71,47,22.9,45.79,2026-07-02T09:00:00+08:00,2026-07-02T21:00:00+08:00,OPERATING,27.22,18.3,11.31,0,0,1,summer,2026-08-31T02:21:38.422656+00:00
2026-07-02,12,37.36,45,26.15,52.3,2026-07-02T09:00:00+08:00,2026-07-02T21:00:00+08:00,OPERATING,24.85,18.3,9.73,0,0,1,summer,2026-08-31T02:21:38.422656+00:00
2026-07-02,13,36.39,44,29.97,59.93,2026-07-02T09:00:00+08:00,2026-07-02T21:00:00+08:00,OPERATING,26.64,18.3,11.07,0,0,1,summer,2026-08-31T02:21:38.422656+00:00
2026-07-02,14,33.75,46,27.8,55.59,2026-07-02T09:00:00+08:00,2026-07-02T21:00:00+08:00,OPERATING,25.8,18.3,12.39,0,0,1,summer,2026-08-31T02:21:38.422656+00:00
2026-07-02,15,35.28,45,29.05,58.1,2026-07-02T09:00:00+08:00,2026-07-02T21:00:00+08:00,OPERATING,24.94,18.3,11.63,0,0,1,summer,2026-08-31T02:21:38.422656+00:00
2026-07-02,16,34.45,47,28.37,56.74,2026-07-02T09:00:00+08:00,2026-07-02T21:00:00+08:00,OPERATING,25.55,18.3,9.58,0,0,1,summer,2026-08-31T02:21:38.422656+00:00
2026-07-02,17,34.46,45,24.12,48.25,2026-07-02T09:00:00+08:00,2026-07-02T21:00:00+08:00,OPERATING,26.27,18.3,12.05,0,0,1,summer,2026-08-31T02:21:38.422656+00:00
2026-07-02,18,34.78,44,24.35,48.69,2026-07-02T09:00:00+08:00,2026-07-02T21:00:00+08:00,OPERATING,25.38,18.3,11.43,0,0,1,summer,2026-08-31T02:21:38.422656+00:00
2026-07-02,19,32.85,43,22.99,45.99,2026-07-02T09:00:00+08:00,2026-07-02T21:00:00+08:00,OPERATING,24.37,18.3,11.24,0,0,1,summer,2026-08-31T02:21:38.422656+00:00
2026-07-02,20,21.62,46,15.14,30.27,2026-07-02T09:00:00+08:00,2026-07-02T21:00:00+08:00,OPERATING,24.42,18.3,11.47,0,0,1,summer,2026-08-31T02:21:38.422656+00:00
2026-07-02,21,17.76,43,12.43,24.87,2026-07-02T09:00:00+08:00,2026-07-02T21:00:00+08:00,OPERATING,25.84,18.3,10.77,0,0,1,summer,2026-08-31T02:21:38.422656+00:00
2026-07-03,9,20.58,47,14.4,28.81,2026-07-03T09:00:00+08:00,2026-07-03T21:00:00+08:00,OPERATING,26.84,15.4,13.19,0,0,1,summer,2026-08-31T02:21:38.422656+00:00
2026-07-03,10,32.41,44,22.69,45.38,2026-07-03T09:00:00+08:00,2026-07-03T21:00:00+08:00,OPERATING,27.41,15.4,13.65,0,0,1,summer,2026-08-31T02:21:38.422656+00:00
2026-07-03,11,37.33,46,26.13,52.26,2026-07-03T09:00:00+08:00,2026-07-03T21:00:00+08:00,OPERATING,28.25,15.4,14.28,0,0,1,summer,2026-08-31T02:21:38.422656+00:00
2026-07-03,12,38.18,45,26.73,53.45,2026-07-03T09:00:00+08:00,2026-07-03T21:00:00+08:00,OPERATING,27.17,15.4,13.13,0,0,1,summer,2026-08-31T02:21:38.422656+00:00
2026-07-03,13,35.84,44,29.51,59.02,2026-07-03T09:00:00+08:00,2026-07-03T21:00:00+08:00,OPERATING,28.39,15.4,14.62,0,0,1,summer,2026-08-31T02:21:38.422656+00:00
2026-07-03,14,38.62,47,31.8,63.61,2026-07-03T09:00:00+08:00,2026-07-03T21:00:00+08:00,OPERATING,26.97,15.4,13.77,0,0,1,summer,2026-08-31T02:21:38.422656+00:00
2026-07-03,15,40.35,43,33.23,66.46,2026-07-03T09:00:00+08:00,2026-07-03T21:00:00+08:00,OPERATING,27.61,15.4,14.13,0,0,1,summer,2026-08-31T02:21:38.422656+00:00
2026-07-03,16,39.11,46,32.21,64.42,2026-07-03T09:00:00+08:00,2026-07-03T21:00:00+08:00,OPERATING,26.44,15.4,13.18,0,0,1,summer,2026-08-31T02:21:38.422656+00:00
2026-07-03,17,41.57,47,29.1,58.2,2026-07-03T09:00:00+08:00,2026-07-03T21:00:00+08:00,OPERATING,26.05,15.4,12.09,0,0,1,summer,2026-08-31T02:21:38.422656+00:00
2026-07-03,18,38.73,45,27.11,54.22,2026-07-03T09:00:00+08:00,2026-07-03T21:00:00+08:00,OPERATING,27.37,15.4,13.06,0,0,1,summer,2026-08-31T02:21:38.422656+00:00
2026-07-03,19,32.6,44,22.82,45.65,2026-07-03T09:00:00+08:00,2026-07-03T21:00:00+08:00,OPERATING,26.58,15.4,12.59,0,0,1,summer,2026-08-31T02:21:38.422656+00:00
2026-07-03,20,31.06,47,21.74,43.48,2026-07-03T09:00:00+08:00,2026-07-03T21:00:00+08:00,OPERATING,28.35,15.4,14.42,0,0,1,summer,2026-08-31T02:21:38.422656+00:00
2026-07-03,21,21.74,46,15.21,30.43,2026-07-03T09:00:00+08:00,2026-07-03T21:00:00+08:00,OPERATING,25.25,15.4,11.86,0,0,1,summer,2026-08-31T02:21:38.422656+00:00
2026-07-04,9,33.78,43,23.64,47.29,2026-07-04T09:00:00+08:00,2026-07-04T21:00:00+08:00,OPERATING,28.82,10.3,12.08,1,1,1,summer,2026-08-31T02:21:38.422656+00:00
2026-07-04,10,51.96,44,36.37,72.75,2026-07-04T09:00:00+08:00,2026-07-04T21:00:00+08:00,OPERATING,27.99,10.3,11.67,1,1,1,summer,2026-08-31T02:21:38.422656+00:00
2026-07-04,11,60.42,46,42.29,84.58,2026-07-04T09:00:00+08:00,2026-07-04T21:00:00+08:00,OPERATING,26.44,10.3,12.76,1,1,1,summer,2026-08-31T02:21:38.422656+00:00
2026-07-04,12,70.56,43,49.39,98.78,2026-07-04T09:00:00+08:00,2026-07-04T21:00:00+08:00,OPERATING,28.99,10.3,12.51,1,1,1,summer,2026-08-31T02:21:38.422656+00:00
2026-07-04,13,58.0,47,47.77,95.53,2026-07-04T09:00:00+08:00,2026-07-04T21:00:00+08:00,OPERATING,27.97,10.3,11.72,1,1,1,summer,2026-08-31T02:21:38.422656+00:00
2026-07-04,14,60.11,44,49.51,99.01,2026-07-04T09:00:00+08:00,2026-07-04T21:00:00+08:00,OPERATING,26.4,10.3,11.91,1,1,1,summer,2026-08-31T02:21:38.422656+00:00
2026-07-04,15,64.78,43,53.35,106.69,2026-07-04T09:00:00+08:00,2026-07-04T21:00:00+08:00,OPERATING,27.5,10.3,13.56,1,1,1,summer,2026-08-31T02:21:38.422656+00:00
2026-07-04,16,61.57,46,50.7,101.4,2026-07-04T09:00:00+08:00,2026-07-04T21:00:00+08:00,OPERATING,27.07,10.3,12.8,1,1,1,summer,2026-08-31T02:21:38.422656+00:00
2026-07-04,17,68.96,45,48.27,96.54,2026-07-04T09:00:00+08:00,2026-07-04T21:00:00+08:00,OPERATING,27.98,10.3,10.41,1,1,1,summer,2026-08-31T02:21:38.422656+00:00
2026-07-04,18,58.08,45,40.66,81.32,2026-07-04T09:00:00+08:00,2026-07-04T21:00:00+08:00,OPERATING,26.71,10.3,12.2,1,1,1,summer,2026-08-31T02:21:38.422656+00:00
2026-07-04,19,55.8,45,39.06,78.13,2026-07-04T09:00:00+08:00,2026-07-04T21:00:00+08:00,OPERATING,28.99,10.3,12.3,1,1,1,summer,2026-08-31T02:21:38.422656+00:00
2026-07-04,20,44.96,44,31.47,62.94,2026-07-04T09:00:00+08:00,2026-07-04T21:00:00+08:00,OPERATING,27.54,10.3,11.33,1,1,1,summer,2026-08-31T02:21:38.422656+00:00
2026-07-04,21,33.09,46,23.17,46.33,2026-07-04T09:00:00+08:00,2026-07-04T21:00:00+08:00,OPERATING,27.06,10.3,11.06,1,1,1,summer,2026-08-31T02:21:38.422656+00:00
2026-07-05,9,30.67,47,21.47,42.94,2026-07-05T09:00:00+08:00,2026-07-05T21:00:00+08:00,OPERATING,26.42,20.1,20.58,1,1,1,summer,2026-08-31T02:21:38.422656+00:00
2026-07-05,10,45.03,43,31.52,63.04,2026-07-05T09:00:00+08:00,2026-07-05T21:00:00+08:00,OPERATING,28.35,20.1,19.27,1,1,1,summer,2026-08-31T02:21:38.422656+00:00
2026-07-05,11,55.38,47,38.77,77.54,2026-07-05T09:00:00+08:00,2026-07-05T21:00:00+08:00,OPERATING,25.97,20.1,20.87,1,1,1,summer,2026-08-31T02:21:38.422656+00:00
2026-07-05,12,61.56,43,43.09,86.19,2026-07-05T09:00:00+08:00,2026-07-05T21:00:00+08:00,OPERATING,26.51,20.1,19.61,1,1,1,summer,2026-08-31T02:21:38.422656+00:00
2026-07-05,13,56.21,45,46.29,92.58,2026-07-05T09:00:00+08:00,2026-07-05T21:00:00+08:00,OPERATING,25.75,20.1,20.19,1,1,1,summer,2026-08-31T02:21:38.422656+00:00
2026-07-05,14,58.05,45,47.81,95.61,2026-07-05T09:00:00+08:00,2026-07-05T21:00:00+08:00,OPERATING,25.28,20.1,21.17,1,1,1,summer,2026-08-31T02:21:38.422656+00:00
2026-07-05,15,60.87,46,50.13,100.25,2026-07-05T09:00:00+08:00,2026-07-05T21:00:00+08:00,OPERATING,27.72,20.1,19.63,1,1,1,summer,2026-08-31T02:21:38.422656+00:00
2026-07-05,16,59.62,43,49.1,98.19,2026-07-05T09:00:00+08:00,2026-07-05T21:00:00+08:00,OPERATING,26.69,20.1,20.66,1,1,1,summer,2026-08-31T02:21:38.422656+00:00
2026-07-05,17,63.08,47,44.16,88.31,2026-07-05T09:00:00+08:00,2026-07-05T21:00:00+08:00,OPERATING,27.49,20.1,20.51,1,1,1,summer,2026-08-31T02:21:38.422656+00:00
2026-07-05,18,56.45,47,39.51,79.03,2026-07-05T09:00:00+08:00,2026-07-05T21:00:00+08:00,OPERATING,26.58,20.1,20.24,1,1,1,summer,2026-08-31T02:21:38.422656+00:00
2026-07-05,19,51.5,47,36.05,72.1,2026-07-05T09:00:00+08:00,2026-07-05T21:00:00+08:00,OPERATING,26.55,20.1,19.16,1,1,1,summer,2026-08-31T02:21:38.422656+00:00
2026-07-05,20,44.32,46,31.03,62.05,2026-07-05T09:00:00+08:00,2026-07-05T21:00:00+08:00,OPERATING,26.49,20.1,20.01,1,1,1,summer,2026-08-31T02:21:38.422656+00:00
2026-07-05,21,27.34,44,19.13,38.27,2026-07-05T09:00:00+08:00,2026-07-05T21:00:00+08:00,OPERATING,27.36,20.1,19.38,1,1,1,summer,2026-08-31T02:21:38.422656+00:00
2026-07-06,9,25.1,46,17.57,35.15,2026-07-06T09:00:00+08:00,2026-07-06T21:00:00+08:00,OPERATING,29.87,1.4,13.78,0,0,1,summer,2026-08-31T02:21:38.422656+00:00
2026-07-06,10,30.54,47,21.38,42.75,2026-07-06T09:00:00+08:00,2026-07-06T21:00:00+08:00,OPERATING,31.36,1.4,15.23,0,0,1,summer,2026-08-31T02:21:38.422656+00:00
2026-07-06,11,41.75,47,29.23,58.45,2026-07-06T09:00:00+08:00,2026-07-06T21:00:00+08:00,OPERATING,30.16,1.4,15.48,0,0,1,summer,2026-08-31T02:21:38.422656+00:00
2026-07-06,12,47.65,44,33.36,66.71,2026-07-06T09:00:00+08:00,2026-07-06T21:00:00+08:00,OPERATING,31.32,1.4,13.14,0,0,1,summer,2026-08-31T02:21:38.422656+00:00
2026-07-06,13,48.52,45,33.96,67.92,2026-07-06T09:00:00+08:00,2026-07-06T21:00:00+08:00,OPERATING,31.01,1.4,15.15,0,0,1,summer,2026-08-31T02:21:38.422656+00:00
2026-07-06,14,52.01,44,36.4,72.81,2026-07-06T09:00:00+08:00,2026-07-06T21:00:00+08:00,OPERATING,29.93,1.4,14.07,0,0,1,summer,2026-08-31T02:21:38.422656+00:00
2026-07-06,15,53.18,47,37.23,74.45,2026-07-06T09:00:00+08:00,2026-07-06T21:00:00+08:00,OPERATING,29.92,1.4,14.45,0,0,1,summer,2026-08-31T02:21:38.422656+00:00
2026-07-06,16,50.23,45,35.16,70.33,2026-07-06T09:00:00+08:00,2026-07-06T21:00:00+08:00,OPERATING,29.34,1.4,15.16,0,0,1,summer,2026-08-31T02:21:38.422656+00:00
2026-07-06,17,45.73,47,32.01,64.02,2026-07-06T09:00:00+08:00,2026-07-06T21:00:00+08:00,OPERATING,28.53,1.4,14.82,0,0,1,summer,2026-08-31T02:21:38.422656+00:00
2026-07-06,18,41.58,43,29.11,58.22,2026-07-06T09:00:00+08:00,2026-07-06T21:00:00+08:00,OPERATING,29.58,1.4,14.75,0,0,1,summer,2026-08-31T02:21:38.422656+00:00
2026-07-06,19,36.72,43,25.7,51.41,2026-07-06T09:00:00+08:00,2026-07-06T21:00:00+08:00,OPERATING,30.09,1.4,13.85,0,0,1,summer,2026-08-31T02:21:38.422656+00:00
2026-07-06,20,32.28,44,22.59,45.19,2026-07-06T09:00:00+08:00,2026-07-06T21:00:00+08:00,OPERATING,30.88,1.4,13.21,0,0,1,summer,2026-08-31T02:21:38.422656+00:00
2026-07-06,21,23.06,46,16.14,32.29,2026-07-06T09:00:00+08:00,2026-07-06T21:00:00+08:00,OPERATING,28.03,1.4,14.58,0,0,1,summer,2026-08-31T02:21:38.422656+00:00
2026-07-07,9,30.18,44,21.13,42.26,2026-07-07T09:00:00+08:00,2026-07-07T21:00:00+08:00,OPERATING,30.53,0.0,17.98,0,0,1,summer,2026-08-31T02:21:38.422656+00:00
2026-07-07,10,38.74,43,27.12,54.23,2026-07-07T09:00:00+08:00,2026-07-07T21:00:00+08:00,OPERATING,29.55,0.0,19.23,0,0,1,summer,2026-08-31T02:21:38.422656+00:00
2026-07-07,11,51.63,43,36.14,72.28,2026-07-07T09:00:00+08:00,2026-07-07T21:00:00+08:00,OPERATING,29.15,0.0,20.83,0,0,1,summer,2026-08-31T02:21:38.422656+00:00
2026-07-07,12,53.52,45,37.46,74.92,2026-07-07T09:00:00+08:00,2026-07-07T21:00:00+08:00,OPERATING,29.22,0.0,16.82,0,0,1,summer,2026-08-31T02:21:38.422656+00:00
2026-07-07,13,57.64,47,40.35,80.69,2026-07-07T09:00:00+08:00,2026-07-07T21:00:00+08:00,OPERATING,30.78,0.0,16.8,0,0,1,summer,2026-08-31T02:21:38.422656+00:00
2026-07-07,14,62.44,46,43.71,87.41,2026-07-07T09:00:00+08:00,2026-07-07T21:00:00+08:00,OPERATING,29.3,0.0,19.37,0,0,1,summer,2026-08-31T02:21:38.422656+00:00
2026-07-07,15,61.46,44,43.02,86.04,2026-07-07T09:00:00+08:00,2026-07-07T21:00:00+08:00,OPERATING,28.68,0.0,19.28,0,0,1,summer,2026-08-31T02:21:38.422656+00:00
2026-07-07,16,60.41,46,42.29,84.58,2026-07-07T09:00:00+08:00,2026-07-07T21:00:00+08:00,OPERATING,31.31,0.0,18.57,0,0,1,summer,2026-08-31T02:21:38.422656+00:00
2026-07-07,17,56.42,45,39.49,78.98,2026-07-07T09:00:00+08:00,2026-07-07T21:00:00+08:00,OPERATING,29.38,0.0,18.06,0,0,1,summer,2026-08-31T02:21:38.422656+00:00
2026-07-07,18,52.59,43,36.81,73.63,2026-07-07T09:00:00+08:00,2026-07-07T21:00:00+08:00,OPERATING,28.7,0.0,19.29,0,0,1,summer,2026-08-31T02:21:38.422656+00:00
2026-07-07,19,41.09,44,28.76,57.52,2026-07-07T09:00:00+08:00,2026-07-07T21:00:00+08:00,OPERATING,31.16,0.0,18.14,0,0,1,summer,2026-08-31T02:21:38.422656+00:00
2026-07-07,20,38.37,45,26.86,53.72,2026-07-07T09:00:00+08:00,2026-07-07T21:00:00+08:00,OPERATING,29.97,0.0,19.08,0,0,1,summer,2026-08-31T02:21:38.422656+00:00
2026-07-07,21,30.19,45,21.13,42.26,2026-07-07T09:00:00+08:00,2026-07-07T21:00:00+08:00,OPERATING,29.86,0.0,19.62,0,0,1,summer,2026-08-31T02:21:38.422656+00:00
2026-07-08,9,30.65,43,21.46,42.91,2026-07-08T09:00:00+08:00,2026-07-08T21:00:00+08:00,OPERATING,30.56,2.5,14.75,0,0,1,summer,2026-08-31T02:21:38.422656+00:00
2026-07-08,10,45.1,46,31.57,63.15,2026-07-08T09:00:00+08:00,2026-07-08T21:00:00+08:00,OPERATING,30.26,2.5,16.02,0,0,1,summer,2026-08-31T02:21:38.422656+00:00
2026-07-08,11,52.68,46,36.88,73.76,2026-07-08T09:00:00+08:00,2026-07-08T21:00:00+08:00,OPERATING,31.23,2.5,15.46,0,0,1,summer,2026-08-31T02:21:38.422656+00:00
2026-07-08,12,58.81,43,41.17,82.34,2026-07-08T09:00:00+08:00,2026-07-08T21:00:00+08:00,OPERATING,30.98,2.5,15.34,0,0,1,summer,2026-08-31T02:21:38.422656+00:00
2026-07-08,13,62.73,45,43.91,87.82,2026-07-08T09:00:00+08:00,2026-07-08T21:00:00+08:00,OPERATING,29.64,2.5,14.74,0,0,1,summer,2026-08-31T02:21:38.422656+00:00
2026-07-08,14,65.73,44,46.01,92.02,2026-07-08T09:00:00+08:00,2026-07-08T21:00:00+08:00,OPERATING,30.21,2.5,14.45,0,0,1,summer,2026-08-31T02:21:38.422656+00:00
2026-07-08,15,69.21,47,48.45,96.89,2026-07-08T09:00:00+08:00,2026-07-08T21:00:00+08:00,OPERATING,30.74,2.5,12.06,0,0,1,summer,2026-08-31T02:21:38.422656+00:00
2026-07-08,16,64.28,44,45.0,89.99,2026-07-08T09:00:00+08:00,2026-07-08T21:00:00+08:00,OPERATING,29.9,2.5,13.87,0,0,1,summer,2026-08-31T02:21:38.422656+00:00
2026-07-08,17,59.77,45,41.84,83.68,2026-07-08T09:00:00+08:00,2026-07-08T21:00:00+08:00,OPERATING,31.42,2.5,15.97,0,0,1,summer,2026-08-31T02:21:38.422656+00:00
2026-07-08,18,50.66,43,35.46,70.92,2026-07-08T09:00:00+08:00,2026-07-08T21:00:00+08:00,OPERATING,30.08,2.5,14.72,0,0,1,summer,2026-08-31T02:21:38.422656+00:00
2026-07-08,19,44.8,43,31.36,62.73,2026-07-08T09:00:00+08:00,2026-07-08T21:00:00+08:00,OPERATING,30.98,2.5,12.76,0,0,1,summer,2026-08-31T02:21:38.422656+00:00
2026-07-08,20,41.3,43,28.91,57.82,2026-07-08T09:00:00+08:00,2026-07-08T21:00:00+08:00,OPERATING,31.31,2.5,15.71,0,0,1,summer,2026-08-31T02:21:38.422656+00:00
2026-07-08,21,27.56,46,19.29,38.59,2026-07-08T09:00:00+08:00,2026-07-08T21:00:00+08:00,OPERATING,29.51,2.5,14.03,0,0,1,summer,2026-08-31T02:21:38.422656+00:00
2026-07-09,9,25.93,43,18.15,36.3,2026-07-09T09:00:00+08:00,2026-07-09T21:00:00+08:00,OPERATING,27.07,12.1,13.78,0,0,1,summer,2026-08-31T02:21:38.422656+00:00
2026-07-09,10,34.49,47,24.14,48.28,2026-07-09T09:00:00+08:00,2026-07-09T21:00:00+08:00,OPERATING,28.22,12.1,13.89,0,0,1,summer,2026-08-31T02:21:38.422656+00:00
2026-07-09,11,41.04,45,28.73,57.46,2026-07-09T09:00:00+08:00,2026-07-09T21:00:00+08:00,OPERATING,27.25,12.1,13.65,0,0,1,summer,2026-08-31T02:21:38.422656+00:00
2026-07-09,12,45.16,43,31.61,63.23,2026-07-09T09:00:00+08:00,2026-07-09T21:00:00+08:00,OPERATING,27.6,12.1,16.1,0,0,1,summer,2026-08-31T02:21:38.422656+00:00
2026-07-09,13,45.61,45,37.56,75.12,2026-07-09T09:00:00+08:00,2026-07-09T21:00:00+08:00,OPERATING,27.89,12.1,14.6,0,0,1,summer,2026-08-31T02:21:38.422656+00:00
2026-07-09,14,44.38,43,36.55,73.1,2026-07-09T09:00:00+08:00,2026-07-09T21:00:00+08:00,OPERATING,27.59,12.1,13.61,0,0,1,summer,2026-08-31T02:21:38.422656+00:00
2026-07-09,15,45.57,44,37.53,75.06,2026-07-09T09:00:00+08:00,2026-07-09T21:00:00+08:00,OPERATING,27.36,12.1,13.33,0,0,1,summer,2026-08-31T02:21:38.422656+00:00
2026-07-09,16,47.04,44,38.74,77.47,2026-07-09T09:00:00+08:00,2026-07-09T21:00:00+08:00,OPERATING,26.68,12.1,14.45,0,0,1,summer,2026-08-31T02:21:38.422656+00:00
2026-07-09,17,45.91,43,32.14,64.28,2026-07-09T09:00:00+08:00,2026-07-09T21:00:00+08:00,OPERATING,28.38,12.1,14.91,0,0,1,summer,2026-08-31T02:21:38.422656+00:00
2026-07-09,18,43.41,47,30.38,60.77,2026-07-09T09:00:00+08:00,2026-07-09T21:00:00+08:00,OPERATING,27.6,12.1,15.4,0,0,1,summer,2026-08-31T02:21:38.422656+00:00
2026-07-09,19,41.84,44,29.29,58.57,2026-07-09T09:00:00+08:00,2026-07-09T21:00:00+08:00,OPERATING,27.64,12.1,14.32,0,0,1,summer,2026-08-31T02:21:38.422656+00:00
2026-07-09,20,31.95,43,22.37,44.73,2026-07-09T09:00:00+08:00,2026-07-09T21:00:00+08:00,OPERATING,28.66,12.1,14.47,0,0,1,summer,2026-08-31T02:21:38.422656+00:00
2026-07-09,21,22.49,43,15.75,31.49,2026-07-09T09:00:00+08:00,2026-07-09T21:00:00+08:00,OPERATING,26.92,12.1,13.6,0,0,1,summer,2026-08-31T02:21:38.422656+00:00
2026-07-10,9,27.51,45,19.26,38.51,2026-07-10T09:00:00+08:00,2026-07-10T21:00:00+08:00,OPERATING,28.48,0.0,16.67,0,0,1,summer,2026-08-31T02:21:38.422656+00:00
2026-07-10,10,38.26,44,26.78,53.56,2026-07-10T09:00:00+08:00,2026-07-10T21:00:00+08:00,OPERATING,28.84,0.0,16.26,0,0,1,summer,2026-08-31T02:21:38.422656+00:00
2026-07-10,11,45.48,45,31.84,63.67,2026-07-10T09:00:00+08:00,2026-07-10T21:00:00+08:00,OPERATING,28.22,0.0,16.52,0,0,1,summer,2026-08-31T02:21:38.422656+00:00
2026-07-10,12,52.51,43,36.76,73.52,2026-07-10T09:00:00+08:00,2026-07-10T21:00:00+08:00,OPERATING,29.15,0.0,16.39,0,0,1,summer,2026-08-31T02:21:38.422656+00:00
2026-07-10,13,57.05,45,39.94,79.87,2026-07-10T09:00:00+08:00,2026-07-10T21:00:00+08:00,OPERATING,28.03,0.0,16.25,0,0,1,summer,2026-08-31T02:21:38.422656+00:00
2026-07-10,14,56.9,43,39.83,79.66,2026-07-10T09:00:00+08:00,2026-07-10T21:00:00+08:00,OPERATING,27.29,0.0,17.54,0,0,1,summer,2026-08-31T02:21:38.422656+00:00
2026-07-10,15,62.39,43,43.67,87.34,2026-07-10T09:00:00+08:00,2026-07-10T21:00:00+08:00,OPERATING,28.19,0.0,13.17,0,0,1,summer,2026-08-31T02:21:38.422656+00:00
2026-07-10,16,57.72,44,40.4,80.81,2026-07-10T09:00:00+08:00,2026-07-10T21:00:00+08:00,OPERATING,29.07,0.0,16.12,0,0,1,summer,2026-08-31T02:21:38.422656+00:00
2026-07-10,17,56.31,47,39.42,78.83,2026-07-10T09:00:00+08:00,2026-07-10T21:00:00+08:00,OPERATING,30.09,0.0,15.24,0,0,1,summer,2026-08-31T02:21:38.422656+00:00
2026-07-10,18,45.56,44,31.89,63.79,2026-07-10T09:00:00+08:00,2026-07-10T21:00:00+08:00,OPERATING,28.31,0.0,16.61,0,0,1,summer,2026-08-31T02:21:38.422656+00:00
2026-07-10,19,41.22,45,28.86,57.71,2026-07-10T09:00:00+08:00,2026-07-10T21:00:00+08:00,OPERATING,27.78,0.0,17.77,0,0,1,summer,2026-08-31T02:21:38.422656+00:00
2026-07-10,20,36.74,44,25.72,51.43,2026-07-10T09:00:00+08:00,2026-07-10T21:00:00+08:00,OPERATING,28.08,0.0,17.35,0,0,1,summer,2026-08-31T02:21:38.422656+00:00
2026-07-10,21,24.78,43,17.35,34.69,2026-07-10T09:00:00+08:00,2026-07-10T21:00:00+08:00,OPERATING,29.2,0.0,16.03,0,0,1,summer,2026-08-31T02:21:38.422656+00:00
2026-07-11,9,32.38,45,22.67,45.33,2026-07-11T09:00:00+08:00,2026-07-11T21:00:00+08:00,OPERATING,28.74,5.1,43.27,1,1,1,summer,2026-08-31T02:21:38.422656+00:00
2026-07-11,10,44.17,44,30.92,61.84,2026-07-11T09:00:00+08:00,2026-07-11T21:00:00+08:00,OPERATING,28.2,5.1,41.8,1,1,1,summer,2026-08-31T02:21:38.422656+00:00
2026-07-11,11,56.29,44,39.4,78.8,2026-07-11T09:00:00+08:00,2026-07-11T21:00:00+08:00,OPERATING,28.39,5.1,43.67,1,1,1,summer,2026-08-31T02:21:38.422656+00:00
2026-07-11,12,62.89,45,44.02,88.05,2026-07-11T09:00:00+08:00,2026-07-11T21:00:00+08:00,OPERATING,28.45,5.1,42.63,1,1,1,summer,2026-08-31T02:21:38.422656+00:00
2026-07-11,13,56.88,44,46.85,93.69,2026-07-11T09:00:00+08:00,2026-07-11T21:00:00+08:00,OPERATING,29.1,5.1,41.4,1,1,1,summer,2026-08-31T02:21:38.422656+00:00
2026-07-11,14,59.16,47,48.72,97.44,2026-07-11T09:00:00+08:00,2026-07-11T21:00:00+08:00,OPERATING,28.66,5.1,43.02,1,1,1,summer,2026-08-31T02:21:38.422656+00:00
2026-07-11,15,58.58,45,48.24,96.48,2026-07-11T09:00:00+08:00,2026-07-11T21:00:00+08:00,OPERATING,28.76,5.1,43.27,1,1,1,summer,2026-08-31T02:21:38.422656+00:00
2026-07-11,16,61.78,44,50.88,101.75,2026-07-11T09:00:00+08:00,2026-07-11T21:00:00+08:00,OPERATING,28.04,5.1,42.68,1,1,1,summer,2026-08-31T02:21:38.422656+00:00
2026-07-11,17,60.72,45,42.5,85.01,2026-07-11T09:00:00+08:00,2026-07-11T21:00:00+08:00,OPERATING,28.11,5.1,44.44,1,1,1,summer,2026-08-31T02:21:38.422656+00:00
2026-07-11,18,54.63,47,38.24,76.49,2026-07-11T09:00:00+08:00,2026-07-11T21:00:00+08:00,OPERATING,27.1,5.1,42.26,1,1,1,summer,2026-08-31T02:21:38.422656+00:00
2026-07-11,19,45.48,44,31.84,63.67,2026-07-11T09:00:00+08:00,2026-07-11T21:00:00+08:00,OPERATING,28.51,5.1,43.17,1,1,1,summer,2026-08-31T02:21:38.422656+00:00
2026-07-11,20,40.9,46,28.63,57.26,2026-07-11T09:00:00+08:00,2026-07-11T21:00:00+08:00,OPERATING,29.4,5.1,43.43,1,1,1,summer,2026-08-31T02:21:38.422656+00:00
2026-07-11,21,29.56,43,20.69,41.39,2026-07-11T09:00:00+08:00,2026-07-11T21:00:00+08:00,OPERATING,28.79,5.1,42.92,1,1,1,summer,2026-08-31T02:21:38.422656+00:00
2026-07-12,9,35.53,43,24.87,49.74,2026-07-12T09:00:00+08:00,2026-07-12T21:00:00+08:00,OPERATING,28.92,7.7,45.6,1,1,1,summer,2026-08-31T02:21:38.422656+00:00
2026-07-12,10,43.43,44,30.4,60.8,2026-07-12T09:00:00+08:00,2026-07-12T21:00:00+08:00,OPERATING,29.64,7.7,44.52,1,1,1,summer,2026-08-31T02:21:38.422656+00:00
2026-07-12,11,59.2,47,41.44,82.88,2026-07-12T09:00:00+08:00,2026-07-12T21:00:00+08:00,OPERATING,27.48,7.7,43.95,1,1,1,summer,2026-08-31T02:21:38.422656+00:00
2026-07-12,12,63.76,43,44.63,89.26,2026-07-12T09:00:00+08:00,2026-07-12T21:00:00+08:00,OPERATING,28.4,7.7,44.8,1,1,1,summer,2026-08-31T02:21:38.422656+00:00
2026-07-12,13,57.1,44,47.02,94.05,2026-07-12T09:00:00+08:00,2026-07-12T21:00:00+08:00,OPERATING,29.61,7.7,44.26,1,1,1,summer,2026-08-31T02:21:38.422656+00:00
2026-07-12,14,59.38,43,48.9,97.8,2026-07-12T09:00:00+08:00,2026-07-12T21:00:00+08:00,OPERATING,28.36,7.7,44.31,1,1,1,summer,2026-08-31T02:21:38.422656+00:00
2026-07-12,15,64.68,46,53.27,106.54,2026-07-12T09:00:00+08:00,2026-07-12T21:00:00+08:00,OPERATING,28.6,7.7,44.34,1,1,1,summer,2026-08-31T02:21:38.422656+00:00
2026-07-12,16,58.28,43,48.0,95.99,2026-07-12T09:00:00+08:00,2026-07-12T21:00:00+08:00,OPERATING,28.28,7.7,43.95,1,1,1,summer,2026-08-31T02:21:38.422656+00:00
2026-07-12,17,62.94,45,44.06,88.12,2026-07-12T09:00:00+08:00,2026-07-12T21:00:00+08:00,OPERATING,28.54,7.7,45.87,1,1,1,summer,2026-08-31T02:21:38.422656+00:00
2026-07-12,18,54.22,43,37.96,75.91,2026-07-12T09:00:00+08:00,2026-07-12T21:00:00+08:00,OPERATING,28.34,7.7,44.2,1,1,1,summer,2026-08-31T02:21:38.422656+00:00
2026-07-12,19,52.33,46,36.63,73.27,2026-07-12T09:00:00+08:00,2026-07-12T21:00:00+08:00,OPERATING,28.39,7.7,47.2,1,1,1,summer,2026-08-31T02:21:38.422656+00:00
2026-07-12,20,41.98,44,29.39,58.78,2026-07-12T09:00:00+08:00,2026-07-12T21:00:00+08:00,OPERATING,29.52,7.7,44.13,1,1,1,summer,2026-08-31T02:21:38.422656+00:00
2026-07-12,21,28.96,46,20.27,40.55,2026-07-12T09:00:00+08:00,2026-07-12T21:00:00+08:00,OPERATING,29.0,7.7,46.29,1,1,1,summer,2026-08-31T02:21:38.422656+00:00
2026-07-13,9,26.02,45,18.21,36.43,2026-07-13T09:00:00+08:00,2026-07-13T21:00:00+08:00,OPERATING,31.41,1.3,28.69,0,0,1,summer,2026-08-31T02:21:38.422656+00:00
2026-07-13,10,34.78,43,24.35,48.69,2026-07-13T09:00:00+08:00,2026-07-13T21:00:00+08:00,OPERATING,29.44,1.3,28.41,0,0,1,summer,2026-08-31T02:21:38.422656+00:00
2026-07-13,11,44.65,43,31.26,62.51,2026-07-13T09:00:00+08:00,2026-07-13T21:00:00+08:00,OPERATING,28.81,1.3,28.92,0,0,1,summer,2026-08-31T02:21:38.422656+00:00
2026-07-13,12,47.66,45,33.36,66.72,2026-07-13T09:00:00+08:00,2026-07-13T21:00:00+08:00,OPERATING,30.41,1.3,27.99,0,0,1,summer,2026-08-31T02:21:38.422656+00:00
2026-07-13,13,53.28,45,37.29,74.59,2026-07-13T09:00:00+08:00,2026-07-13T21:00:00+08:00,OPERATING,31.2,1.3,27.76,0,0,1,summer,2026-08-31T02:21:38.422656+00:00
2026-07-13,14,50.14,46,35.1,70.19,2026-07-13T09:00:00+08:00,2026-07-13T21:00:00+08:00,OPERATING,30.23,1.3,28.28,0,0,1,summer,2026-08-31T02:21:38.422656+00:00
2026-07-13,15,57.57,46,40.3,80.59,2026-07-13T09:00:00+08:00,2026-07-13T21:00:00+08:00,OPERATING,30.4,1.3,31.2,0,0,1,summer,2026-08-31T02:21:38.422656+00:00
2026-07-13,16,55.85,44,39.09,78.19,2026-07-13T09:00:00+08:00,2026-07-13T21:00:00+08:00,OPERATING,29.8,1.3,28.59,0,0,1,summer,2026-08-31T02:21:38.422656+00:00
2026-07-13,17,46.67,43,32.67,65.34,2026-07-13T09:00:00+08:00,2026-07-13T21:00:00+08:00,OPERATING,30.11,1.3,29.46,0,0,1,summer,2026-08-31T02:21:38.422656+00:00
2026-07-13,18,43.82,45,30.67,61.34,2026-07-13T09:00:00+08:00,2026-07-13T21:00:00+08:00,OPERATING,29.16,1.3,27.94,0,0,1,summer,2026-08-31T02:21:38.422656+00:00
2026-07-13,19,39.94,44,27.95,55.91,2026-07-13T09:00:00+08:00,2026-07-13T21:00:00+08:00,OPERATING,30.38,1.3,27.69,0,0,1,summer,2026-08-31T02:21:38.422656+00:00
2026-07-13,20,35.48,46,24.84,49.68,2026-07-13T09:00:00+08:00,2026-07-13T21:00:00+08:00,OPERATING,30.7,1.3,28.93,0,0,1,summer,2026-08-31T02:21:38.422656+00:00
2026-07-13,21,21.96,46,15.37,30.74,2026-07-13T09:00:00+08:00,2026-07-13T21:00:00+08:00,OPERATING,29.99,1.3,28.07,0,0,1,summer,2026-08-31T02:21:38.422656+00:00
2026-07-14,9,29.17,45,20.42,40.84,2026-07-14T09:00:00+08:00,2026-07-14T21:00:00+08:00,OPERATING,30.62,0.0,21.06,0,0,1,summer,2026-08-31T02:21:38.422656+00:00
2026-07-14,10,40.23,45,28.16,56.32,2026-07-14T09:00:00+08:00,2026-07-14T21:00:00+08:00,OPERATING,31.57,0.0,20.45,0,0,1,summer,2026-08-31T02:21:38.422656+00:00
2026-07-14,11,53.18,43,37.23,74.45,2026-07-14T09:00:00+08:00,2026-07-14T21:00:00+08:00,OPERATING,30.82,0.0,21.13,0,0,1,summer,2026-08-31T02:21:38.422656+00:00
2026-07-14,12,55.78,44,39.05,78.09,2026-07-14T09:00:00+08:00,2026-07-14T21:00:00+08:00,OPERATING,30.51,0.0,20.05,0,0,1,summer,2026-08-31T02:21:38.422656+00:00
2026-07-14,13,58.8,46,41.16,82.33,2026-07-14T09:00:00+08:00,2026-07-14T21:00:00+08:00,OPERATING,31.31,0.0,21.51,0,0,1,summer,2026-08-31T02:21:38.422656+00:00
2026-07-14,14,60.95,43,42.67,85.33,2026-07-14T09:00:00+08:00,2026-07-14T21:00:00+08:00,OPERATING,30.72,0.0,21.32,0,0,1,summer,2026-08-31T02:21:38.422656+00:00
2026-07-14,15,64.45,47,45.12,90.24,2026-07-14T09:00:00+08:00,2026-07-14T21:00:00+08:00,OPERATING,31.5,0.0,19.73,0,0,1,summer,2026-08-31T02:21:38.422656+00:00
2026-07-14,16,61.08,44,42.75,85.51,2026-07-14T09:00:00+08:00,2026-07-14T21:00:00+08:00,OPERATING,31.57,0.0,20.74,0,0,1,summer,2026-08-31T02:21:38.422656+00:00
2026-07-14,17,55.27,46,38.69,77.38,2026-07-14T09:00:00+08:00,2026-07-14T21:00:00+08:00,OPERATING,29.68,0.0,19.69,0,0,1,summer,2026-08-31T02:21:38.422656+00:00
2026-07-14,18,52.37,45,36.66,73.32,2026-07-14T09:00:00+08:00,2026-07-14T21:00:00+08:00,OPERATING,29.1,0.0,19.59,0,0,1,summer,2026-08-31T02:21:38.422656+00:00
2026-07-14,19,45.03,44,31.52,63.05,2026-07-14T09:00:00+08:00,2026-07-14T21:00:00+08:00,OPERATING,31.97,0.0,21.15,0,0,1,summer,2026-08-31T02:21:38.422656+00:00
2026-07-14,20,37.98,44,26.59,53.17,2026-07-14T09:00:00+08:00,2026-07-14T21:00:00+08:00,OPERATING,28.85,0.0,20.17,0,0,1,summer,2026-08-31T02:21:38.422656+00:00
2026-07-14,21,28.25,46,19.77,39.55,2026-07-14T09:00:00+08:00,2026-07-14T21:00:00+08:00,OPERATING,30.03,0.0,19.69,0,0,1,summer,2026-08-31T02:21:38.422656+00:00
2026-07-15,9,26.29,43,18.4,36.81,2026-07-15T09:00:00+08:00,2026-07-15T21:00:00+08:00,OPERATING,31.98,2.6,13.81,0,0,1,summer,2026-08-31T02:21:38.422656+00:00
2026-07-15,10,37.24,45,26.07,52.14,2026-07-15T09:00:00+08:00,2026-07-15T21:00:00+08:00,OPERATING,32.59,2.6,11.39,0,0,1,summer,2026-08-31T02:21:38.422656+00:00
2026-07-15,11,48.13,44,33.69,67.39,2026-07-15T09:00:00+08:00,2026-07-15T21:00:00+08:00,OPERATING,32.96,2.6,12.65,0,0,1,summer,2026-08-31T02:21:38.422656+00:00
2026-07-15,12,52.24,47,36.57,73.14,2026-07-15T09:00:00+08:00,2026-07-15T21:00:00+08:00,OPERATING,32.54,2.6,10.48,0,0,1,summer,2026-08-31T02:21:38.422656+00:00
2026-07-15,13,52.31,47,36.61,73.23,2026-07-15T09:00:00+08:00,2026-07-15T21:00:00+08:00,OPERATING,32.63,2.6,14.04,0,0,1,summer,2026-08-31T02:21:38.422656+00:00
2026-07-15,14,56.56,44,39.59,79.19,2026-07-15T09:00:00+08:00,2026-07-15T21:00:00+08:00,OPERATING,32.46,2.6,12.23,0,0,1,summer,2026-08-31T02:21:38.422656+00:00
2026-07-15,15,57.36,46,40.15,80.31,2026-07-15T09:00:00+08:00,2026-07-15T21:00:00+08:00,OPERATING,31.58,2.6,13.04,0,0,1,summer,2026-08-31T02:21:38.422656+00:00
2026-07-15,16,56.42,44,39.49,78.99,2026-07-15T09:00:00+08:00,2026-07-15T21:00:00+08:00,OPERATING,31.33,2.6,11.1,0,0,1,summer,2026-08-31T02:21:38.422656+00:00
2026-07-15,17,49.95,43,34.96,69.93,2026-07-15T09:00:00+08:00,2026-07-15T21:00:00+08:00,OPERATING,32.06,2.6,12.58,0,0,1,summer,2026-08-31T02:21:38.422656+00:00
2026-07-15,18,49.17,45,34.42,68.84,2026-07-15T09:00:00+08:00,2026-07-15T21:00:00+08:00,OPERATING,32.28,2.6,11.92,0,0,1,summer,2026-08-31T02:21:38.422656+00:00
2026-07-15,19,41.75,46,29.23,58.45,2026-07-15T09:00:00+08:00,2026-07-15T21:00:00+08:00,OPERATING,32.27,2.6,10.71,0,0,1,summer,2026-08-31T02:21:38.422656+00:00
2026-07-15,20,33.84,44,23.69,47.38,2026-07-15T09:00:00+08:00,2026-07-15T21:00:00+08:00,OPERATING,32.58,2.6,11.95,0,0,1,summer,2026-08-31T02:21:38.422656+00:00
2026-07-15,21,26.16,46,18.31,36.63,2026-07-15T09:00:00+08:00,2026-07-15T21:00:00+08:00,OPERATING,32.73,2.6,11.92,0,0,1,summer,2026-08-31T02:21:38.422656+00:00
2026-07-16,9,25.11,44,17.58,35.15,2026-07-16T09:00:00+08:00,2026-07-16T21:00:00+08:00,OPERATING,32.84,2.9,13.24,0,0,1,summer,2026-08-31T02:21:38.422656+00:00
2026-07-16,10,27.05,44,18.94,37.87,2026-07-16T09:00:00+08:00,2026-07-16T21:00:00+08:00,OPERATING,33.41,2.9,14.06,0,0,1,summer,2026-08-31T02:21:38.422656+00:00
2026-07-16,11,36.15,47,25.3,50.61,2026-07-16T09:00:00+08:00,2026-07-16T21:00:00+08:00,OPERATING,33.58,2.9,15.72,0,0,1,summer,2026-08-31T02:21:38.422656+00:00
2026-07-16,12,41.62,43,29.13,58.27,2026-07-16T09:00:00+08:00,2026-07-16T21:00:00+08:00,OPERATING,32.35,2.9,15.21,0,0,1,summer,2026-08-31T02:21:38.422656+00:00
2026-07-16,13,46.18,47,32.32,64.65,2026-07-16T09:00:00+08:00,2026-07-16T21:00:00+08:00,OPERATING,33.6,2.9,14.87,0,0,1,summer,2026-08-31T02:21:38.422656+00:00
2026-07-16,14,42.65,47,29.86,59.72,2026-07-16T09:00:00+08:00,2026-07-16T21:00:00+08:00,OPERATING,34.24,2.9,12.97,0,0,1,summer,2026-08-31T02:21:38.422656+00:00
2026-07-16,15,46.16,46,32.31,64.62,2026-07-16T09:00:00+08:00,2026-07-16T21:00:00+08:00,OPERATING,34.94,2.9,12.56,0,0,1,summer,2026-08-31T02:21:38.422656+00:00
2026-07-16,16,45.23,47,31.66,63.32,2026-07-16T09:00:00+08:00,2026-07-16T21:00:00+08:00,OPERATING,31.97,2.9,14.0,0,0,1,summer,2026-08-31T02:21:38.422656+00:00
2026-07-16,17,38.66,43,27.06,54.12,2026-07-16T09:00:00+08:00,2026-07-16T21:00:00+08:00,OPERATING,31.78,2.9,14.7,0,0,1,summer,2026-08-31T02:21:38.422656+00:00
2026-07-16,18,33.29,47,23.31,46.61,2026-07-16T09:00:00+08:00,2026-07-16T21:00:00+08:00,OPERATING,34.03,2.9,15.05,0,0,1,summer,2026-08-31T02:21:38.422656+00:00
2026-07-16,19,31.26,47,21.88,43.77,2026-07-16T09:00:00+08:00,2026-07-16T21:00:00+08:00,OPERATING,32.53,2.9,12.82,0,0,1,summer,2026-08-31T02:21:38.422656+00:00
2026-07-16,20,26.17,44,18.32,36.64,2026-07-16T09:00:00+08:00,2026-07-16T21:00:00+08:00,OPERATING,31.82,2.9,14.2,0,0,1,summer,2026-08-31T02:21:38.422656+00:00
2026-07-16,21,20.18,47,14.13,28.25,2026-07-16T09:00:00+08:00,2026-07-16T21:00:00+08:00,OPERATING,33.49,2.9,15.49,0,0,1,summer,2026-08-31T02:21:38.422656+00:00
2026-07-17,9,29.37,45,20.56,41.12,2026-07-17T09:00:00+08:00,2026-07-17T21:00:00+08:00,OPERATING,33.73,1.8,9.42,0,0,1,summer,2026-08-31T02:21:38.422656+00:00
2026-07-17,10,38.66,46,27.06,54.12,2026-07-17T09:00:00+08:00,2026-07-17T21:00:00+08:00,OPERATING,34.43,1.8,11.62,0,0,1,summer,2026-08-31T02:21:38.422656+00:00
2026-07-17,11,51.45,45,36.01,72.03,2026-07-17T09:00:00+08:00,2026-07-17T21:00:00+08:00,OPERATING,35.03,1.8,11.36,0,0,1,summer,2026-08-31T02:21:38.422656+00:00
2026-07-17,12,56.24,43,39.37,78.73,2026-07-17T09:00:00+08:00,2026-07-17T21:00:00+08:00,OPERATING,32.34,1.8,10.23,0,0,1,summer,2026-08-31T02:21:38.422656+00:00
2026-07-17,13,57.76,43,40.43,80.86,2026-07-17T09:00:00+08:00,2026-07-17T21:00:00+08:00,OPERATING,32.73,1.8,10.74,0,0,1,summer,2026-08-31T02:21:38.422656+00:00
2026-07-17,14,59.23,45,41.46,82.92,2026-07-17T09:00:00+08:00,2026-07-17T21:00:00+08:00,OPERATING,32.06,1.8,9.64,0,0,1,summer,2026-08-31T02:21:38.422656+00:00
2026-07-17,15,62.24,46,43.57,87.13,2026-07-17T09:00:00+08:00,2026-07-17T21:00:00+08:00,OPERATING,32.73,1.8,12.72,0,0,1,summer,2026-08-31T02:21:38.422656+00:00
2026-07-17,16,60.04,43,42.03,84.06,2026-07-17T09:00:00+08:00,2026-07-17T21:00:00+08:00,OPERATING,33.75,1.8,11.09,0,0,1,summer,2026-08-31T02:21:38.422656+00:00
2026-07-17,17,54.99,46,38.5,76.99,2026-07-17T09:00:00+08:00,2026-07-17T21:00:00+08:00,OPERATING,32.65,1.8,11.35,0,0,1,summer,2026-08-31T02:21:38.422656+00:00
2026-07-17,18,48.57,44,34.0,68.0,2026-07-17T09:00:00+08:00,2026-07-17T21:00:00+08:00,OPERATING,34.09,1.8,12.05,0,0,1,summer,2026-08-31T02:21:38.422656+00:00
2026-07-17,19,45.13,44,31.59,63.19,2026-07-17T09:00:00+08:00,2026-07-17T21:00:00+08:00,OPERATING,33.53,1.8,11.36,0,0,1,summer,2026-08-31T02:21:38.422656+00:00
2026-07-17,20,36.91,47,25.84,51.68,2026-07-17T09:00:00+08:00,2026-07-17T21:00:00+08:00,OPERATING,33.25,1.8,9.57,0,0,1,summer,2026-08-31T02:21:38.422656+00:00
2026-07-17,21,25.38,47,17.76,35.53,2026-07-17T09:00:00+08:00,2026-07-17T21:00:00+08:00,OPERATING,32.32,1.8,12.58,0,0,1,summer,2026-08-31T02:21:38.422656+00:00
2026-07-18,9,27.97,46,19.58,39.16,2026-07-18T09:00:00+08:00,2026-07-18T21:00:00+08:00,OPERATING,32.14,24.1,12.76,1,1,1,summer,2026-08-31T02:21:38.422656+00:00
2026-07-18,10,42.14,45,29.5,59.0,2026-07-18T09:00:00+08:00,2026-07-18T21:00:00+08:00,OPERATING,31.41,24.1,12.64,1,1,1,summer,2026-08-31T02:21:38.422656+00:00
2026-07-18,11,47.1,45,32.97,65.95,2026-07-18T09:00:00+08:00,2026-07-18T21:00:00+08:00,OPERATING,32.01,24.1,13.54,1,1,1,summer,2026-08-31T02:21:38.422656+00:00
2026-07-18,12,49.75,45,34.83,69.65,2026-07-18T09:00:00+08:00,2026-07-18T21:00:00+08:00,OPERATING,32.26,24.1,13.06,1,1,1,summer,2026-08-31T02:21:38.422656+00:00
2026-07-18,13,51.28,47,42.23,84.46,2026-07-18T09:00:00+08:00,2026-07-18T21:00:00+08:00,OPERATING,32.48,24.1,12.52,1,1,1,summer,2026-08-31T02:21:38.422656+00:00
2026-07-18,14,48.02,43,39.54,79.08,2026-07-18T09:00:00+08:00,2026-07-18T21:00:00+08:00,OPERATING,31.62,24.1,12.35,1,1,1,summer,2026-08-31T02:21:38.422656+00:00
2026-07-18,15,53.04,47,43.68,87.37,2026-07-18T09:00:00+08:00,2026-07-18T21:00:00+08:00,OPERATING,32.41,24.1,11.5,1,1,1,summer,2026-08-31T02:21:38.422656+00:00
2026-07-18,16,52.23,43,43.02,86.03,2026-07-18T09:00:00+08:00,2026-07-18T21:00:00+08:00,OPERATING,32.47,24.1,11.64,1,1,1,summer,2026-08-31T02:21:38.422656+00:00
2026-07-18,17,55.09,44,38.56,77.13,2026-07-18T09:00:00+08:00,2026-07-18T21:00:00+08:00,OPERATING,31.82,24.1,13.58,1,1,1,summer,2026-08-31T02:21:38.422656+00:00
2026-07-18,18,51.86,43,36.3,72.6,2026-07-18T09:00:00+08:00,2026-07-18T21:00:00+08:00,OPERATING,31.87,24.1,12.42,1,1,1,summer,2026-08-31T02:21:38.422656+00:00
2026-07-18,19,44.67,43,31.27,62.54,2026-07-18T09:00:00+08:00,2026-07-18T21:00:00+08:00,OPERATING,31.22,24.1,11.79,1,1,1,summer,2026-08-31T02:21:38.422656+00:00
2026-07-18,20,34.15,43,23.91,47.82,2026-07-18T09:00:00+08:00,2026-07-18T21:00:00+08:00,OPERATING,31.85,24.1,12.7,1,1,1,summer,2026-08-31T02:21:38.422656+00:00
2026-07-18,21,25.98,46,18.18,36.37,2026-07-18T09:00:00+08:00,2026-07-18T21:00:00+08:00,OPERATING,33.4,24.1,12.03,1,1,1,summer,2026-08-31T02:21:38.422656+00:00
2026-07-19,9,32.24,47,22.57,45.13,2026-07-19T09:00:00+08:00,2026-07-19T21:00:00+08:00,OPERATING,29.68,11.6,8.12,1,1,1,summer,2026-08-31T02:21:38.422656+00:00
2026-07-19,10,40.47,45,28.33,56.66,2026-07-19T09:00:00+08:00,2026-07-19T21:00:00+08:00,OPERATING,28.26,11.6,8.8,1,1,1,summer,2026-08-31T02:21:38.422656+00:00
2026-07-19,11,52.37,47,36.66,73.32,2026-07-19T09:00:00+08:00,2026-07-19T21:00:00+08:00,OPERATING,28.69,11.6,10.74,1,1,1,summer,2026-08-31T02:21:38.422656+00:00
2026-07-19,12,58.9,46,41.23,82.46,2026-07-19T09:00:00+08:00,2026-07-19T21:00:00+08:00,OPERATING,28.1,11.6,9.98,1,1,1,summer,2026-08-31T02:21:38.422656+00:00
2026-07-19,13,52.09,43,42.9,85.8,2026-07-19T09:00:00+08:00,2026-07-19T21:00:00+08:00,OPERATING,28.52,11.6,9.53,1,1,1,summer,2026-08-31T02:21:38.422656+00:00
2026-07-19,14,52.83,45,43.51,87.02,2026-07-19T09:00:00+08:00,2026-07-19T21:00:00+08:00,OPERATING,27.51,11.6,7.86,1,1,1,summer,2026-08-31T02:21:38.422656+00:00
2026-07-19,15,58.79,44,48.42,96.84,2026-07-19T09:00:00+08:00,2026-07-19T21:00:00+08:00,OPERATING,27.77,11.6,9.39,1,1,1,summer,2026-08-31T02:21:38.422656+00:00
2026-07-19,16,51.92,45,42.75,85.51,2026-07-19T09:00:00+08:00,2026-07-19T21:00:00+08:00,OPERATING,29.92,11.6,10.47,1,1,1,summer,2026-08-31T02:21:38.422656+00:00
2026-07-19,17,59.29,46,41.5,83.0,2026-07-19T09:00:00+08:00,2026-07-19T21:00:00+08:00,OPERATING,29.38,11.6,9.88,1,1,1,summer,2026-08-31T02:21:38.422656+00:00
2026-07-19,18,47.22,47,33.05,66.11,2026-07-19T09:00:00+08:00,2026-07-19T21:00:00+08:00,OPERATING,29.65,11.6,10.36,1,1,1,summer,2026-08-31T02:21:38.422656+00:00
2026-07-19,19,42.28,44,29.6,59.19,2026-07-19T09:00:00+08:00,2026-07-19T21:00:00+08:00,OPERATING,28.63,11.6,8.06,1,1,1,summer,2026-08-31T02:21:38.422656+00:00
2026-07-19,20,37.03,46,25.92,51.84,2026-07-19T09:00:00+08:00,2026-07-19T21:00:00+08:00,OPERATING,29.22,11.6,8.68,1,1,1,summer,2026-08-31T02:21:38.422656+00:00
2026-07-19,21,25.28,45,17.7,35.39,2026-07-19T09:00:00+08:00,2026-07-19T21:00:00+08:00,OPERATING,30.2,11.6,8.46,1,1,1,summer,2026-08-31T02:21:38.422656+00:00
2026-07-20,9,19.4,44,13.58,27.16,2026-07-20T09:00:00+08:00,2026-07-20T21:00:00+08:00,OPERATING,29.85,10.0,15.89,0,0,1,summer,2026-08-31T02:21:38.422656+00:00
2026-07-20,10,27.8,44,19.46,38.92,2026-07-20T09:00:00+08:00,2026-07-20T21:00:00+08:00,OPERATING,27.64,10.0,14.77,0,0,1,summer,2026-08-31T02:21:38.422656+00:00
2026-07-20,11,35.89,46,25.12,50.24,2026-07-20T09:00:00+08:00,2026-07-20T21:00:00+08:00,OPERATING,28.77,10.0,15.04,0,0,1,summer,2026-08-31T02:21:38.422656+00:00
2026-07-20,12,41.37,44,28.96,57.91,2026-07-20T09:00:00+08:00,2026-07-20T21:00:00+08:00,OPERATING,28.91,10.0,14.5,0,0,1,summer,2026-08-31T02:21:38.422656+00:00
2026-07-20,13,35.37,47,29.13,58.26,2026-07-20T09:00:00+08:00,2026-07-20T21:00:00+08:00,OPERATING,28.89,10.0,15.26,0,0,1,summer,2026-08-31T02:21:38.422656+00:00
2026-07-20,14,37.5,46,30.88,61.76,2026-07-20T09:00:00+08:00,2026-07-20T21:00:00+08:00,OPERATING,29.03,10.0,13.21,0,0,1,summer,2026-08-31T02:21:38.422656+00:00
2026-07-20,15,38.29,46,31.53,63.06,2026-07-20T09:00:00+08:00,2026-07-20T21:00:00+08:00,OPERATING,28.86,10.0,16.01,0,0,1,summer,2026-08-31T02:21:38.422656+00:00
2026-07-20,16,37.16,43,30.6,61.2,2026-07-20T09:00:00+08:00,2026-07-20T21:00:00+08:00,OPERATING,28.92,10.0,14.77,0,0,1,summer,2026-08-31T02:21:38.422656+00:00
2026-07-20,17,42.07,43,29.45,58.89,2026-07-20T09:00:00+08:00,2026-07-20T21:00:00+08:00,OPERATING,28.83,10.0,17.2,0,0,1,summer,2026-08-31T02:21:38.422656+00:00
2026-07-20,18,39.66,44,27.76,55.52,2026-07-20T09:00:00+08:00,2026-07-20T21:00:00+08:00,OPERATING,28.49,10.0,13.33,0,0,1,summer,2026-08-31T02:21:38.422656+00:00
2026-07-20,19,33.67,47,23.57,47.14,2026-07-20T09:00:00+08:00,2026-07-20T21:00:00+08:00,OPERATING,29.74,10.0,13.28,0,0,1,summer,2026-08-31T02:21:38.422656+00:00
2026-07-20,20,27.58,46,19.31,38.62,2026-07-20T09:00:00+08:00,2026-07-20T21:00:00+08:00,OPERATING,29.68,10.0,15.97,0,0,1,summer,2026-08-31T02:21:38.422656+00:00
2026-07-20,21,18.42,47,12.9,25.79,2026-07-20T09:00:00+08:00,2026-07-20T21:00:00+08:00,OPERATING,28.12,10.0,15.85,0,0,1,summer,2026-08-31T02:21:38.422656+00:00
2026-07-21,9,15.28,43,10.69,21.39,2026-07-21T09:00:00+08:00,2026-07-21T21:00:00+08:00,OPERATING,28.43,14.7,10.75,0,0,1,summer,2026-08-31T02:21:38.422656+00:00
2026-07-21,10,25.58,44,17.91,35.82,2026-07-21T09:00:00+08:00,2026-07-21T21:00:00+08:00,OPERATING,29.25,14.7,13.81,0,0,1,summer,2026-08-31T02:21:38.422656+00:00
2026-07-21,11,32.97,47,23.08,46.16,2026-07-21T09:00:00+08:00,2026-07-21T21:00:00+08:00,OPERATING,27.56,14.7,12.22,0,0,1,summer,2026-08-31T02:21:38.422656+00:00
2026-07-21,12,34.71,43,24.29,48.59,2026-07-21T09:00:00+08:00,2026-07-21T21:00:00+08:00,OPERATING,28.75,14.7,9.3,0,0,1,summer,2026-08-31T02:21:38.422656+00:00
2026-07-21,13,32.05,45,26.39,52.78,2026-07-21T09:00:00+08:00,2026-07-21T21:00:00+08:00,OPERATING,27.51,14.7,12.95,0,0,1,summer,2026-08-31T02:21:38.422656+00:00
2026-07-21,14,33.76,43,27.8,55.61,2026-07-21T09:00:00+08:00,2026-07-21T21:00:00+08:00,OPERATING,30.78,14.7,10.49,0,0,1,summer,2026-08-31T02:21:38.422656+00:00
2026-07-21,15,34.78,45,28.64,57.28,2026-07-21T09:00:00+08:00,2026-07-21T21:00:00+08:00,OPERATING,28.78,14.7,9.51,0,0,1,summer,2026-08-31T02:21:38.422656+00:00
2026-07-21,16,32.94,44,27.12,54.25,2026-07-21T09:00:00+08:00,2026-07-21T21:00:00+08:00,OPERATING,28.51,14.7,10.8,0,0,1,summer,2026-08-31T02:21:38.422656+00:00
2026-07-21,17,37.41,47,26.18,52.37,2026-07-21T09:00:00+08:00,2026-07-21T21:00:00+08:00,OPERATING,30.13,14.7,11.73,0,0,1,summer,2026-08-31T02:21:38.422656+00:00
2026-07-21,18,33.76,47,23.63,47.26,2026-07-21T09:00:00+08:00,2026-07-21T21:00:00+08:00,OPERATING,29.8,14.7,10.18,0,0,1,summer,2026-08-31T02:21:38.422656+00:00
2026-07-21,19,34.19,44,23.93,47.87,2026-07-21T09:00:00+08:00,2026-07-21T21:00:00+08:00,OPERATING,28.29,14.7,11.36,0,0,1,summer,2026-08-31T02:21:38.422656+00:00
2026-07-21,20,24.44,43,17.11,34.22,2026-07-21T09:00:00+08:00,2026-07-21T21:00:00+08:00,OPERATING,27.59,14.7,12.76,0,0,1,summer,2026-08-31T02:21:38.422656+00:00
2026-07-21,21,16.21,44,11.35,22.7,2026-07-21T09:00:00+08:00,2026-07-21T21:00:00+08:00,OPERATING,28.22,14.7,10.11,0,0,1,summer,2026-08-31T02:21:38.422656+00:00
2026-07-22,9,24.95,43,17.47,34.94,2026-07-22T09:00:00+08:00,2026-07-22T21:00:00+08:00,OPERATING,28.24,8.9,11.82,0,0,1,summer,2026-08-31T02:21:38.422656+00:00
2026-07-22,10,32.25,46,22.58,45.15,2026-07-22T09:00:00+08:00,2026-07-22T21:00:00+08:00,OPERATING,30.58,8.9,13.89,0,0,1,summer,2026-08-31T02:21:38.422656+00:00
2026-07-22,11,41.56,44,29.09,58.18,2026-07-22T09:00:00+08:00,2026-07-22T21:00:00+08:00,OPERATING,29.89,8.9,12.63,0,0,1,summer,2026-08-31T02:21:38.422656+00:00
2026-07-22,12,48.86,44,34.2,68.4,2026-07-22T09:00:00+08:00,2026-07-22T21:00:00+08:00,OPERATING,29.24,8.9,13.86,0,0,1,summer,2026-08-31T02:21:38.422656+00:00
2026-07-22,13,38.5,44,31.71,63.41,2026-07-22T09:00:00+08:00,2026-07-22T21:00:00+08:00,OPERATING,29.06,8.9,11.75,0,0,1,summer,2026-08-31T02:21:38.422656+00:00
2026-07-22,14,43.07,46,35.47,70.94,2026-07-22T09:00:00+08:00,2026-07-22T21:00:00+08:00,OPERATING,29.96,8.9,11.64,0,0,1,summer,2026-08-31T02:21:38.422656+00:00
2026-07-22,15,45.83,45,37.74,75.49,2026-07-22T09:00:00+08:00,2026-07-22T21:00:00+08:00,OPERATING,29.34,8.9,11.47,0,0,1,summer,2026-08-31T02:21:38.422656+00:00
2026-07-22,16,42.85,46,35.29,70.58,2026-07-22T09:00:00+08:00,2026-07-22T21:00:00+08:00,OPERATING,28.14,8.9,13.07,0,0,1,summer,2026-08-31T02:21:38.422656+00:00
2026-07-22,17,44.14,44,30.9,61.8,2026-07-22T09:00:00+08:00,2026-07-22T21:00:00+08:00,OPERATING,28.22,8.9,14.22,0,0,1,summer,2026-08-31T02:21:38.422656+00:00
2026-07-22,18,39.65,47,27.75,55.51,2026-07-22T09:00:00+08:00,2026-07-22T21:00:00+08:00,OPERATING,29.24,8.9,11.28,0,0,1,summer,2026-08-31T02:21:38.422656+00:00
2026-07-22,19,35.45,44,24.82,49.63,2026-07-22T09:00:00+08:00,2026-07-22T21:00:00+08:00,OPERATING,29.57,8.9,13.11,0,0,1,summer,2026-08-31T02:21:38.422656+00:00
2026-07-22,20,31.09,47,21.76,43.52,2026-07-22T09:00:00+08:00,2026-07-22T21:00:00+08:00,OPERATING,29.24,8.9,12.65,0,0,1,summer,2026-08-31T02:21:38.422656+00:00
2026-07-22,21,17.81,45,12.46,24.93,2026-07-22T09:00:00+08:00,2026-07-22T21:00:00+08:00,OPERATING,29.33,8.9,12.28,0,0,1,summer,2026-08-31T02:21:38.422656+00:00
2026-07-23,9,27.49,44,19.24,38.48,2026-07-23T09:00:00+08:00,2026-07-23T21:00:00+08:00,OPERATING,30.7,0.4,18.23,0,0,1,summer,2026-08-31T02:21:38.422656+00:00
2026-07-23,10,39.69,45,27.79,55.57,2026-07-23T09:00:00+08:00,2026-07-23T21:00:00+08:00,OPERATING,31.82,0.4,18.36,0,0,1,summer,2026-08-31T02:21:38.422656+00:00
2026-07-23,11,53.09,44,37.16,74.33,2026-07-23T09:00:00+08:00,2026-07-23T21:00:00+08:00,OPERATING,31.44,0.4,17.8,0,0,1,summer,2026-08-31T02:21:38.422656+00:00
2026-07-23,12,52.78,43,36.95,73.89,2026-07-23T09:00:00+08:00,2026-07-23T21:00:00+08:00,OPERATING,31.16,0.4,17.82,0,0,1,summer,2026-08-31T02:21:38.422656+00:00
2026-07-23,13,57.66,45,40.36,80.73,2026-07-23T09:00:00+08:00,2026-07-23T21:00:00+08:00,OPERATING,31.59,0.4,16.58,0,0,1,summer,2026-08-31T02:21:38.422656+00:00
2026-07-23,14,62.32,44,43.63,87.25,2026-07-23T09:00:00+08:00,2026-07-23T21:00:00+08:00,OPERATING,31.76,0.4,18.37,0,0,1,summer,2026-08-31T02:21:38.422656+00:00
2026-07-23,15,59.34,44,41.54,83.08,2026-07-23T09:00:00+08:00,2026-07-23T21:00:00+08:00,OPERATING,30.38,0.4,16.23,0,0,1,summer,2026-08-31T02:21:38.422656+00:00
2026-07-23,16,53.67,47,37.57,75.13,2026-07-23T09:00:00+08:00,2026-07-23T21:00:00+08:00,OPERATING,30.49,0.4,18.29,0,0,1,summer,2026-08-31T02:21:38.422656+00:00
2026-07-23,17,60.17,45,42.12,84.24,2026-07-23T09:00:00+08:00,2026-07-23T21:00:00+08:00,OPERATING,30.66,0.4,17.48,0,0,1,summer,2026-08-31T02:21:38.422656+00:00
2026-07-23,18,51.98,46,36.39,72.78,2026-07-23T09:00:00+08:00,2026-07-23T21:00:00+08:00,OPERATING,31.28,0.4,18.48,0,0,1,summer,2026-08-31T02:21:38.422656+00:00
2026-07-23,19,42.82,44,29.97,59.95,2026-07-23T09:00:00+08:00,2026-07-23T21:00:00+08:00,OPERATING,29.48,0.4,16.73,0,0,1,summer,2026-08-31T02:21:38.422656+00:00
2026-07-23,20,34.3,43,24.01,48.03,2026-07-23T09:00:00+08:00,2026-07-23T21:00:00+08:00,OPERATING,30.82,0.4,17.33,0,0,1,summer,2026-08-31T02:21:38.422656+00:00
2026-07-23,21,27.21,44,19.05,38.1,2026-07-23T09:00:00+08:00,2026-07-23T21:00:00+08:00,OPERATING,31.97,0.4,17.29,0,0,1,summer,2026-08-31T02:21:38.422656+00:00
2026-07-24,9,29.96,43,20.97,41.94,2026-07-24T09:00:00+08:00,2026-07-24T21:00:00+08:00,OPERATING,30.83,1.1,15.69,0,0,1,summer,2026-08-31T02:21:38.422656+00:00
2026-07-24,10,37.22,44,26.05,52.1,2026-07-24T09:00:00+08:00,2026-07-24T21:00:00+08:00,OPERATING,32.1,1.1,17.78,0,0,1,summer,2026-08-31T02:21:38.422656+00:00
2026-07-24,11,45.75,45,32.02,64.05,2026-07-24T09:00:00+08:00,2026-07-24T21:00:00+08:00,OPERATING,30.15,1.1,15.93,0,0,1,summer,2026-08-31T02:21:38.422656+00:00
2026-07-24,12,54.32,44,38.03,76.05,2026-07-24T09:00:00+08:00,2026-07-24T21:00:00+08:00,OPERATING,32.91,1.1,16.77,0,0,1,summer,2026-08-31T02:21:38.422656+00:00
2026-07-24,13,52.62,46,36.83,73.67,2026-07-24T09:00:00+08:00,2026-07-24T21:00:00+08:00,OPERATING,30.46,1.1,16.03,0,0,1,summer,2026-08-31T02:21:38.422656+00:00
2026-07-24,14,58.45,45,40.91,81.82,2026-07-24T09:00:00+08:00,2026-07-24T21:00:00+08:00,OPERATING,32.77,1.1,15.7,0,0,1,summer,2026-08-31T02:21:38.422656+00:00
2026-07-24,15,58.66,43,41.06,82.12,2026-07-24T09:00:00+08:00,2026-07-24T21:00:00+08:00,OPERATING,31.18,1.1,16.5,0,0,1,summer,2026-08-31T02:21:38.422656+00:00
2026-07-24,16,57.5,43,40.25,80.49,2026-07-24T09:00:00+08:00,2026-07-24T21:00:00+08:00,OPERATING,30.95,1.1,14.92,0,0,1,summer,2026-08-31T02:21:38.422656+00:00
2026-07-24,17,52.59,43,36.81,73.63,2026-07-24T09:00:00+08:00,2026-07-24T21:00:00+08:00,OPERATING,30.86,1.1,15.41,0,0,1,summer,2026-08-31T02:21:38.422656+00:00
2026-07-24,18,44.94,43,31.46,62.92,2026-07-24T09:00:00+08:00,2026-07-24T21:00:00+08:00,OPERATING,31.28,1.1,16.28,0,0,1,summer,2026-08-31T02:21:38.422656+00:00
2026-07-24,19,41.93,43,29.35,58.7,2026-07-24T09:00:00+08:00,2026-07-24T21:00:00+08:00,OPERATING,31.01,1.1,17.67,0,0,1,summer,2026-08-31T02:21:38.422656+00:00
2026-07-24,20,34.13,46,23.89,47.78,2026-07-24T09:00:00+08:00,2026-07-24T21:00:00+08:00,OPERATING,31.73,1.1,16.65,0,0,1,summer,2026-08-31T02:21:38.422656+00:00
2026-07-24,21,21.83,43,15.28,30.56,2026-07-24T09:00:00+08:00,2026-07-24T21:00:00+08:00,OPERATING,31.35,1.1,16.78,0,0,1,summer,2026-08-31T02:21:38.422656+00:00
2026-07-25,9,42.14,43,29.5,59.0,2026-07-25T09:00:00+08:00,2026-07-25T21:00:00+08:00,OPERATING,31.48,0.0,16.85,1,1,1,summer,2026-08-31T02:21:38.422656+00:00
2026-07-25,10,56.85,43,39.79,79.59,2026-07-25T09:00:00+08:00,2026-07-25T21:00:00+08:00,OPERATING,31.6,0.0,16.95,1,1,1,summer,2026-08-31T02:21:38.422656+00:00
2026-07-25,11,72.2,47,50.54,101.08,2026-07-25T09:00:00+08:00,2026-07-25T21:00:00+08:00,OPERATING,32.57,0.0,17.1,1,1,1,summer,2026-08-31T02:21:38.422656+00:00
2026-07-25,12,80.46,47,56.32,112.64,2026-07-25T09:00:00+08:00,2026-07-25T21:00:00+08:00,OPERATING,31.03,0.0,16.81,1,1,1,summer,2026-08-31T02:21:38.422656+00:00
2026-07-25,13,87.29,43,61.11,122.21,2026-07-25T09:00:00+08:00,2026-07-25T21:00:00+08:00,OPERATING,31.58,0.0,17.39,1,1,1,summer,2026-08-31T02:21:38.422656+00:00
2026-07-25,14,91.88,45,64.31,128.63,2026-07-25T09:00:00+08:00,2026-07-25T21:00:00+08:00,OPERATING,31.96,0.0,18.7,1,1,1,summer,2026-08-31T02:21:38.422656+00:00
2026-07-25,15,95.98,47,67.19,134.37,2026-07-25T09:00:00+08:00,2026-07-25T21:00:00+08:00,OPERATING,30.32,0.0,17.26,1,1,1,summer,2026-08-31T02:21:38.422656+00:00
2026-07-25,16,89.43,44,62.6,125.2,2026-07-25T09:00:00+08:00,2026-07-25T21:00:00+08:00,OPERATING,30.99,0.0,18.43,1,1,1,summer,2026-08-31T02:21:38.422656+00:00
2026-07-25,17,82.19,47,57.53,115.07,2026-07-25T09:00:00+08:00,2026-07-25T21:00:00+08:00,OPERATING,31.35,0.0,15.46,1,1,1,summer,2026-08-31T02:21:38.422656+00:00
2026-07-25,18,75.39,43,52.77,105.55,2026-07-25T09:00:00+08:00,2026-07-25T21:00:00+08:00,OPERATING,31.2,0.0,17.49,1,1,1,summer,2026-08-31T02:21:38.422656+00:00
2026-07-25,19,67.58,44,47.31,94.61,2026-07-25T09:00:00+08:00,2026-07-25T21:00:00+08:00,OPERATING,32.66,0.0,18.26,1,1,1,summer,2026-08-31T02:21:38.422656+00:00
2026-07-25,20,52.29,45,36.6,73.2,2026-07-25T09:00:00+08:00,2026-07-25T21:00:00+08:00,OPERATING,32.44,0.0,19.04,1,1,1,summer,2026-08-31T02:21:38.422656+00:00
2026-07-25,21,38.53,43,26.97,53.94,2026-07-25T09:00:00+08:00,2026-07-25T21:00:00+08:00,OPERATING,31.8,0.0,17.88,1,1,1,summer,2026-08-31T02:21:38.422656+00:00
2026-07-26,9,40.5,44,28.35,56.7,2026-07-26T09:00:00+08:00,2026-07-26T21:00:00+08:00,OPERATING,32.41,0.0,19.91,1,1,1,summer,2026-08-31T02:21:38.422656+00:00
2026-07-26,10,56.16,47,39.32,78.63,2026-07-26T09:00:00+08:00,2026-07-26T21:00:00+08:00,OPERATING,32.58,0.0,19.5,1,1,1,summer,2026-08-31T02:21:38.422656+00:00
2026-07-26,11,72.06,45,50.45,100.89,2026-07-26T09:00:00+08:00,2026-07-26T21:00:00+08:00,OPERATING,32.62,0.0,18.6,1,1,1,summer,2026-08-31T02:21:38.422656+00:00
2026-07-26,12,77.63,47,54.34,108.69,2026-07-26T09:00:00+08:00,2026-07-26T21:00:00+08:00,OPERATING,31.84,0.0,20.19,1,1,1,summer,2026-08-31T02:21:38.422656+00:00
2026-07-26,13,82.78,46,57.94,115.89,2026-07-26T09:00:00+08:00,2026-07-26T21:00:00+08:00,OPERATING,32.18,0.0,18.15,1,1,1,summer,2026-08-31T02:21:38.422656+00:00
2026-07-26,14,83.27,46,58.29,116.58,2026-07-26T09:00:00+08:00,2026-07-26T21:00:00+08:00,OPERATING,32.89,0.0,17.32,1,1,1,summer,2026-08-31T02:21:38.422656+00:00
2026-07-26,15,91.74,45,64.21,128.43,2026-07-26T09:00:00+08:00,2026-07-26T21:00:00+08:00,OPERATING,31.4,0.0,18.26,1,1,1,summer,2026-08-31T02:21:38.422656+00:00
2026-07-26,16,85.95,47,60.16,120.33,2026-07-26T09:00:00+08:00,2026-07-26T21:00:00+08:00,OPERATING,31.69,0.0,20.06,1,1,1,summer,2026-08-31T02:21:38.422656+00:00
2026-07-26,17,78.27,47,54.79,109.58,2026-07-26T09:00:00+08:00,2026-07-26T21:00:00+08:00,OPERATING,31.56,0.0,18.66,1,1,1,summer,2026-08-31T02:21:38.422656+00:00
2026-07-26,18,71.29,45,49.9,99.81,2026-07-26T09:00:00+08:00,2026-07-26T21:00:00+08:00,OPERATING,30.59,0.0,17.55,1,1,1,summer,2026-08-31T02:21:38.422656+00:00
2026-07-26,19,66.46,47,46.52,93.04,2026-07-26T09:00:00+08:00,2026-07-26T21:00:00+08:00,OPERATING,31.77,0.0,19.34,1,1,1,summer,2026-08-31T02:21:38.422656+00:00
2026-07-26,20,51.62,47,36.13,72.27,2026-07-26T09:00:00+08:00,2026-07-26T21:00:00+08:00,OPERATING,32.44,0.0,17.77,1,1,1,summer,2026-08-31T02:21:38.422656+00:00
2026-07-26,21,39.67,46,27.77,55.54,2026-07-26T09:00:00+08:00,2026-07-26T21:00:00+08:00,OPERATING,28.79,0.0,20.67,1,1,1,summer,2026-08-31T02:21:38.422656+00:00
2026-07-27,9,26.06,46,18.24,36.49,2026-07-27T09:00:00+08:00,2026-07-27T21:00:00+08:00,OPERATING,30.85,0.5,19.24,0,0,1,summer,2026-08-31T02:21:38.422656+00:00
2026-07-27,10,40.85,47,28.59,57.19,2026-07-27T09:00:00+08:00,2026-07-27T21:00:00+08:00,OPERATING,30.79,0.5,17.85,0,0,1,summer,2026-08-31T02:21:38.422656+00:00
2026-07-27,11,43.79,44,30.65,61.3,2026-07-27T09:00:00+08:00,2026-07-27T21:00:00+08:00,OPERATING,31.67,0.5,17.89,0,0,1,summer,2026-08-31T02:21:38.422656+00:00
2026-07-27,12,53.13,43,37.19,74.38,2026-07-27T09:00:00+08:00,2026-07-27T21:00:00+08:00,OPERATING,31.08,0.5,17.39,0,0,1,summer,2026-08-31T02:21:38.422656+00:00
2026-07-27,13,54.81,43,38.37,76.73,2026-07-27T09:00:00+08:00,2026-07-27T21:00:00+08:00,OPERATING,31.05,0.5,15.92,0,0,1,summer,2026-08-31T02:21:38.422656+00:00
2026-07-27,14,59.96,43,41.97,83.95,2026-07-27T09:00:00+08:00,2026-07-27T21:00:00+08:00,OPERATING,30.47,0.5,18.22,0,0,1,summer,2026-08-31T02:21:38.422656+00:00
2026-07-27,15,62.73,43,43.91,87.82,2026-07-27T09:00:00+08:00,2026-07-27T21:00:00+08:00,OPERATING,31.18,0.5,18.41,0,0,1,summer,2026-08-31T02:21:38.422656+00:00
2026-07-27,16,58.74,47,41.12,82.24,2026-07-27T09:00:00+08:00,2026-07-27T21:00:00+08:00,OPERATING,32.68,0.5,16.95,0,0,1,summer,2026-08-31T02:21:38.422656+00:00
2026-07-27,17,53.89,45,37.73,75.45,2026-07-27T09:00:00+08:00,2026-07-27T21:00:00+08:00,OPERATING,31.62,0.5,17.98,0,0,1,summer,2026-08-31T02:21:38.422656+00:00
2026-07-27,18,46.29,45,32.4,64.8,2026-07-27T09:00:00+08:00,2026-07-27T21:00:00+08:00,OPERATING,30.27,0.5,18.4,0,0,1,summer,2026-08-31T02:21:38.422656+00:00
2026-07-27,19,41.71,44,29.2,58.39,2026-07-27T09:00:00+08:00,2026-07-27T21:00:00+08:00,OPERATING,31.83,0.5,19.06,0,0,1,summer,2026-08-31T02:21:38.422656+00:00
2026-07-27,20,34.54,46,24.18,48.36,2026-07-27T09:00:00+08:00,2026-07-27T21:00:00+08:00,OPERATING,32.0,0.5,17.28,0,0,1,summer,2026-08-31T02:21:38.422656+00:00
2026-07-27,21,27.19,46,19.03,38.07,2026-07-27T09:00:00+08:00,2026-07-27T21:00:00+08:00,OPERATING,32.35,0.5,17.45,0,0,1,summer,2026-08-31T02:21:38.422656+00:00
2026-07-28,9,30.85,47,21.6,43.19,2026-07-28T09:00:00+08:00,2026-07-28T21:00:00+08:00,OPERATING,30.63,0.4,14.85,0,0,1,summer,2026-08-31T02:21:38.422656+00:00
2026-07-28,10,41.31,46,28.92,57.84,2026-07-28T09:00:00+08:00,2026-07-28T21:00:00+08:00,OPERATING,31.07,0.4,17.52,0,0,1,summer,2026-08-31T02:21:38.422656+00:00
2026-07-28,11,52.28,44,36.6,73.2,2026-07-28T09:00:00+08:00,2026-07-28T21:00:00+08:00,OPERATING,31.78,0.4,16.17,0,0,1,summer,2026-08-31T02:21:38.422656+00:00
2026-07-28,12,58.1,47,40.67,81.34,2026-07-28T09:00:00+08:00,2026-07-28T21:00:00+08:00,OPERATING,32.0,0.4,17.29,0,0,1,summer,2026-08-31T02:21:38.422656+00:00
2026-07-28,13,64.61,45,45.23,90.45,2026-07-28T09:00:00+08:00,2026-07-28T21:00:00+08:00,OPERATING,30.28,0.4,16.58,0,0,1,summer,2026-08-31T02:21:38.422656+00:00
2026-07-28,14,63.97,45,44.78,89.56,2026-07-28T09:00:00+08:00,2026-07-28T21:00:00+08:00,OPERATING,31.06,0.4,17.21,0,0,1,summer,2026-08-31T02:21:38.422656+00:00
2026-07-28,15,62.42,45,43.69,87.39,2026-07-28T09:00:00+08:00,2026-07-28T21:00:00+08:00,OPERATING,31.57,0.4,16.15,0,0,1,summer,2026-08-31T02:21:38.422656+00:00
2026-07-28,16,61.14,47,42.8,85.6,2026-07-28T09:00:00+08:00,2026-07-28T21:00:00+08:00,OPERATING,31.09,0.4,15.19,0,0,1,summer,2026-08-31T02:21:38.422656+00:00
2026-07-28,17,58.39,45,40.88,81.75,2026-07-28T09:00:00+08:00,2026-07-28T21:00:00+08:00,OPERATING,31.68,0.4,17.79,0,0,1,summer,2026-08-31T02:21:38.422656+00:00
2026-07-28,18,51.59,43,36.11,72.23,2026-07-28T09:00:00+08:00,2026-07-28T21:00:00+08:00,OPERATING,31.42,0.4,15.02,0,0,1,summer,2026-08-31T02:21:38.422656+00:00
2026-07-28,19,49.64,47,34.75,69.49,2026-07-28T09:00:00+08:00,2026-07-28T21:00:00+08:00,OPERATING,31.21,0.4,15.34,0,0,1,summer,2026-08-31T02:21:38.422656+00:00
2026-07-28,20,40.49,44,28.34,56.68,2026-07-28T09:00:00+08:00,2026-07-28T21:00:00+08:00,OPERATING,31.04,0.4,16.36,0,0,1,summer,2026-08-31T02:21:38.422656+00:00
2026-07-28,21,24.57,46,17.2,34.4,2026-07-28T09:00:00+08:00,2026-07-28T21:00:00+08:00,OPERATING,32.15,0.4,15.54,0,0,1,summer,2026-08-31T02:21:38.422656+00:00
2026-07-29,9,20.32,46,14.22,28.44,2026-07-29T09:00:00+08:00,2026-07-29T21:00:00+08:00,OPERATING,31.86,0.4,15.98,0,0,1,summer,2026-08-31T02:21:38.422656+00:00
2026-07-29,10,32.58,44,22.81,45.62,2026-07-29T09:00:00+08:00,2026-07-29T21:00:00+08:00,OPERATING,32.87,0.4,15.01,0,0,1,summer,2026-08-31T02:21:38.422656+00:00
2026-07-29,11,41.5,45,29.05,58.09,2026-07-29T09:00:00+08:00,2026-07-29T21:00:00+08:00,OPERATING,31.67,0.4,14.3,0,0,1,summer,2026-08-31T02:21:38.422656+00:00
2026-07-29,12,42.84,43,29.99,59.98,2026-07-29T09:00:00+08:00,2026-07-29T21:00:00+08:00,OPERATING,30.67,0.4,15.68,0,0,1,summer,2026-08-31T02:21:38.422656+00:00
2026-07-29,13,44.39,47,31.07,62.15,2026-07-29T09:00:00+08:00,2026-07-29T21:00:00+08:00,OPERATING,33.23,0.4,15.48,0,0,1,summer,2026-08-31T02:21:38.422656+00:00
2026-07-29,14,46.04,46,32.23,64.46,2026-07-29T09:00:00+08:00,2026-07-29T21:00:00+08:00,OPERATING,31.86,0.4,12.81,0,0,1,summer,2026-08-31T02:21:38.422656+00:00
2026-07-29,15,50.26,43,35.18,70.37,2026-07-29T09:00:00+08:00,2026-07-29T21:00:00+08:00,OPERATING,33.24,0.4,15.69,0,0,1,summer,2026-08-31T02:21:38.422656+00:00
2026-07-29,16,48.42,47,33.89,67.79,2026-07-29T09:00:00+08:00,2026-07-29T21:00:00+08:00,OPERATING,33.11,0.4,14.53,0,0,1,summer,2026-08-31T02:21:38.422656+00:00
2026-07-29,17,39.79,43,27.86,55.71,2026-07-29T09:00:00+08:00,2026-07-29T21:00:00+08:00,OPERATING,33.42,0.4,15.29,0,0,1,summer,2026-08-31T02:21:38.422656+00:00
2026-07-29,18,38.78,47,27.15,54.29,2026-07-29T09:00:00+08:00,2026-07-29T21:00:00+08:00,OPERATING,33.57,0.4,16.21,0,0,1,summer,2026-08-31T02:21:38.422656+00:00
2026-07-29,19,37.79,44,26.45,52.91,2026-07-29T09:00:00+08:00,2026-07-29T21:00:00+08:00,OPERATING,32.41,0.4,15.91,0,0,1,summer,2026-08-31T02:21:38.422656+00:00
2026-07-29,20,30.39,43,21.27,42.54,2026-07-29T09:00:00+08:00,2026-07-29T21:00:00+08:00,OPERATING,32.57,0.4,14.73,0,0,1,summer,2026-08-31T02:21:38.422656+00:00
2026-07-29,21,24.39,44,17.08,34.15,2026-07-29T09:00:00+08:00,2026-07-29T21:00:00+08:00,OPERATING,33.05,0.4,15.66,0,0,1,summer,2026-08-31T02:21:38.422656+00:00
2026-07-30,9,24.94,44,17.45,34.91,2026-07-30T09:00:00+08:00,2026-07-30T21:00:00+08:00,OPERATING,33.61,1.8,13.88,0,0,1,summer,2026-08-31T02:21:38.422656+00:00
2026-07-30,10,36.08,43,25.25,50.51,2026-07-30T09:00:00+08:00,2026-07-30T21:00:00+08:00,OPERATING,32.39,1.8,14.21,0,0,1,summer,2026-08-31T02:21:38.422656+00:00
2026-07-30,11,45.62,45,31.93,63.86,2026-07-30T09:00:00+08:00,2026-07-30T21:00:00+08:00,OPERATING,33.52,1.8,14.98,0,0,1,summer,2026-08-31T02:21:38.422656+00:00
2026-07-30,12,46.67,45,32.67,65.34,2026-07-30T09:00:00+08:00,2026-07-30T21:00:00+08:00,OPERATING,32.38,1.8,14.02,0,0,1,summer,2026-08-31T02:21:38.422656+00:00
2026-07-30,13,51.07,46,35.75,71.5,2026-07-30T09:00:00+08:00,2026-07-30T21:00:00+08:00,OPERATING,33.77,1.8,14.61,0,0,1,summer,2026-08-31T02:21:38.422656+00:00
2026-07-30,14,52.12,46,36.49,72.97,2026-07-30T09:00:00+08:00,2026-07-30T21:00:00+08:00,OPERATING,32.21,1.8,14.16,0,0,1,summer,2026-08-31T02:21:38.422656+00:00
2026-07-30,15,57.76,44,40.43,80.86,2026-07-30T09:00:00+08:00,2026-07-30T21:00:00+08:00,OPERATING,33.18,1.8,14.75,0,0,1,summer,2026-08-31T02:21:38.422656+00:00
2026-07-30,16,51.84,44,36.29,72.57,2026-07-30T09:00:00+08:00,2026-07-30T21:00:00+08:00,OPERATING,33.7,1.8,15.18,0,0,1,summer,2026-08-31T02:21:38.422656+00:00
2026-07-30,17,48.24,47,33.77,67.54,2026-07-30T09:00:00+08:00,2026-07-30T21:00:00+08:00,OPERATING,31.88,1.8,13.05,0,0,1,summer,2026-08-31T02:21:38.422656+00:00
2026-07-30,18,44.21,44,30.95,61.89,2026-07-30T09:00:00+08:00,2026-07-30T21:00:00+08:00,OPERATING,33.31,1.8,14.08,0,0,1,summer,2026-08-31T02:21:38.422656+00:00
2026-07-30,19,39.16,45,27.41,54.83,2026-07-30T09:00:00+08:00,2026-07-30T21:00:00+08:00,OPERATING,34.29,1.8,12.73,0,0,1,summer,2026-08-31T02:21:38.422656+00:00
2026-07-30,20,32.44,43,22.71,45.42,2026-07-30T09:00:00+08:00,2026-07-30T21:00:00+08:00,OPERATING,33.36,1.8,13.89,0,0,1,summer,2026-08-31T02:21:38.422656+00:00
2026-07-30,21,22.09,46,15.46,30.93,2026-07-30T09:00:00+08:00,2026-07-30T21:00:00+08:00,OPERATING,33.31,1.8,14.0,0,0,1,summer,2026-08-31T02:21:38.422656+00:00
2026-07-31,9,28.64,45,20.05,40.1,2026-07-31T09:00:00+08:00,2026-07-31T21:00:00+08:00,OPERATING,32.42,0.1,12.15,0,0,1,summer,2026-08-31T02:21:38.422656+00:00
2026-07-31,10,42.38,47,29.67,59.33,2026-07-31T09:00:00+08:00,2026-07-31T21:00:00+08:00,OPERATING,32.57,0.1,12.91,0,0,1,summer,2026-08-31T02:21:38.422656+00:00
2026-07-31,11,53.84,46,37.69,75.38,2026-07-31T09:00:00+08:00,2026-07-31T21:00:00+08:00,OPERATING,32.6,0.1,13.4,0,0,1,summer,2026-08-31T02:21:38.422656+00:00
2026-07-31,12,59.12,43,41.39,82.77,2026-07-31T09:00:00+08:00,2026-07-31T21:00:00+08:00,OPERATING,32.88,0.1,13.84,0,0,1,summer,2026-08-31T02:21:38.422656+00:00
2026-07-31,13,61.52,45,43.06,86.13,2026-07-31T09:00:00+08:00,2026-07-31T21:00:00+08:00,OPERATING,32.64,0.1,13.38,0,0,1,summer,2026-08-31T02:21:38.422656+00:00
2026-07-31,14,67.21,45,47.05,94.09,2026-07-31T09:00:00+08:00,2026-07-31T21:00:00+08:00,OPERATING,32.47,0.1,12.12,0,0,1,summer,2026-08-31T02:21:38.422656+00:00
2026-07-31,15,64.64,45,45.25,90.49,2026-07-31T09:00:00+08:00,2026-07-31T21:00:00+08:00,OPERATING,33.96,0.1,11.57,0,0,1,summer,2026-08-31T02:21:38.422656+00:00
2026-07-31,16,61.75,47,43.22,86.45,2026-07-31T09:00:00+08:00,2026-07-31T21:00:00+08:00,OPERATING,32.81,0.1,13.45,0,0,1,summer,2026-08-31T02:21:38.422656+00:00
2026-07-31,17,57.38,44,40.17,80.34,2026-07-31T09:00:00+08:00,2026-07-31T21:00:00+08:00,OPERATING,32.96,0.1,12.9,0,0,1,summer,2026-08-31T02:21:38.422656+00:00
2026-07-31,18,54.15,46,37.9,75.81,2026-07-31T09:00:00+08:00,2026-07-31T21:00:00+08:00,OPERATING,32.59,0.1,13.39,0,0,1,summer,2026-08-31T02:21:38.422656+00:00
2026-07-31,19,47.16,45,33.01,66.02,2026-07-31T09:00:00+08:00,2026-07-31T21:00:00+08:00,OPERATING,32.18,0.1,10.79,0,0,1,summer,2026-08-31T02:21:38.422656+00:00
2026-07-31,20,39.09,43,27.36,54.72,2026-07-31T09:00:00+08:00,2026-07-31T21:00:00+08:00,OPERATING,30.8,0.1,12.33,0,0,1,summer,2026-08-31T02:21:38.422656+00:00
2026-07-31,21,29.86,43,20.9,41.81,2026-07-31T09:00:00+08:00,2026-07-31T21:00:00+08:00,OPERATING,32.74,0.1,11.33,0,0,1,summer,2026-08-31T02:21:38.422656+00:00
2026-08-01,9,34.98,44,24.49,48.97,2026-08-01T09:00:00+08:00,2026-08-01T21:00:00+08:00,OPERATING,31.94,3.2,10.6,1,1,1,summer,2026-08-31T02:21:38.422656+00:00
2026-08-01,10,48.57,44,34.0,68.0,2026-08-01T09:00:00+08:00,2026-08-01T21:00:00+08:00,OPERATING,32.42,3.2,11.56,1,1,1,summer,2026-08-31T02:21:38.422656+00:00
2026-08-01,11,57.95,46,40.57,81.14,2026-08-01T09:00:00+08:00,2026-08-01T21:00:00+08:00,OPERATING,31.65,3.2,12.38,1,1,1,summer,2026-08-31T02:21:38.422656+00:00
2026-08-01,12,62.79,44,43.96,87.91,2026-08-01T09:00:00+08:00,2026-08-01T21:00:00+08:00,OPERATING,31.4,3.2,10.87,1,1,1,summer,2026-08-31T02:21:38.422656+00:00
2026-08-01,13,66.38,46,46.46,92.93,2026-08-01T09:00:00+08:00,2026-08-01T21:00:00+08:00,OPERATING,33.31,3.2,10.38,1,1,1,summer,2026-08-31T02:21:38.422656+00:00
2026-08-01,14,71.26,43,49.88,99.76,2026-08-01T09:00:00+08:00,2026-08-01T21:00:00+08:00,OPERATING,32.6,3.2,10.02,1,1,1,summer,2026-08-31T02:21:38.422656+00:00
2026-08-01,15,76.44,45,53.51,107.01,2026-08-01T09:00:00+08:00,2026-08-01T21:00:00+08:00,OPERATING,30.89,3.2,11.09,1,1,1,summer,2026-08-31T02:21:38.422656+00:00
2026-08-01,16,71.95,47,50.36,100.73,2026-08-01T09:00:00+08:00,2026-08-01T21:00:00+08:00,OPERATING,32.7,3.2,11.33,1,1,1,summer,2026-08-31T02:21:38.422656+00:00
2026-08-01,17,61.61,44,43.12,86.25,2026-08-01T09:00:00+08:00,2026-08-01T21:00:00+08:00,OPERATING,32.53,3.2,9.48,1,1,1,summer,2026-08-31T02:21:38.422656+00:00
2026-08-01,18,58.78,46,41.15,82.29,2026-08-01T09:00:00+08:00,2026-08-01T21:00:00+08:00,OPERATING,32.62,3.2,10.8,1,1,1,summer,2026-08-31T02:21:38.422656+00:00
2026-08-01,19,55.05,44,38.54,77.07,2026-08-01T09:00:00+08:00,2026-08-01T21:00:00+08:00,OPERATING,32.08,3.2,11.77,1,1,1,summer,2026-08-31T02:21:38.422656+00:00
2026-08-01,20,40.96,44,28.67,57.35,2026-08-01T09:00:00+08:00,2026-08-01T21:00:00+08:00,OPERATING,33.47,3.2,10.44,1,1,1,summer,2026-08-31T02:21:38.422656+00:00
2026-08-01,21,32.04,45,22.43,44.85,2026-08-01T09:00:00+08:00,2026-08-01T21:00:00+08:00,OPERATING,31.23,3.2,11.33,1,1,1,summer,2026-08-31T02:21:38.422656+00:00
2026-08-02,9,33.08,46,23.16,46.31,2026-08-02T09:00:00+08:00,2026-08-02T21:00:00+08:00,OPERATING,31.06,2.5,7.35,1,1,1,summer,2026-08-31T02:21:38.422656+00:00
2026-08-02,10,50.83,47,35.58,71.16,2026-08-02T09:00:00+08:00,2026-08-02T21:00:00+08:00,OPERATING,32.12,2.5,8.32,1,1,1,summer,2026-08-31T02:21:38.422656+00:00
2026-08-02,11,59.08,47,41.36,82.72,2026-08-02T09:00:00+08:00,2026-08-02T21:00:00+08:00,OPERATING,32.4,2.5,8.58,1,1,1,summer,2026-08-31T02:21:38.422656+00:00
2026-08-02,12,68.16,43,47.71,95.43,2026-08-02T09:00:00+08:00,2026-08-02T21:00:00+08:00,OPERATING,33.06,2.5,9.01,1,1,1,summer,2026-08-31T02:21:38.422656+00:00
2026-08-02,13,74.43,46,52.1,104.21,2026-08-02T09:00:00+08:00,2026-08-02T21:00:00+08:00,OPERATING,30.81,2.5,8.17,1,1,1,summer,2026-08-31T02:21:38.422656+00:00
2026-08-02,14,74.39,44,52.07,104.15,2026-08-02T09:00:00+08:00,2026-08-02T21:00:00+08:00,OPERATING,32.95,2.5,8.54,1,1,1,summer,2026-08-31T02:21:38.422656+00:00
2026-08-02,15,74.09,44,51.86,103.73,2026-08-02T09:00:00+08:00,2026-08-02T21:00:00+08:00,OPERATING,31.0,2.5,9.49,1,1,1,summer,2026-08-31T02:21:38.422656+00:00
2026-08-02,16,73.01,46,51.11,102.22,2026-08-02T09:00:00+08:00,2026-08-02T21:00:00+08:00,OPERATING,31.31,2.5,8.81,1,1,1,summer,2026-08-31T02:21:38.422656+00:00
2026-08-02,17,65.63,47,45.94,91.88,2026-08-02T09:00:00+08:00,2026-08-02T21:00:00+08:00,OPERATING,30.81,2.5,7.63,1,1,1,summer,2026-08-31T02:21:38.422656+00:00
2026-08-02,18,57.29,47,40.11,80.21,2026-08-02T09:00:00+08:00,2026-08-02T21:00:00+08:00,OPERATING,33.31,2.5,8.17,1,1,1,summer,2026-08-31T02:21:38.422656+00:00
2026-08-02,19,50.59,47,35.41,70.82,2026-08-02T09:00:00+08:00,2026-08-02T21:00:00+08:00,OPERATING,31.04,2.5,7.15,1,1,1,summer,2026-08-31T02:21:38.422656+00:00
2026-08-02,20,40.08,43,28.05,56.11,2026-08-02T09:00:00+08:00,2026-08-02T21:00:00+08:00,OPERATING,32.2,2.5,8.95,1,1,1,summer,2026-08-31T02:21:38.422656+00:00
2026-08-02,21,32.02,46,22.41,44.83,2026-08-02T09:00:00+08:00,2026-08-02T21:00:00+08:00,OPERATING,32.34,2.5,8.35,1,1,1,summer,2026-08-31T02:21:38.422656+00:00
2026-08-03,9,28.13,43,19.69,39.38,2026-08-03T09:00:00+08:00,2026-08-03T21:00:00+08:00,OPERATING,30.5,0.0,12.19,0,0,1,summer,2026-08-31T02:21:38.422656+00:00
2026-08-03,10,34.25,47,23.98,47.95,2026-08-03T09:00:00+08:00,2026-08-03T21:00:00+08:00,OPERATING,31.07,0.0,10.3,0,0,1,summer,2026-08-31T02:21:38.422656+00:00
2026-08-03,11,48.15,44,33.71,67.41,2026-08-03T09:00:00+08:00,2026-08-03T21:00:00+08:00,OPERATING,31.67,0.0,11.01,0,0,1,summer,2026-08-31T02:21:38.422656+00:00
2026-08-03,12,52.76,45,36.93,73.86,2026-08-03T09:00:00+08:00,2026-08-03T21:00:00+08:00,OPERATING,30.9,0.0,12.55,0,0,1,summer,2026-08-31T02:21:38.422656+00:00
2026-08-03,13,54.26,47,37.98,75.97,2026-08-03T09:00:00+08:00,2026-08-03T21:00:00+08:00,OPERATING,31.11,0.0,12.26,0,0,1,summer,2026-08-31T02:21:38.422656+00:00
2026-08-03,14,57.24,44,40.07,80.14,2026-08-03T09:00:00+08:00,2026-08-03T21:00:00+08:00,OPERATING,31.16,0.0,12.79,0,0,1,summer,2026-08-31T02:21:38.422656+00:00
2026-08-03,15,57.65,44,40.35,80.71,2026-08-03T09:00:00+08:00,2026-08-03T21:00:00+08:00,OPERATING,30.94,0.0,12.0,0,0,1,summer,2026-08-31T02:21:38.422656+00:00
2026-08-03,16,54.59,43,38.21,76.42,2026-08-03T09:00:00+08:00,2026-08-03T21:00:00+08:00,OPERATING,31.63,0.0,10.81,0,0,1,summer,2026-08-31T02:21:38.422656+00:00
2026-08-03,17,51.3,43,35.91,71.83,2026-08-03T09:00:00+08:00,2026-08-03T21:00:00+08:00,OPERATING,30.18,0.0,12.61,0,0,1,summer,2026-08-31T02:21:38.422656+00:00
2026-08-03,18,47.8,45,33.46,66.92,2026-08-03T09:00:00+08:00,2026-08-03T21:00:00+08:00,OPERATING,31.22,0.0,14.1,0,0,1,summer,2026-08-31T02:21:38.422656+00:00
2026-08-03,19,42.66,43,29.86,59.72,2026-08-03T09:00:00+08:00,2026-08-03T21:00:00+08:00,OPERATING,29.79,0.0,10.19,0,0,1,summer,2026-08-31T02:21:38.422656+00:00
2026-08-03,20,33.3,46,23.31,46.62,2026-08-03T09:00:00+08:00,2026-08-03T21:00:00+08:00,OPERATING,28.87,0.0,12.29,0,0,1,summer,2026-08-31T02:21:38.422656+00:00
2026-08-03,21,24.45,47,17.11,34.23,2026-08-03T09:00:00+08:00,2026-08-03T21:00:00+08:00,OPERATING,30.89,0.0,13.04,0,0,1,summer,2026-08-31T02:21:38.422656+00:00
2026-08-04,9,22.97,47,16.08,32.16,2026-08-04T09:00:00+08:00,2026-08-04T21:00:00+08:00,OPERATING,30.42,1.7,14.51,0,0,1,summer,2026-08-31T02:21:38.422656+00:00
2026-08-04,10,31.1,47,21.77,43.54,2026-08-04T09:00:00+08:00,2026-08-04T21:00:00+08:00,OPERATING,30.13,1.7,14.73,0,0,1,summer,2026-08-31T02:21:38.422656+00:00
2026-08-04,11,40.05,43,28.03,56.07,2026-08-04T09:00:00+08:00,2026-08-04T21:00:00+08:00,OPERATING,29.45,1.7,13.63,0,0,1,summer,2026-08-31T02:21:38.422656+00:00
2026-08-04,12,46.0,46,32.2,64.4,2026-08-04T09:00:00+08:00,2026-08-04T21:00:00+08:00,OPERATING,30.97,1.7,14.25,0,0,1,summer,2026-08-31T02:21:38.422656+00:00
2026-08-04,13,44.66,44,31.26,62.52,2026-08-04T09:00:00+08:00,2026-08-04T21:00:00+08:00,OPERATING,31.21,1.7,12.35,0,0,1,summer,2026-08-31T02:21:38.422656+00:00
2026-08-04,14,46.65,47,32.65,65.31,2026-08-04T09:00:00+08:00,2026-08-04T21:00:00+08:00,OPERATING,30.26,1.7,12.98,0,0,1,summer,2026-08-31T02:21:38.422656+00:00
2026-08-04,15,51.61,45,36.13,72.26,2026-08-04T09:00:00+08:00,2026-08-04T21:00:00+08:00,OPERATING,30.55,1.7,14.1,0,0,1,summer,2026-08-31T02:21:38.422656+00:00
2026-08-04,16,48.59,45,34.01,68.02,2026-08-04T09:00:00+08:00,2026-08-04T21:00:00+08:00,OPERATING,30.41,1.7,13.46,0,0,1,summer,2026-08-31T02:21:38.422656+00:00
2026-08-04,17,43.22,43,30.25,60.51,2026-08-04T09:00:00+08:00,2026-08-04T21:00:00+08:00,OPERATING,29.57,1.7,15.1,0,0,1,summer,2026-08-31T02:21:38.422656+00:00
2026-08-04,18,40.6,47,28.42,56.85,2026-08-04T09:00:00+08:00,2026-08-04T21:00:00+08:00,OPERATING,30.94,1.7,12.92,0,0,1,summer,2026-08-31T02:21:38.422656+00:00
2026-08-04,19,34.92,45,24.44,48.89,2026-08-04T09:00:00+08:00,2026-08-04T21:00:00+08:00,OPERATING,29.08,1.7,15.61,0,0,1,summer,2026-08-31T02:21:38.422656+00:00
2026-08-04,20,33.0,43,23.1,46.2,2026-08-04T09:00:00+08:00,2026-08-04T21:00:00+08:00,OPERATING,30.52,1.7,15.0,0,0,1,summer,2026-08-31T02:21:38.422656+00:00
2026-08-04,21,21.98,43,15.38,30.77,2026-08-04T09:00:00+08:00,2026-08-04T21:00:00+08:00,OPERATING,29.56,1.7,16.06,0,0,1,summer,2026-08-31T02:21:38.422656+00:00
2026-08-05,9,29.31,44,20.52,41.03,2026-08-05T09:00:00+08:00,2026-08-05T21:00:00+08:00,OPERATING,31.05,5.2,13.86,0,0,1,summer,2026-08-31T02:21:38.422656+00:00
2026-08-05,10,36.97,44,25.88,51.76,2026-08-05T09:00:00+08:00,2026-08-05T21:00:00+08:00,OPERATING,29.77,5.2,14.43,0,0,1,summer,2026-08-31T02:21:38.422656+00:00
2026-08-05,11,49.48,45,34.64,69.28,2026-08-05T09:00:00+08:00,2026-08-05T21:00:00+08:00,OPERATING,30.33,5.2,14.03,0,0,1,summer,2026-08-31T02:21:38.422656+00:00
2026-08-05,12,50.71,46,35.5,70.99,2026-08-05T09:00:00+08:00,2026-08-05T21:00:00+08:00,OPERATING,31.79,5.2,13.35,0,0,1,summer,2026-08-31T02:21:38.422656+00:00
2026-08-05,13,46.84,43,38.58,77.15,2026-08-05T09:00:00+08:00,2026-08-05T21:00:00+08:00,OPERATING,30.81,5.2,10.42,0,0,1,summer,2026-08-31T02:21:38.422656+00:00
2026-08-05,14,50.19,46,41.34,82.67,2026-08-05T09:00:00+08:00,2026-08-05T21:00:00+08:00,OPERATING,31.52,5.2,12.08,0,0,1,summer,2026-08-31T02:21:38.422656+00:00
2026-08-05,15,49.79,44,41.0,82.0,2026-08-05T09:00:00+08:00,2026-08-05T21:00:00+08:00,OPERATING,30.1,5.2,10.82,0,0,1,summer,2026-08-31T02:21:38.422656+00:00
2026-08-05,16,47.41,47,39.05,78.09,2026-08-05T09:00:00+08:00,2026-08-05T21:00:00+08:00,OPERATING,29.79,5.2,13.82,0,0,1,summer,2026-08-31T02:21:38.422656+00:00
2026-08-05,17,52.25,43,36.58,73.16,2026-08-05T09:00:00+08:00,2026-08-05T21:00:00+08:00,OPERATING,30.44,5.2,11.71,0,0,1,summer,2026-08-31T02:21:38.422656+00:00
2026-08-05,18,46.56,47,32.59,65.18,2026-08-05T09:00:00+08:00,2026-08-05T21:00:00+08:00,OPERATING,30.57,5.2,12.28,0,0,1,summer,2026-08-31T02:21:38.422656+00:00
2026-08-05,19,37.6,43,26.32,52.64,2026-08-05T09:00:00+08:00,2026-08-05T21:00:00+08:00,OPERATING,29.03,5.2,12.7,0,0,1,summer,2026-08-31T02:21:38.422656+00:00
2026-08-05,20,36.49,44,25.54,51.09,2026-08-05T09:00:00+08:00,2026-08-05T21:00:00+08:00,OPERATING,30.8,5.2,9.98,0,0,1,summer,2026-08-31T02:21:38.422656+00:00
2026-08-05,21,23.78,46,16.65,33.29,2026-08-05T09:00:00+08:00,2026-08-05T21:00:00+08:00,OPERATING,30.0,5.2,11.73,0,0,1,summer,2026-08-31T02:21:38.422656+00:00
2026-08-06,9,25.96,46,18.17,36.35,2026-08-06T09:00:00+08:00,2026-08-06T21:00:00+08:00,OPERATING,30.87,3.9,17.21,0,0,1,summer,2026-08-31T02:21:38.422656+00:00
2026-08-06,10,34.92,45,24.44,48.89,2026-08-06T09:00:00+08:00,2026-08-06T21:00:00+08:00,OPERATING,29.59,3.9,12.72,0,0,1,summer,2026-08-31T02:21:38.422656+00:00
2026-08-06,11,44.41,44,31.09,62.17,2026-08-06T09:00:00+08:00,2026-08-06T21:00:00+08:00,OPERATING,31.02,3.9,14.84,0,0,1,summer,2026-08-31T02:21:38.422656+00:00
2026-08-06,12,47.63,44,33.34,66.69,2026-08-06T09:00:00+08:00,2026-08-06T21:00:00+08:00,OPERATING,29.52,3.9,16.7,0,0,1,summer,2026-08-31T02:21:38.422656+00:00
2026-08-06,13,47.91,47,33.54,67.08,2026-08-06T09:00:00+08:00,2026-08-06T21:00:00+08:00,OPERATING,30.55,3.9,14.35,0,0,1,summer,2026-08-31T02:21:38.422656+00:00
2026-08-06,14,55.39,46,38.77,77.55,2026-08-06T09:00:00+08:00,2026-08-06T21:00:00+08:00,OPERATING,31.82,3.9,14.84,0,0,1,summer,2026-08-31T02:21:38.422656+00:00
2026-08-06,15,57.55,47,40.28,80.56,2026-08-06T09:00:00+08:00,2026-08-06T21:00:00+08:00,OPERATING,28.69,3.9,13.74,0,0,1,summer,2026-08-31T02:21:38.422656+00:00
2026-08-06,16,53.09,47,37.17,74.33,2026-08-06T09:00:00+08:00,2026-08-06T21:00:00+08:00,OPERATING,29.54,3.9,15.14,0,0,1,summer,2026-08-31T02:21:38.422656+00:00
2026-08-06,17,48.06,46,33.64,67.28,2026-08-06T09:00:00+08:00,2026-08-06T21:00:00+08:00,OPERATING,30.56,3.9,14.13,0,0,1,summer,2026-08-31T02:21:38.422656+00:00
2026-08-06,18,45.03,44,31.52,63.05,2026-08-06T09:00:00+08:00,2026-08-06T21:00:00+08:00,OPERATING,31.98,3.9,15.45,0,0,1,summer,2026-08-31T02:21:38.422656+00:00
2026-08-06,19,39.37,47,27.56,55.12,2026-08-06T09:00:00+08:00,2026-08-06T21:00:00+08:00,OPERATING,30.54,3.9,14.71,0,0,1,summer,2026-08-31T02:21:38.422656+00:00
2026-08-06,20,35.53,43,24.87,49.74,2026-08-06T09:00:00+08:00,2026-08-06T21:00:00+08:00,OPERATING,29.92,3.9,14.46,0,0,1,summer,2026-08-31T02:21:38.422656+00:00
2026-08-06,21,20.99,45,14.69,29.38,2026-08-06T09:00:00+08:00,2026-08-06T21:00:00+08:00,OPERATING,29.3,3.9,16.25,0,0,1,summer,2026-08-31T02:21:38.422656+00:00
2026-08-07,9,23.0,45,16.1,32.2,2026-08-07T09:00:00+08:00,2026-08-07T21:00:00+08:00,OPERATING,29.87,0.8,23.05,0,0,1,summer,2026-08-31T02:21:38.422656+00:00
2026-08-07,10,33.04,47,23.13,46.25,2026-08-07T09:00:00+08:00,2026-08-07T21:00:00+08:00,OPERATING,31.19,0.8,21.44,0,0,1,summer,2026-08-31T02:21:38.422656+00:00
2026-08-07,11,40.72,46,28.5,57.01,2026-08-07T09:00:00+08:00,2026-08-07T21:00:00+08:00,OPERATING,29.78,0.8,21.99,0,0,1,summer,2026-08-31T02:21:38.422656+00:00
2026-08-07,12,43.4,44,30.38,60.76,2026-08-07T09:00:00+08:00,2026-08-07T21:00:00+08:00,OPERATING,30.64,0.8,21.94,0,0,1,summer,2026-08-31T02:21:38.422656+00:00
2026-08-07,13,48.69,47,34.08,68.16,2026-08-07T09:00:00+08:00,2026-08-07T21:00:00+08:00,OPERATING,30.38,0.8,19.65,0,0,1,summer,2026-08-31T02:21:38.422656+00:00
2026-08-07,14,52.26,45,36.58,73.16,2026-08-07T09:00:00+08:00,2026-08-07T21:00:00+08:00,OPERATING,31.01,0.8,22.49,0,0,1,summer,2026-08-31T02:21:38.422656+00:00
2026-08-07,15,57.64,47,40.35,80.69,2026-08-07T09:00:00+08:00,2026-08-07T21:00:00+08:00,OPERATING,31.83,0.8,21.18,0,0,1,summer,2026-08-31T02:21:38.422656+00:00
2026-08-07,16,50.31,47,35.22,70.43,2026-08-07T09:00:00+08:00,2026-08-07T21:00:00+08:00,OPERATING,30.63,0.8,20.59,0,0,1,summer,2026-08-31T02:21:38.422656+00:00
2026-08-07,17,47.48,46,33.23,66.47,2026-08-07T09:00:00+08:00,2026-08-07T21:00:00+08:00,OPERATING,30.23,0.8,20.31,0,0,1,summer,2026-08-31T02:21:38.422656+00:00
2026-08-07,18,39.15,46,27.41,54.81,2026-08-07T09:00:00+08:00,2026-08-07T21:00:00+08:00,OPERATING,31.01,0.8,20.68,0,0,1,summer,2026-08-31T02:21:38.422656+00:00
2026-08-07,19,37.03,47,25.92,51.84,2026-08-07T09:00:00+08:00,2026-08-07T21:00:00+08:00,OPERATING,30.7,0.8,23.17,0,0,1,summer,2026-08-31T02:21:38.422656+00:00
2026-08-07,20,33.38,44,23.37,46.74,2026-08-07T09:00:00+08:00,2026-08-07T21:00:00+08:00,OPERATING,31.38,0.8,22.55,0,0,1,summer,2026-08-31T02:21:38.422656+00:00
2026-08-07,21,24.41,44,17.09,34.17,2026-08-07T09:00:00+08:00,2026-08-07T21:00:00+08:00,OPERATING,30.6,0.8,23.13,0,0,1,summer,2026-08-31T02:21:38.422656+00:00
2026-08-08,9,31.92,43,22.34,44.68,2026-08-08T09:00:00+08:00,2026-08-08T21:00:00+08:00,OPERATING,27.84,9.4,27.68,1,1,1,summer,2026-08-31T02:21:38.422656+00:00
2026-08-08,10,40.74,43,28.52,57.03,2026-08-08T09:00:00+08:00,2026-08-08T21:00:00+08:00,OPERATING,29.49,9.4,26.91,1,1,1,summer,2026-08-31T02:21:38.422656+00:00
2026-08-08,11,53.15,47,37.21,74.41,2026-08-08T09:00:00+08:00,2026-08-08T21:00:00+08:00,OPERATING,30.33,9.4,28.61,1,1,1,summer,2026-08-31T02:21:38.422656+00:00
2026-08-08,12,55.63,44,38.94,77.88,2026-08-08T09:00:00+08:00,2026-08-08T21:00:00+08:00,OPERATING,29.14,9.4,26.34,1,1,1,summer,2026-08-31T02:21:38.422656+00:00
2026-08-08,13,50.29,45,41.41,82.83,2026-08-08T09:00:00+08:00,2026-08-08T21:00:00+08:00,OPERATING,29.69,9.4,26.87,1,1,1,summer,2026-08-31T02:21:38.422656+00:00
2026-08-08,14,54.53,43,44.91,89.82,2026-08-08T09:00:00+08:00,2026-08-08T21:00:00+08:00,OPERATING,30.69,9.4,27.61,1,1,1,summer,2026-08-31T02:21:38.422656+00:00
2026-08-08,15,56.46,45,46.5,93.0,2026-08-08T09:00:00+08:00,2026-08-08T21:00:00+08:00,OPERATING,31.78,9.4,29.02,1,1,1,summer,2026-08-31T02:21:38.422656+00:00
2026-08-08,16,56.42,43,46.46,92.92,2026-08-08T09:00:00+08:00,2026-08-08T21:00:00+08:00,OPERATING,30.24,9.4,27.0,1,1,1,summer,2026-08-31T02:21:38.422656+00:00
2026-08-08,17,60.98,47,42.69,85.38,2026-08-08T09:00:00+08:00,2026-08-08T21:00:00+08:00,OPERATING,29.14,9.4,27.98,1,1,1,summer,2026-08-31T02:21:38.422656+00:00
2026-08-08,18,50.49,45,35.34,70.68,2026-08-08T09:00:00+08:00,2026-08-08T21:00:00+08:00,OPERATING,30.3,9.4,29.36,1,1,1,summer,2026-08-31T02:21:38.422656+00:00
2026-08-08,19,44.98,45,31.48,62.97,2026-08-08T09:00:00+08:00,2026-08-08T21:00:00+08:00,OPERATING,27.91,9.4,27.65,1,1,1,summer,2026-08-31T02:21:38.422656+00:00
2026-08-08,20,39.23,45,27.46,54.92,2026-08-08T09:00:00+08:00,2026-08-08T21:00:00+08:00,OPERATING,30.26,9.4,27.63,1,1,1,summer,2026-08-31T02:21:38.422656+00:00
2026-08-08,21,29.52,46,20.66,41.33,2026-08-08T09:00:00+08:00,2026-08-08T21:00:00+08:00,OPERATING,30.97,9.4,28.42,1,1,1,summer,2026-08-31T02:21:38.422656+00:00
2026-08-09,9,27.79,44,19.45,38.9,2026-08-09T09:00:00+08:00,2026-08-09T21:00:00+08:00,OPERATING,26.68,84.4,37.96,1,1,1,summer,2026-08-31T02:21:38.422656+00:00
2026-08-09,10,37.87,43,26.51,53.01,2026-08-09T09:00:00+08:00,2026-08-09T21:00:00+08:00,OPERATING,26.42,84.4,38.95,1,1,1,summer,2026-08-31T02:21:38.422656+00:00
2026-08-09,11,48.94,47,34.26,68.52,2026-08-09T09:00:00+08:00,2026-08-09T21:00:00+08:00,OPERATING,28.11,84.4,37.29,1,1,1,summer,2026-08-31T02:21:38.422656+00:00
2026-08-09,12,56.49,44,39.54,79.09,2026-08-09T09:00:00+08:00,2026-08-09T21:00:00+08:00,OPERATING,25.97,84.4,39.29,1,1,1,summer,2026-08-31T02:21:38.422656+00:00
2026-08-09,13,49.36,44,40.65,81.29,2026-08-09T09:00:00+08:00,2026-08-09T21:00:00+08:00,OPERATING,26.36,84.4,37.5,1,1,1,summer,2026-08-31T02:21:38.422656+00:00
2026-08-09,14,51.26,43,42.21,84.42,2026-08-09T09:00:00+08:00,2026-08-09T21:00:00+08:00,OPERATING,26.15,84.4,39.06,1,1,1,summer,2026-08-31T02:21:38.422656+00:00
2026-08-09,15,53.51,44,44.06,88.13,2026-08-09T09:00:00+08:00,2026-08-09T21:00:00+08:00,OPERATING,24.64,84.4,38.66,1,1,1,summer,2026-08-31T02:21:38.422656+00:00
2026-08-09,16,53.26,47,43.86,87.73,2026-08-09T09:00:00+08:00,2026-08-09T21:00:00+08:00,OPERATING,26.8,84.4,38.31,1,1,1,summer,2026-08-31T02:21:38.422656+00:00
2026-08-09,17,54.73,46,38.31,76.62,2026-08-09T09:00:00+08:00,2026-08-09T21:00:00+08:00,OPERATING,25.55,84.4,39.3,1,1,1,summer,2026-08-31T02:21:38.422656+00:00
2026-08-09,18,51.1,46,35.77,71.54,2026-08-09T09:00:00+08:00,2026-08-09T21:00:00+08:00,OPERATING,27.27,84.4,37.15,1,1,1,summer,2026-08-31T02:21:38.422656+00:00
2026-08-09,19,43.73,43,30.61,61.23,2026-08-09T09:00:00+08:00,2026-08-09T21:00:00+08:00,OPERATING,26.63,84.4,39.99,1,1,1,summer,2026-08-31T02:21:38.422656+00:00
2026-08-09,20,38.06,46,26.64,53.28,2026-08-09T09:00:00+08:00,2026-08-09T21:00:00+08:00,OPERATING,26.97,84.4,38.52,1,1,1,summer,2026-08-31T02:21:38.422656+00:00
2026-08-09,21,25.54,46,17.87,35.75,2026-08-09T09:00:00+08:00,2026-08-09T21:00:00+08:00,OPERATING,25.97,84.4,38.5,1,1,1,summer,2026-08-31T02:21:38.422656+00:00
2026-08-10,9,11.7,47,8.19,16.37,2026-08-10T09:00:00+08:00,2026-08-10T21:00:00+08:00,OPERATING,27.92,90.1,42.1,0,0,1,summer,2026-08-31T02:21:38.422656+00:00
2026-08-10,10,21.2,44,14.84,29.68,2026-08-10T09:00:00+08:00,2026-08-10T21:00:00+08:00,OPERATING,25.9,90.1,43.29,0,0,1,summer,2026-08-31T02:21:38.422656+00:00
2026-08-10,11,29.76,44,20.83,41.67,2026-08-10T09:00:00+08:00,2026-08-10T21:00:00+08:00,OPERATING,26.11,90.1,42.29,0,0,1,summer,2026-08-31T02:21:38.422656+00:00
2026-08-10,12,30.21,43,21.15,42.29,2026-08-10T09:00:00+08:00,2026-08-10T21:00:00+08:00,OPERATING,26.5,90.1,43.83,0,0,1,summer,2026-08-31T02:21:38.422656+00:00
2026-08-10,13,22.81,43,18.78,37.57,2026-08-10T09:00:00+08:00,2026-08-10T21:00:00+08:00,OPERATING,27.87,90.1,43.98,0,0,1,summer,2026-08-31T02:21:38.422656+00:00
2026-08-10,14,23.13,46,19.05,38.1,2026-08-10T09:00:00+08:00,2026-08-10T21:00:00+08:00,OPERATING,26.45,90.1,42.73,0,0,1,summer,2026-08-31T02:21:38.422656+00:00
2026-08-10,15,29.05,47,23.92,47.84,2026-08-10T09:00:00+08:00,2026-08-10T21:00:00+08:00,OPERATING,27.23,90.1,42.82,0,0,1,summer,2026-08-31T02:21:38.422656+00:00
2026-08-10,16,28.26,46,23.27,46.54,2026-08-10T09:00:00+08:00,2026-08-10T21:00:00+08:00,OPERATING,25.36,90.1,43.83,0,0,1,summer,2026-08-31T02:21:38.422656+00:00
2026-08-10,17,29.2,43,20.44,40.88,2026-08-10T09:00:00+08:00,2026-08-10T21:00:00+08:00,OPERATING,26.78,90.1,44.41,0,0,1,summer,2026-08-31T02:21:38.422656+00:00
2026-08-10,18,24.85,46,17.39,34.79,2026-08-10T09:00:00+08:00,2026-08-10T21:00:00+08:00,OPERATING,26.44,90.1,44.35,0,0,1,summer,2026-08-31T02:21:38.422656+00:00
2026-08-10,19,23.73,45,16.61,33.23,2026-08-10T09:00:00+08:00,2026-08-10T21:00:00+08:00,OPERATING,25.37,90.1,44.14,0,0,1,summer,2026-08-31T02:21:38.422656+00:00
2026-08-10,20,20.37,45,14.26,28.52,2026-08-10T09:00:00+08:00,2026-08-10T21:00:00+08:00,OPERATING,26.63,90.1,43.64,0,0,1,summer,2026-08-31T02:21:38.422656+00:00
2026-08-10,21,14.15,43,9.91,19.81,2026-08-10T09:00:00+08:00,2026-08-10T21:00:00+08:00,OPERATING,25.41,90.1,43.06,0,0,1,summer,2026-08-31T02:21:38.422656+00:00
2026-08-11,9,15.02,45,10.51,21.02,2026-08-11T09:00:00+08:00,2026-08-11T21:00:00+08:00,OPERATING,27.12,17.0,26.71,0,0,1,summer,2026-08-31T02:21:38.422656+00:00
2026-08-11,10,23.89,45,16.72,33.44,2026-08-11T09:00:00+08:00,2026-08-11T21:00:00+08:00,OPERATING,25.4,17.0,27.47,0,0,1,summer,2026-08-31T02:21:38.422656+00:00
2026-08-11,11,33.41,45,23.38,46.77,2026-08-11T09:00:00+08:00,2026-08-11T21:00:00+08:00,OPERATING,26.25,17.0,26.18,0,0,1,summer,2026-08-31T02:21:38.422656+00:00
2026-08-11,12,31.99,47,22.4,44.79,2026-08-11T09:00:00+08:00,2026-08-11T21:00:00+08:00,OPERATING,28.71,17.0,28.45,0,0,1,summer,2026-08-31T02:21:38.422656+00:00
2026-08-11,13,29.39,47,24.2,48.41,2026-08-11T09:00:00+08:00,2026-08-11T21:00:00+08:00,OPERATING,25.26,17.0,28.84,0,0,1,summer,2026-08-31T02:21:38.422656+00:00
2026-08-11,14,32.5,45,26.77,53.53,2026-08-11T09:00:00+08:00,2026-08-11T21:00:00+08:00,OPERATING,26.84,17.0,25.64,0,0,1,summer,2026-08-31T02:21:38.422656+00:00
2026-08-11,15,34.08,44,28.06,56.13,2026-08-11T09:00:00+08:00,2026-08-11T21:00:00+08:00,OPERATING,27.4,17.0,29.2,0,0,1,summer,2026-08-31T02:21:38.422656+00:00
2026-08-11,16,28.12,47,23.16,46.31,2026-08-11T09:00:00+08:00,2026-08-11T21:00:00+08:00,OPERATING,27.24,17.0,28.23,0,0,1,summer,2026-08-31T02:21:38.422656+00:00
2026-08-11,17,29.97,47,20.98,41.95,2026-08-11T09:00:00+08:00,2026-08-11T21:00:00+08:00,OPERATING,25.92,17.0,27.96,0,0,1,summer,2026-08-31T02:21:38.422656+00:00
2026-08-11,18,29.59,46,20.71,41.43,2026-08-11T09:00:00+08:00,2026-08-11T21:00:00+08:00,OPERATING,26.73,17.0,28.74,0,0,1,summer,2026-08-31T02:21:38.422656+00:00
2026-08-11,19,22.88,43,16.01,32.03,2026-08-11T09:00:00+08:00,2026-08-11T21:00:00+08:00,OPERATING,26.56,17.0,27.54,0,0,1,summer,2026-08-31T02:21:38.422656+00:00
2026-08-11,20,19.44,44,13.61,27.21,2026-08-11T09:00:00+08:00,2026-08-11T21:00:00+08:00,OPERATING,26.98,17.0,27.05,0,0,1,summer,2026-08-31T02:21:38.422656+00:00
2026-08-11,21,15.49,46,10.84,21.68,2026-08-11T09:00:00+08:00,2026-08-11T21:00:00+08:00,OPERATING,26.57,17.0,27.59,0,0,1,summer,2026-08-31T02:21:38.422656+00:00
2026-08-12,9,23.68,47,16.58,33.16,2026-08-12T09:00:00+08:00,2026-08-12T21:00:00+08:00,OPERATING,27.0,6.6,23.78,0,0,1,summer,2026-08-31T02:21:38.422656+00:00
2026-08-12,10,36.76,46,25.73,51.46,2026-08-12T09:00:00+08:00,2026-08-12T21:00:00+08:00,OPERATING,26.32,6.6,23.86,0,0,1,summer,2026-08-31T02:21:38.422656+00:00
2026-08-12,11,43.75,47,30.63,61.26,2026-08-12T09:00:00+08:00,2026-08-12T21:00:00+08:00,OPERATING,27.38,6.6,24.08,0,0,1,summer,2026-08-31T02:21:38.422656+00:00
2026-08-12,12,49.14,43,34.4,68.8,2026-08-12T09:00:00+08:00,2026-08-12T21:00:00+08:00,OPERATING,26.31,6.6,24.25,0,0,1,summer,2026-08-31T02:21:38.422656+00:00
2026-08-12,13,44.92,43,36.99,73.98,2026-08-12T09:00:00+08:00,2026-08-12T21:00:00+08:00,OPERATING,27.7,6.6,25.34,0,0,1,summer,2026-08-31T02:21:38.422656+00:00
2026-08-12,14,45.33,44,37.33,74.66,2026-08-12T09:00:00+08:00,2026-08-12T21:00:00+08:00,OPERATING,25.2,6.6,26.99,0,0,1,summer,2026-08-31T02:21:38.422656+00:00
2026-08-12,15,48.39,43,39.85,79.71,2026-08-12T09:00:00+08:00,2026-08-12T21:00:00+08:00,OPERATING,25.76,6.6,22.96,0,0,1,summer,2026-08-31T02:21:38.422656+00:00
2026-08-12,16,46.36,47,38.18,76.35,2026-08-12T09:00:00+08:00,2026-08-12T21:00:00+08:00,OPERATING,26.2,6.6,23.84,0,0,1,summer,2026-08-31T02:21:38.422656+00:00
2026-08-12,17,49.39,44,34.57,69.15,2026-08-12T09:00:00+08:00,2026-08-12T21:00:00+08:00,OPERATING,26.75,6.6,23.33,0,0,1,summer,2026-08-31T02:21:38.422656+00:00
2026-08-12,18,44.29,45,31.0,62.01,2026-08-12T09:00:00+08:00,2026-08-12T21:00:00+08:00,OPERATING,25.45,6.6,24.84,0,0,1,summer,2026-08-31T02:21:38.422656+00:00
2026-08-12,19,41.24,45,28.87,57.73,2026-08-12T09:00:00+08:00,2026-08-12T21:00:00+08:00,OPERATING,25.52,6.6,22.78,0,0,1,summer,2026-08-31T02:21:38.422656+00:00
2026-08-12,20,33.41,43,23.38,46.77,2026-08-12T09:00:00+08:00,2026-08-12T21:00:00+08:00,OPERATING,27.02,6.6,25.14,0,0,1,summer,2026-08-31T02:21:38.422656+00:00
2026-08-12,21,25.51,45,17.86,35.71,2026-08-12T09:00:00+08:00,2026-08-12T21:00:00+08:00,OPERATING,26.33,6.6,23.41,0,0,1,summer,2026-08-31T02:21:38.422656+00:00
2026-08-13,9,19.29,43,13.5,27.0,2026-08-13T09:00:00+08:00,2026-08-13T21:00:00+08:00,OPERATING,26.91,1.6,17.49,0,0,1,summer,2026-08-31T02:21:38.422656+00:00
2026-08-13,10,28.19,43,19.73,39.47,2026-08-13T09:00:00+08:00,2026-08-13T21:00:00+08:00,OPERATING,27.46,1.6,19.88,0,0,1,summer,2026-08-31T02:21:38.422656+00:00
2026-08-13,11,36.0,43,25.2,50.41,2026-08-13T09:00:00+08:00,2026-08-13T21:00:00+08:00,OPERATING,27.95,1.6,17.1,0,0,1,summer,2026-08-31T02:21:38.422656+00:00
2026-08-13,12,38.29,43,26.8,53.6,2026-08-13T09:00:00+08:00,2026-08-13T21:00:00+08:00,OPERATING,26.8,1.6,17.22,0,0,1,summer,2026-08-31T02:21:38.422656+00:00
2026-08-13,13,40.63,45,28.44,56.88,2026-08-13T09:00:00+08:00,2026-08-13T21:00:00+08:00,OPERATING,27.15,1.6,18.02,0,0,1,summer,2026-08-31T02:21:38.422656+00:00
2026-08-13,14,40.78,46,28.55,57.09,2026-08-13T09:00:00+08:00,2026-08-13T21:00:00+08:00,OPERATING,25.51,1.6,17.54,0,0,1,summer,2026-08-31T02:21:38.422656+00:00
2026-08-13,15,42.69,46,29.88,59.76,2026-08-13T09:00:00+08:00,2026-08-13T21:00:00+08:00,OPERATING,26.25,1.6,17.35,0,0,1,summer,2026-08-31T02:21:38.422656+00:00
2026-08-13,16,40.43,47,28.3,56.6,2026-08-13T09:00:00+08:00,2026-08-13T21:00:00+08:00,OPERATING,26.4,1.6,17.95,0,0,1,summer,2026-08-31T02:21:38.422656+00:00
2026-08-13,17,38.95,43,27.26,54.53,2026-08-13T09:00:00+08:00,2026-08-13T21:00:00+08:00,OPERATING,26.65,1.6,18.13,0,0,1,summer,2026-08-31T02:21:38.422656+00:00
2026-08-13,18,32.34,46,22.63,45.27,2026-08-13T09:00:00+08:00,2026-08-13T21:00:00+08:00,OPERATING,26.62,1.6,17.44,0,0,1,summer,2026-08-31T02:21:38.422656+00:00
2026-08-13,19,32.49,46,22.74,45.48,2026-08-13T09:00:00+08:00,2026-08-13T21:00:00+08:00,OPERATING,26.42,1.6,18.63,0,0,1,summer,2026-08-31T02:21:38.422656+00:00
2026-08-13,20,25.54,43,17.88,35.75,2026-08-13T09:00:00+08:00,2026-08-13T21:00:00+08:00,OPERATING,27.67,1.6,17.81,0,0,1,summer,2026-08-31T02:21:38.422656+00:00
2026-08-13,21,15.1,47,10.57,21.14,2026-08-13T09:00:00+08:00,2026-08-13T21:00:00+08:00,OPERATING,28.12,1.6,17.97,0,0,1,summer,2026-08-31T02:21:38.422656+00:00
2026-08-14,9,17.31,45,12.11,24.23,2026-08-14T09:00:00+08:00,2026-08-14T21:00:00+08:00,OPERATING,27.86,18.4,15.26,0,0,1,summer,2026-08-31T02:21:38.422656+00:00
2026-08-14,10,24.85,43,17.39,34.79,2026-08-14T09:00:00+08:00,2026-08-14T21:00:00+08:00,OPERATING,27.38,18.4,14.39,0,0,1,summer,2026-08-31T02:21:38.422656+00:00
2026-08-14,11,30.4,47,21.28,42.56,2026-08-14T09:00:00+08:00,2026-08-14T21:00:00+08:00,OPERATING,24.89,18.4,14.99,0,0,1,summer,2026-08-31T02:21:38.422656+00:00
2026-08-14,12,34.4,45,24.08,48.16,2026-08-14T09:00:00+08:00,2026-08-14T21:00:00+08:00,OPERATING,25.43,18.4,16.37,0,0,1,summer,2026-08-31T02:21:38.422656+00:00
2026-08-14,13,33.6,45,27.67,55.34,2026-08-14T09:00:00+08:00,2026-08-14T21:00:00+08:00,OPERATING,26.27,18.4,15.92,0,0,1,summer,2026-08-31T02:21:38.422656+00:00
2026-08-14,14,34.32,43,28.27,56.54,2026-08-14T09:00:00+08:00,2026-08-14T21:00:00+08:00,OPERATING,26.32,18.4,15.86,0,0,1,summer,2026-08-31T02:21:38.422656+00:00
2026-08-14,15,33.83,45,27.86,55.71,2026-08-14T09:00:00+08:00,2026-08-14T21:00:00+08:00,OPERATING,26.39,18.4,14.9,0,0,1,summer,2026-08-31T02:21:38.422656+00:00
2026-08-14,16,35.41,43,29.16,58.32,2026-08-14T09:00:00+08:00,2026-08-14T21:00:00+08:00,OPERATING,25.76,18.4,15.73,0,0,1,summer,2026-08-31T02:21:38.422656+00:00
2026-08-14,17,36.65,43,25.65,51.3,2026-08-14T09:00:00+08:00,2026-08-14T21:00:00+08:00,OPERATING,26.27,18.4,15.25,0,0,1,summer,2026-08-31T02:21:38.422656+00:00
2026-08-14,18,33.26,45,23.29,46.57,2026-08-14T09:00:00+08:00,2026-08-14T21:00:00+08:00,OPERATING,26.1,18.4,13.7,0,0,1,summer,2026-08-31T02:21:38.422656+00:00
2026-08-14,19,31.12,44,21.78,43.57,2026-08-14T09:00:00+08:00,2026-08-14T21:00:00+08:00,OPERATING,25.94,18.4,15.68,0,0,1,summer,2026-08-31T02:21:38.422656+00:00
2026-08-14,20,23.53,45,16.47,32.94,2026-08-14T09:00:00+08:00,2026-08-14T21:00:00+08:00,OPERATING,27.18,18.4,15.61,0,0,1,summer,2026-08-31T02:21:38.422656+00:00
2026-08-14,21,16.82,46,11.77,23.54,2026-08-14T09:00:00+08:00,2026-08-14T21:00:00+08:00,OPERATING,26.97,18.4,15.65,0,0,1,summer,2026-08-31T02:21:38.422656+00:00
2026-08-15,9,31.84,46,22.29,44.58,2026-08-15T09:00:00+08:00,2026-08-15T21:00:00+08:00,OPERATING,26.07,21.9,11.55,1,1,1,summer,2026-08-31T02:21:38.422656+00:00
2026-08-15,10,41.33,44,28.93,57.86,2026-08-15T09:00:00+08:00,2026-08-15T21:00:00+08:00,OPERATING,28.31,21.9,10.64,1,1,1,summer,2026-08-31T02:21:38.422656+00:00
2026-08-15,11,52.74,45,36.92,73.84,2026-08-15T09:00:00+08:00,2026-08-15T21:00:00+08:00,OPERATING,25.28,21.9,10.32,1,1,1,summer,2026-08-31T02:21:38.422656+00:00
2026-08-15,12,60.26,47,42.18,84.37,2026-08-15T09:00:00+08:00,2026-08-15T21:00:00+08:00,OPERATING,26.84,21.9,12.49,1,1,1,summer,2026-08-31T02:21:38.422656+00:00
2026-08-15,13,55.93,43,46.06,92.13,2026-08-15T09:00:00+08:00,2026-08-15T21:00:00+08:00,OPERATING,26.24,21.9,12.16,1,1,1,summer,2026-08-31T02:21:38.422656+00:00
2026-08-15,14,54.54,46,44.92,89.83,2026-08-15T09:00:00+08:00,2026-08-15T21:00:00+08:00,OPERATING,25.39,21.9,11.72,1,1,1,summer,2026-08-31T02:21:38.422656+00:00
2026-08-15,15,57.77,47,47.58,95.15,2026-08-15T09:00:00+08:00,2026-08-15T21:00:00+08:00,OPERATING,26.52,21.9,9.94,1,1,1,summer,2026-08-31T02:21:38.422656+00:00
2026-08-15,16,55.02,47,45.31,90.62,2026-08-15T09:00:00+08:00,2026-08-15T21:00:00+08:00,OPERATING,24.05,21.9,9.92,1,1,1,summer,2026-08-31T02:21:38.422656+00:00
2026-08-15,17,59.12,44,41.38,82.77,2026-08-15T09:00:00+08:00,2026-08-15T21:00:00+08:00,OPERATING,26.43,21.9,10.92,1,1,1,summer,2026-08-31T02:21:38.422656+00:00
2026-08-15,18,52.83,46,36.98,73.97,2026-08-15T09:00:00+08:00,2026-08-15T21:00:00+08:00,OPERATING,28.43,21.9,11.23,1,1,1,summer,2026-08-31T02:21:38.422656+00:00
2026-08-15,19,47.33,43,33.13,66.26,2026-08-15T09:00:00+08:00,2026-08-15T21:00:00+08:00,OPERATING,26.07,21.9,10.14,1,1,1,summer,2026-08-31T02:21:38.422656+00:00
2026-08-15,20,42.4,43,29.68,59.37,2026-08-15T09:00:00+08:00,2026-08-15T21:00:00+08:00,OPERATING,26.96,21.9,8.97,1,1,1,summer,2026-08-31T02:21:38.422656+00:00
2026-08-15,21,25.45,47,17.82,35.63,2026-08-15T09:00:00+08:00,2026-08-15T21:00:00+08:00,OPERATING,27.73,21.9,11.25,1,1,1,summer,2026-08-31T02:21:38.422656+00:00
2026-08-16,9,45.17,44,31.62,63.24,2026-08-16T09:00:00+08:00,2026-08-16T21:00:00+08:00,OPERATING,28.29,1.3,12.54,1,1,1,summer,2026-08-31T02:21:38.422656+00:00
2026-08-16,10,54.55,47,38.19,76.37,2026-08-16T09:00:00+08:00,2026-08-16T21:00:00+08:00,OPERATING,26.46,1.3,13.09,1,1,1,summer,2026-08-31T02:21:38.422656+00:00
2026-08-16,11,68.98,45,48.29,96.57,2026-08-16T09:00:00+08:00,2026-08-16T21:00:00+08:00,OPERATING,27.25,1.3,12.29,1,1,1,summer,2026-08-31T02:21:38.422656+00:00
2026-08-16,12,77.99,43,54.59,109.19,2026-08-16T09:00:00+08:00,2026-08-16T21:00:00+08:00,OPERATING,27.27,1.3,13.43,1,1,1,summer,2026-08-31T02:21:38.422656+00:00
2026-08-16,13,82.81,43,57.97,115.93,2026-08-16T09:00:00+08:00,2026-08-16T21:00:00+08:00,OPERATING,27.14,1.3,13.84,1,1,1,summer,2026-08-31T02:21:38.422656+00:00
2026-08-16,14,85.69,45,59.98,119.96,2026-08-16T09:00:00+08:00,2026-08-16T21:00:00+08:00,OPERATING,26.0,1.3,12.63,1,1,1,summer,2026-08-31T02:21:38.422656+00:00
2026-08-16,15,87.28,45,61.09,122.19,2026-08-16T09:00:00+08:00,2026-08-16T21:00:00+08:00,OPERATING,26.94,1.3,13.61,1,1,1,summer,2026-08-31T02:21:38.422656+00:00
2026-08-16,16,87.46,45,61.22,122.44,2026-08-16T09:00:00+08:00,2026-08-16T21:00:00+08:00,OPERATING,28.44,1.3,12.72,1,1,1,summer,2026-08-31T02:21:38.422656+00:00
2026-08-16,17,82.81,43,57.97,115.94,2026-08-16T09:00:00+08:00,2026-08-16T21:00:00+08:00,OPERATING,25.85,1.3,14.2,1,1,1,summer,2026-08-31T02:21:38.422656+00:00
2026-08-16,18,76.22,43,53.36,106.71,2026-08-16T09:00:00+08:00,2026-08-16T21:00:00+08:00,OPERATING,27.81,1.3,13.36,1,1,1,summer,2026-08-31T02:21:38.422656+00:00
2026-08-16,19,63.88,45,44.72,89.43,2026-08-16T09:00:00+08:00,2026-08-16T21:00:00+08:00,OPERATING,26.19,1.3,13.44,1,1,1,summer,2026-08-31T02:21:38.422656+00:00
2026-08-16,20,52.56,47,36.79,73.59,2026-08-16T09:00:00+08:00,2026-08-16T21:00:00+08:00,OPERATING,26.62,1.3,12.65,1,1,1,summer,2026-08-31T02:21:38.422656+00:00
2026-08-16,21,38.52,45,26.97,53.93,2026-08-16T09:00:00+08:00,2026-08-16T21:00:00+08:00,OPERATING,26.3,1.3,14.89,1,1,1,summer,2026-08-31T02:21:38.422656+00:00
2026-08-17,9,28.43,47,19.9,39.8,2026-08-17T09:00:00+08:00,2026-08-17T21:00:00+08:00,OPERATING,26.56,0.2,11.34,0,0,1,summer,2026-08-31T02:21:38.422656+00:00
2026-08-17,10,39.08,46,27.35,54.71,2026-08-17T09:00:00+08:00,2026-08-17T21:00:00+08:00,OPERATING,27.63,0.2,9.77,0,0,1,summer,2026-08-31T02:21:38.422656+00:00
2026-08-17,11,49.34,43,34.54,69.08,2026-08-17T09:00:00+08:00,2026-08-17T21:00:00+08:00,OPERATING,26.0,0.2,11.17,0,0,1,summer,2026-08-31T02:21:38.422656+00:00
2026-08-17,12,57.29,45,40.11,80.21,2026-08-17T09:00:00+08:00,2026-08-17T21:00:00+08:00,OPERATING,25.85,0.2,11.93,0,0,1,summer,2026-08-31T02:21:38.422656+00:00
2026-08-17,13,59.74,47,41.82,83.64,2026-08-17T09:00:00+08:00,2026-08-17T21:00:00+08:00,OPERATING,26.5,0.2,11.99,0,0,1,summer,2026-08-31T02:21:38.422656+00:00
2026-08-17,14,65.0,45,45.5,91.0,2026-08-17T09:00:00+08:00,2026-08-17T21:00:00+08:00,OPERATING,26.7,0.2,11.47,0,0,1,summer,2026-08-31T02:21:38.422656+00:00
2026-08-17,15,61.21,45,42.84,85.69,2026-08-17T09:00:00+08:00,2026-08-17T21:00:00+08:00,OPERATING,26.9,0.2,10.52,0,0,1,summer,2026-08-31T02:21:38.422656+00:00
2026-08-17,16,64.43,47,45.1,90.2,2026-08-17T09:00:00+08:00,2026-08-17T21:00:00+08:00,OPERATING,25.35,0.2,10.96,0,0,1,summer,2026-08-31T02:21:38.422656+00:00
2026-08-17,17,56.73,46,39.71,79.42,2026-08-17T09:00:00+08:00,2026-08-17T21:00:00+08:00,OPERATING,27.87,0.2,13.43,0,0,1,summer,2026-08-31T02:21:38.422656+00:00
2026-08-17,18,49.3,46,34.51,69.03,2026-08-17T09:00:00+08:00,2026-08-17T21:00:00+08:00,OPERATING,26.86,0.2,10.72,0,0,1,summer,2026-08-31T02:21:38.422656+00:00
2026-08-17,19,45.87,47,32.11,64.21,2026-08-17T09:00:00+08:00,2026-08-17T21:00:00+08:00,OPERATING,27.99,0.2,10.46,0,0,1,summer,2026-08-31T02:21:38.422656+00:00
2026-08-17,20,35.0,45,24.5,49.0,2026-08-17T09:00:00+08:00,2026-08-17T21:00:00+08:00,OPERATING,27.08,0.2,12.53,0,0,1,summer,2026-08-31T02:21:38.422656+00:00
2026-08-17,21,27.45,44,19.22,38.43,2026-08-17T09:00:00+08:00,2026-08-17T21:00:00+08:00,OPERATING,28.53,0.2,11.94,0,0,1,summer,2026-08-31T02:21:38.422656+00:00
2026-08-18,9,26.03,47,18.22,36.44,2026-08-18T09:00:00+08:00,2026-08-18T21:00:00+08:00,OPERATING,28.49,3.9,10.44,0,0,1,summer,2026-08-31T02:21:38.422656+00:00
2026-08-18,10,32.19,44,22.53,45.07,2026-08-18T09:00:00+08:00,2026-08-18T21:00:00+08:00,OPERATING,27.71,3.9,9.43,0,0,1,summer,2026-08-31T02:21:38.422656+00:00
2026-08-18,11,43.95,47,30.77,61.54,2026-08-18T09:00:00+08:00,2026-08-18T21:00:00+08:00,OPERATING,27.77,3.9,12.14,0,0,1,summer,2026-08-31T02:21:38.422656+00:00
2026-08-18,12,48.39,45,33.87,67.74,2026-08-18T09:00:00+08:00,2026-08-18T21:00:00+08:00,OPERATING,27.8,3.9,10.89,0,0,1,summer,2026-08-31T02:21:38.422656+00:00
2026-08-18,13,49.82,47,34.87,69.74,2026-08-18T09:00:00+08:00,2026-08-18T21:00:00+08:00,OPERATING,27.37,3.9,8.79,0,0,1,summer,2026-08-31T02:21:38.422656+00:00
2026-08-18,14,52.49,45,36.74,73.48,2026-08-18T09:00:00+08:00,2026-08-18T21:00:00+08:00,OPERATING,27.11,3.9,9.82,0,0,1,summer,2026-08-31T02:21:38.422656+00:00
2026-08-18,15,54.32,46,38.02,76.05,2026-08-18T09:00:00+08:00,2026-08-18T21:00:00+08:00,OPERATING,27.87,3.9,10.09,0,0,1,summer,2026-08-31T02:21:38.422656+00:00
2026-08-18,16,51.25,47,35.88,71.75,2026-08-18T09:00:00+08:00,2026-08-18T21:00:00+08:00,OPERATING,28.28,3.9,10.03,0,0,1,summer,2026-08-31T02:21:38.422656+00:00
2026-08-18,17,47.45,45,33.22,66.44,2026-08-18T09:00:00+08:00,2026-08-18T21:00:00+08:00,OPERATING,28.3,3.9,9.44,0,0,1,summer,2026-08-31T02:21:38.422656+00:00
2026-08-18,18,42.76,46,29.93,59.86,2026-08-18T09:00:00+08:00,2026-08-18T21:00:00+08:00,OPERATING,27.6,3.9,11.03,0,0,1,summer,2026-08-31T02:21:38.422656+00:00
2026-08-18,19,38.44,46,26.91,53.82,2026-08-18T09:00:00+08:00,2026-08-18T21:00:00+08:00,OPERATING,28.79,3.9,10.32,0,0,1,summer,2026-08-31T02:21:38.422656+00:00
2026-08-18,20,31.63,44,22.14,44.29,2026-08-18T09:00:00+08:00,2026-08-18T21:00:00+08:00,OPERATING,26.69,3.9,11.6,0,0,1,summer,2026-08-31T02:21:38.422656+00:00
2026-08-18,21,20.56,46,14.39,28.78,2026-08-18T09:00:00+08:00,2026-08-18T21:00:00+08:00,OPERATING,27.88,3.9,10.63,0,0,1,summer,2026-08-31T02:21:38.422656+00:00
2026-08-19,9,31.86,47,22.3,44.6,2026-08-19T09:00:00+08:00,2026-08-19T21:00:00+08:00,OPERATING,28.14,0.0,13.59,0,0,1,summer,2026-08-31T02:21:38.422656+00:00
2026-08-19,10,38.59,47,27.01,54.03,2026-08-19T09:00:00+08:00,2026-08-19T21:00:00+08:00,OPERATING,27.67,0.0,15.04,0,0,1,summer,2026-08-31T02:21:38.422656+00:00
2026-08-19,11,50.99,44,35.69,71.39,2026-08-19T09:00:00+08:00,2026-08-19T21:00:00+08:00,OPERATING,28.2,0.0,15.4,0,0,1,summer,2026-08-31T02:21:38.422656+00:00
2026-08-19,12,53.53,43,37.47,74.94,2026-08-19T09:00:00+08:00,2026-08-19T21:00:00+08:00,OPERATING,28.49,0.0,14.54,0,0,1,summer,2026-08-31T02:21:38.422656+00:00
2026-08-19,13,59.97,47,41.98,83.96,2026-08-19T09:00:00+08:00,2026-08-19T21:00:00+08:00,OPERATING,28.04,0.0,17.19,0,0,1,summer,2026-08-31T02:21:38.422656+00:00
2026-08-19,14,59.19,47,41.43,82.86,2026-08-19T09:00:00+08:00,2026-08-19T21:00:00+08:00,OPERATING,28.02,0.0,15.8,0,0,1,summer,2026-08-31T02:21:38.422656+00:00
2026-08-19,15,63.03,47,44.12,88.25,2026-08-19T09:00:00+08:00,2026-08-19T21:00:00+08:00,OPERATING,28.41,0.0,14.31,0,0,1,summer,2026-08-31T02:21:38.422656+00:00
2026-08-19,16,62.03,44,43.42,86.84,2026-08-19T09:00:00+08:00,2026-08-19T21:00:00+08:00,OPERATING,28.84,0.0,14.45,0,0,1,summer,2026-08-31T02:21:38.422656+00:00
2026-08-19,17,58.83,47,41.18,82.36,2026-08-19T09:00:00+08:00,2026-08-19T21:00:00+08:00,OPERATING,27.22,0.0,13.26,0,0,1,summer,2026-08-31T02:21:38.422656+00:00
2026-08-19,18,51.3,43,35.91,71.82,2026-08-19T09:00:00+08:00,2026-08-19T21:00:00+08:00,OPERATING,29.68,0.0,14.63,0,0,1,summer,2026-08-31T02:21:38.422656+00:00
2026-08-19,19,43.86,47,30.7,61.4,2026-08-19T09:00:00+08:00,2026-08-19T21:00:00+08:00,OPERATING,28.53,0.0,15.0,0,0,1,summer,2026-08-31T02:21:38.422656+00:00
2026-08-19,20,36.56,45,25.59,51.18,2026-08-19T09:00:00+08:00,2026-08-19T21:00:00+08:00,OPERATING,27.29,0.0,13.92,0,0,1,summer,2026-08-31T02:21:38.422656+00:00
2026-08-19,21,29.24,43,20.47,40.94,2026-08-19T09:00:00+08:00,2026-08-19T21:00:00+08:00,OPERATING,28.18,0.0,13.91,0,0,1,summer,2026-08-31T02:21:38.422656+00:00
2026-08-20,9,22.32,43,15.62,31.24,2026-08-20T09:00:00+08:00,2026-08-20T21:00:00+08:00,OPERATING,28.63,15.5,19.03,0,0,1,summer,2026-08-31T02:21:38.422656+00:00
2026-08-20,10,29.44,47,20.61,41.22,2026-08-20T09:00:00+08:00,2026-08-20T21:00:00+08:00,OPERATING,27.75,15.5,18.54,0,0,1,summer,2026-08-31T02:21:38.422656+00:00
2026-08-20,11,34.62,47,24.24,48.47,2026-08-20T09:00:00+08:00,2026-08-20T21:00:00+08:00,OPERATING,27.44,15.5,19.56,0,0,1,summer,2026-08-31T02:21:38.422656+00:00
2026-08-20,12,37.24,44,26.07,52.13,2026-08-20T09:00:00+08:00,2026-08-20T21:00:00+08:00,OPERATING,28.36,15.5,19.27,0,0,1,summer,2026-08-31T02:21:38.422656+00:00
2026-08-20,13,31.74,44,26.14,52.28,2026-08-20T09:00:00+08:00,2026-08-20T21:00:00+08:00,OPERATING,26.9,15.5,19.04,0,0,1,summer,2026-08-31T02:21:38.422656+00:00
2026-08-20,14,34.93,43,28.76,57.53,2026-08-20T09:00:00+08:00,2026-08-20T21:00:00+08:00,OPERATING,27.77,15.5,18.2,0,0,1,summer,2026-08-31T02:21:38.422656+00:00
2026-08-20,15,33.23,46,27.36,54.73,2026-08-20T09:00:00+08:00,2026-08-20T21:00:00+08:00,OPERATING,27.64,15.5,17.47,0,0,1,summer,2026-08-31T02:21:38.422656+00:00
2026-08-20,16,34.0,44,28.0,56.0,2026-08-20T09:00:00+08:00,2026-08-20T21:00:00+08:00,OPERATING,27.89,15.5,19.59,0,0,1,summer,2026-08-31T02:21:38.422656+00:00
2026-08-20,17,36.5,47,25.55,51.1,2026-08-20T09:00:00+08:00,2026-08-20T21:00:00+08:00,OPERATING,27.91,15.5,18.41,0,0,1,summer,2026-08-31T02:21:38.422656+00:00
2026-08-20,18,32.73,47,22.91,45.82,2026-08-20T09:00:00+08:00,2026-08-20T21:00:00+08:00,OPERATING,27.47,15.5,20.24,0,0,1,summer,2026-08-31T02:21:38.422656+00:00
2026-08-20,19,31.53,44,22.07,44.15,2026-08-20T09:00:00+08:00,2026-08-20T21:00:00+08:00,OPERATING,27.61,15.5,19.1,0,0,1,summer,2026-08-31T02:21:38.422656+00:00
2026-08-20,20,23.37,47,16.36,32.72,2026-08-20T09:00:00+08:00,2026-08-20T21:00:00+08:00,OPERATING,26.83,15.5,19.06,0,0,1,summer,2026-08-31T02:21:38.422656+00:00
2026-08-20,21,16.06,43,11.24,22.49,2026-08-20T09:00:00+08:00,2026-08-20T21:00:00+08:00,OPERATING,27.19,15.5,20.05,0,0,1,summer,2026-08-31T02:21:38.422656+00:00
2026-08-21,9,26.1,43,18.27,36.54,2026-08-21T09:00:00+08:00,2026-08-21T21:00:00+08:00,OPERATING,27.69,3.7,17.02,0,0,1,summer,2026-08-31T02:21:38.422656+00:00
2026-08-21,10,33.04,47,23.13,46.26,2026-08-21T09:00:00+08:00,2026-08-21T21:00:00+08:00,OPERATING,29.37,3.7,17.76,0,0,1,summer,2026-08-31T02:21:38.422656+00:00
2026-08-21,11,43.81,47,30.67,61.33,2026-08-21T09:00:00+08:00,2026-08-21T21:00:00+08:00,OPERATING,28.38,3.7,18.22,0,0,1,summer,2026-08-31T02:21:38.422656+00:00
2026-08-21,12,52.14,43,36.5,73.0,2026-08-21T09:00:00+08:00,2026-08-21T21:00:00+08:00,OPERATING,30.16,3.7,18.38,0,0,1,summer,2026-08-31T02:21:38.422656+00:00
2026-08-21,13,52.98,45,37.09,74.18,2026-08-21T09:00:00+08:00,2026-08-21T21:00:00+08:00,OPERATING,29.12,3.7,18.77,0,0,1,summer,2026-08-31T02:21:38.422656+00:00
2026-08-21,14,51.28,47,35.9,71.8,2026-08-21T09:00:00+08:00,2026-08-21T21:00:00+08:00,OPERATING,28.55,3.7,16.4,0,0,1,summer,2026-08-31T02:21:38.422656+00:00
2026-08-21,15,54.2,43,37.94,75.88,2026-08-21T09:00:00+08:00,2026-08-21T21:00:00+08:00,OPERATING,28.36,3.7,18.49,0,0,1,summer,2026-08-31T02:21:38.422656+00:00
2026-08-21,16,48.99,47,34.29,68.58,2026-08-21T09:00:00+08:00,2026-08-21T21:00:00+08:00,OPERATING,27.06,3.7,18.25,0,0,1,summer,2026-08-31T02:21:38.422656+00:00
2026-08-21,17,49.14,44,34.39,68.79,2026-08-21T09:00:00+08:00,2026-08-21T21:00:00+08:00,OPERATING,27.89,3.7,17.27,0,0,1,summer,2026-08-31T02:21:38.422656+00:00
2026-08-21,18,42.29,45,29.6,59.2,2026-08-21T09:00:00+08:00,2026-08-21T21:00:00+08:00,OPERATING,28.57,3.7,17.79,0,0,1,summer,2026-08-31T02:21:38.422656+00:00
2026-08-21,19,36.09,47,25.26,50.53,2026-08-21T09:00:00+08:00,2026-08-21T21:00:00+08:00,OPERATING,27.13,3.7,17.03,0,0,1,summer,2026-08-31T02:21:38.422656+00:00
2026-08-21,20,30.37,44,21.26,42.51,2026-08-21T09:00:00+08:00,2026-08-21T21:00:00+08:00,OPERATING,27.02,3.7,15.69,0,0,1,summer,2026-08-31T02:21:38.422656+00:00
2026-08-21,21,22.5,46,15.75,31.49,2026-08-21T09:00:00+08:00,2026-08-21T21:00:00+08:00,OPERATING,27.5,3.7,19.49,0,0,1,summer,2026-08-31T02:21:38.422656+00:00
2026-08-22,9,34.56,44,24.19,48.38,2026-08-22T09:00:00+08:00,2026-08-22T21:00:00+08:00,OPERATING,27.03,4.5,18.7,1,1,1,summer,2026-08-31T02:21:38.422656+00:00
2026-08-22,10,48.24,45,33.77,67.54,2026-08-22T09:00:00+08:00,2026-08-22T21:00:00+08:00,OPERATING,29.62,4.5,19.96,1,1,1,summer,2026-08-31T02:21:38.422656+00:00
2026-08-22,11,55.46,46,38.82,77.65,2026-08-22T09:00:00+08:00,2026-08-22T21:00:00+08:00,OPERATING,28.24,4.5,19.37,1,1,1,summer,2026-08-31T02:21:38.422656+00:00
2026-08-22,12,67.08,47,46.96,93.91,2026-08-22T09:00:00+08:00,2026-08-22T21:00:00+08:00,OPERATING,28.23,4.5,18.63,1,1,1,summer,2026-08-31T02:21:38.422656+00:00
2026-08-22,13,66.66,47,46.66,93.32,2026-08-22T09:00:00+08:00,2026-08-22T21:00:00+08:00,OPERATING,27.76,4.5,21.17,1,1,1,summer,2026-08-31T02:21:38.422656+00:00
2026-08-22,14,67.04,45,46.93,93.85,2026-08-22T09:00:00+08:00,2026-08-22T21:00:00+08:00,OPERATING,29.02,4.5,18.34,1,1,1,summer,2026-08-31T02:21:38.422656+00:00
2026-08-22,15,68.96,46,48.27,96.54,2026-08-22T09:00:00+08:00,2026-08-22T21:00:00+08:00,OPERATING,27.6,4.5,19.95,1,1,1,summer,2026-08-31T02:21:38.422656+00:00
2026-08-22,16,72.41,47,50.69,101.37,2026-08-22T09:00:00+08:00,2026-08-22T21:00:00+08:00,OPERATING,29.89,4.5,20.83,1,1,1,summer,2026-08-31T02:21:38.422656+00:00
2026-08-22,17,65.22,46,45.66,91.31,2026-08-22T09:00:00+08:00,2026-08-22T21:00:00+08:00,OPERATING,27.94,4.5,20.19,1,1,1,summer,2026-08-31T02:21:38.422656+00:00
2026-08-22,18,60.29,45,42.2,84.41,2026-08-22T09:00:00+08:00,2026-08-22T21:00:00+08:00,OPERATING,27.05,4.5,19.05,1,1,1,summer,2026-08-31T02:21:38.422656+00:00
2026-08-22,19,48.8,45,34.16,68.31,2026-08-22T09:00:00+08:00,2026-08-22T21:00:00+08:00,OPERATING,28.28,4.5,17.15,1,1,1,summer,2026-08-31T02:21:38.422656+00:00
2026-08-22,20,40.05,44,28.03,56.07,2026-08-22T09:00:00+08:00,2026-08-22T21:00:00+08:00,OPERATING,28.3,4.5,19.33,1,1,1,summer,2026-08-31T02:21:38.422656+00:00
2026-08-22,21,32.01,46,22.41,44.82,2026-08-22T09:00:00+08:00,2026-08-22T21:00:00+08:00,OPERATING,28.3,4.5,20.55,1,1,1,summer,2026-08-31T02:21:38.422656+00:00
2026-08-23,9,39.13,47,27.39,54.78,2026-08-23T09:00:00+08:00,2026-08-23T21:00:00+08:00,OPERATING,27.99,3.2,26.5,1,1,1,summer,2026-08-31T02:21:38.422656+00:00
2026-08-23,10,61.62,43,43.14,86.27,2026-08-23T09:00:00+08:00,2026-08-23T21:00:00+08:00,OPERATING,27.95,3.2,25.16,1,1,1,summer,2026-08-31T02:21:38.422656+00:00
2026-08-23,11,69.82,43,48.87,97.75,2026-08-23T09:00:00+08:00,2026-08-23T21:00:00+08:00,OPERATING,28.26,3.2,24.66,1,1,1,summer,2026-08-31T02:21:38.422656+00:00
2026-08-23,12,80.82,47,56.58,113.15,2026-08-23T09:00:00+08:00,2026-08-23T21:00:00+08:00,OPERATING,29.74,3.2,26.61,1,1,1,summer,2026-08-31T02:21:38.422656+00:00
2026-08-23,13,87.08,43,60.95,121.91,2026-08-23T09:00:00+08:00,2026-08-23T21:00:00+08:00,OPERATING,29.42,3.2,25.42,1,1,1,summer,2026-08-31T02:21:38.422656+00:00
2026-08-23,14,85.26,44,59.68,119.36,2026-08-23T09:00:00+08:00,2026-08-23T21:00:00+08:00,OPERATING,30.2,3.2,26.47,1,1,1,summer,2026-08-31T02:21:38.422656+00:00
2026-08-23,15,94.66,43,66.26,132.52,2026-08-23T09:00:00+08:00,2026-08-23T21:00:00+08:00,OPERATING,27.82,3.2,27.49,1,1,1,summer,2026-08-31T02:21:38.422656+00:00
2026-08-23,16,91.12,43,63.78,127.56,2026-08-23T09:00:00+08:00,2026-08-23T21:00:00+08:00,OPERATING,27.81,3.2,24.85,1,1,1,summer,2026-08-31T02:21:38.422656+00:00
2026-08-23,17,83.58,43,58.51,117.01,2026-08-23T09:00:00+08:00,2026-08-23T21:00:00+08:00,OPERATING,29.54,3.2,24.91,1,1,1,summer,2026-08-31T02:21:38.422656+00:00
2026-08-23,18,70.96,45,49.67,99.35,2026-08-23T09:00:00+08:00,2026-08-23T21:00:00+08:00,OPERATING,29.82,3.2,24.55,1,1,1,summer,2026-08-31T02:21:38.422656+00:00
2026-08-23,19,66.21,46,46.35,92.7,2026-08-23T09:00:00+08:00,2026-08-23T21:00:00+08:00,OPERATING,28.56,3.2,24.82,1,1,1,summer,2026-08-31T02:21:38.422656+00:00
2026-08-23,20,55.79,45,39.05,78.11,2026-08-23T09:00:00+08:00,2026-08-23T21:00:00+08:00,OPERATING,27.72,3.2,24.79,1,1,1,summer,2026-08-31T02:21:38.422656+00:00
2026-08-23,21,41.4,47,28.98,57.97,2026-08-23T09:00:00+08:00,2026-08-23T21:00:00+08:00,OPERATING,27.52,3.2,26.43,1,1,1,summer,2026-08-31T02:21:38.422656+00:00
2026-08-24,9,28.21,44,19.75,39.5,2026-08-24T09:00:00+08:00,2026-08-24T21:00:00+08:00,OPERATING,28.85,0.3,18.43,0,0,1,summer,2026-08-31T02:21:38.422656+00:00
2026-08-24,10,43.32,43,30.32,60.65,2026-08-24T09:00:00+08:00,2026-08-24T21:00:00+08:00,OPERATING,26.97,0.3,19.54,0,0,1,summer,2026-08-31T02:21:38.422656+00:00
2026-08-24,11,48.16,46,33.71,67.42,2026-08-24T09:00:00+08:00,2026-08-24T21:00:00+08:00,OPERATING,27.42,0.3,20.59,0,0,1,summer,2026-08-31T02:21:38.422656+00:00
2026-08-24,12,51.54,45,36.08,72.16,2026-08-24T09:00:00+08:00,2026-08-24T21:00:00+08:00,OPERATING,28.79,0.3,21.01,0,0,1,summer,2026-08-31T02:21:38.422656+00:00
2026-08-24,13,56.94,43,39.86,79.72,2026-08-24T09:00:00+08:00,2026-08-24T21:00:00+08:00,OPERATING,27.93,0.3,20.36,0,0,1,summer,2026-08-31T02:21:38.422656+00:00
2026-08-24,14,65.02,47,45.51,91.02,2026-08-24T09:00:00+08:00,2026-08-24T21:00:00+08:00,OPERATING,28.19,0.3,21.5,0,0,1,summer,2026-08-31T02:21:38.422656+00:00
2026-08-24,15,67.98,44,47.59,95.17,2026-08-24T09:00:00+08:00,2026-08-24T21:00:00+08:00,OPERATING,28.48,0.3,21.6,0,0,1,summer,2026-08-31T02:21:38.422656+00:00
2026-08-24,16,61.71,43,43.2,86.4,2026-08-24T09:00:00+08:00,2026-08-24T21:00:00+08:00,OPERATING,28.82,0.3,20.05,0,0,1,summer,2026-08-31T02:21:38.422656+00:00
2026-08-24,17,58.02,43,40.61,81.22,2026-08-24T09:00:00+08:00,2026-08-24T21:00:00+08:00,OPERATING,29.44,0.3,21.86,0,0,1,summer,2026-08-31T02:21:38.422656+00:00
2026-08-24,18,49.03,47,34.32,68.64,2026-08-24T09:00:00+08:00,2026-08-24T21:00:00+08:00,OPERATING,29.0,0.3,20.81,0,0,1,summer,2026-08-31T02:21:38.422656+00:00
2026-08-24,19,45.54,44,31.88,63.76,2026-08-24T09:00:00+08:00,2026-08-24T21:00:00+08:00,OPERATING,28.48,0.3,19.39,0,0,1,summer,2026-08-31T02:21:38.422656+00:00
2026-08-24,20,38.96,44,27.27,54.54,2026-08-24T09:00:00+08:00,2026-08-24T21:00:00+08:00,OPERATING,29.9,0.3,19.55,0,0,1,summer,2026-08-31T02:21:38.422656+00:00
2026-08-24,21,26.63,47,18.64,37.29,2026-08-24T09:00:00+08:00,2026-08-24T21:00:00+08:00,OPERATING,29.06,0.3,20.37,0,0,1,summer,2026-08-31T02:21:38.422656+00:00
2026-08-25,9,28.07,47,19.65,39.3,2026-08-25T09:00:00+08:00,2026-08-25T21:00:00+08:00,OPERATING,27.71,0.0,15.31,0,0,1,summer,2026-08-31T02:21:38.422656+00:00
2026-08-25,10,40.77,43,28.54,57.08,2026-08-25T09:00:00+08:00,2026-08-25T21:00:00+08:00,OPERATING,28.56,0.0,14.63,0,0,1,summer,2026-08-31T02:21:38.422656+00:00
2026-08-25,11,50.33,45,35.23,70.46,2026-08-25T09:00:00+08:00,2026-08-25T21:00:00+08:00,OPERATING,27.47,0.0,16.08,0,0,1,summer,2026-08-31T02:21:38.422656+00:00
2026-08-25,12,51.91,46,36.34,72.68,2026-08-25T09:00:00+08:00,2026-08-25T21:00:00+08:00,OPERATING,28.09,0.0,16.31,0,0,1,summer,2026-08-31T02:21:38.422656+00:00
2026-08-25,13,58.84,46,41.18,82.37,2026-08-25T09:00:00+08:00,2026-08-25T21:00:00+08:00,OPERATING,27.77,0.0,16.21,0,0,1,summer,2026-08-31T02:21:38.422656+00:00
2026-08-25,14,60.14,47,42.1,84.19,2026-08-25T09:00:00+08:00,2026-08-25T21:00:00+08:00,OPERATING,27.48,0.0,14.78,0,0,1,summer,2026-08-31T02:21:38.422656+00:00
2026-08-25,15,60.59,45,42.41,84.83,2026-08-25T09:00:00+08:00,2026-08-25T21:00:00+08:00,OPERATING,28.41,0.0,16.9,0,0,1,summer,2026-08-31T02:21:38.422656+00:00
2026-08-25,16,57.22,45,40.05,80.11,2026-08-25T09:00:00+08:00,2026-08-25T21:00:00+08:00,OPERATING,29.58,0.0,14.99,0,0,1,summer,2026-08-31T02:21:38.422656+00:00
2026-08-25,17,54.61,44,38.22,76.45,2026-08-25T09:00:00+08:00,2026-08-25T21:00:00+08:00,OPERATING,28.1,0.0,15.86,0,0,1,summer,2026-08-31T02:21:38.422656+00:00
2026-08-25,18,50.74,45,35.52,71.03,2026-08-25T09:00:00+08:00,2026-08-25T21:00:00+08:00,OPERATING,27.61,0.0,15.83,0,0,1,summer,2026-08-31T02:21:38.422656+00:00
2026-08-25,19,48.93,46,34.25,68.51,2026-08-25T09:00:00+08:00,2026-08-25T21:00:00+08:00,OPERATING,28.69,0.0,13.99,0,0,1,summer,2026-08-31T02:21:38.422656+00:00
2026-08-25,20,38.1,45,26.67,53.34,2026-08-25T09:00:00+08:00,2026-08-25T21:00:00+08:00,OPERATING,29.97,0.0,16.28,0,0,1,summer,2026-08-31T02:21:38.422656+00:00
2026-08-25,21,26.94,43,18.86,37.71,2026-08-25T09:00:00+08:00,2026-08-25T21:00:00+08:00,OPERATING,27.53,0.0,14.1,0,0,1,summer,2026-08-31T02:21:38.422656+00:00
2026-08-26,9,27.85,43,19.49,38.99,2026-08-26T09:00:00+08:00,2026-08-26T21:00:00+08:00,OPERATING,29.15,0.0,15.39,0,0,1,summer,2026-08-31T02:21:38.422656+00:00
2026-08-26,10,37.69,45,26.38,52.77,2026-08-26T09:00:00+08:00,2026-08-26T21:00:00+08:00,OPERATING,28.01,0.0,15.46,0,0,1,summer,2026-08-31T02:21:38.422656+00:00
2026-08-26,11,49.33,43,34.53,69.07,2026-08-26T09:00:00+08:00,2026-08-26T21:00:00+08:00,OPERATING,28.54,0.0,13.18,0,0,1,summer,2026-08-31T02:21:38.422656+00:00
2026-08-26,12,57.96,45,40.57,81.15,2026-08-26T09:00:00+08:00,2026-08-26T21:00:00+08:00,OPERATING,30.01,0.0,14.34,0,0,1,summer,2026-08-31T02:21:38.422656+00:00
2026-08-26,13,59.87,43,41.91,83.81,2026-08-26T09:00:00+08:00,2026-08-26T21:00:00+08:00,OPERATING,29.55,0.0,13.83,0,0,1,summer,2026-08-31T02:21:38.422656+00:00
2026-08-26,14,63.24,43,44.27,88.54,2026-08-26T09:00:00+08:00,2026-08-26T21:00:00+08:00,OPERATING,27.45,0.0,13.82,0,0,1,summer,2026-08-31T02:21:38.422656+00:00
2026-08-26,15,60.9,44,42.63,85.26,2026-08-26T09:00:00+08:00,2026-08-26T21:00:00+08:00,OPERATING,29.34,0.0,12.64,0,0,1,summer,2026-08-31T02:21:38.422656+00:00
2026-08-26,16,62.99,45,44.09,88.19,2026-08-26T09:00:00+08:00,2026-08-26T21:00:00+08:00,OPERATING,29.28,0.0,13.74,0,0,1,summer,2026-08-31T02:21:38.422656+00:00
2026-08-26,17,55.66,43,38.96,77.92,2026-08-26T09:00:00+08:00,2026-08-26T21:00:00+08:00,OPERATING,29.03,0.0,13.9,0,0,1,summer,2026-08-31T02:21:38.422656+00:00
2026-08-26,18,47.75,43,33.43,66.85,2026-08-26T09:00:00+08:00,2026-08-26T21:00:00+08:00,OPERATING,29.85,0.0,13.81,0,0,1,summer,2026-08-31T02:21:38.422656+00:00
2026-08-26,19,44.39,43,31.07,62.14,2026-08-26T09:00:00+08:00,2026-08-26T21:00:00+08:00,OPERATING,28.6,0.0,13.5,0,0,1,summer,2026-08-31T02:21:38.422656+00:00
2026-08-26,20,35.36,44,24.75,49.5,2026-08-26T09:00:00+08:00,2026-08-26T21:00:00+08:00,OPERATING,28.55,0.0,14.68,0,0,1,summer,2026-08-31T02:21:38.422656+00:00
2026-08-26,21,29.08,47,20.36,40.71,2026-08-26T09:00:00+08:00,2026-08-26T21:00:00+08:00,OPERATING,28.73,0.0,15.2,0,0,1,summer,2026-08-31T02:21:38.422656+00:00
2026-08-27,9,24.26,47,16.98,33.96,2026-08-27T09:00:00+08:00,2026-08-27T21:00:00+08:00,OPERATING,29.32,3.2,25.89,0,0,1,summer,2026-08-31T02:21:38.422656+00:00
2026-08-27,10,35.8,45,25.06,50.13,2026-08-27T09:00:00+08:00,2026-08-27T21:00:00+08:00,OPERATING,29.1,3.2,26.12,0,0,1,summer,2026-08-31T02:21:38.422656+00:00
2026-08-27,11,48.26,45,33.78,67.56,2026-08-27T09:00:00+08:00,2026-08-27T21:00:00+08:00,OPERATING,28.68,3.2,27.02,0,0,1,summer,2026-08-31T02:21:38.422656+00:00
2026-08-27,12,50.64,44,35.45,70.89,2026-08-27T09:00:00+08:00,2026-08-27T21:00:00+08:00,OPERATING,27.89,3.2,27.5,0,0,1,summer,2026-08-31T02:21:38.422656+00:00
2026-08-27,13,54.27,45,37.99,75.97,2026-08-27T09:00:00+08:00,2026-08-27T21:00:00+08:00,OPERATING,29.09,3.2,25.86,0,0,1,summer,2026-08-31T02:21:38.422656+00:00
2026-08-27,14,51.91,46,36.34,72.67,2026-08-27T09:00:00+08:00,2026-08-27T21:00:00+08:00,OPERATING,29.34,3.2,27.55,0,0,1,summer,2026-08-31T02:21:38.422656+00:00
2026-08-27,15,55.96,45,39.18,78.35,2026-08-27T09:00:00+08:00,2026-08-27T21:00:00+08:00,OPERATING,28.47,3.2,28.6,0,0,1,summer,2026-08-31T02:21:38.422656+00:00
2026-08-27,16,53.82,45,37.67,75.35,2026-08-27T09:00:00+08:00,2026-08-27T21:00:00+08:00,OPERATING,27.3,3.2,27.58,0,0,1,summer,2026-08-31T02:21:38.422656+00:00
2026-08-27,17,54.04,46,37.83,75.65,2026-08-27T09:00:00+08:00,2026-08-27T21:00:00+08:00,OPERATING,30.48,3.2,26.67,0,0,1,summer,2026-08-31T02:21:38.422656+00:00
2026-08-27,18,45.78,46,32.05,64.09,2026-08-27T09:00:00+08:00,2026-08-27T21:00:00+08:00,OPERATING,29.85,3.2,27.14,0,0,1,summer,2026-08-31T02:21:38.422656+00:00
2026-08-27,19,39.34,46,27.54,55.08,2026-08-27T09:00:00+08:00,2026-08-27T21:00:00+08:00,OPERATING,29.05,3.2,25.98,0,0,1,summer,2026-08-31T02:21:38.422656+00:00
2026-08-27,20,33.28,44,23.29,46.59,2026-08-27T09:00:00+08:00,2026-08-27T21:00:00+08:00,OPERATING,30.63,3.2,27.39,0,0,1,summer,2026-08-31T02:21:38.422656+00:00
2026-08-27,21,24.35,47,17.04,34.09,2026-08-27T09:00:00+08:00,2026-08-27T21:00:00+08:00,OPERATING,29.41,3.2,26.72,0,0,1,summer,2026-08-31T02:21:38.422656+00:00
2026-08-28,9,18.05,43,12.64,25.27,2026-08-28T09:00:00+08:00,2026-08-28T21:00:00+08:00,OPERATING,27.85,4.8,23.24,0,0,1,summer,2026-08-31T02:21:38.422656+00:00
2026-08-28,10,25.74,43,18.02,36.03,2026-08-28T09:00:00+08:00,2026-08-28T21:00:00+08:00,OPERATING,26.51,4.8,24.26,0,0,1,summer,2026-08-31T02:21:38.422656+00:00
2026-08-28,11,33.17,46,23.22,46.43,2026-08-28T09:00:00+08:00,2026-08-28T21:00:00+08:00,OPERATING,28.46,4.8,23.95,0,0,1,summer,2026-08-31T02:21:38.422656+00:00
2026-08-28,12,37.03,45,25.92,51.85,2026-08-28T09:00:00+08:00,2026-08-28T21:00:00+08:00,OPERATING,28.69,4.8,23.79,0,0,1,summer,2026-08-31T02:21:38.422656+00:00
2026-08-28,13,42.79,46,29.96,59.91,2026-08-28T09:00:00+08:00,2026-08-28T21:00:00+08:00,OPERATING,28.07,4.8,25.14,0,0,1,summer,2026-08-31T02:21:38.422656+00:00
2026-08-28,14,42.75,45,29.93,59.85,2026-08-28T09:00:00+08:00,2026-08-28T21:00:00+08:00,OPERATING,28.11,4.8,22.33,0,0,1,summer,2026-08-31T02:21:38.422656+00:00
2026-08-28,15,48.4,44,33.88,67.77,2026-08-28T09:00:00+08:00,2026-08-28T21:00:00+08:00,OPERATING,27.88,4.8,23.61,0,0,1,summer,2026-08-31T02:21:38.422656+00:00
2026-08-28,16,43.41,47,30.39,60.78,2026-08-28T09:00:00+08:00,2026-08-28T21:00:00+08:00,OPERATING,27.7,4.8,24.77,0,0,1,summer,2026-08-31T02:21:38.422656+00:00
2026-08-28,17,37.86,44,26.5,53.01,2026-08-28T09:00:00+08:00,2026-08-28T21:00:00+08:00,OPERATING,28.82,4.8,23.86,0,0,1,summer,2026-08-31T02:21:38.422656+00:00
2026-08-28,18,38.1,46,26.67,53.34,2026-08-28T09:00:00+08:00,2026-08-28T21:00:00+08:00,OPERATING,27.6,4.8,26.42,0,0,1,summer,2026-08-31T02:21:38.422656+00:00
2026-08-28,19,32.41,45,22.68,45.37,2026-08-28T09:00:00+08:00,2026-08-28T21:00:00+08:00,OPERATING,27.85,4.8,24.36,0,0,1,summer,2026-08-31T02:21:38.422656+00:00
2026-08-28,20,28.95,47,20.27,40.53,2026-08-28T09:00:00+08:00,2026-08-28T21:00:00+08:00,OPERATING,28.7,4.8,24.52,0,0,1,summer,2026-08-31T02:21:38.422656+00:00
2026-08-28,21,16.65,43,11.66,23.31,2026-08-28T09:00:00+08:00,2026-08-28T21:00:00+08:00,OPERATING,28.84,4.8,25.55,0,0,1,summer,2026-08-31T02:21:38.422656+00:00
2026-08-29,9,38.25,46,26.78,53.55,2026-08-29T09:00:00+08:00,2026-08-29T21:00:00+08:00,OPERATING,27.64,1.2,15.88,1,1,1,summer,2026-08-31T02:21:38.422656+00:00
2026-08-29,10,53.48,44,37.44,74.87,2026-08-29T09:00:00+08:00,2026-08-29T21:00:00+08:00,OPERATING,28.4,1.2,15.07,1,1,1,summer,2026-08-31T02:21:38.422656+00:00
2026-08-29,11,65.66,46,45.96,91.92,2026-08-29T09:00:00+08:00,2026-08-29T21:00:00+08:00,OPERATING,28.5,1.2,17.07,1,1,1,summer,2026-08-31T02:21:38.422656+00:00
2026-08-29,12,74.58,43,52.21,104.42,2026-08-29T09:00:00+08:00,2026-08-29T21:00:00+08:00,OPERATING,28.59,1.2,15.76,1,1,1,summer,2026-08-31T02:21:38.422656+00:00
2026-08-29,13,77.85,43,54.49,108.98,2026-08-29T09:00:00+08:00,2026-08-29T21:00:00+08:00,OPERATING,28.75,1.2,15.03,1,1,1,summer,2026-08-31T02:21:38.422656+00:00
2026-08-29,14,82.44,43,57.71,115.42,2026-08-29T09:00:00+08:00,2026-08-29T21:00:00+08:00,OPERATING,30.14,1.2,14.61,1,1,1,summer,2026-08-31T02:21:38.422656+00:00
2026-08-29,15,89.29,44,62.51,125.01,2026-08-29T09:00:00+08:00,2026-08-29T21:00:00+08:00,OPERATING,27.6,1.2,15.1,1,1,1,summer,2026-08-31T02:21:38.422656+00:00
2026-08-29,16,81.19,44,56.83,113.66,2026-08-29T09:00:00+08:00,2026-08-29T21:00:00+08:00,OPERATING,29.7,1.2,16.44,1,1,1,summer,2026-08-31T02:21:38.422656+00:00
2026-08-29,17,77.1,45,53.97,107.94,2026-08-29T09:00:00+08:00,2026-08-29T21:00:00+08:00,OPERATING,29.28,1.2,16.02,1,1,1,summer,2026-08-31T02:21:38.422656+00:00
2026-08-29,18,69.17,45,48.42,96.84,2026-08-29T09:00:00+08:00,2026-08-29T21:00:00+08:00,OPERATING,29.08,1.2,15.29,1,1,1,summer,2026-08-31T02:21:38.422656+00:00
2026-08-29,19,60.95,45,42.66,85.32,2026-08-29T09:00:00+08:00,2026-08-29T21:00:00+08:00,OPERATING,29.34,1.2,15.32,1,1,1,summer,2026-08-31T02:21:38.422656+00:00
2026-08-29,20,53.77,45,37.64,75.28,2026-08-29T09:00:00+08:00,2026-08-29T21:00:00+08:00,OPERATING,28.37,1.2,17.32,1,1,1,summer,2026-08-31T02:21:38.422656+00:00
2026-08-29,21,34.35,44,24.05,48.1,2026-08-29T09:00:00+08:00,2026-08-29T21:00:00+08:00,OPERATING,29.28,1.2,14.79,1,1,1,summer,2026-08-31T02:21:38.422656+00:00
2026-08-30,9,33.0,43,23.1,46.21,2026-08-30T09:00:00+08:00,2026-08-30T21:00:00+08:00,OPERATING,28.46,3.7,16.4,1,1,1,summer,2026-08-31T02:21:38.422656+00:00
2026-08-30,10,43.42,46,30.4,60.79,2026-08-30T09:00:00+08:00,2026-08-30T21:00:00+08:00,OPERATING,29.29,3.7,17.5,1,1,1,summer,2026-08-31T02:21:38.422656+00:00
2026-08-30,11,56.69,43,39.68,79.36,2026-08-30T09:00:00+08:00,2026-08-30T21:00:00+08:00,OPERATING,29.62,3.7,18.42,1,1,1,summer,2026-08-31T02:21:38.422656+00:00
2026-08-30,12,64.59,45,45.22,90.43,2026-08-30T09:00:00+08:00,2026-08-30T21:00:00+08:00,OPERATING,29.34,3.7,18.09,1,1,1,summer,2026-08-31T02:21:38.422656+00:00
2026-08-30,13,68.11,45,47.67,95.35,2026-08-30T09:00:00+08:00,2026-08-30T21:00:00+08:00,OPERATING,27.15,3.7,17.47,1,1,1,summer,2026-08-31T02:21:38.422656+00:00
2026-08-30,14,69.43,45,48.6,97.21,2026-08-30T09:00:00+08:00,2026-08-30T21:00:00+08:00,OPERATING,28.73,3.7,18.77,1,1,1,summer,2026-08-31T02:21:38.422656+00:00
2026-08-30,15,70.07,43,49.05,98.1,2026-08-30T09:00:00+08:00,2026-08-30T21:00:00+08:00,OPERATING,29.0,3.7,19.12,1,1,1,summer,2026-08-31T02:21:38.422656+00:00
2026-08-30,16,67.6,45,47.32,94.64,2026-08-30T09:00:00+08:00,2026-08-30T21:00:00+08:00,OPERATING,28.87,3.7,17.97,1,1,1,summer,2026-08-31T02:21:38.422656+00:00
2026-08-30,17,64.08,44,44.86,89.72,2026-08-30T09:00:00+08:00,2026-08-30T21:00:00+08:00,OPERATING,29.49,3.7,17.78,1,1,1,summer,2026-08-31T02:21:38.422656+00:00
2026-08-30,18,58.97,43,41.28,82.55,2026-08-30T09:00:00+08:00,2026-08-30T21:00:00+08:00,OPERATING,28.91,3.7,17.95,1,1,1,summer,2026-08-31T02:21:38.422656+00:00
2026-08-30,19,50.18,44,35.12,70.25,2026-08-30T09:00:00+08:00,2026-08-30T21:00:00+08:00,OPERATING,30.13,3.7,17.84,1,1,1,summer,2026-08-31T02:21:38.422656+00:00
2026-08-30,20,40.24,45,28.17,56.33,2026-08-30T09:00:00+08:00,2026-08-30T21:00:00+08:00,OPERATING,29.55,3.7,18.31,1,1,1,summer,2026-08-31T02:21:38.422656+00:00
2026-08-30,21,32.72,47,22.9,45.8,2026-08-30T09:00:00+08:00,2026-08-30T21:00:00+08:00,OPERATING,29.34,3.7,17.37,1,1,1,summer,2026-08-31T02:21:38.422656+00:00
